cosecha_id,fecha,bloque_id,tallos,grado_calidad,largo_cm
1,2023-06-01,1,5849,B,70
2,2023-06-01,2,10891,B,45
3,2023-06-01,3,8794,B,60
4,2023-06-01,4,7501,B,45
5,2023-06-01,5,9488,A,67
6,2023-06-01,6,5062,B,47
7,2023-06-01,7,5949,C,61
8,2023-06-01,8,8221,B,61
9,2023-06-01,9,7561,A,59
10,2023-06-01,10,13380,A,59
11,2023-06-01,11,5445,A,70
12,2023-06-01,12,10670,B,63
13,2023-06-01,13,10873,A,58
14,2023-06-01,14,3532,B,48
15,2023-06-01,15,10346,B,40
16,2023-06-01,16,4988,A,82
17,2023-06-01,17,4113,B,56
18,2023-06-01,18,15206,B,64
19,2023-06-02,1,6480,C,68
20,2023-06-02,2,11450,A,56
21,2023-06-02,3,9019,A,43
22,2023-06-02,4,7208,B,65
23,2023-06-02,6,4740,B,46
24,2023-06-02,7,5898,C,61
25,2023-06-02,8,8740,B,50
26,2023-06-02,9,8791,B,51
27,2023-06-02,10,14031,B,45
28,2023-06-02,11,5142,C,47
29,2023-06-02,12,9906,C,51
30,2023-06-02,13,11625,A,65
31,2023-06-02,17,3555,C,63
32,2023-06-02,18,13970,B,57
33,2023-06-03,1,6235,A,77
34,2023-06-03,2,11130,B,58
35,2023-06-03,4,7114,A,57
36,2023-06-03,5,10104,B,58
37,2023-06-03,6,4679,B,63
38,2023-06-03,7,5324,B,60
39,2023-06-03,8,9298,A,66
40,2023-06-03,9,9146,B,45
41,2023-06-03,11,5737,B,60
42,2023-06-03,12,10541,A,54
43,2023-06-03,13,11635,A,66
44,2023-06-03,14,3101,C,30
45,2023-06-03,15,8821,C,30
46,2023-06-03,16,5047,B,30
47,2023-06-03,18,13259,C,62
48,2023-06-04,1,6956,C,63
49,2023-06-04,2,10834,C,58
50,2023-06-04,3,9456,B,43
51,2023-06-04,4,7888,B,51
52,2023-06-04,5,10897,B,75
53,2023-06-04,6,4547,B,47
54,2023-06-04,7,7062,B,50
55,2023-06-04,9,8899,A,52
56,2023-06-04,10,15126,A,78
57,2023-06-04,11,4991,A,76
58,2023-06-04,12,9908,A,76
59,2023-06-04,13,10387,C,44
60,2023-06-04,14,3593,A,75
61,2023-06-04,15,10499,C,42
62,2023-06-04,16,5134,A,67
63,2023-06-04,17,3214,C,31
64,2023-06-04,18,15036,C,70
65,2023-06-05,1,6292,B,57
66,2023-06-05,2,11018,B,59
67,2023-06-05,3,9657,B,47
68,2023-06-05,4,6914,C,57
69,2023-06-05,5,10112,A,73
70,2023-06-05,6,3992,B,57
71,2023-06-05,7,5560,B,56
72,2023-06-05,8,7389,A,58
73,2023-06-05,9,8257,A,59
74,2023-06-05,11,5316,C,57
75,2023-06-05,12,11910,C,59
76,2023-06-05,13,11150,C,39
77,2023-06-05,14,3468,A,74
78,2023-06-05,15,11151,B,54
79,2023-06-05,17,4298,C,42
80,2023-06-05,18,16272,B,68
81,2023-06-06,1,6018,A,72
82,2023-06-06,2,12763,A,48
83,2023-06-06,3,8694,B,45
84,2023-06-06,4,6260,A,71
85,2023-06-06,5,9892,A,62
86,2023-06-06,6,4314,A,71
87,2023-06-06,9,7778,B,40
88,2023-06-06,10,13350,B,70
89,2023-06-06,11,5389,B,59
90,2023-06-06,12,11260,B,57
91,2023-06-06,14,2963,B,59
92,2023-06-06,15,11145,A,45
93,2023-06-06,16,4512,B,50
94,2023-06-06,17,3534,B,70
95,2023-06-06,18,16997,B,45
96,2023-06-07,1,7581,C,66
97,2023-06-07,2,10656,B,49
98,2023-06-07,3,8681,C,56
99,2023-06-07,4,7163,C,44
100,2023-06-07,5,10648,B,54
101,2023-06-07,7,6652,C,60
102,2023-06-07,8,8895,A,79
103,2023-06-07,9,8726,A,53
104,2023-06-07,10,13511,C,67
105,2023-06-07,11,5024,B,59
106,2023-06-07,12,11031,A,58
107,2023-06-07,13,11017,B,64
108,2023-06-07,15,10752,B,48
109,2023-06-07,16,4824,B,90
110,2023-06-07,18,14741,A,58
111,2023-06-08,1,6662,A,85
112,2023-06-08,2,10877,C,49
113,2023-06-08,3,9212,A,54
114,2023-06-08,4,8068,A,53
115,2023-06-08,5,10921,B,57
116,2023-06-08,6,4111,B,49
117,2023-06-08,7,6408,B,57
118,2023-06-08,8,8922,B,55
119,2023-06-08,10,13599,B,56
120,2023-06-08,11,5378,A,50
121,2023-06-08,12,11637,C,89
122,2023-06-08,13,13639,A,64
123,2023-06-08,14,3436,B,43
124,2023-06-08,15,9284,A,75
125,2023-06-08,16,5838,B,67
126,2023-06-08,17,3362,A,60
127,2023-06-08,18,16320,B,47
128,2023-06-09,1,6822,B,70
129,2023-06-09,2,11605,B,39
130,2023-06-09,3,8705,A,58
131,2023-06-09,5,9660,C,68
132,2023-06-09,6,3579,B,75
133,2023-06-09,8,7586,A,90
134,2023-06-09,9,10015,B,72
135,2023-06-09,10,12893,B,50
136,2023-06-09,11,4822,A,46
137,2023-06-09,12,8879,C,58
138,2023-06-09,13,10645,A,77
139,2023-06-09,14,3285,B,44
140,2023-06-09,16,4858,A,57
141,2023-06-09,17,3970,C,58
142,2023-06-09,18,16201,A,49
143,2023-06-10,2,11652,B,62
144,2023-06-10,3,8972,C,47
145,2023-06-10,4,6714,B,58
146,2023-06-10,5,10156,B,58
147,2023-06-10,6,4406,A,65
148,2023-06-10,7,5355,B,59
149,2023-06-10,8,7890,A,66
150,2023-06-10,9,9965,A,54
151,2023-06-10,10,13261,B,53
152,2023-06-10,11,4892,B,46
153,2023-06-10,12,11088,A,48
154,2023-06-10,15,10751,C,50
155,2023-06-10,17,3459,B,48
156,2023-06-10,18,16919,B,37
157,2023-06-11,2,11722,A,69
158,2023-06-11,3,10535,B,70
159,2023-06-11,4,7144,B,50
160,2023-06-11,5,9342,C,51
161,2023-06-11,6,4437,A,70
162,2023-06-11,7,5797,B,60
163,2023-06-11,8,8991,A,55
164,2023-06-11,9,8506,C,43
165,2023-06-11,10,13452,B,56
166,2023-06-11,11,4531,B,62
167,2023-06-11,12,9480,B,50
168,2023-06-11,13,12193,B,36
169,2023-06-11,14,2846,B,56
170,2023-06-11,16,5266,B,63
171,2023-06-11,17,3545,A,52
172,2023-06-11,18,14984,C,60
173,2023-06-12,2,11252,C,68
174,2023-06-12,3,8842,A,68
175,2023-06-12,4,6884,C,37
176,2023-06-12,5,8166,A,73
177,2023-06-12,6,4537,A,31
178,2023-06-12,8,7820,B,63
179,2023-06-12,9,8260,A,55
180,2023-06-12,10,15523,A,79
181,2023-06-12,11,5161,A,67
182,2023-06-12,12,10584,B,67
183,2023-06-12,14,3554,A,71
184,2023-06-12,16,4311,C,37
185,2023-06-12,17,3778,B,62
186,2023-06-13,1,6160,C,41
187,2023-06-13,3,8761,A,56
188,2023-06-13,6,4750,A,62
189,2023-06-13,7,5809,B,45
190,2023-06-13,8,8128,C,34
191,2023-06-13,9,9462,B,51
192,2023-06-13,10,14790,B,42
193,2023-06-13,11,5195,B,68
194,2023-06-13,12,10326,B,41
195,2023-06-13,13,10621,B,60
196,2023-06-13,14,3464,B,53
197,2023-06-13,16,5010,A,52
198,2023-06-13,17,3376,B,63
199,2023-06-13,18,15503,A,63
200,2023-06-14,1,6989,A,55
201,2023-06-14,3,8553,B,52
202,2023-06-14,5,10703,B,51
203,2023-06-14,6,4717,A,68
204,2023-06-14,7,6300,A,60
205,2023-06-14,8,9378,B,70
206,2023-06-14,10,14777,B,51
207,2023-06-14,11,5541,A,53
208,2023-06-14,12,11151,B,63
209,2023-06-14,13,10710,B,61
210,2023-06-14,14,3340,B,62
211,2023-06-14,15,10921,B,62
212,2023-06-14,16,4946,C,58
213,2023-06-14,17,3637,A,84
214,2023-06-14,18,14166,C,74
215,2023-06-15,1,6459,B,69
216,2023-06-15,2,9723,B,67
217,2023-06-15,4,8197,A,61
218,2023-06-15,6,4581,A,78
219,2023-06-15,8,8296,A,89
220,2023-06-15,10,14156,B,47
221,2023-06-15,12,10783,C,49
222,2023-06-15,13,10938,A,67
223,2023-06-15,14,3740,A,70
224,2023-06-15,16,5018,A,61
225,2023-06-15,17,4104,B,52
226,2023-06-15,18,14524,B,64
227,2023-06-16,1,6627,C,58
228,2023-06-16,2,10964,A,66
229,2023-06-16,3,8889,B,54
230,2023-06-16,4,7022,A,61
231,2023-06-16,5,8614,B,70
232,2023-06-16,6,4917,C,40
233,2023-06-16,7,6676,C,63
234,2023-06-16,8,7844,C,33
235,2023-06-16,9,7634,B,30
236,2023-06-16,10,12520,C,71
237,2023-06-16,11,4948,A,62
238,2023-06-16,12,11730,C,36
239,2023-06-16,13,9781,B,73
240,2023-06-16,14,3017,B,39
241,2023-06-16,15,10855,A,67
242,2023-06-16,16,4594,A,56
243,2023-06-16,17,3816,A,78
244,2023-06-16,18,15045,B,59
245,2023-06-17,1,6458,A,70
246,2023-06-17,2,10059,B,61
247,2023-06-17,3,8551,C,41
248,2023-06-17,4,6414,C,55
249,2023-06-17,5,9920,B,46
250,2023-06-17,6,3943,C,72
251,2023-06-17,7,5591,B,48
252,2023-06-17,8,7743,B,55
253,2023-06-17,9,8469,B,90
254,2023-06-17,10,13703,B,80
255,2023-06-17,11,4586,B,59
256,2023-06-17,12,10080,B,46
257,2023-06-17,13,10495,A,58
258,2023-06-17,14,3231,A,80
259,2023-06-17,15,10284,C,43
260,2023-06-17,16,4452,C,50
261,2023-06-17,17,3729,B,48
262,2023-06-17,18,14998,A,76
263,2023-06-18,1,7790,C,62
264,2023-06-18,2,10650,A,79
265,2023-06-18,3,9973,A,46
266,2023-06-18,5,8395,C,56
267,2023-06-18,6,4669,A,78
268,2023-06-18,7,7288,A,68
269,2023-06-18,8,8550,B,57
270,2023-06-18,10,14816,B,62
271,2023-06-18,11,5238,C,30
272,2023-06-18,12,11191,A,58
273,2023-06-18,13,10058,A,72
274,2023-06-18,14,3162,B,72
275,2023-06-18,15,10844,C,56
276,2023-06-18,16,4703,A,69
277,2023-06-18,17,3753,B,64
278,2023-06-18,18,15591,B,62
279,2023-06-19,1,6778,B,53
280,2023-06-19,3,10044,B,68
281,2023-06-19,4,7057,B,53
282,2023-06-19,5,11324,A,55
283,2023-06-19,6,4713,B,34
284,2023-06-19,7,6580,A,54
285,2023-06-19,8,7440,B,69
286,2023-06-19,9,9455,B,59
287,2023-06-19,10,12365,B,63
288,2023-06-19,11,5513,C,48
289,2023-06-19,12,10727,B,75
290,2023-06-19,13,12640,A,65
291,2023-06-19,14,3317,B,64
292,2023-06-19,16,4851,C,38
293,2023-06-19,17,3575,A,60
294,2023-06-19,18,16283,B,48
295,2023-06-20,3,8587,A,62
296,2023-06-20,4,7525,B,64
297,2023-06-20,5,9319,B,63
298,2023-06-20,6,4043,C,64
299,2023-06-20,7,6198,A,67
300,2023-06-20,8,8163,A,83
301,2023-06-20,9,9659,B,40
302,2023-06-20,11,5369,C,40
303,2023-06-20,12,9205,A,69
304,2023-06-20,13,11976,B,50
305,2023-06-20,14,3411,B,69
306,2023-06-20,15,10733,A,72
307,2023-06-20,16,5352,B,55
308,2023-06-20,17,4279,A,56
309,2023-06-20,18,14962,B,60
310,2023-06-21,1,7231,B,64
311,2023-06-21,2,11066,B,53
312,2023-06-21,3,7673,A,78
313,2023-06-21,4,7177,A,59
314,2023-06-21,5,11231,A,66
315,2023-06-21,8,8550,B,63
316,2023-06-21,10,16304,A,63
317,2023-06-21,11,5502,A,66
318,2023-06-21,12,9812,A,54
319,2023-06-21,14,3510,A,70
320,2023-06-21,15,10895,B,51
321,2023-06-21,16,5600,A,52
322,2023-06-21,17,3450,C,58
323,2023-06-22,1,6122,A,60
324,2023-06-22,2,12087,C,39
325,2023-06-22,3,9747,B,54
326,2023-06-22,5,10978,B,51
327,2023-06-22,7,7372,A,62
328,2023-06-22,8,9194,B,84
329,2023-06-22,9,9341,C,57
330,2023-06-22,11,4977,B,59
331,2023-06-22,12,10463,A,70
332,2023-06-22,13,11949,B,65
333,2023-06-22,14,3299,B,62
334,2023-06-22,15,9919,A,49
335,2023-06-22,17,3752,A,51
336,2023-06-22,18,15434,B,45
337,2023-06-23,1,6898,C,60
338,2023-06-23,2,11093,C,66
339,2023-06-23,3,8526,A,54
340,2023-06-23,5,9471,C,40
341,2023-06-23,6,4250,C,52
342,2023-06-23,7,5486,C,52
343,2023-06-23,8,8773,B,60
344,2023-06-23,9,9162,A,62
345,2023-06-23,10,15304,C,63
346,2023-06-23,12,11532,B,54
347,2023-06-23,13,11563,B,49
348,2023-06-23,14,3155,B,75
349,2023-06-23,15,10220,A,70
350,2023-06-23,16,5225,C,52
351,2023-06-23,18,16570,C,41
352,2023-06-24,1,5721,B,49
353,2023-06-24,2,10496,B,57
354,2023-06-24,3,9591,B,53
355,2023-06-24,4,6310,B,30
356,2023-06-24,5,9281,B,70
357,2023-06-24,6,4759,A,66
358,2023-06-24,7,6087,B,52
359,2023-06-24,8,7852,A,63
360,2023-06-24,9,9599,A,66
361,2023-06-24,10,13989,C,64
362,2023-06-24,12,10983,C,40
363,2023-06-24,13,12744,A,69
364,2023-06-24,14,3851,B,53
365,2023-06-24,16,4496,B,63
366,2023-06-24,17,3988,B,48
367,2023-06-24,18,15183,B,65
368,2023-06-25,1,6064,C,53
369,2023-06-25,2,11531,B,64
370,2023-06-25,3,7598,B,54
371,2023-06-25,4,7376,B,63
372,2023-06-25,5,10492,B,45
373,2023-06-25,6,4267,B,51
374,2023-06-25,7,5019,C,39
375,2023-06-25,8,9113,C,62
376,2023-06-25,9,9328,B,61
377,2023-06-25,10,14814,A,67
378,2023-06-25,11,5040,B,41
379,2023-06-25,12,9601,C,58
380,2023-06-25,13,10853,B,60
381,2023-06-25,14,4048,B,64
382,2023-06-25,15,11555,A,83
383,2023-06-25,16,4729,B,62
384,2023-06-25,17,4016,A,62
385,2023-06-26,1,6892,A,85
386,2023-06-26,2,11724,A,80
387,2023-06-26,3,9664,B,50
388,2023-06-26,4,7419,A,41
389,2023-06-26,5,9517,A,61
390,2023-06-26,6,4181,B,55
391,2023-06-26,8,8128,A,73
392,2023-06-26,9,9148,B,44
393,2023-06-26,10,12959,B,37
394,2023-06-26,11,5031,B,45
395,2023-06-26,12,10471,C,40
396,2023-06-26,14,3432,C,74
397,2023-06-26,15,10108,B,48
398,2023-06-27,1,7186,B,73
399,2023-06-27,2,9654,A,53
400,2023-06-27,3,8146,B,61
401,2023-06-27,5,10290,B,56
402,2023-06-27,6,4268,A,68
403,2023-06-27,7,6380,B,62
404,2023-06-27,10,14624,A,58
405,2023-06-27,12,12299,A,67
406,2023-06-27,13,12093,A,75
407,2023-06-27,14,3188,A,30
408,2023-06-27,15,9453,B,52
409,2023-06-27,16,4642,A,57
410,2023-06-27,17,3776,B,75
411,2023-06-27,18,15216,B,43
412,2023-06-28,1,6878,C,40
413,2023-06-28,3,9547,C,58
414,2023-06-28,4,7793,B,44
415,2023-06-28,5,9812,C,60
416,2023-06-28,6,4890,A,79
417,2023-06-28,7,6180,B,63
418,2023-06-28,8,8213,A,68
419,2023-06-28,9,9159,B,57
420,2023-06-28,10,14469,B,62
421,2023-06-28,11,5011,B,64
422,2023-06-28,12,10684,B,68
423,2023-06-28,13,10205,B,62
424,2023-06-28,14,3793,A,63
425,2023-06-28,15,9622,A,71
426,2023-06-28,16,5115,C,37
427,2023-06-28,17,3787,A,70
428,2023-06-28,18,14450,C,35
429,2023-06-29,2,11305,A,64
430,2023-06-29,3,9030,C,52
431,2023-06-29,4,7232,A,58
432,2023-06-29,6,4493,A,64
433,2023-06-29,7,5874,B,61
434,2023-06-29,9,9453,B,52
435,2023-06-29,10,14068,C,63
436,2023-06-29,11,5009,B,75
437,2023-06-29,12,10313,A,47
438,2023-06-29,13,14238,A,59
439,2023-06-29,14,3000,B,67
440,2023-06-29,15,10310,B,43
441,2023-06-29,16,5171,B,62
442,2023-06-29,17,3019,A,65
443,2023-06-30,1,6622,C,59
444,2023-06-30,2,10450,A,60
445,2023-06-30,3,8332,B,73
446,2023-06-30,5,8385,A,90
447,2023-06-30,6,4424,B,60
448,2023-06-30,7,5183,C,49
449,2023-06-30,8,8438,C,55
450,2023-06-30,9,9295,B,43
451,2023-06-30,10,15197,B,56
452,2023-06-30,11,4748,A,51
453,2023-06-30,12,11007,B,60
454,2023-06-30,13,11437,C,57
455,2023-06-30,14,3302,C,37
456,2023-06-30,15,10821,A,74
457,2023-06-30,16,5099,B,49
458,2023-06-30,17,3221,B,50
459,2023-06-30,18,16373,A,77
460,2023-07-01,1,5982,A,69
461,2023-07-01,2,11883,B,49
462,2023-07-01,3,8726,A,81
463,2023-07-01,4,6172,A,76
464,2023-07-01,5,10391,C,38
465,2023-07-01,6,4449,A,52
466,2023-07-01,7,6384,A,70
467,2023-07-01,8,8336,B,50
468,2023-07-01,10,13156,B,60
469,2023-07-01,11,5444,A,74
470,2023-07-01,12,11237,A,60
471,2023-07-01,13,11541,C,56
472,2023-07-01,14,3204,B,61
473,2023-07-01,16,5290,B,72
474,2023-07-01,17,3511,C,49
475,2023-07-01,18,14080,B,58
476,2023-07-02,1,6394,B,52
477,2023-07-02,4,6159,B,40
478,2023-07-02,5,9747,A,70
479,2023-07-02,6,4952,B,46
480,2023-07-02,7,6921,B,70
481,2023-07-02,8,9419,A,59
482,2023-07-02,11,5094,A,59
483,2023-07-02,12,10204,C,68
484,2023-07-02,13,12558,A,62
485,2023-07-02,15,11715,A,65
486,2023-07-02,16,4535,A,56
487,2023-07-02,17,3524,C,44
488,2023-07-02,18,15022,A,34
489,2023-07-03,3,9096,A,65
490,2023-07-03,4,6832,A,70
491,2023-07-03,5,9754,B,56
492,2023-07-03,6,4219,A,71
493,2023-07-03,7,5906,B,49
494,2023-07-03,8,7374,B,54
495,2023-07-03,9,9293,A,65
496,2023-07-03,10,13854,C,37
497,2023-07-03,11,4992,C,61
498,2023-07-03,12,11016,B,43
499,2023-07-03,13,12246,B,74
500,2023-07-03,14,3317,B,63
501,2023-07-03,15,10458,B,36
502,2023-07-03,16,5254,B,49
503,2023-07-03,18,16668,A,72
504,2023-07-04,1,7359,C,59
505,2023-07-04,3,9442,A,67
506,2023-07-04,4,7192,A,60
507,2023-07-04,5,10774,A,71
508,2023-07-04,6,4960,A,56
509,2023-07-04,7,6417,B,64
510,2023-07-04,8,7471,A,72
511,2023-07-04,10,12617,A,70
512,2023-07-04,11,4760,A,57
513,2023-07-04,14,3158,C,57
514,2023-07-04,15,10587,A,59
515,2023-07-04,16,4617,B,72
516,2023-07-04,18,14981,A,73
517,2023-07-05,1,6972,A,56
518,2023-07-05,2,10718,C,54
519,2023-07-05,4,7908,A,53
520,2023-07-05,5,11164,A,69
521,2023-07-05,6,4564,A,72
522,2023-07-05,7,5421,B,68
523,2023-07-05,8,7251,A,47
524,2023-07-05,9,9743,C,60
525,2023-07-05,11,4524,B,56
526,2023-07-05,12,11199,C,42
527,2023-07-05,13,11530,B,50
528,2023-07-05,14,3396,A,47
529,2023-07-05,15,10127,C,42
530,2023-07-05,16,4521,A,48
531,2023-07-05,17,3691,C,49
532,2023-07-05,18,16438,B,73
533,2023-07-06,1,5828,A,67
534,2023-07-06,2,9766,A,76
535,2023-07-06,4,7305,A,67
536,2023-07-06,5,9983,A,75
537,2023-07-06,6,4430,B,54
538,2023-07-06,7,6426,A,52
539,2023-07-06,8,8576,C,37
540,2023-07-06,9,8105,A,69
541,2023-07-06,10,11858,B,56
542,2023-07-06,12,10734,A,67
543,2023-07-06,13,10038,A,73
544,2023-07-06,14,3400,B,71
545,2023-07-06,15,10222,A,81
546,2023-07-06,16,5097,A,69
547,2023-07-06,17,3627,B,72
548,2023-07-07,1,6961,A,52
549,2023-07-07,2,9472,B,49
550,2023-07-07,3,10187,B,51
551,2023-07-07,4,6780,B,55
552,2023-07-07,5,9928,B,61
553,2023-07-07,6,5386,B,50
554,2023-07-07,8,8439,B,42
555,2023-07-07,9,8313,B,54
556,2023-07-07,10,14901,C,49
557,2023-07-07,11,5288,B,67
558,2023-07-07,12,10998,A,71
559,2023-07-07,13,10903,B,51
560,2023-07-07,14,3224,B,53
561,2023-07-07,15,10085,C,45
562,2023-07-07,16,5365,B,64
563,2023-07-07,17,3319,B,51
564,2023-07-07,18,14120,C,55
565,2023-07-08,1,6576,B,55
566,2023-07-08,2,12071,A,59
567,2023-07-08,3,9095,B,63
568,2023-07-08,5,10614,B,47
569,2023-07-08,6,4109,B,63
570,2023-07-08,7,5821,A,64
571,2023-07-08,8,9356,A,70
572,2023-07-08,9,9344,A,78
573,2023-07-08,11,4405,A,47
574,2023-07-08,12,9947,A,50
575,2023-07-08,13,11883,B,61
576,2023-07-08,14,3292,A,61
577,2023-07-08,16,5080,B,54
578,2023-07-08,17,3677,C,59
579,2023-07-08,18,13449,C,60
580,2023-07-09,2,9980,C,30
581,2023-07-09,3,8371,A,66
582,2023-07-09,4,7594,A,46
583,2023-07-09,5,9098,A,69
584,2023-07-09,6,4361,B,57
585,2023-07-09,7,5822,C,40
586,2023-07-09,8,8490,A,46
587,2023-07-09,9,9476,B,81
588,2023-07-09,11,5372,B,56
589,2023-07-09,12,9894,B,73
590,2023-07-09,13,11816,C,51
591,2023-07-09,14,3330,B,74
592,2023-07-09,16,4897,B,42
593,2023-07-09,17,2915,B,55
594,2023-07-09,18,17035,A,75
595,2023-07-10,1,7117,B,58
596,2023-07-10,2,9856,B,40
597,2023-07-10,3,8060,B,46
598,2023-07-10,4,6380,C,50
599,2023-07-10,5,10388,A,59
600,2023-07-10,7,6004,C,45
601,2023-07-10,9,8194,A,61
602,2023-07-10,10,12831,B,54
603,2023-07-10,11,5437,A,78
604,2023-07-10,12,11391,C,39
605,2023-07-10,15,10832,B,51
606,2023-07-10,16,5010,A,73
607,2023-07-10,17,3642,C,41
608,2023-07-10,18,14014,B,51
609,2023-07-11,1,7345,A,81
610,2023-07-11,2,8861,C,60
611,2023-07-11,3,8884,B,55
612,2023-07-11,4,7815,A,69
613,2023-07-11,5,10657,A,55
614,2023-07-11,6,4830,A,80
615,2023-07-11,7,6389,A,46
616,2023-07-11,9,8821,B,64
617,2023-07-11,10,13491,B,67
618,2023-07-11,11,5113,B,60
619,2023-07-11,12,10523,B,71
620,2023-07-11,13,11301,B,60
621,2023-07-11,14,3353,A,58
622,2023-07-11,15,9852,B,66
623,2023-07-11,16,4942,B,64
624,2023-07-11,17,3709,B,71
625,2023-07-11,18,16337,C,49
626,2023-07-12,1,7290,B,66
627,2023-07-12,2,10158,B,73
628,2023-07-12,3,9685,A,71
629,2023-07-12,4,6757,B,76
630,2023-07-12,5,10761,A,52
631,2023-07-12,6,5094,B,50
632,2023-07-12,7,5548,C,36
633,2023-07-12,8,8406,A,68
634,2023-07-12,9,8659,A,71
635,2023-07-12,10,14506,A,84
636,2023-07-12,11,5710,B,61
637,2023-07-12,12,10831,A,75
638,2023-07-12,13,10145,A,71
639,2023-07-12,15,10366,B,49
640,2023-07-12,17,3761,A,66
641,2023-07-12,18,14183,A,66
642,2023-07-13,1,6329,A,66
643,2023-07-13,2,9572,C,42
644,2023-07-13,3,8928,C,36
645,2023-07-13,4,7794,B,58
646,2023-07-13,6,5088,A,69
647,2023-07-13,8,7214,C,55
648,2023-07-13,10,14351,A,63
649,2023-07-13,11,5151,A,72
650,2023-07-13,12,10330,A,62
651,2023-07-13,13,12376,B,57
652,2023-07-13,14,3552,A,55
653,2023-07-13,16,4403,B,61
654,2023-07-13,17,3228,B,68
655,2023-07-13,18,17041,A,73
656,2023-07-14,1,6617,A,57
657,2023-07-14,4,7290,B,30
658,2023-07-14,5,9584,B,77
659,2023-07-14,6,4927,B,68
660,2023-07-14,8,10134,A,90
661,2023-07-14,10,12973,B,53
662,2023-07-14,11,4489,B,52
663,2023-07-14,12,11351,A,56
664,2023-07-14,13,12722,C,40
665,2023-07-14,14,3548,B,84
666,2023-07-14,16,4858,A,70
667,2023-07-14,17,3756,A,65
668,2023-07-15,1,6965,B,68
669,2023-07-15,2,11570,B,53
670,2023-07-15,3,7973,A,56
671,2023-07-15,4,6838,B,56
672,2023-07-15,5,9489,C,44
673,2023-07-15,6,4417,C,43
674,2023-07-15,7,5654,B,62
675,2023-07-15,8,8674,A,81
676,2023-07-15,9,9614,B,52
677,2023-07-15,10,12818,B,66
678,2023-07-15,11,5211,B,58
679,2023-07-15,12,10075,B,62
680,2023-07-15,13,12231,C,59
681,2023-07-15,14,3770,B,63
682,2023-07-15,15,9525,C,43
683,2023-07-15,16,4920,B,59
684,2023-07-15,17,3383,B,49
685,2023-07-15,18,13336,A,66
686,2023-07-16,1,7315,B,54
687,2023-07-16,2,10116,B,69
688,2023-07-16,3,9011,B,62
689,2023-07-16,4,6627,B,58
690,2023-07-16,5,10288,A,65
691,2023-07-16,6,4357,B,46
692,2023-07-16,9,9086,C,38
693,2023-07-16,10,14472,C,39
694,2023-07-16,11,5162,A,68
695,2023-07-16,12,10475,B,51
696,2023-07-16,13,11262,A,49
697,2023-07-16,14,3089,C,62
698,2023-07-16,15,9941,A,63
699,2023-07-16,16,4893,B,61
700,2023-07-16,17,3450,A,49
701,2023-07-16,18,14078,B,59
702,2023-07-17,2,12634,C,43
703,2023-07-17,3,8116,B,42
704,2023-07-17,4,6725,B,55
705,2023-07-17,5,10599,A,54
706,2023-07-17,6,3888,B,54
707,2023-07-17,7,5776,B,54
708,2023-07-17,8,8738,B,53
709,2023-07-17,9,8703,C,41
710,2023-07-17,10,12954,A,59
711,2023-07-17,11,4819,A,73
712,2023-07-17,12,11256,B,89
713,2023-07-17,13,12364,B,30
714,2023-07-17,14,3265,B,64
715,2023-07-17,15,9949,A,69
716,2023-07-17,16,5153,A,70
717,2023-07-17,17,3902,C,63
718,2023-07-17,18,16369,A,55
719,2023-07-18,1,6684,C,47
720,2023-07-18,3,9282,A,56
721,2023-07-18,4,7151,B,62
722,2023-07-18,5,11428,C,40
723,2023-07-18,6,5219,A,48
724,2023-07-18,7,5867,A,50
725,2023-07-18,8,8801,A,90
726,2023-07-18,9,8117,B,87
727,2023-07-18,13,14541,B,57
728,2023-07-18,15,9917,A,65
729,2023-07-18,16,4805,A,76
730,2023-07-18,17,4285,A,77
731,2023-07-18,18,16049,A,48
732,2023-07-19,1,6184,A,70
733,2023-07-19,2,10427,A,50
734,2023-07-19,3,9660,A,72
735,2023-07-19,4,6957,B,52
736,2023-07-19,5,9802,B,60
737,2023-07-19,6,4656,A,79
738,2023-07-19,7,5714,A,61
739,2023-07-19,8,8234,B,45
740,2023-07-19,9,10134,C,62
741,2023-07-19,10,13885,C,60
742,2023-07-19,11,4388,B,49
743,2023-07-19,12,10146,C,74
744,2023-07-19,13,11516,B,64
745,2023-07-19,14,3323,C,36
746,2023-07-19,15,10796,B,66
747,2023-07-19,16,5109,B,57
748,2023-07-19,17,3705,C,63
749,2023-07-19,18,16374,C,44
750,2023-07-20,1,6136,A,61
751,2023-07-20,2,8565,B,61
752,2023-07-20,4,6586,A,68
753,2023-07-20,6,4311,A,56
754,2023-07-20,7,7091,B,58
755,2023-07-20,8,7907,A,57
756,2023-07-20,9,9531,C,55
757,2023-07-20,10,14092,A,59
758,2023-07-20,11,5464,B,46
759,2023-07-20,12,12250,B,49
760,2023-07-20,13,10214,A,72
761,2023-07-20,14,2629,A,86
762,2023-07-20,15,9947,B,35
763,2023-07-20,16,4832,B,42
764,2023-07-20,17,3449,A,70
765,2023-07-20,18,14708,B,51
766,2023-07-21,1,7226,A,82
767,2023-07-21,2,12667,B,59
768,2023-07-21,3,7141,A,69
769,2023-07-21,4,6822,A,44
770,2023-07-21,6,4965,A,69
771,2023-07-21,7,6473,A,70
772,2023-07-21,8,8727,B,58
773,2023-07-21,9,8586,B,73
774,2023-07-21,10,14693,C,58
775,2023-07-21,11,4707,A,57
776,2023-07-21,12,10855,A,77
777,2023-07-21,14,3338,B,40
778,2023-07-21,15,11344,B,52
779,2023-07-21,16,5602,B,42
780,2023-07-21,17,3746,B,52
781,2023-07-21,18,17867,B,46
782,2023-07-22,1,7521,A,87
783,2023-07-22,2,9515,C,55
784,2023-07-22,3,9164,A,51
785,2023-07-22,4,6957,A,73
786,2023-07-22,5,10448,A,49
787,2023-07-22,6,4139,A,64
788,2023-07-22,7,5735,B,30
789,2023-07-22,8,8585,C,58
790,2023-07-22,9,9624,C,49
791,2023-07-22,10,12360,B,53
792,2023-07-22,13,11982,B,66
793,2023-07-22,14,3430,A,79
794,2023-07-22,15,9538,C,55
795,2023-07-22,16,4921,A,50
796,2023-07-22,17,3967,A,71
797,2023-07-22,18,15562,A,61
798,2023-07-23,1,6746,A,67
799,2023-07-23,2,9296,B,64
800,2023-07-23,3,9335,B,48
801,2023-07-23,4,5737,A,77
802,2023-07-23,8,7788,C,37
803,2023-07-23,10,11647,C,62
804,2023-07-23,11,5017,A,66
805,2023-07-23,12,10903,B,63
806,2023-07-23,14,2683,B,65
807,2023-07-23,15,10344,A,75
808,2023-07-23,17,3873,B,53
809,2023-07-23,18,13915,A,73
810,2023-07-24,1,7330,B,59
811,2023-07-24,2,11581,A,59
812,2023-07-24,3,9312,A,68
813,2023-07-24,4,7167,A,47
814,2023-07-24,5,10442,A,50
815,2023-07-24,6,4426,B,58
816,2023-07-24,7,6299,A,65
817,2023-07-24,8,9273,B,64
818,2023-07-24,10,13125,A,67
819,2023-07-24,11,5238,B,60
820,2023-07-24,12,10266,B,61
821,2023-07-24,15,9573,B,51
822,2023-07-24,16,5027,C,38
823,2023-07-24,18,15104,A,60
824,2023-07-25,2,12794,B,56
825,2023-07-25,3,9912,B,62
826,2023-07-25,4,6372,B,47
827,2023-07-25,5,9261,C,42
828,2023-07-25,6,4717,A,73
829,2023-07-25,7,6327,A,59
830,2023-07-25,9,9417,B,64
831,2023-07-25,10,15731,B,54
832,2023-07-25,13,11758,B,77
833,2023-07-25,14,3199,B,54
834,2023-07-25,15,10550,B,30
835,2023-07-25,16,4805,B,80
836,2023-07-25,17,3479,C,54
837,2023-07-25,18,13932,B,47
838,2023-07-26,1,6435,A,69
839,2023-07-26,2,11890,B,54
840,2023-07-26,3,8247,B,44
841,2023-07-26,4,6276,A,63
842,2023-07-26,5,9118,A,53
843,2023-07-26,6,4465,B,48
844,2023-07-26,7,6028,B,67
845,2023-07-26,8,8814,C,75
846,2023-07-26,9,8560,A,54
847,2023-07-26,10,15973,B,30
848,2023-07-26,11,4762,B,69
849,2023-07-26,12,10554,B,45
850,2023-07-26,14,3482,A,89
851,2023-07-26,15,10193,A,46
852,2023-07-26,16,4537,C,64
853,2023-07-26,17,3764,B,69
854,2023-07-26,18,17378,B,68
855,2023-07-27,1,6981,C,61
856,2023-07-27,2,11188,B,59
857,2023-07-27,3,9511,C,48
858,2023-07-27,4,5981,C,44
859,2023-07-27,5,8939,B,49
860,2023-07-27,6,3967,A,79
861,2023-07-27,7,5827,C,61
862,2023-07-27,8,9255,C,41
863,2023-07-27,9,8850,A,46
864,2023-07-27,10,15763,C,64
865,2023-07-27,11,4858,B,66
866,2023-07-27,12,10653,A,62
867,2023-07-27,13,12607,B,54
868,2023-07-27,14,3332,B,65
869,2023-07-27,15,10079,B,50
870,2023-07-27,16,4325,A,52
871,2023-07-27,17,4147,B,69
872,2023-07-28,1,7620,B,64
873,2023-07-28,2,11214,B,61
874,2023-07-28,3,9881,A,77
875,2023-07-28,4,5922,B,52
876,2023-07-28,5,10747,C,63
877,2023-07-28,6,4515,B,43
878,2023-07-28,7,6367,A,56
879,2023-07-28,8,8343,A,59
880,2023-07-28,9,9188,B,48
881,2023-07-28,10,13537,A,84
882,2023-07-28,11,4604,B,54
883,2023-07-28,12,9818,A,75
884,2023-07-28,14,3043,B,58
885,2023-07-28,15,11176,B,32
886,2023-07-28,17,4129,B,40
887,2023-07-28,18,16023,A,64
888,2023-07-29,1,6766,A,79
889,2023-07-29,2,11436,B,46
890,2023-07-29,3,7737,B,47
891,2023-07-29,4,6164,A,71
892,2023-07-29,6,4865,B,67
893,2023-07-29,7,5929,A,54
894,2023-07-29,8,8539,C,31
895,2023-07-29,9,8736,B,49
896,2023-07-29,10,11789,B,53
897,2023-07-29,11,4972,A,59
898,2023-07-29,13,9437,B,65
899,2023-07-29,14,3102,A,52
900,2023-07-29,15,9672,A,70
901,2023-07-29,16,4545,B,37
902,2023-07-29,17,3114,A,74
903,2023-07-29,18,14836,B,52
904,2023-07-30,1,7634,B,48
905,2023-07-30,2,11355,B,54
906,2023-07-30,3,9251,A,69
907,2023-07-30,4,6522,A,67
908,2023-07-30,5,11716,B,61
909,2023-07-30,8,8868,C,32
910,2023-07-30,9,9587,B,58
911,2023-07-30,10,11172,C,40
912,2023-07-30,11,5498,B,52
913,2023-07-30,12,9611,A,84
914,2023-07-30,13,12252,A,76
915,2023-07-30,14,3139,B,50
916,2023-07-30,15,10685,C,39
917,2023-07-30,16,5043,A,72
918,2023-07-30,17,3689,B,87
919,2023-07-30,18,14657,A,72
920,2023-07-31,1,5363,A,47
921,2023-07-31,2,10946,B,45
922,2023-07-31,3,8656,B,52
923,2023-07-31,4,7994,A,82
924,2023-07-31,7,5570,A,76
925,2023-07-31,8,7845,A,48
926,2023-07-31,9,10461,C,39
927,2023-07-31,10,13074,B,66
928,2023-07-31,11,5061,B,42
929,2023-07-31,12,9651,B,51
930,2023-07-31,14,3688,C,59
931,2023-07-31,15,9578,B,63
932,2023-07-31,16,4683,C,35
933,2023-07-31,17,4128,A,54
934,2023-07-31,18,13060,A,72
935,2023-08-01,2,10794,B,58
936,2023-08-01,3,8961,B,58
937,2023-08-01,4,6623,B,60
938,2023-08-01,5,11155,A,55
939,2023-08-01,7,6961,C,64
940,2023-08-01,8,8364,C,50
941,2023-08-01,9,8551,C,43
942,2023-08-01,10,13531,A,79
943,2023-08-01,11,5411,C,69
944,2023-08-01,12,10901,B,61
945,2023-08-01,13,11645,C,49
946,2023-08-01,14,3353,A,47
947,2023-08-01,16,4962,B,64
948,2023-08-01,17,4543,C,56
949,2023-08-01,18,16154,A,56
950,2023-08-02,1,6832,A,68
951,2023-08-02,2,10651,B,51
952,2023-08-02,3,9271,B,62
953,2023-08-02,4,7012,B,51
954,2023-08-02,5,9732,C,48
955,2023-08-02,6,4479,A,52
956,2023-08-02,7,6144,B,59
957,2023-08-02,8,8412,A,76
958,2023-08-02,9,7888,A,60
959,2023-08-02,10,15180,B,64
960,2023-08-02,12,11948,B,61
961,2023-08-02,13,9832,B,52
962,2023-08-02,14,3251,A,66
963,2023-08-02,15,9230,B,76
964,2023-08-02,16,5390,B,36
965,2023-08-02,17,3898,A,73
966,2023-08-02,18,17018,A,67
967,2023-08-03,1,6623,C,65
968,2023-08-03,2,10059,A,67
969,2023-08-03,3,8668,C,33
970,2023-08-03,5,9262,B,48
971,2023-08-03,7,6347,B,64
972,2023-08-03,8,7691,B,58
973,2023-08-03,9,7643,B,56
974,2023-08-03,11,4825,C,40
975,2023-08-03,12,10291,B,57
976,2023-08-03,13,10702,A,69
977,2023-08-03,14,3139,B,50
978,2023-08-03,15,9665,C,55
979,2023-08-03,16,4855,B,53
980,2023-08-04,1,6835,B,47
981,2023-08-04,3,8532,B,40
982,2023-08-04,4,6986,B,56
983,2023-08-04,5,10900,A,66
984,2023-08-04,6,4756,B,41
985,2023-08-04,7,6612,B,68
986,2023-08-04,11,4987,B,64
987,2023-08-04,12,11184,C,33
988,2023-08-04,13,10346,C,35
989,2023-08-04,14,3718,A,70
990,2023-08-04,15,10139,A,52
991,2023-08-04,16,5702,A,73
992,2023-08-04,17,3392,C,58
993,2023-08-04,18,13510,C,52
994,2023-08-05,1,5706,B,67
995,2023-08-05,2,9255,A,47
996,2023-08-05,3,9045,C,59
997,2023-08-05,4,6871,B,56
998,2023-08-05,5,10547,B,37
999,2023-08-05,6,4499,B,46
1000,2023-08-05,7,5886,A,63
1001,2023-08-05,8,7390,B,53
1002,2023-08-05,9,8617,B,57
1003,2023-08-05,10,12770,A,66
1004,2023-08-05,12,11499,B,51
1005,2023-08-05,14,3790,C,70
1006,2023-08-05,16,4429,B,38
1007,2023-08-05,18,16407,B,57
1008,2023-08-06,1,6666,B,44
1009,2023-08-06,2,10621,B,58
1010,2023-08-06,3,8235,B,49
1011,2023-08-06,4,6253,B,58
1012,2023-08-06,5,10294,A,57
1013,2023-08-06,7,6628,A,49
1014,2023-08-06,8,7463,A,65
1015,2023-08-06,9,9251,A,88
1016,2023-08-06,10,12692,A,52
1017,2023-08-06,11,5648,C,33
1018,2023-08-06,12,11280,B,60
1019,2023-08-06,13,11408,B,69
1020,2023-08-06,15,10288,A,46
1021,2023-08-06,16,4830,B,56
1022,2023-08-06,17,3905,B,42
1023,2023-08-06,18,13386,B,59
1024,2023-08-07,1,6979,B,48
1025,2023-08-07,2,9858,A,66
1026,2023-08-07,4,7717,C,47
1027,2023-08-07,5,10522,B,54
1028,2023-08-07,6,4879,B,58
1029,2023-08-07,8,9204,B,49
1030,2023-08-07,9,9197,B,60
1031,2023-08-07,10,14029,B,61
1032,2023-08-07,12,10326,B,57
1033,2023-08-07,13,10683,A,61
1034,2023-08-07,14,3527,A,65
1035,2023-08-07,16,4678,A,66
1036,2023-08-07,17,3440,B,49
1037,2023-08-08,1,7587,A,57
1038,2023-08-08,3,9510,C,39
1039,2023-08-08,5,10470,A,65
1040,2023-08-08,6,4736,C,50
1041,2023-08-08,7,5842,C,61
1042,2023-08-08,8,8803,B,48
1043,2023-08-08,9,7933,B,53
1044,2023-08-08,10,14516,B,58
1045,2023-08-08,11,5220,B,50
1046,2023-08-08,12,9666,A,66
1047,2023-08-08,13,13808,B,58
1048,2023-08-08,14,3472,A,66
1049,2023-08-08,15,10386,A,52
1050,2023-08-08,16,5255,B,64
1051,2023-08-08,17,3630,C,63
1052,2023-08-08,18,14301,A,63
1053,2023-08-09,1,6504,B,51
1054,2023-08-09,3,8191,A,65
1055,2023-08-09,4,5983,C,41
1056,2023-08-09,6,4586,A,74
1057,2023-08-09,7,5741,A,82
1058,2023-08-09,8,7644,C,36
1059,2023-08-09,9,7779,A,59
1060,2023-08-09,10,14180,B,57
1061,2023-08-09,11,5063,B,61
1062,2023-08-09,12,8720,A,67
1063,2023-08-09,13,11257,B,42
1064,2023-08-09,14,3063,C,40
1065,2023-08-09,15,9890,B,51
1066,2023-08-09,17,3782,A,39
1067,2023-08-09,18,14055,A,70
1068,2023-08-10,1,6346,A,69
1069,2023-08-10,2,11897,A,45
1070,2023-08-10,3,9501,B,41
1071,2023-08-10,4,6348,C,49
1072,2023-08-10,5,11263,C,58
1073,2023-08-10,6,4130,C,43
1074,2023-08-10,7,5577,B,60
1075,2023-08-10,8,8733,B,62
1076,2023-08-10,9,9315,A,70
1077,2023-08-10,10,12611,B,55
1078,2023-08-10,12,10367,C,55
1079,2023-08-10,14,3326,A,79
1080,2023-08-10,15,11463,B,57
1081,2023-08-10,16,4325,B,64
1082,2023-08-10,17,3851,A,54
1083,2023-08-10,18,15722,B,56
1084,2023-08-11,1,6513,C,61
1085,2023-08-11,2,11491,C,68
1086,2023-08-11,4,6759,A,57
1087,2023-08-11,7,6092,C,55
1088,2023-08-11,8,9306,A,61
1089,2023-08-11,9,9199,B,57
1090,2023-08-11,10,14465,B,61
1091,2023-08-11,12,11588,A,46
1092,2023-08-11,13,9979,A,50
1093,2023-08-11,14,3207,A,55
1094,2023-08-11,15,10563,A,45
1095,2023-08-11,16,4847,B,51
1096,2023-08-11,17,3424,B,53
1097,2023-08-11,18,14136,C,62
1098,2023-08-12,2,9360,A,69
1099,2023-08-12,3,7775,B,45
1100,2023-08-12,5,10897,B,35
1101,2023-08-12,6,4297,A,52
1102,2023-08-12,7,6390,A,75
1103,2023-08-12,8,8308,B,67
1104,2023-08-12,9,8790,A,66
1105,2023-08-12,10,14217,A,42
1106,2023-08-12,12,9638,B,77
1107,2023-08-12,14,2897,A,66
1108,2023-08-12,15,9681,B,56
1109,2023-08-12,16,5496,A,81
1110,2023-08-12,17,3509,A,70
1111,2023-08-12,18,14544,A,75
1112,2023-08-13,1,6963,B,55
1113,2023-08-13,2,9857,A,56
1114,2023-08-13,3,8531,A,81
1115,2023-08-13,4,7194,A,67
1116,2023-08-13,5,10626,B,45
1117,2023-08-13,6,4364,B,65
1118,2023-08-13,8,10059,B,61
1119,2023-08-13,9,7894,B,63
1120,2023-08-13,10,12571,B,68
1121,2023-08-13,12,11183,C,42
1122,2023-08-13,14,3680,A,67
1123,2023-08-13,15,10590,A,62
1124,2023-08-13,16,4977,B,39
1125,2023-08-13,18,15853,A,53
1126,2023-08-14,1,6497,A,57
1127,2023-08-14,2,11511,B,67
1128,2023-08-14,3,9882,B,42
1129,2023-08-14,4,6511,C,33
1130,2023-08-14,6,4354,B,59
1131,2023-08-14,7,6318,A,60
1132,2023-08-14,8,7179,B,82
1133,2023-08-14,9,9443,B,55
1134,2023-08-14,10,12886,B,47
1135,2023-08-14,13,10582,A,69
1136,2023-08-14,14,3204,C,30
1137,2023-08-14,15,9967,C,30
1138,2023-08-14,16,4360,B,72
1139,2023-08-14,17,3997,C,38
1140,2023-08-14,18,12420,B,62
1141,2023-08-15,1,7064,A,73
1142,2023-08-15,2,9864,C,30
1143,2023-08-15,3,8312,A,57
1144,2023-08-15,4,8112,A,66
1145,2023-08-15,5,10824,B,64
1146,2023-08-15,6,4136,A,57
1147,2023-08-15,8,8790,B,60
1148,2023-08-15,9,10026,B,59
1149,2023-08-15,10,14506,B,55
1150,2023-08-15,11,5393,A,66
1151,2023-08-15,13,11026,A,47
1152,2023-08-15,14,3718,A,50
1153,2023-08-15,15,8582,A,71
1154,2023-08-15,16,4421,A,60
1155,2023-08-15,17,3589,C,50
1156,2023-08-15,18,17442,B,51
1157,2023-08-16,1,6838,B,57
1158,2023-08-16,3,8685,C,37
1159,2023-08-16,4,7573,C,42
1160,2023-08-16,5,9067,B,60
1161,2023-08-16,6,3785,B,36
1162,2023-08-16,9,9302,C,77
1163,2023-08-16,10,13491,A,62
1164,2023-08-16,11,4585,A,61
1165,2023-08-16,12,11190,A,67
1166,2023-08-16,13,11212,A,52
1167,2023-08-16,14,3632,A,68
1168,2023-08-16,16,5543,B,65
1169,2023-08-16,18,15470,B,51
1170,2023-08-17,1,7311,A,76
1171,2023-08-17,2,11176,C,56
1172,2023-08-17,3,9353,B,77
1173,2023-08-17,4,7032,B,53
1174,2023-08-17,5,11066,A,65
1175,2023-08-17,6,4248,A,68
1176,2023-08-17,8,8922,A,54
1177,2023-08-17,9,8483,B,61
1178,2023-08-17,10,15497,B,47
1179,2023-08-17,11,4811,A,65
1180,2023-08-17,12,10031,A,74
1181,2023-08-17,14,3544,B,59
1182,2023-08-17,15,11100,C,36
1183,2023-08-17,16,4646,A,68
1184,2023-08-17,17,4110,B,55
1185,2023-08-17,18,13821,B,62
1186,2023-08-18,1,6404,B,64
1187,2023-08-18,2,9876,B,60
1188,2023-08-18,4,7482,B,64
1189,2023-08-18,6,4557,B,55
1190,2023-08-18,7,6663,A,53
1191,2023-08-18,8,8192,A,47
1192,2023-08-18,9,9132,B,46
1193,2023-08-18,10,14300,C,34
1194,2023-08-18,11,4338,B,53
1195,2023-08-18,12,10734,C,56
1196,2023-08-18,13,13105,B,53
1197,2023-08-18,14,3559,B,66
1198,2023-08-18,15,11707,B,34
1199,2023-08-18,16,4520,B,65
1200,2023-08-18,17,3755,B,45
1201,2023-08-18,18,14161,A,61
1202,2023-08-19,1,6607,A,30
1203,2023-08-19,2,10795,A,54
1204,2023-08-19,4,7526,B,84
1205,2023-08-19,7,6584,B,52
1206,2023-08-19,9,8105,A,54
1207,2023-08-19,10,13214,B,53
1208,2023-08-19,11,5471,B,57
1209,2023-08-19,12,10238,B,61
1210,2023-08-19,13,11756,B,54
1211,2023-08-19,15,10551,B,68
1212,2023-08-19,17,3657,B,63
1213,2023-08-19,18,16639,B,65
1214,2023-08-20,1,6572,A,72
1215,2023-08-20,2,9563,B,75
1216,2023-08-20,4,6602,B,59
1217,2023-08-20,5,9516,A,59
1218,2023-08-20,7,6214,A,63
1219,2023-08-20,8,8624,B,57
1220,2023-08-20,9,9870,C,33
1221,2023-08-20,10,13738,B,41
1222,2023-08-20,12,11187,A,63
1223,2023-08-20,13,11849,A,50
1224,2023-08-20,15,10003,A,67
1225,2023-08-20,16,5284,C,55
1226,2023-08-20,17,3747,A,50
1227,2023-08-20,18,16157,B,59
1228,2023-08-21,2,10190,B,45
1229,2023-08-21,3,10046,B,60
1230,2023-08-21,4,6463,B,34
1231,2023-08-21,5,10658,B,43
1232,2023-08-21,6,5170,A,47
1233,2023-08-21,8,8871,A,68
1234,2023-08-21,9,9160,B,60
1235,2023-08-21,10,13819,A,67
1236,2023-08-21,11,4931,C,53
1237,2023-08-21,12,10789,B,80
1238,2023-08-21,13,11904,B,48
1239,2023-08-21,14,3405,B,59
1240,2023-08-21,15,10888,A,65
1241,2023-08-21,17,3709,B,65
1242,2023-08-21,18,17126,A,64
1243,2023-08-22,1,6946,C,69
1244,2023-08-22,2,10979,A,76
1245,2023-08-22,3,10275,A,61
1246,2023-08-22,6,4855,A,76
1247,2023-08-22,7,5875,A,55
1248,2023-08-22,8,8729,B,62
1249,2023-08-22,9,7813,A,74
1250,2023-08-22,10,12948,C,44
1251,2023-08-22,11,4942,B,79
1252,2023-08-22,12,10638,A,37
1253,2023-08-22,13,11970,C,62
1254,2023-08-22,14,3475,A,75
1255,2023-08-22,15,10900,C,41
1256,2023-08-22,16,4517,A,54
1257,2023-08-22,17,4058,A,58
1258,2023-08-22,18,14574,B,78
1259,2023-08-23,1,6927,B,35
1260,2023-08-23,2,9341,B,63
1261,2023-08-23,3,9726,B,60
1262,2023-08-23,4,7391,B,55
1263,2023-08-23,5,8904,A,69
1264,2023-08-23,6,5078,C,37
1265,2023-08-23,7,5926,B,70
1266,2023-08-23,8,9021,B,48
1267,2023-08-23,9,8881,B,42
1268,2023-08-23,11,5247,B,60
1269,2023-08-23,12,11910,A,67
1270,2023-08-23,13,11335,A,64
1271,2023-08-23,15,11544,B,80
1272,2023-08-23,16,4293,B,62
1273,2023-08-23,17,3782,A,46
1274,2023-08-23,18,15782,A,71
1275,2023-08-24,1,6788,A,50
1276,2023-08-24,2,11082,B,65
1277,2023-08-24,3,9082,A,65
1278,2023-08-24,4,6991,B,59
1279,2023-08-24,6,4628,B,45
1280,2023-08-24,7,6043,C,43
1281,2023-08-24,8,7649,A,71
1282,2023-08-24,10,14520,C,58
1283,2023-08-24,11,5660,A,59
1284,2023-08-24,12,11151,B,63
1285,2023-08-24,13,11118,A,61
1286,2023-08-24,14,3140,B,56
1287,2023-08-24,15,10170,B,49
1288,2023-08-24,16,4941,A,65
1289,2023-08-24,17,3529,A,75
1290,2023-08-24,18,15942,B,62
1291,2023-08-25,1,6658,C,51
1292,2023-08-25,2,10688,B,54
1293,2023-08-25,3,8437,C,52
1294,2023-08-25,5,9734,A,51
1295,2023-08-25,6,4907,A,76
1296,2023-08-25,7,6332,C,60
1297,2023-08-25,8,8176,B,48
1298,2023-08-25,9,8858,A,70
1299,2023-08-25,10,14679,A,59
1300,2023-08-25,11,5229,A,70
1301,2023-08-25,13,11563,B,51
1302,2023-08-25,14,3523,B,51
1303,2023-08-25,15,10071,A,61
1304,2023-08-25,17,3999,A,75
1305,2023-08-25,18,16273,B,64
1306,2023-08-26,1,6017,B,48
1307,2023-08-26,2,11178,C,42
1308,2023-08-26,3,8421,B,55
1309,2023-08-26,4,6470,C,31
1310,2023-08-26,5,10925,B,50
1311,2023-08-26,6,4228,A,66
1312,2023-08-26,7,6554,C,50
1313,2023-08-26,8,7702,C,66
1314,2023-08-26,9,8899,B,71
1315,2023-08-26,10,14413,C,34
1316,2023-08-26,11,4780,A,62
1317,2023-08-26,12,10517,B,62
1318,2023-08-26,13,12467,C,56
1319,2023-08-26,15,9622,B,61
1320,2023-08-26,17,4053,B,61
1321,2023-08-26,18,16806,A,54
1322,2023-08-27,1,6557,B,79
1323,2023-08-27,2,10897,B,69
1324,2023-08-27,3,9397,A,68
1325,2023-08-27,4,6873,B,58
1326,2023-08-27,5,10207,A,65
1327,2023-08-27,6,4257,B,54
1328,2023-08-27,7,6174,C,53
1329,2023-08-27,8,8071,C,73
1330,2023-08-27,9,8209,A,73
1331,2023-08-27,10,15416,B,60
1332,2023-08-27,11,4407,C,49
1333,2023-08-27,12,10526,A,67
1334,2023-08-27,13,12439,A,77
1335,2023-08-27,14,3179,B,55
1336,2023-08-27,15,10645,A,77
1337,2023-08-27,16,5467,B,51
1338,2023-08-27,17,3295,A,55
1339,2023-08-27,18,14531,A,56
1340,2023-08-28,1,6599,B,58
1341,2023-08-28,2,11873,A,62
1342,2023-08-28,3,9322,A,61
1343,2023-08-28,4,6872,B,53
1344,2023-08-28,5,10529,B,61
1345,2023-08-28,6,3505,A,73
1346,2023-08-28,7,6207,A,78
1347,2023-08-28,8,9004,C,53
1348,2023-08-28,9,9512,B,36
1349,2023-08-28,10,13153,A,57
1350,2023-08-28,12,10658,C,65
1351,2023-08-28,13,11192,C,41
1352,2023-08-28,14,3003,B,55
1353,2023-08-28,15,8942,B,60
1354,2023-08-28,16,4211,B,50
1355,2023-08-28,18,15275,A,64
1356,2023-08-29,1,6350,B,58
1357,2023-08-29,2,10812,B,74
1358,2023-08-29,3,10031,B,57
1359,2023-08-29,5,9424,C,43
1360,2023-08-29,6,4914,B,63
1361,2023-08-29,7,6270,C,38
1362,2023-08-29,8,8400,A,72
1363,2023-08-29,9,8628,B,64
1364,2023-08-29,10,15591,C,42
1365,2023-08-29,11,5093,A,44
1366,2023-08-29,12,12729,B,84
1367,2023-08-29,14,3048,B,50
1368,2023-08-29,18,14664,B,59
1369,2023-08-30,2,10337,B,56
1370,2023-08-30,3,9489,C,41
1371,2023-08-30,4,6147,A,67
1372,2023-08-30,5,9725,C,35
1373,2023-08-30,7,5943,A,67
1374,2023-08-30,9,7530,C,40
1375,2023-08-30,10,12758,B,59
1376,2023-08-30,11,4798,B,60
1377,2023-08-30,12,10904,B,60
1378,2023-08-30,13,11233,B,59
1379,2023-08-30,14,3718,C,52
1380,2023-08-30,15,10686,A,57
1381,2023-08-30,16,4460,A,48
1382,2023-08-30,17,3774,A,68
1383,2023-08-30,18,15351,A,68
1384,2023-08-31,1,7004,A,65
1385,2023-08-31,2,10810,B,53
1386,2023-08-31,3,7935,A,76
1387,2023-08-31,4,7194,B,38
1388,2023-08-31,5,9832,A,81
1389,2023-08-31,6,4289,C,61
1390,2023-08-31,7,5740,A,52
1391,2023-08-31,9,8830,B,46
1392,2023-08-31,10,12635,B,53
1393,2023-08-31,11,5142,A,48
1394,2023-08-31,14,3227,B,58
1395,2023-08-31,15,10684,C,44
1396,2023-08-31,16,5224,B,58
1397,2023-08-31,17,3987,A,48
1398,2023-09-01,1,7809,C,30
1399,2023-09-01,2,11170,C,75
1400,2023-09-01,3,9779,B,50
1401,2023-09-01,4,7738,A,73
1402,2023-09-01,5,10905,B,43
1403,2023-09-01,6,4397,B,64
1404,2023-09-01,7,5328,B,52
1405,2023-09-01,8,8368,B,48
1406,2023-09-01,9,9814,A,68
1407,2023-09-01,10,11813,B,55
1408,2023-09-01,11,4839,A,69
1409,2023-09-01,12,10130,C,56
1410,2023-09-01,13,10979,B,69
1411,2023-09-01,15,10319,C,30
1412,2023-09-01,16,4703,A,75
1413,2023-09-01,17,3523,A,50
1414,2023-09-01,18,13376,A,57
1415,2023-09-02,3,8300,B,70
1416,2023-09-02,5,11576,B,64
1417,2023-09-02,6,4217,B,64
1418,2023-09-02,7,5854,B,45
1419,2023-09-02,8,8399,B,61
1420,2023-09-02,9,8818,C,60
1421,2023-09-02,10,13259,B,58
1422,2023-09-02,11,4634,A,52
1423,2023-09-02,12,8953,C,65
1424,2023-09-02,14,3787,B,30
1425,2023-09-02,16,4571,B,47
1426,2023-09-02,17,3972,B,63
1427,2023-09-02,18,16784,C,34
1428,2023-09-03,1,6925,C,41
1429,2023-09-03,2,10740,B,58
1430,2023-09-03,3,8743,A,60
1431,2023-09-03,4,6690,B,39
1432,2023-09-03,8,7903,C,41
1433,2023-09-03,10,13195,B,52
1434,2023-09-03,11,4586,A,48
1435,2023-09-03,12,10311,A,58
1436,2023-09-03,13,12635,A,75
1437,2023-09-03,15,10918,B,41
1438,2023-09-03,16,4650,C,44
1439,2023-09-03,17,3579,C,44
1440,2023-09-03,18,14011,A,82
1441,2023-09-04,2,10104,B,49
1442,2023-09-04,3,9201,C,42
1443,2023-09-04,4,7186,A,59
1444,2023-09-04,5,11085,A,60
1445,2023-09-04,6,4892,A,56
1446,2023-09-04,7,5850,A,56
1447,2023-09-04,8,8289,A,79
1448,2023-09-04,9,9412,A,47
1449,2023-09-04,10,14327,A,61
1450,2023-09-04,11,5696,B,57
1451,2023-09-04,12,8906,C,58
1452,2023-09-04,13,11495,A,80
1453,2023-09-04,14,3196,C,30
1454,2023-09-04,15,9710,B,62
1455,2023-09-04,16,4324,B,51
1456,2023-09-04,17,3255,B,50
1457,2023-09-04,18,15037,A,50
1458,2023-09-05,2,10137,A,68
1459,2023-09-05,3,10460,A,73
1460,2023-09-05,4,7229,A,70
1461,2023-09-05,5,8435,C,51
1462,2023-09-05,6,3862,A,56
1463,2023-09-05,7,6081,B,54
1464,2023-09-05,8,9079,C,34
1465,2023-09-05,9,9347,A,76
1466,2023-09-05,10,14017,B,57
1467,2023-09-05,11,5423,A,62
1468,2023-09-05,12,9852,A,58
1469,2023-09-05,13,11534,A,71
1470,2023-09-05,14,3184,B,56
1471,2023-09-05,15,9725,B,60
1472,2023-09-05,16,4905,B,62
1473,2023-09-05,17,3395,C,46
1474,2023-09-05,18,16950,A,60
1475,2023-09-06,2,9504,A,55
1476,2023-09-06,3,11264,A,61
1477,2023-09-06,5,9231,C,41
1478,2023-09-06,6,4635,C,43
1479,2023-09-06,8,8404,A,54
1480,2023-09-06,9,9007,A,66
1481,2023-09-06,10,12437,A,64
1482,2023-09-06,11,5764,C,44
1483,2023-09-06,12,9302,B,56
1484,2023-09-06,15,9488,B,59
1485,2023-09-06,16,4587,A,73
1486,2023-09-06,18,15821,B,67
1487,2023-09-07,1,6818,B,33
1488,2023-09-07,2,12203,B,65
1489,2023-09-07,3,9458,A,74
1490,2023-09-07,4,6859,A,75
1491,2023-09-07,5,9423,C,41
1492,2023-09-07,6,4389,B,57
1493,2023-09-07,7,6457,B,56
1494,2023-09-07,8,7799,B,47
1495,2023-09-07,9,9050,A,69
1496,2023-09-07,11,5282,B,52
1497,2023-09-07,12,10915,B,51
1498,2023-09-07,13,11129,C,67
1499,2023-09-07,14,3934,A,65
1500,2023-09-07,15,10656,B,45
1501,2023-09-07,16,5197,B,57
1502,2023-09-07,18,15835,A,75
1503,2023-09-08,1,8122,C,54
1504,2023-09-08,2,9640,B,55
1505,2023-09-08,3,8888,B,56
1506,2023-09-08,4,7155,C,40
1507,2023-09-08,5,9102,A,63
1508,2023-09-08,6,4529,A,80
1509,2023-09-08,7,5664,C,34
1510,2023-09-08,8,7712,A,66
1511,2023-09-08,9,8908,B,45
1512,2023-09-08,10,13340,B,45
1513,2023-09-08,11,4889,A,59
1514,2023-09-08,13,11191,C,78
1515,2023-09-08,14,3597,B,50
1516,2023-09-08,15,9389,B,70
1517,2023-09-08,16,5139,B,41
1518,2023-09-08,17,4165,B,69
1519,2023-09-08,18,13960,A,80
1520,2023-09-09,1,6681,A,71
1521,2023-09-09,2,10112,B,77
1522,2023-09-09,3,9406,C,66
1523,2023-09-09,4,5513,B,49
1524,2023-09-09,5,8913,A,75
1525,2023-09-09,6,4653,A,70
1526,2023-09-09,7,6693,A,52
1527,2023-09-09,8,8028,A,81
1528,2023-09-09,9,8880,B,72
1529,2023-09-09,10,11796,B,49
1530,2023-09-09,12,10847,B,55
1531,2023-09-09,13,10654,B,77
1532,2023-09-09,14,3606,B,77
1533,2023-09-09,15,11091,B,64
1534,2023-09-09,16,5549,B,43
1535,2023-09-09,18,14128,A,54
1536,2023-09-10,1,6949,A,75
1537,2023-09-10,2,10090,B,50
1538,2023-09-10,3,9661,C,37
1539,2023-09-10,4,7291,B,47
1540,2023-09-10,5,10543,B,53
1541,2023-09-10,6,4420,A,51
1542,2023-09-10,7,6758,A,69
1543,2023-09-10,8,8377,A,66
1544,2023-09-10,9,9486,B,54
1545,2023-09-10,10,12670,A,75
1546,2023-09-10,11,5050,B,30
1547,2023-09-10,12,10501,A,65
1548,2023-09-10,13,11431,C,41
1549,2023-09-10,14,3235,A,68
1550,2023-09-10,15,11286,C,44
1551,2023-09-10,16,5032,B,60
1552,2023-09-10,17,4084,A,63
1553,2023-09-10,18,16577,A,72
1554,2023-09-11,2,11471,A,64
1555,2023-09-11,3,8789,A,52
1556,2023-09-11,4,6984,A,75
1557,2023-09-11,5,10031,B,51
1558,2023-09-11,6,4451,A,58
1559,2023-09-11,7,5639,B,40
1560,2023-09-11,9,8419,B,51
1561,2023-09-11,11,5152,A,65
1562,2023-09-11,12,9409,B,59
1563,2023-09-11,13,11019,C,70
1564,2023-09-11,14,3922,C,40
1565,2023-09-11,15,9488,A,83
1566,2023-09-11,17,3727,A,61
1567,2023-09-11,18,14689,C,60
1568,2023-09-12,1,6151,C,42
1569,2023-09-12,2,10452,C,52
1570,2023-09-12,3,10315,B,43
1571,2023-09-12,4,6791,B,52
1572,2023-09-12,5,10516,A,66
1573,2023-09-12,6,4411,B,42
1574,2023-09-12,7,5790,C,45
1575,2023-09-12,8,7435,B,41
1576,2023-09-12,9,8317,A,66
1577,2023-09-12,10,15326,A,73
1578,2023-09-12,11,5046,A,53
1579,2023-09-12,12,11025,A,53
1580,2023-09-12,14,3466,A,55
1581,2023-09-12,15,10055,C,55
1582,2023-09-12,16,5437,C,80
1583,2023-09-12,17,3766,A,70
1584,2023-09-12,18,14806,A,90
1585,2023-09-13,1,7405,B,73
1586,2023-09-13,2,11774,B,55
1587,2023-09-13,3,9186,B,54
1588,2023-09-13,4,8046,A,44
1589,2023-09-13,5,10770,B,50
1590,2023-09-13,6,4836,A,46
1591,2023-09-13,7,6790,C,53
1592,2023-09-13,8,8115,B,42
1593,2023-09-13,9,8282,B,65
1594,2023-09-13,10,13960,A,73
1595,2023-09-13,14,3625,A,76
1596,2023-09-13,15,10220,C,42
1597,2023-09-13,17,3338,B,61
1598,2023-09-13,18,16605,A,71
1599,2023-09-14,1,7193,A,67
1600,2023-09-14,2,10128,A,53
1601,2023-09-14,3,9379,A,64
1602,2023-09-14,4,6541,B,63
1603,2023-09-14,5,10423,B,61
1604,2023-09-14,6,4638,B,60
1605,2023-09-14,7,6126,B,49
1606,2023-09-14,8,8424,C,47
1607,2023-09-14,9,10589,C,48
1608,2023-09-14,10,14477,B,52
1609,2023-09-14,11,5713,A,50
1610,2023-09-14,12,10937,B,57
1611,2023-09-14,13,10539,B,41
1612,2023-09-14,14,3364,B,50
1613,2023-09-14,15,10928,A,49
1614,2023-09-14,16,4307,C,60
1615,2023-09-14,17,3984,B,53
1616,2023-09-14,18,14121,B,56
1617,2023-09-15,2,10944,C,67
1618,2023-09-15,3,9501,B,51
1619,2023-09-15,4,6691,A,66
1620,2023-09-15,5,10743,B,59
1621,2023-09-15,6,4567,B,52
1622,2023-09-15,7,5098,C,58
1623,2023-09-15,8,7106,A,59
1624,2023-09-15,9,9486,A,83
1625,2023-09-15,10,12101,A,62
1626,2023-09-15,11,5262,B,54
1627,2023-09-15,12,10229,A,65
1628,2023-09-15,13,11047,A,68
1629,2023-09-15,14,3320,B,57
1630,2023-09-15,15,11520,B,40
1631,2023-09-15,16,4967,A,46
1632,2023-09-15,17,3802,C,48
1633,2023-09-15,18,15748,C,48
1634,2023-09-16,1,6291,B,34
1635,2023-09-16,2,9990,B,69
1636,2023-09-16,3,9324,A,68
1637,2023-09-16,4,8016,A,66
1638,2023-09-16,5,10149,B,53
1639,2023-09-16,6,4032,B,45
1640,2023-09-16,8,7773,B,46
1641,2023-09-16,10,15063,B,59
1642,2023-09-16,11,5197,C,65
1643,2023-09-16,12,9380,A,50
1644,2023-09-16,14,3844,A,75
1645,2023-09-16,15,8830,A,74
1646,2023-09-16,16,4333,B,47
1647,2023-09-16,18,15469,C,30
1648,2023-09-17,2,12542,A,65
1649,2023-09-17,3,9625,A,48
1650,2023-09-17,4,6454,B,55
1651,2023-09-17,5,9237,B,58
1652,2023-09-17,7,6075,A,53
1653,2023-09-17,8,7875,C,49
1654,2023-09-17,10,15180,A,66
1655,2023-09-17,11,5038,B,52
1656,2023-09-17,12,9821,B,34
1657,2023-09-17,14,3540,B,52
1658,2023-09-17,15,9946,B,71
1659,2023-09-17,16,5849,C,46
1660,2023-09-17,17,4188,A,64
1661,2023-09-18,1,6024,B,51
1662,2023-09-18,2,9688,A,57
1663,2023-09-18,3,8575,A,69
1664,2023-09-18,4,6610,B,61
1665,2023-09-18,5,11070,A,79
1666,2023-09-18,6,4811,A,57
1667,2023-09-18,7,5622,B,57
1668,2023-09-18,10,11551,B,55
1669,2023-09-18,11,5129,A,78
1670,2023-09-18,13,11645,C,44
1671,2023-09-18,14,3787,A,71
1672,2023-09-18,16,5458,B,54
1673,2023-09-18,17,3511,B,52
1674,2023-09-18,18,14777,A,70
1675,2023-09-19,1,7104,A,62
1676,2023-09-19,2,10970,A,60
1677,2023-09-19,3,8617,B,74
1678,2023-09-19,4,6833,B,50
1679,2023-09-19,5,9725,A,65
1680,2023-09-19,6,4502,B,39
1681,2023-09-19,7,5994,B,66
1682,2023-09-19,8,8456,B,43
1683,2023-09-19,9,9015,C,62
1684,2023-09-19,10,12973,C,59
1685,2023-09-19,11,4821,A,65
1686,2023-09-19,12,11499,C,32
1687,2023-09-19,13,10807,B,70
1688,2023-09-19,14,3462,A,47
1689,2023-09-19,15,9062,A,65
1690,2023-09-19,16,5735,B,47
1691,2023-09-19,17,3653,A,69
1692,2023-09-19,18,14701,A,67
1693,2023-09-20,1,7974,A,59
1694,2023-09-20,2,11248,A,69
1695,2023-09-20,5,9442,A,71
1696,2023-09-20,6,4725,C,33
1697,2023-09-20,7,6215,A,73
1698,2023-09-20,8,8221,C,44
1699,2023-09-20,9,9256,C,39
1700,2023-09-20,11,5313,B,60
1701,2023-09-20,12,10811,B,55
1702,2023-09-20,13,11775,C,49
1703,2023-09-20,14,3163,B,30
1704,2023-09-20,15,9810,B,73
1705,2023-09-20,17,3786,C,53
1706,2023-09-20,18,14086,C,30
1707,2023-09-21,1,6247,A,76
1708,2023-09-21,2,11059,A,69
1709,2023-09-21,3,9337,A,54
1710,2023-09-21,6,5122,B,51
1711,2023-09-21,7,6924,B,55
1712,2023-09-21,8,7958,A,53
1713,2023-09-21,10,14458,A,64
1714,2023-09-21,11,4534,A,56
1715,2023-09-21,12,11268,A,76
1716,2023-09-21,13,12970,B,63
1717,2023-09-21,15,10555,A,55
1718,2023-09-21,16,5104,B,52
1719,2023-09-21,18,16011,B,43
1720,2023-09-22,1,6478,B,56
1721,2023-09-22,2,10546,C,30
1722,2023-09-22,3,9582,C,32
1723,2023-09-22,4,6199,B,71
1724,2023-09-22,5,9461,B,71
1725,2023-09-22,7,6055,A,81
1726,2023-09-22,8,8613,A,54
1727,2023-09-22,9,9217,A,59
1728,2023-09-22,10,13003,A,66
1729,2023-09-22,11,5138,A,72
1730,2023-09-22,12,11190,B,47
1731,2023-09-22,13,12248,B,77
1732,2023-09-22,14,3421,B,63
1733,2023-09-22,15,9978,B,63
1734,2023-09-22,16,4709,B,70
1735,2023-09-22,17,3635,C,51
1736,2023-09-22,18,14592,B,64
1737,2023-09-23,1,6839,A,58
1738,2023-09-23,2,10594,B,55
1739,2023-09-23,3,9350,A,65
1740,2023-09-23,6,4521,C,36
1741,2023-09-23,7,6731,B,56
1742,2023-09-23,8,9476,A,70
1743,2023-09-23,9,8791,C,51
1744,2023-09-23,11,5290,B,74
1745,2023-09-23,12,11019,C,33
1746,2023-09-23,13,11911,B,38
1747,2023-09-23,14,3223,B,64
1748,2023-09-23,15,8945,B,48
1749,2023-09-23,16,5234,B,50
1750,2023-09-23,17,3836,B,64
1751,2023-09-23,18,16611,A,79
1752,2023-09-24,2,10743,B,55
1753,2023-09-24,3,10228,C,56
1754,2023-09-24,4,6578,B,64
1755,2023-09-24,5,10487,C,40
1756,2023-09-24,6,4305,C,72
1757,2023-09-24,7,6908,A,68
1758,2023-09-24,8,9420,B,47
1759,2023-09-24,9,8543,A,54
1760,2023-09-24,10,13092,B,59
1761,2023-09-24,12,10032,A,76
1762,2023-09-24,13,12073,A,69
1763,2023-09-24,14,3092,A,45
1764,2023-09-24,15,12553,B,56
1765,2023-09-24,16,4414,B,85
1766,2023-09-24,17,3594,B,46
1767,2023-09-24,18,15139,B,57
1768,2023-09-25,1,5943,A,50
1769,2023-09-25,2,10579,A,66
1770,2023-09-25,3,9016,A,46
1771,2023-09-25,4,6871,A,43
1772,2023-09-25,5,10490,C,64
1773,2023-09-25,6,3571,B,57
1774,2023-09-25,7,6910,A,81
1775,2023-09-25,8,7047,B,49
1776,2023-09-25,9,9634,C,30
1777,2023-09-25,10,13870,A,61
1778,2023-09-25,11,5213,B,50
1779,2023-09-25,12,10737,A,52
1780,2023-09-25,13,12726,B,56
1781,2023-09-25,14,3719,C,46
1782,2023-09-25,16,3894,C,62
1783,2023-09-25,17,4076,B,54
1784,2023-09-25,18,14111,A,71
1785,2023-09-26,1,6822,A,68
1786,2023-09-26,2,11530,B,57
1787,2023-09-26,3,9503,A,51
1788,2023-09-26,4,7150,A,66
1789,2023-09-26,5,9473,A,52
1790,2023-09-26,7,6340,B,60
1791,2023-09-26,9,7981,A,45
1792,2023-09-26,10,15066,A,78
1793,2023-09-26,11,4661,A,66
1794,2023-09-26,12,9871,B,58
1795,2023-09-26,13,12393,B,56
1796,2023-09-26,14,3245,B,72
1797,2023-09-26,15,10297,B,30
1798,2023-09-26,17,3244,B,50
1799,2023-09-26,18,15123,C,46
1800,2023-09-27,1,6208,A,56
1801,2023-09-27,2,12598,B,67
1802,2023-09-27,3,8232,A,75
1803,2023-09-27,5,9808,C,39
1804,2023-09-27,6,4371,A,56
1805,2023-09-27,7,5225,C,42
1806,2023-09-27,8,8209,B,68
1807,2023-09-27,9,9511,A,69
1808,2023-09-27,10,12901,C,37
1809,2023-09-27,11,4672,A,69
1810,2023-09-27,12,10605,B,67
1811,2023-09-27,14,3431,B,61
1812,2023-09-27,15,9310,B,51
1813,2023-09-27,16,4320,B,51
1814,2023-09-27,17,4021,A,61
1815,2023-09-27,18,14909,A,60
1816,2023-09-28,1,7042,C,46
1817,2023-09-28,2,10228,C,45
1818,2023-09-28,3,8741,B,44
1819,2023-09-28,4,5932,A,73
1820,2023-09-28,5,11083,B,60
1821,2023-09-28,6,4628,C,44
1822,2023-09-28,7,6428,B,59
1823,2023-09-28,8,8431,A,75
1824,2023-09-28,9,9598,A,79
1825,2023-09-28,10,14850,B,46
1826,2023-09-28,11,5159,B,54
1827,2023-09-28,12,10870,C,64
1828,2023-09-28,13,12387,C,49
1829,2023-09-28,14,3473,B,57
1830,2023-09-28,15,10419,A,60
1831,2023-09-28,16,5467,C,70
1832,2023-09-28,17,3885,B,63
1833,2023-09-28,18,16661,B,55
1834,2023-09-29,1,6286,A,58
1835,2023-09-29,2,9532,C,61
1836,2023-09-29,3,9522,B,64
1837,2023-09-29,4,7502,A,68
1838,2023-09-29,5,10611,C,64
1839,2023-09-29,6,4433,A,63
1840,2023-09-29,7,6719,B,51
1841,2023-09-29,8,8063,A,64
1842,2023-09-29,9,8460,B,47
1843,2023-09-29,10,12889,A,66
1844,2023-09-29,11,5338,B,49
1845,2023-09-29,12,12012,A,67
1846,2023-09-29,13,10424,C,44
1847,2023-09-29,14,3233,A,61
1848,2023-09-29,15,10072,B,57
1849,2023-09-29,16,5599,B,62
1850,2023-09-29,17,3522,B,45
1851,2023-09-29,18,14961,A,72
1852,2023-09-30,3,9633,A,61
1853,2023-09-30,4,7054,B,65
1854,2023-09-30,5,11900,B,60
1855,2023-09-30,7,6159,A,55
1856,2023-09-30,8,8406,B,60
1857,2023-09-30,10,12817,B,61
1858,2023-09-30,11,4304,B,59
1859,2023-09-30,12,9480,B,69
1860,2023-09-30,13,10040,C,37
1861,2023-09-30,14,3787,A,76
1862,2023-09-30,15,8664,B,53
1863,2023-09-30,16,4340,B,53
1864,2023-09-30,17,3417,C,63
1865,2023-09-30,18,15075,A,52
1866,2023-10-01,1,6360,B,74
1867,2023-10-01,2,12914,C,40
1868,2023-10-01,3,8808,C,54
1869,2023-10-01,4,7680,C,38
1870,2023-10-01,5,11170,B,57
1871,2023-10-01,6,3849,B,49
1872,2023-10-01,7,7064,B,82
1873,2023-10-01,8,8429,B,65
1874,2023-10-01,9,8938,A,71
1875,2023-10-01,10,14649,B,61
1876,2023-10-01,11,5274,A,76
1877,2023-10-01,12,10998,B,37
1878,2023-10-01,13,11554,A,73
1879,2023-10-01,16,5394,B,45
1880,2023-10-01,17,3076,C,40
1881,2023-10-02,1,6610,A,76
1882,2023-10-02,2,10017,A,88
1883,2023-10-02,3,8968,A,66
1884,2023-10-02,4,7160,B,57
1885,2023-10-02,5,11140,A,54
1886,2023-10-02,7,6625,C,43
1887,2023-10-02,9,9305,B,52
1888,2023-10-02,11,4843,B,58
1889,2023-10-02,12,11845,B,41
1890,2023-10-02,13,11474,C,54
1891,2023-10-02,14,3464,C,52
1892,2023-10-02,15,10855,A,50
1893,2023-10-02,16,5261,A,55
1894,2023-10-02,17,3455,B,84
1895,2023-10-02,18,16043,B,54
1896,2023-10-03,1,7227,A,54
1897,2023-10-03,2,12109,C,72
1898,2023-10-03,3,7925,B,78
1899,2023-10-03,4,7523,B,51
1900,2023-10-03,5,9073,A,88
1901,2023-10-03,6,4659,B,43
1902,2023-10-03,7,6481,B,62
1903,2023-10-03,8,7731,B,55
1904,2023-10-03,9,8989,C,66
1905,2023-10-03,10,14685,B,61
1906,2023-10-03,11,4985,B,43
1907,2023-10-03,12,11233,A,72
1908,2023-10-03,14,3460,B,41
1909,2023-10-03,15,11793,B,43
1910,2023-10-03,16,4275,B,54
1911,2023-10-03,17,3999,B,52
1912,2023-10-03,18,17467,B,45
1913,2023-10-04,1,6117,B,46
1914,2023-10-04,2,12142,B,58
1915,2023-10-04,3,8762,C,54
1916,2023-10-04,4,7172,C,61
1917,2023-10-04,5,10830,A,44
1918,2023-10-04,6,5104,B,53
1919,2023-10-04,7,6738,A,47
1920,2023-10-04,9,9416,C,58
1921,2023-10-04,10,12302,C,51
1922,2023-10-04,11,4520,C,59
1923,2023-10-04,12,11296,C,49
1924,2023-10-04,13,12165,A,52
1925,2023-10-04,14,3378,A,65
1926,2023-10-04,15,10506,A,72
1927,2023-10-04,16,4736,A,68
1928,2023-10-04,17,3673,B,71
1929,2023-10-04,18,16969,B,46
1930,2023-10-05,1,6908,C,54
1931,2023-10-05,2,10231,B,48
1932,2023-10-05,3,9663,C,55
1933,2023-10-05,4,7659,A,53
1934,2023-10-05,6,4453,A,55
1935,2023-10-05,7,6364,A,54
1936,2023-10-05,8,8484,A,69
1937,2023-10-05,9,10383,A,72
1938,2023-10-05,10,13236,A,66
1939,2023-10-05,11,4718,A,67
1940,2023-10-05,12,11088,B,50
1941,2023-10-05,13,9710,B,44
1942,2023-10-05,14,3041,C,47
1943,2023-10-05,15,11107,B,71
1944,2023-10-05,16,4662,B,55
1945,2023-10-05,17,4033,A,60
1946,2023-10-05,18,14322,A,51
1947,2023-10-06,1,7495,B,44
1948,2023-10-06,2,11192,B,56
1949,2023-10-06,3,9435,A,65
1950,2023-10-06,4,7203,B,55
1951,2023-10-06,5,9756,B,58
1952,2023-10-06,6,4606,B,53
1953,2023-10-06,7,4963,A,67
1954,2023-10-06,8,8727,A,61
1955,2023-10-06,9,8730,C,43
1956,2023-10-06,10,14654,A,58
1957,2023-10-06,13,10923,C,66
1958,2023-10-06,14,3629,B,44
1959,2023-10-06,15,10079,B,51
1960,2023-10-06,17,3507,B,61
1961,2023-10-07,1,5912,B,55
1962,2023-10-07,2,12100,A,59
1963,2023-10-07,5,10343,B,48
1964,2023-10-07,7,5951,B,62
1965,2023-10-07,8,8897,A,67
1966,2023-10-07,9,7851,B,45
1967,2023-10-07,10,13795,B,53
1968,2023-10-07,11,5076,A,73
1969,2023-10-07,12,9669,B,53
1970,2023-10-07,13,10968,C,62
1971,2023-10-07,14,3595,A,74
1972,2023-10-07,15,10135,A,57
1973,2023-10-07,16,4408,A,66
1974,2023-10-07,17,3899,A,44
1975,2023-10-07,18,17297,B,51
1976,2023-10-08,1,6885,A,54
1977,2023-10-08,2,10380,A,63
1978,2023-10-08,3,9056,B,56
1979,2023-10-08,4,8171,C,53
1980,2023-10-08,5,10978,B,57
1981,2023-10-08,6,4197,A,57
1982,2023-10-08,8,7999,C,30
1983,2023-10-08,9,9701,B,61
1984,2023-10-08,10,12568,A,66
1985,2023-10-08,11,4908,A,68
1986,2023-10-08,12,9416,B,54
1987,2023-10-08,13,9917,B,55
1988,2023-10-08,15,11097,A,68
1989,2023-10-08,17,3478,A,68
1990,2023-10-08,18,17306,B,48
1991,2023-10-09,2,10531,B,76
1992,2023-10-09,5,10615,C,41
1993,2023-10-09,6,4620,B,61
1994,2023-10-09,7,5798,B,50
1995,2023-10-09,8,8517,B,57
1996,2023-10-09,9,10325,A,59
1997,2023-10-09,10,14253,B,66
1998,2023-10-09,12,10585,A,47
1999,2023-10-09,13,12776,B,62
2000,2023-10-09,14,3585,B,63
2001,2023-10-09,15,11564,A,59
2002,2023-10-09,16,4621,C,38
2003,2023-10-09,18,16635,A,69
2004,2023-10-10,1,7209,B,32
2005,2023-10-10,2,10207,B,52
2006,2023-10-10,5,9489,A,51
2007,2023-10-10,6,4222,C,69
2008,2023-10-10,7,6088,C,62
2009,2023-10-10,8,8969,C,48
2010,2023-10-10,9,9386,B,57
2011,2023-10-10,10,12963,B,61
2012,2023-10-10,11,5261,B,59
2013,2023-10-10,12,8759,A,45
2014,2023-10-10,13,10170,C,46
2015,2023-10-10,14,3495,B,43
2016,2023-10-10,15,11268,C,64
2017,2023-10-10,16,5074,A,80
2018,2023-10-10,17,3658,B,64
2019,2023-10-10,18,16609,C,30
2020,2023-10-11,1,6114,B,49
2021,2023-10-11,2,9836,A,65
2022,2023-10-11,3,9524,B,49
2023,2023-10-11,4,6208,C,48
2024,2023-10-11,5,10812,C,57
2025,2023-10-11,6,4799,B,65
2026,2023-10-11,7,5681,A,78
2027,2023-10-11,8,9105,B,76
2028,2023-10-11,10,15723,A,79
2029,2023-10-11,11,5241,A,36
2030,2023-10-11,13,10874,B,71
2031,2023-10-11,14,3045,A,79
2032,2023-10-11,15,9335,C,64
2033,2023-10-11,17,3494,B,57
2034,2023-10-11,18,15043,B,53
2035,2023-10-12,1,6068,B,49
2036,2023-10-12,2,10149,C,42
2037,2023-10-12,3,9324,B,44
2038,2023-10-12,4,6201,A,66
2039,2023-10-12,5,9685,A,39
2040,2023-10-12,6,4542,A,69
2041,2023-10-12,7,7084,A,47
2042,2023-10-12,8,8289,A,65
2043,2023-10-12,9,9010,A,47
2044,2023-10-12,11,5033,A,73
2045,2023-10-12,13,12240,B,74
2046,2023-10-12,14,3161,A,70
2047,2023-10-12,16,4680,A,50
2048,2023-10-12,17,3235,B,60
2049,2023-10-12,18,14383,C,42
2050,2023-10-13,1,7068,A,72
2051,2023-10-13,2,9657,A,53
2052,2023-10-13,3,9375,B,66
2053,2023-10-13,4,7076,B,43
2054,2023-10-13,6,4595,B,48
2055,2023-10-13,7,7033,A,81
2056,2023-10-13,8,8181,C,61
2057,2023-10-13,9,8286,B,42
2058,2023-10-13,11,5506,B,54
2059,2023-10-13,12,10223,B,51
2060,2023-10-13,13,12001,A,67
2061,2023-10-13,14,3702,A,54
2062,2023-10-13,15,10433,B,64
2063,2023-10-13,16,4806,B,45
2064,2023-10-13,18,14982,B,48
2065,2023-10-14,1,6946,B,45
2066,2023-10-14,2,10734,B,63
2067,2023-10-14,3,8640,B,55
2068,2023-10-14,4,6994,A,73
2069,2023-10-14,5,9958,B,46
2070,2023-10-14,6,4207,B,52
2071,2023-10-14,7,5761,A,72
2072,2023-10-14,8,8455,A,53
2073,2023-10-14,9,9568,A,52
2074,2023-10-14,10,15246,A,89
2075,2023-10-14,11,5456,B,53
2076,2023-10-14,12,10276,B,32
2077,2023-10-14,14,3477,B,52
2078,2023-10-14,15,9994,B,46
2079,2023-10-14,17,3721,A,56
2080,2023-10-15,1,6921,A,61
2081,2023-10-15,2,10046,A,66
2082,2023-10-15,3,7466,C,55
2083,2023-10-15,4,6574,A,70
2084,2023-10-15,6,4742,A,66
2085,2023-10-15,7,6272,B,74
2086,2023-10-15,9,8116,C,53
2087,2023-10-15,10,13820,B,56
2088,2023-10-15,11,5230,B,51
2089,2023-10-15,13,12034,B,59
2090,2023-10-15,14,3240,A,59
2091,2023-10-15,15,10523,B,63
2092,2023-10-15,16,4726,B,42
2093,2023-10-15,17,4064,B,53
2094,2023-10-15,18,17072,B,56
2095,2023-10-16,1,6973,B,56
2096,2023-10-16,2,10905,A,49
2097,2023-10-16,3,9812,B,58
2098,2023-10-16,4,6992,B,55
2099,2023-10-16,5,10832,C,45
2100,2023-10-16,6,5236,B,66
2101,2023-10-16,7,5862,C,62
2102,2023-10-16,8,8199,C,47
2103,2023-10-16,9,8882,C,55
2104,2023-10-16,11,5085,B,63
2105,2023-10-16,12,10634,B,69
2106,2023-10-16,13,11676,A,77
2107,2023-10-16,14,3160,A,52
2108,2023-10-16,15,10876,B,57
2109,2023-10-16,16,4482,B,50
2110,2023-10-16,17,3967,A,50
2111,2023-10-16,18,15067,B,54
2112,2023-10-17,1,6416,A,71
2113,2023-10-17,2,9373,C,53
2114,2023-10-17,4,7793,A,90
2115,2023-10-17,5,9357,A,84
2116,2023-10-17,6,4126,C,50
2117,2023-10-17,7,6504,A,72
2118,2023-10-17,8,8824,B,57
2119,2023-10-17,9,8369,A,73
2120,2023-10-17,10,15374,A,68
2121,2023-10-17,11,5329,B,44
2122,2023-10-17,12,10698,C,52
2123,2023-10-17,13,13541,A,73
2124,2023-10-17,15,11025,A,54
2125,2023-10-17,16,5117,A,42
2126,2023-10-17,17,4050,A,60
2127,2023-10-17,18,17009,A,72
2128,2023-10-18,1,6911,A,65
2129,2023-10-18,2,10988,A,76
2130,2023-10-18,3,8397,A,77
2131,2023-10-18,4,7299,A,73
2132,2023-10-18,5,11794,C,34
2133,2023-10-18,6,4366,A,65
2134,2023-10-18,7,6452,B,46
2135,2023-10-18,8,8756,B,51
2136,2023-10-18,9,9192,B,67
2137,2023-10-18,10,14019,B,55
2138,2023-10-18,11,5190,B,46
2139,2023-10-18,12,11063,B,47
2140,2023-10-18,13,11780,A,82
2141,2023-10-18,15,11582,B,43
2142,2023-10-18,16,4833,B,58
2143,2023-10-18,18,13897,B,58
2144,2023-10-19,1,6944,A,59
2145,2023-10-19,2,11419,A,72
2146,2023-10-19,3,9520,B,74
2147,2023-10-19,4,6283,A,47
2148,2023-10-19,5,8719,A,63
2149,2023-10-19,6,4571,B,47
2150,2023-10-19,7,6602,C,50
2151,2023-10-19,8,8148,A,85
2152,2023-10-19,9,8833,B,64
2153,2023-10-19,10,13468,B,58
2154,2023-10-19,11,5493,B,57
2155,2023-10-19,12,10444,B,58
2156,2023-10-19,13,11282,B,49
2157,2023-10-19,14,3163,C,45
2158,2023-10-19,15,9937,C,60
2159,2023-10-19,16,4335,B,76
2160,2023-10-19,17,3788,A,61
2161,2023-10-19,18,16751,B,80
2162,2023-10-20,2,8998,B,61
2163,2023-10-20,4,6852,A,67
2164,2023-10-20,5,9718,B,49
2165,2023-10-20,6,4770,A,64
2166,2023-10-20,7,6364,A,67
2167,2023-10-20,8,8473,B,76
2168,2023-10-20,9,9229,B,61
2169,2023-10-20,10,11874,A,46
2170,2023-10-20,11,5427,A,50
2171,2023-10-20,12,11389,B,58
2172,2023-10-20,13,10629,B,48
2173,2023-10-20,14,2920,A,77
2174,2023-10-20,15,9092,B,58
2175,2023-10-20,16,5762,A,62
2176,2023-10-20,17,3327,B,57
2177,2023-10-20,18,14806,A,67
2178,2023-10-21,1,7798,C,36
2179,2023-10-21,2,11025,C,31
2180,2023-10-21,3,9785,A,66
2181,2023-10-21,4,6469,B,59
2182,2023-10-21,5,10508,C,54
2183,2023-10-21,7,7655,A,62
2184,2023-10-21,8,7779,B,71
2185,2023-10-21,9,9116,B,53
2186,2023-10-21,10,13658,A,65
2187,2023-10-21,11,4651,B,62
2188,2023-10-21,12,10968,C,43
2189,2023-10-21,13,10732,B,60
2190,2023-10-21,14,3702,C,51
2191,2023-10-21,15,10498,B,48
2192,2023-10-21,16,4751,A,70
2193,2023-10-21,17,3734,C,63
2194,2023-10-21,18,13832,A,46
2195,2023-10-22,1,7042,B,61
2196,2023-10-22,2,11756,A,88
2197,2023-10-22,3,9465,A,58
2198,2023-10-22,5,10683,A,65
2199,2023-10-22,6,3471,C,41
2200,2023-10-22,7,5689,B,56
2201,2023-10-22,8,8797,C,40
2202,2023-10-22,9,8382,B,48
2203,2023-10-22,10,14655,C,40
2204,2023-10-22,11,4623,C,51
2205,2023-10-22,12,10076,C,30
2206,2023-10-22,13,10657,B,63
2207,2023-10-22,14,3656,A,67
2208,2023-10-22,15,11744,C,39
2209,2023-10-22,17,3866,A,61
2210,2023-10-22,18,17423,A,81
2211,2023-10-23,1,6138,B,64
2212,2023-10-23,2,9669,B,58
2213,2023-10-23,3,9513,A,77
2214,2023-10-23,4,6685,C,45
2215,2023-10-23,6,4976,B,53
2216,2023-10-23,7,5351,C,30
2217,2023-10-23,10,14789,B,57
2218,2023-10-23,11,4779,B,77
2219,2023-10-23,12,11721,B,52
2220,2023-10-23,13,12663,C,56
2221,2023-10-23,14,3047,A,66
2222,2023-10-23,16,4952,C,59
2223,2023-10-23,17,4120,B,59
2224,2023-10-23,18,16782,B,61
2225,2023-10-24,2,12137,B,54
2226,2023-10-24,4,6650,A,70
2227,2023-10-24,5,10159,A,50
2228,2023-10-24,7,6004,B,53
2229,2023-10-24,8,8144,C,60
2230,2023-10-24,9,9064,B,50
2231,2023-10-24,10,14304,A,58
2232,2023-10-24,11,5458,A,66
2233,2023-10-24,12,9439,C,39
2234,2023-10-24,13,11427,B,53
2235,2023-10-24,14,3430,B,57
2236,2023-10-24,15,10767,B,55
2237,2023-10-24,16,5566,C,43
2238,2023-10-24,17,3893,C,60
2239,2023-10-25,1,6256,C,43
2240,2023-10-25,2,11064,C,52
2241,2023-10-25,3,9895,A,48
2242,2023-10-25,4,6220,B,51
2243,2023-10-25,5,10541,C,42
2244,2023-10-25,6,3862,B,60
2245,2023-10-25,7,5421,B,44
2246,2023-10-25,9,8380,A,57
2247,2023-10-25,12,10512,B,60
2248,2023-10-25,13,11927,A,73
2249,2023-10-25,14,3148,A,46
2250,2023-10-25,15,10774,C,62
2251,2023-10-25,17,4056,A,72
2252,2023-10-25,18,15458,B,55
2253,2023-10-26,2,10101,B,63
2254,2023-10-26,3,9209,A,51
2255,2023-10-26,4,6843,C,57
2256,2023-10-26,5,10017,A,65
2257,2023-10-26,6,4270,A,86
2258,2023-10-26,7,5459,B,64
2259,2023-10-26,8,8286,B,62
2260,2023-10-26,9,10731,B,44
2261,2023-10-26,11,5223,C,51
2262,2023-10-26,12,11409,B,60
2263,2023-10-26,13,12793,A,57
2264,2023-10-26,15,10362,A,80
2265,2023-10-26,16,4997,B,49
2266,2023-10-26,17,3385,C,44
2267,2023-10-26,18,15958,B,61
2268,2023-10-27,2,10657,B,63
2269,2023-10-27,3,8754,B,64
2270,2023-10-27,4,6604,A,47
2271,2023-10-27,5,11344,A,65
2272,2023-10-27,6,5051,C,41
2273,2023-10-27,8,8030,B,58
2274,2023-10-27,9,9447,C,60
2275,2023-10-27,10,13204,C,37
2276,2023-10-27,11,5210,A,87
2277,2023-10-27,13,9258,C,43
2278,2023-10-27,14,3299,B,44
2279,2023-10-27,15,10212,A,57
2280,2023-10-27,16,5705,B,56
2281,2023-10-27,17,3594,A,54
2282,2023-10-27,18,15656,B,63
2283,2023-10-28,1,6340,B,46
2284,2023-10-28,2,11183,A,69
2285,2023-10-28,3,9123,A,49
2286,2023-10-28,4,5294,A,49
2287,2023-10-28,5,10891,B,55
2288,2023-10-28,7,5742,A,50
2289,2023-10-28,9,8988,A,56
2290,2023-10-28,10,13414,B,49
2291,2023-10-28,11,5534,B,53
2292,2023-10-28,12,10852,A,52
2293,2023-10-28,13,12578,B,45
2294,2023-10-28,15,9452,B,38
2295,2023-10-28,16,4939,B,55
2296,2023-10-28,18,14439,B,56
2297,2023-10-29,1,7308,A,51
2298,2023-10-29,2,10770,B,47
2299,2023-10-29,3,7738,A,56
2300,2023-10-29,4,8050,B,56
2301,2023-10-29,5,10919,B,63
2302,2023-10-29,6,4825,C,30
2303,2023-10-29,7,5726,A,90
2304,2023-10-29,8,8065,C,36
2305,2023-10-29,9,10130,B,53
2306,2023-10-29,10,13405,B,64
2307,2023-10-29,12,11050,A,79
2308,2023-10-29,13,11462,A,61
2309,2023-10-29,14,3937,B,67
2310,2023-10-29,16,4406,A,54
2311,2023-10-29,17,4033,C,39
2312,2023-10-29,18,14908,A,73
2313,2023-10-30,1,7009,B,36
2314,2023-10-30,2,11166,A,54
2315,2023-10-30,4,7516,A,63
2316,2023-10-30,5,9417,B,53
2317,2023-10-30,6,4425,A,58
2318,2023-10-30,7,6456,A,70
2319,2023-10-30,8,9389,A,49
2320,2023-10-30,10,14429,B,61
2321,2023-10-30,12,9861,A,67
2322,2023-10-30,13,11808,A,90
2323,2023-10-30,14,3273,C,79
2324,2023-10-30,15,9298,A,73
2325,2023-10-30,16,4647,A,83
2326,2023-10-30,17,3647,B,75
2327,2023-10-31,1,7231,A,75
2328,2023-10-31,2,9917,A,82
2329,2023-10-31,3,8277,B,64
2330,2023-10-31,4,6706,C,30
2331,2023-10-31,5,10141,C,48
2332,2023-10-31,7,5948,A,71
2333,2023-10-31,9,8994,B,30
2334,2023-10-31,10,15933,A,58
2335,2023-10-31,11,4674,B,60
2336,2023-10-31,12,10529,B,53
2337,2023-10-31,13,10655,C,46
2338,2023-10-31,14,3174,B,45
2339,2023-10-31,15,9887,B,50
2340,2023-10-31,16,4970,B,79
2341,2023-10-31,17,3666,A,61
2342,2023-10-31,18,18712,C,30
2343,2023-11-01,2,10850,B,61
2344,2023-11-01,4,6924,B,58
2345,2023-11-01,5,9961,B,58
2346,2023-11-01,7,6110,A,84
2347,2023-11-01,8,7734,B,72
2348,2023-11-01,9,9353,B,53
2349,2023-11-01,10,13885,A,47
2350,2023-11-01,11,4584,B,48
2351,2023-11-01,13,10722,C,54
2352,2023-11-01,14,3186,B,55
2353,2023-11-01,15,11102,A,71
2354,2023-11-01,16,5410,B,75
2355,2023-11-01,17,3893,B,69
2356,2023-11-01,18,17343,A,68
2357,2023-11-02,1,6652,A,65
2358,2023-11-02,2,9494,B,56
2359,2023-11-02,3,7921,C,47
2360,2023-11-02,4,6266,C,49
2361,2023-11-02,5,9385,B,64
2362,2023-11-02,6,4893,A,48
2363,2023-11-02,7,6642,B,68
2364,2023-11-02,8,8374,B,51
2365,2023-11-02,9,8381,C,30
2366,2023-11-02,10,13511,C,62
2367,2023-11-02,11,4845,A,84
2368,2023-11-02,12,10123,C,44
2369,2023-11-02,13,11857,A,87
2370,2023-11-02,14,3676,A,52
2371,2023-11-02,15,10122,B,60
2372,2023-11-02,16,4756,A,80
2373,2023-11-02,17,3358,B,71
2374,2023-11-02,18,16006,C,47
2375,2023-11-03,1,6376,C,58
2376,2023-11-03,2,10610,A,47
2377,2023-11-03,3,9823,A,73
2378,2023-11-03,4,7852,B,75
2379,2023-11-03,5,10500,A,62
2380,2023-11-03,6,4174,A,70
2381,2023-11-03,7,5819,A,49
2382,2023-11-03,10,13464,C,36
2383,2023-11-03,11,4989,A,70
2384,2023-11-03,13,13588,A,52
2385,2023-11-03,16,5212,A,75
2386,2023-11-03,17,4165,B,63
2387,2023-11-03,18,14999,B,30
2388,2023-11-04,1,6302,B,73
2389,2023-11-04,2,9931,B,64
2390,2023-11-04,3,8566,A,72
2391,2023-11-04,4,7963,B,90
2392,2023-11-04,5,9767,A,64
2393,2023-11-04,6,4199,A,52
2394,2023-11-04,7,6068,B,47
2395,2023-11-04,8,8110,C,39
2396,2023-11-04,9,8955,A,67
2397,2023-11-04,11,4591,B,58
2398,2023-11-04,12,9943,C,57
2399,2023-11-04,13,12327,A,63
2400,2023-11-04,14,3186,C,40
2401,2023-11-04,15,9479,A,80
2402,2023-11-04,16,4328,A,58
2403,2023-11-04,17,3430,B,31
2404,2023-11-04,18,14432,B,64
2405,2023-11-05,1,6342,A,48
2406,2023-11-05,2,10075,A,70
2407,2023-11-05,3,10127,B,62
2408,2023-11-05,5,10741,C,49
2409,2023-11-05,6,4851,C,56
2410,2023-11-05,7,6380,A,70
2411,2023-11-05,8,9662,B,76
2412,2023-11-05,9,9235,C,42
2413,2023-11-05,10,12838,C,55
2414,2023-11-05,11,5659,A,87
2415,2023-11-05,12,11441,A,40
2416,2023-11-05,13,12566,B,81
2417,2023-11-05,14,3786,B,47
2418,2023-11-05,16,4324,B,57
2419,2023-11-05,17,3124,A,60
2420,2023-11-05,18,14513,A,64
2421,2023-11-06,1,6743,B,59
2422,2023-11-06,2,11764,B,68
2423,2023-11-06,3,8633,B,61
2424,2023-11-06,5,9332,A,77
2425,2023-11-06,6,4472,A,53
2426,2023-11-06,7,5236,B,33
2427,2023-11-06,8,8123,A,71
2428,2023-11-06,9,9342,C,43
2429,2023-11-06,10,13881,B,51
2430,2023-11-06,11,4526,B,68
2431,2023-11-06,12,10257,B,79
2432,2023-11-06,13,11236,A,47
2433,2023-11-06,16,4700,A,61
2434,2023-11-06,18,14734,B,66
2435,2023-11-07,1,6970,C,38
2436,2023-11-07,2,11640,B,55
2437,2023-11-07,3,7788,B,52
2438,2023-11-07,4,7011,A,59
2439,2023-11-07,6,4983,B,44
2440,2023-11-07,7,5016,B,57
2441,2023-11-07,8,8568,A,66
2442,2023-11-07,9,9508,C,38
2443,2023-11-07,10,14245,A,70
2444,2023-11-07,11,5608,A,58
2445,2023-11-07,12,9669,A,60
2446,2023-11-07,13,10863,A,54
2447,2023-11-07,14,3445,C,41
2448,2023-11-07,15,11074,B,57
2449,2023-11-07,16,5451,A,55
2450,2023-11-07,17,4191,B,45
2451,2023-11-07,18,18069,B,62
2452,2023-11-08,1,6935,B,35
2453,2023-11-08,2,11227,A,62
2454,2023-11-08,3,8214,A,49
2455,2023-11-08,4,6175,B,56
2456,2023-11-08,6,4247,B,77
2457,2023-11-08,8,8689,B,63
2458,2023-11-08,9,9273,B,59
2459,2023-11-08,10,13980,B,60
2460,2023-11-08,11,5543,A,85
2461,2023-11-08,12,10677,B,49
2462,2023-11-08,14,3972,B,50
2463,2023-11-08,15,10701,B,47
2464,2023-11-08,16,4916,B,46
2465,2023-11-08,17,3863,A,37
2466,2023-11-08,18,17644,A,69
2467,2023-11-09,1,7234,C,65
2468,2023-11-09,2,9770,A,78
2469,2023-11-09,3,9912,B,54
2470,2023-11-09,4,6686,A,82
2471,2023-11-09,5,10385,C,42
2472,2023-11-09,6,4468,B,59
2473,2023-11-09,7,6443,B,59
2474,2023-11-09,8,7661,A,77
2475,2023-11-09,9,8219,B,54
2476,2023-11-09,10,14252,A,78
2477,2023-11-09,11,5427,A,66
2478,2023-11-09,12,11140,C,63
2479,2023-11-09,13,10965,C,40
2480,2023-11-09,14,3460,B,78
2481,2023-11-09,15,9001,B,57
2482,2023-11-09,16,5002,A,62
2483,2023-11-09,17,3912,C,64
2484,2023-11-09,18,16336,A,51
2485,2023-11-10,2,10434,A,71
2486,2023-11-10,3,8908,C,40
2487,2023-11-10,4,6987,B,78
2488,2023-11-10,5,10853,A,56
2489,2023-11-10,7,7223,A,68
2490,2023-11-10,8,7758,B,48
2491,2023-11-10,9,8417,A,55
2492,2023-11-10,10,14226,C,51
2493,2023-11-10,11,4782,B,65
2494,2023-11-10,13,9537,A,77
2495,2023-11-10,14,3201,A,62
2496,2023-11-10,16,4998,B,39
2497,2023-11-11,1,7574,B,55
2498,2023-11-11,4,6663,A,68
2499,2023-11-11,5,9740,B,64
2500,2023-11-11,6,4491,A,71
2501,2023-11-11,7,6277,B,61
2502,2023-11-11,8,7524,B,47
2503,2023-11-11,9,8702,B,54
2504,2023-11-11,10,11800,B,64
2505,2023-11-11,11,5202,C,53
2506,2023-11-11,12,11914,C,54
2507,2023-11-11,13,10749,B,51
2508,2023-11-11,14,3316,B,59
2509,2023-11-11,15,11796,A,74
2510,2023-11-11,16,5323,B,60
2511,2023-11-11,17,3645,A,83
2512,2023-11-12,1,6641,C,70
2513,2023-11-12,3,9135,B,59
2514,2023-11-12,4,6793,B,51
2515,2023-11-12,5,10902,A,67
2516,2023-11-12,6,3957,B,46
2517,2023-11-12,8,7738,A,71
2518,2023-11-12,9,8895,A,46
2519,2023-11-12,10,14450,A,55
2520,2023-11-12,11,4546,B,59
2521,2023-11-12,12,13085,C,43
2522,2023-11-12,13,10899,B,47
2523,2023-11-12,14,3085,A,74
2524,2023-11-12,15,11122,C,34
2525,2023-11-12,16,4650,B,46
2526,2023-11-12,17,3234,B,61
2527,2023-11-13,1,8262,A,67
2528,2023-11-13,2,12691,B,62
2529,2023-11-13,3,9382,B,47
2530,2023-11-13,4,6863,A,66
2531,2023-11-13,5,9202,B,77
2532,2023-11-13,6,4313,A,73
2533,2023-11-13,7,6102,B,82
2534,2023-11-13,9,9865,B,72
2535,2023-11-13,10,13011,A,75
2536,2023-11-13,11,5432,B,53
2537,2023-11-13,12,10802,C,41
2538,2023-11-13,13,11251,B,53
2539,2023-11-13,15,8951,A,49
2540,2023-11-13,16,5158,B,57
2541,2023-11-13,17,3023,B,74
2542,2023-11-14,1,7125,A,50
2543,2023-11-14,2,11042,C,68
2544,2023-11-14,3,9826,B,77
2545,2023-11-14,4,6869,B,61
2546,2023-11-14,5,11392,B,64
2547,2023-11-14,6,3972,C,64
2548,2023-11-14,7,6346,B,56
2549,2023-11-14,8,8691,C,44
2550,2023-11-14,9,8253,B,61
2551,2023-11-14,11,5033,A,75
2552,2023-11-14,12,10028,A,84
2553,2023-11-14,13,11531,B,69
2554,2023-11-14,14,3549,A,64
2555,2023-11-14,15,10161,A,69
2556,2023-11-14,16,4564,B,60
2557,2023-11-14,17,3748,A,58
2558,2023-11-14,18,15770,A,55
2559,2023-11-15,2,10869,B,45
2560,2023-11-15,3,10065,A,65
2561,2023-11-15,4,6943,A,61
2562,2023-11-15,5,10218,B,61
2563,2023-11-15,6,4737,B,46
2564,2023-11-15,8,9697,B,52
2565,2023-11-15,9,8840,C,44
2566,2023-11-15,10,12534,A,68
2567,2023-11-15,11,4897,C,39
2568,2023-11-15,12,10974,C,42
2569,2023-11-15,13,11742,A,59
2570,2023-11-15,14,3698,C,52
2571,2023-11-15,15,10502,B,58
2572,2023-11-15,16,5665,A,54
2573,2023-11-15,17,4077,A,67
2574,2023-11-15,18,14378,C,57
2575,2023-11-16,1,6204,A,64
2576,2023-11-16,2,10440,B,58
2577,2023-11-16,3,8760,A,66
2578,2023-11-16,4,6327,B,39
2579,2023-11-16,5,9719,B,53
2580,2023-11-16,6,4745,B,63
2581,2023-11-16,8,8426,A,78
2582,2023-11-16,9,9794,C,50
2583,2023-11-16,10,14226,A,45
2584,2023-11-16,11,4567,A,74
2585,2023-11-16,13,11397,B,49
2586,2023-11-16,14,3722,B,50
2587,2023-11-16,15,9584,B,58
2588,2023-11-16,16,4576,B,38
2589,2023-11-16,17,3792,B,59
2590,2023-11-17,1,7047,A,74
2591,2023-11-17,2,10819,A,55
2592,2023-11-17,3,8063,C,52
2593,2023-11-17,6,3867,B,46
2594,2023-11-17,8,7384,A,63
2595,2023-11-17,9,8882,C,48
2596,2023-11-17,11,4060,A,47
2597,2023-11-17,14,3281,C,42
2598,2023-11-17,15,8321,B,39
2599,2023-11-17,16,4544,C,44
2600,2023-11-17,17,3874,A,70
2601,2023-11-18,1,6664,C,50
2602,2023-11-18,3,8722,B,58
2603,2023-11-18,4,6203,B,59
2604,2023-11-18,5,10866,A,70
2605,2023-11-18,7,7258,C,51
2606,2023-11-18,8,7900,B,67
2607,2023-11-18,9,9435,A,75
2608,2023-11-18,10,11899,B,57
2609,2023-11-18,11,4642,B,57
2610,2023-11-18,12,9491,B,67
2611,2023-11-18,13,9619,A,68
2612,2023-11-18,14,3137,A,51
2613,2023-11-18,15,10287,B,49
2614,2023-11-18,16,5104,A,63
2615,2023-11-19,1,7173,C,48
2616,2023-11-19,3,9208,C,66
2617,2023-11-19,5,9729,A,69
2618,2023-11-19,6,5385,B,68
2619,2023-11-19,7,6339,A,77
2620,2023-11-19,8,8022,C,44
2621,2023-11-19,9,8998,A,67
2622,2023-11-19,10,14275,A,73
2623,2023-11-19,11,5514,B,54
2624,2023-11-19,12,12596,B,64
2625,2023-11-19,13,10886,A,58
2626,2023-11-19,14,3379,B,55
2627,2023-11-19,17,3787,A,69
2628,2023-11-19,18,15374,B,63
2629,2023-11-20,1,7042,B,52
2630,2023-11-20,2,11524,A,73
2631,2023-11-20,3,8325,B,60
2632,2023-11-20,4,5749,B,51
2633,2023-11-20,5,9594,C,45
2634,2023-11-20,6,4505,B,57
2635,2023-11-20,7,7018,A,71
2636,2023-11-20,8,7650,A,66
2637,2023-11-20,9,9287,B,56
2638,2023-11-20,10,12166,C,32
2639,2023-11-20,11,4900,A,52
2640,2023-11-20,12,11315,A,66
2641,2023-11-20,14,3156,C,62
2642,2023-11-20,15,9566,C,38
2643,2023-11-20,16,5017,A,65
2644,2023-11-20,17,3654,A,66
2645,2023-11-20,18,15314,B,59
2646,2023-11-21,1,6745,B,65
2647,2023-11-21,2,10032,A,60
2648,2023-11-21,3,8329,A,77
2649,2023-11-21,4,7552,B,48
2650,2023-11-21,5,10025,B,67
2651,2023-11-21,6,4258,A,73
2652,2023-11-21,9,8934,A,78
2653,2023-11-21,10,13903,B,54
2654,2023-11-21,11,4994,A,66
2655,2023-11-21,14,3438,B,58
2656,2023-11-21,15,9916,C,43
2657,2023-11-21,16,4978,C,58
2658,2023-11-21,17,3448,B,56
2659,2023-11-21,18,13103,B,39
2660,2023-11-22,1,6325,A,73
2661,2023-11-22,2,9565,B,47
2662,2023-11-22,3,9268,C,56
2663,2023-11-22,4,7681,A,62
2664,2023-11-22,5,9245,A,66
2665,2023-11-22,6,5502,B,39
2666,2023-11-22,7,6183,A,59
2667,2023-11-22,8,8868,B,34
2668,2023-11-22,9,9586,B,75
2669,2023-11-22,10,14011,C,54
2670,2023-11-22,11,5329,B,58
2671,2023-11-22,13,12241,B,56
2672,2023-11-22,14,3700,C,54
2673,2023-11-22,15,10097,C,47
2674,2023-11-22,16,4463,C,56
2675,2023-11-22,17,4287,B,53
2676,2023-11-22,18,17291,B,40
2677,2023-11-23,1,5963,C,43
2678,2023-11-23,2,9132,A,69
2679,2023-11-23,3,8985,A,52
2680,2023-11-23,4,6747,C,37
2681,2023-11-23,5,11692,A,45
2682,2023-11-23,6,4014,B,49
2683,2023-11-23,7,6216,C,43
2684,2023-11-23,8,7558,A,67
2685,2023-11-23,10,14723,C,33
2686,2023-11-23,11,5794,A,50
2687,2023-11-23,12,11281,A,50
2688,2023-11-23,13,12268,A,77
2689,2023-11-23,15,10199,C,49
2690,2023-11-23,16,5520,B,62
2691,2023-11-23,17,3845,B,54
2692,2023-11-23,18,14203,B,48
2693,2023-11-24,1,6543,B,40
2694,2023-11-24,2,11140,B,43
2695,2023-11-24,3,9044,B,66
2696,2023-11-24,4,5474,A,67
2697,2023-11-24,5,9744,A,64
2698,2023-11-24,6,4495,B,55
2699,2023-11-24,8,8811,A,75
2700,2023-11-24,9,8836,C,53
2701,2023-11-24,10,15709,B,52
2702,2023-11-24,11,5600,A,60
2703,2023-11-24,12,11587,C,42
2704,2023-11-24,13,12102,B,49
2705,2023-11-24,14,3434,B,63
2706,2023-11-24,15,9484,C,48
2707,2023-11-24,16,5238,A,50
2708,2023-11-24,17,3411,B,61
2709,2023-11-25,1,7250,A,86
2710,2023-11-25,2,9760,C,73
2711,2023-11-25,3,8473,B,43
2712,2023-11-25,5,10885,A,45
2713,2023-11-25,6,4552,A,85
2714,2023-11-25,7,5620,C,38
2715,2023-11-25,8,9345,A,55
2716,2023-11-25,9,9316,A,54
2717,2023-11-25,11,4669,B,50
2718,2023-11-25,12,9512,B,60
2719,2023-11-25,13,11289,A,49
2720,2023-11-25,14,3368,B,52
2721,2023-11-25,15,10026,A,70
2722,2023-11-25,16,5421,B,63
2723,2023-11-25,17,3344,A,73
2724,2023-11-25,18,15011,C,76
2725,2023-11-26,1,6901,B,56
2726,2023-11-26,2,8861,A,70
2727,2023-11-26,3,8854,A,69
2728,2023-11-26,5,10377,C,30
2729,2023-11-26,6,4971,B,45
2730,2023-11-26,8,9596,B,51
2731,2023-11-26,9,9489,B,47
2732,2023-11-26,10,13691,B,30
2733,2023-11-26,11,4276,A,52
2734,2023-11-26,12,11194,C,42
2735,2023-11-26,13,10935,A,47
2736,2023-11-26,15,8771,B,47
2737,2023-11-26,16,4682,B,53
2738,2023-11-26,17,4060,A,52
2739,2023-11-26,18,15282,C,57
2740,2023-11-27,1,6109,B,61
2741,2023-11-27,2,11038,A,75
2742,2023-11-27,3,8353,B,42
2743,2023-11-27,4,6355,C,80
2744,2023-11-27,5,9402,B,56
2745,2023-11-27,6,4617,C,38
2746,2023-11-27,7,6607,A,60
2747,2023-11-27,8,10237,A,79
2748,2023-11-27,9,10187,A,79
2749,2023-11-27,10,13445,B,55
2750,2023-11-27,11,6019,B,40
2751,2023-11-27,12,8940,C,34
2752,2023-11-27,13,10729,B,55
2753,2023-11-27,14,3212,C,35
2754,2023-11-27,15,10460,A,75
2755,2023-11-27,16,5052,B,88
2756,2023-11-27,17,3384,B,38
2757,2023-11-27,18,17215,A,65
2758,2023-11-28,1,6879,A,50
2759,2023-11-28,2,12840,A,56
2760,2023-11-28,3,9662,A,66
2761,2023-11-28,4,6629,B,48
2762,2023-11-28,5,10201,B,61
2763,2023-11-28,6,4309,C,41
2764,2023-11-28,7,6632,A,87
2765,2023-11-28,8,7727,A,56
2766,2023-11-28,11,5982,B,53
2767,2023-11-28,13,10035,B,58
2768,2023-11-28,14,2797,B,62
2769,2023-11-28,15,7874,B,52
2770,2023-11-28,16,4966,C,44
2771,2023-11-28,18,15748,B,73
2772,2023-11-29,1,6994,A,64
2773,2023-11-29,2,10700,B,52
2774,2023-11-29,3,9767,A,50
2775,2023-11-29,4,7760,C,49
2776,2023-11-29,5,10846,B,57
2777,2023-11-29,6,4146,A,69
2778,2023-11-29,9,10177,A,68
2779,2023-11-29,12,11532,B,31
2780,2023-11-29,13,12316,C,42
2781,2023-11-29,17,2876,A,66
2782,2023-11-30,1,6305,A,70
2783,2023-11-30,2,11423,B,59
2784,2023-11-30,4,7282,A,72
2785,2023-11-30,5,10052,A,90
2786,2023-11-30,6,4365,A,51
2787,2023-11-30,7,6608,A,60
2788,2023-11-30,8,8092,A,78
2789,2023-11-30,9,8620,A,66
2790,2023-11-30,11,4548,C,58
2791,2023-11-30,12,10123,A,61
2792,2023-11-30,13,11252,A,59
2793,2023-11-30,16,5343,C,54
2794,2023-11-30,17,4110,A,53
2795,2023-11-30,18,15755,B,58
2796,2023-12-01,2,10775,A,57
2797,2023-12-01,3,8349,A,69
2798,2023-12-01,4,6403,A,80
2799,2023-12-01,5,11180,B,63
2800,2023-12-01,6,4126,A,56
2801,2023-12-01,7,6118,B,57
2802,2023-12-01,8,7933,B,54
2803,2023-12-01,9,10067,C,54
2804,2023-12-01,10,13264,A,47
2805,2023-12-01,11,5453,A,80
2806,2023-12-01,12,9313,C,43
2807,2023-12-01,13,10273,A,65
2808,2023-12-01,14,3514,A,56
2809,2023-12-01,15,9341,B,47
2810,2023-12-01,16,4965,C,42
2811,2023-12-01,17,3834,A,72
2812,2023-12-01,18,15701,B,50
2813,2023-12-02,1,6817,A,79
2814,2023-12-02,3,7940,B,60
2815,2023-12-02,4,6030,C,40
2816,2023-12-02,5,11040,A,60
2817,2023-12-02,6,4505,A,67
2818,2023-12-02,8,8546,A,50
2819,2023-12-02,10,12521,B,79
2820,2023-12-02,11,5019,A,89
2821,2023-12-02,12,10714,B,48
2822,2023-12-02,14,3219,A,69
2823,2023-12-02,15,10791,B,54
2824,2023-12-02,16,4295,A,67
2825,2023-12-02,17,3725,A,69
2826,2023-12-02,18,15798,B,64
2827,2023-12-03,1,6165,A,54
2828,2023-12-03,2,11492,B,51
2829,2023-12-03,3,8551,C,44
2830,2023-12-03,4,6733,A,47
2831,2023-12-03,5,10956,B,63
2832,2023-12-03,7,6203,B,59
2833,2023-12-03,8,7940,A,68
2834,2023-12-03,9,8435,C,39
2835,2023-12-03,10,14836,B,58
2836,2023-12-03,12,10078,B,31
2837,2023-12-03,13,10620,B,52
2838,2023-12-03,14,3085,C,43
2839,2023-12-03,15,11150,B,52
2840,2023-12-03,18,13032,A,50
2841,2023-12-04,2,10456,C,54
2842,2023-12-04,3,8960,A,47
2843,2023-12-04,4,6796,A,47
2844,2023-12-04,6,3952,B,60
2845,2023-12-04,7,6228,A,59
2846,2023-12-04,8,8594,B,49
2847,2023-12-04,9,9324,A,57
2848,2023-12-04,10,14254,A,73
2849,2023-12-04,11,5425,A,48
2850,2023-12-04,12,11123,B,78
2851,2023-12-04,13,11450,A,65
2852,2023-12-04,14,3527,A,57
2853,2023-12-04,15,7505,B,62
2854,2023-12-04,16,5106,C,30
2855,2023-12-04,17,4248,B,52
2856,2023-12-05,1,7089,A,61
2857,2023-12-05,2,10934,A,44
2858,2023-12-05,3,7974,A,49
2859,2023-12-05,4,7188,A,69
2860,2023-12-05,5,9324,A,69
2861,2023-12-05,6,4939,A,64
2862,2023-12-05,7,6067,B,46
2863,2023-12-05,8,7449,B,56
2864,2023-12-05,9,9063,A,52
2865,2023-12-05,10,14758,C,38
2866,2023-12-05,11,5198,A,72
2867,2023-12-05,12,9840,C,40
2868,2023-12-05,13,12385,A,45
2869,2023-12-05,15,10082,C,56
2870,2023-12-05,16,4651,A,66
2871,2023-12-05,18,16849,B,68
2872,2023-12-06,1,7373,B,64
2873,2023-12-06,2,10981,A,66
2874,2023-12-06,3,8355,B,35
2875,2023-12-06,4,6618,A,78
2876,2023-12-06,5,9705,B,62
2877,2023-12-06,6,4309,A,53
2878,2023-12-06,7,6538,B,44
2879,2023-12-06,8,8169,C,42
2880,2023-12-06,9,9555,A,70
2881,2023-12-06,11,4583,B,62
2882,2023-12-06,12,9935,B,54
2883,2023-12-06,15,7858,B,49
2884,2023-12-06,16,5048,B,50
2885,2023-12-06,17,3423,B,71
2886,2023-12-06,18,20278,B,61
2887,2023-12-07,1,7357,A,61
2888,2023-12-07,2,10133,C,57
2889,2023-12-07,3,8296,A,72
2890,2023-12-07,4,7197,B,45
2891,2023-12-07,5,10366,B,62
2892,2023-12-07,7,5990,B,52
2893,2023-12-07,8,9185,B,60
2894,2023-12-07,9,8937,B,62
2895,2023-12-07,10,13027,A,66
2896,2023-12-07,11,4931,A,72
2897,2023-12-07,12,8878,C,36
2898,2023-12-07,13,9355,A,71
2899,2023-12-07,15,10109,B,59
2900,2023-12-07,16,4298,B,57
2901,2023-12-07,17,3183,B,37
2902,2023-12-08,1,6037,C,43
2903,2023-12-08,2,11555,B,54
2904,2023-12-08,4,7984,A,75
2905,2023-12-08,6,4428,C,61
2906,2023-12-08,7,6683,A,59
2907,2023-12-08,8,8290,A,59
2908,2023-12-08,9,8876,C,37
2909,2023-12-08,10,12563,B,55
2910,2023-12-08,11,5331,B,63
2911,2023-12-08,12,10734,B,48
2912,2023-12-08,13,11238,A,80
2913,2023-12-08,14,3136,B,45
2914,2023-12-08,15,10200,A,62
2915,2023-12-08,16,5302,A,66
2916,2023-12-08,17,3742,B,61
2917,2023-12-08,18,15938,B,60
2918,2023-12-09,1,6276,B,62
2919,2023-12-09,2,10555,B,45
2920,2023-12-09,3,9070,B,44
2921,2023-12-09,4,7365,A,49
2922,2023-12-09,5,8433,C,39
2923,2023-12-09,6,4513,A,68
2924,2023-12-09,7,5638,B,53
2925,2023-12-09,8,8422,A,70
2926,2023-12-09,9,10097,A,73
2927,2023-12-09,10,14144,B,45
2928,2023-12-09,11,5270,B,56
2929,2023-12-09,12,10454,A,79
2930,2023-12-09,13,11268,B,63
2931,2023-12-09,14,3875,A,79
2932,2023-12-09,16,4314,B,54
2933,2023-12-09,17,3690,B,62
2934,2023-12-09,18,14712,B,54
2935,2023-12-10,1,7065,B,54
2936,2023-12-10,2,10058,C,44
2937,2023-12-10,3,8499,A,75
2938,2023-12-10,4,6887,B,62
2939,2023-12-10,5,10199,A,52
2940,2023-12-10,6,3861,A,48
2941,2023-12-10,7,5654,B,45
2942,2023-12-10,8,8645,B,68
2943,2023-12-10,10,12605,B,36
2944,2023-12-10,13,11206,B,56
2945,2023-12-10,14,3402,B,30
2946,2023-12-10,15,11778,B,59
2947,2023-12-10,16,4803,C,54
2948,2023-12-10,17,3241,B,61
2949,2023-12-10,18,17941,B,64
2950,2023-12-11,1,7064,B,51
2951,2023-12-11,2,11164,B,81
2952,2023-12-11,3,9148,B,50
2953,2023-12-11,4,6813,C,43
2954,2023-12-11,5,10335,C,61
2955,2023-12-11,6,4607,C,30
2956,2023-12-11,7,6540,C,61
2957,2023-12-11,8,9108,A,65
2958,2023-12-11,9,9702,C,46
2959,2023-12-11,11,5441,A,63
2960,2023-12-11,12,10754,B,49
2961,2023-12-11,13,10838,A,52
2962,2023-12-11,14,2895,B,68
2963,2023-12-11,16,4985,A,88
2964,2023-12-11,18,13746,B,55
2965,2023-12-12,1,7065,A,58
2966,2023-12-12,2,9936,B,50
2967,2023-12-12,4,6717,A,57
2968,2023-12-12,5,9979,A,53
2969,2023-12-12,6,4112,A,66
2970,2023-12-12,8,7225,A,63
2971,2023-12-12,9,8936,A,54
2972,2023-12-12,10,12311,A,66
2973,2023-12-12,11,4916,B,55
2974,2023-12-12,12,11460,C,58
2975,2023-12-12,14,3344,A,50
2976,2023-12-12,16,5295,B,32
2977,2023-12-13,1,8876,B,46
2978,2023-12-13,2,10729,A,65
2979,2023-12-13,3,8824,B,48
2980,2023-12-13,4,7567,C,57
2981,2023-12-13,5,11260,B,62
2982,2023-12-13,6,5102,A,69
2983,2023-12-13,8,8717,B,57
2984,2023-12-13,9,10313,C,42
2985,2023-12-13,10,14050,B,61
2986,2023-12-13,12,10407,A,51
2987,2023-12-13,13,11471,B,72
2988,2023-12-13,14,3653,A,61
2989,2023-12-13,15,11402,B,47
2990,2023-12-13,16,4931,C,43
2991,2023-12-13,17,3693,B,55
2992,2023-12-13,18,13681,B,50
2993,2023-12-14,2,10697,B,60
2994,2023-12-14,3,10228,B,34
2995,2023-12-14,4,6567,B,54
2996,2023-12-14,5,10550,A,55
2997,2023-12-14,7,6640,C,51
2998,2023-12-14,8,8149,B,65
2999,2023-12-14,9,8606,B,56
3000,2023-12-14,10,15472,B,52
3001,2023-12-14,11,3696,C,42
3002,2023-12-14,12,10817,B,57
3003,2023-12-14,14,3294,A,75
3004,2023-12-14,15,8740,C,37
3005,2023-12-15,1,7401,C,30
3006,2023-12-15,2,11635,C,30
3007,2023-12-15,3,9987,B,42
3008,2023-12-15,4,6939,A,63
3009,2023-12-15,5,11276,A,63
3010,2023-12-15,6,4344,A,61
3011,2023-12-15,7,5898,A,65
3012,2023-12-15,8,8439,A,45
3013,2023-12-15,9,8653,C,60
3014,2023-12-15,10,14408,B,45
3015,2023-12-15,11,4881,C,73
3016,2023-12-15,12,10822,B,67
3017,2023-12-15,13,11788,B,69
3018,2023-12-15,14,2993,A,62
3019,2023-12-15,15,9202,B,54
3020,2023-12-15,16,4878,C,79
3021,2023-12-15,17,4131,B,62
3022,2023-12-16,1,7303,B,79
3023,2023-12-16,2,11112,A,80
3024,2023-12-16,3,8082,A,53
3025,2023-12-16,4,6942,B,46
3026,2023-12-16,5,10030,B,46
3027,2023-12-16,6,4220,C,51
3028,2023-12-16,8,9034,C,30
3029,2023-12-16,9,10210,B,54
3030,2023-12-16,10,13942,B,57
3031,2023-12-16,11,5372,B,36
3032,2023-12-16,12,9570,A,54
3033,2023-12-16,13,11019,B,51
3034,2023-12-16,14,3348,A,75
3035,2023-12-16,15,8329,A,71
3036,2023-12-16,16,4876,B,50
3037,2023-12-16,17,3958,C,56
3038,2023-12-16,18,16735,A,48
3039,2023-12-17,1,7139,A,65
3040,2023-12-17,2,10684,A,66
3041,2023-12-17,3,9619,A,69
3042,2023-12-17,4,6636,B,47
3043,2023-12-17,6,4450,B,64
3044,2023-12-17,7,6893,C,44
3045,2023-12-17,8,7532,C,72
3046,2023-12-17,11,4905,B,60
3047,2023-12-17,12,12332,B,61
3048,2023-12-17,14,3160,A,52
3049,2023-12-17,15,11677,A,73
3050,2023-12-17,16,4922,C,61
3051,2023-12-17,17,3477,A,41
3052,2023-12-18,1,6614,C,57
3053,2023-12-18,2,11405,B,49
3054,2023-12-18,3,9606,B,62
3055,2023-12-18,4,6155,B,63
3056,2023-12-18,5,11541,B,50
3057,2023-12-18,7,6962,A,70
3058,2023-12-18,8,7653,A,66
3059,2023-12-18,9,10266,C,39
3060,2023-12-18,11,4874,B,54
3061,2023-12-18,12,10191,A,61
3062,2023-12-18,14,3526,A,54
3063,2023-12-18,15,10477,B,35
3064,2023-12-18,17,3799,B,61
3065,2023-12-18,18,16234,B,63
3066,2023-12-19,1,7197,B,50
3067,2023-12-19,2,11896,C,58
3068,2023-12-19,3,8191,C,60
3069,2023-12-19,4,7093,C,74
3070,2023-12-19,5,11277,B,40
3071,2023-12-19,6,4479,B,59
3072,2023-12-19,7,6979,A,62
3073,2023-12-19,8,7039,A,56
3074,2023-12-19,9,9749,C,62
3075,2023-12-19,10,14596,B,73
3076,2023-12-19,11,4641,C,40
3077,2023-12-19,12,11146,A,54
3078,2023-12-19,14,3603,A,67
3079,2023-12-19,15,10744,A,66
3080,2023-12-19,16,4229,B,65
3081,2023-12-19,18,15439,C,52
3082,2023-12-20,3,9611,C,34
3083,2023-12-20,4,6880,B,58
3084,2023-12-20,5,9314,B,56
3085,2023-12-20,6,4410,A,88
3086,2023-12-20,7,6059,A,57
3087,2023-12-20,8,7962,A,71
3088,2023-12-20,9,8987,C,35
3089,2023-12-20,10,15406,B,36
3090,2023-12-20,11,5469,B,33
3091,2023-12-20,13,12166,B,62
3092,2023-12-20,14,3106,A,53
3093,2023-12-20,15,10452,C,32
3094,2023-12-20,16,4588,A,58
3095,2023-12-20,17,3297,A,54
3096,2023-12-20,18,15752,B,71
3097,2023-12-21,1,6656,B,49
3098,2023-12-21,2,10714,A,80
3099,2023-12-21,3,10130,A,73
3100,2023-12-21,4,7191,C,64
3101,2023-12-21,5,9999,A,76
3102,2023-12-21,8,9214,A,49
3103,2023-12-21,10,13266,A,66
3104,2023-12-21,11,5285,A,45
3105,2023-12-21,12,10472,B,52
3106,2023-12-21,13,12530,B,61
3107,2023-12-21,14,3201,A,65
3108,2023-12-21,15,10674,B,64
3109,2023-12-21,16,4985,B,61
3110,2023-12-21,17,3808,B,56
3111,2023-12-22,1,6522,A,67
3112,2023-12-22,2,9582,B,47
3113,2023-12-22,3,8210,A,61
3114,2023-12-22,5,9924,C,40
3115,2023-12-22,6,4271,B,60
3116,2023-12-22,8,8248,A,50
3117,2023-12-22,9,9086,C,36
3118,2023-12-22,10,12496,A,76
3119,2023-12-22,12,11104,B,66
3120,2023-12-22,13,11891,B,62
3121,2023-12-22,14,3598,A,72
3122,2023-12-22,16,4792,A,73
3123,2023-12-22,17,4238,A,30
3124,2023-12-22,18,13834,B,60
3125,2023-12-23,2,9793,B,52
3126,2023-12-23,3,8358,B,57
3127,2023-12-23,4,7589,A,68
3128,2023-12-23,5,10605,A,59
3129,2023-12-23,6,4365,A,44
3130,2023-12-23,7,5749,A,82
3131,2023-12-23,9,9174,B,59
3132,2023-12-23,10,11045,A,68
3133,2023-12-23,11,4364,B,51
3134,2023-12-23,12,10798,B,67
3135,2023-12-23,13,12259,B,64
3136,2023-12-23,14,3160,B,68
3137,2023-12-23,15,10427,A,37
3138,2023-12-23,16,4828,C,63
3139,2023-12-23,17,3700,A,73
3140,2023-12-23,18,16416,B,41
3141,2023-12-24,1,8041,B,66
3142,2023-12-24,2,10444,C,49
3143,2023-12-24,3,9754,B,72
3144,2023-12-24,4,6429,A,47
3145,2023-12-24,5,10766,B,68
3146,2023-12-24,6,3739,A,69
3147,2023-12-24,7,5033,C,40
3148,2023-12-24,8,8004,A,65
3149,2023-12-24,10,12670,B,63
3150,2023-12-24,11,4998,C,46
3151,2023-12-24,12,9389,B,44
3152,2023-12-24,13,9969,B,57
3153,2023-12-24,14,3099,C,39
3154,2023-12-24,15,10294,A,70
3155,2023-12-24,16,4763,B,49
3156,2023-12-24,17,3219,B,69
3157,2023-12-24,18,14714,A,65
3158,2023-12-25,2,10183,A,59
3159,2023-12-25,3,9216,B,73
3160,2023-12-25,9,10256,B,63
3161,2023-12-25,10,13624,B,52
3162,2023-12-25,11,4950,A,74
3163,2023-12-25,12,10308,B,55
3164,2023-12-25,13,11597,A,66
3165,2023-12-25,14,3073,B,54
3166,2023-12-26,2,10545,B,74
3167,2023-12-26,3,9418,A,72
3168,2023-12-26,4,5947,B,50
3169,2023-12-26,5,10261,A,52
3170,2023-12-26,6,4595,C,42
3171,2023-12-26,7,5771,B,58
3172,2023-12-26,8,7578,B,49
3173,2023-12-26,9,8601,A,68
3174,2023-12-26,10,15508,B,50
3175,2023-12-26,11,4949,C,43
3176,2023-12-26,12,10071,B,49
3177,2023-12-26,13,11244,B,50
3178,2023-12-26,14,3489,B,61
3179,2023-12-26,15,10168,B,57
3180,2023-12-26,16,4696,A,87
3181,2023-12-26,18,15829,A,41
3182,2023-12-27,1,5910,B,54
3183,2023-12-27,2,10754,A,79
3184,2023-12-27,3,9266,B,55
3185,2023-12-27,5,8557,C,50
3186,2023-12-27,6,4210,C,50
3187,2023-12-27,7,6136,C,62
3188,2023-12-27,8,8587,B,61
3189,2023-12-27,9,9683,A,71
3190,2023-12-27,11,4813,C,66
3191,2023-12-27,13,12943,A,66
3192,2023-12-27,14,3477,B,55
3193,2023-12-27,16,4769,A,65
3194,2023-12-27,18,15158,B,63
3195,2023-12-28,1,6529,A,71
3196,2023-12-28,2,11159,A,53
3197,2023-12-28,3,9302,C,46
3198,2023-12-28,4,7177,B,64
3199,2023-12-28,6,5170,B,61
3200,2023-12-28,7,5748,C,40
3201,2023-12-28,8,7546,C,44
3202,2023-12-28,9,9657,C,39
3203,2023-12-28,10,14085,B,58
3204,2023-12-28,11,4923,B,47
3205,2023-12-28,12,9485,B,52
3206,2023-12-28,13,12258,A,68
3207,2023-12-28,14,3207,C,59
3208,2023-12-28,15,10296,C,76
3209,2023-12-28,16,4891,B,60
3210,2023-12-28,18,14688,C,43
3211,2023-12-29,1,7376,A,53
3212,2023-12-29,3,8063,A,70
3213,2023-12-29,4,6474,B,64
3214,2023-12-29,5,9788,A,72
3215,2023-12-29,6,4519,A,51
3216,2023-12-29,7,6544,B,60
3217,2023-12-29,8,9069,B,50
3218,2023-12-29,9,9881,B,57
3219,2023-12-29,12,11544,B,84
3220,2023-12-29,13,10835,A,66
3221,2023-12-29,15,8999,C,44
3222,2023-12-29,16,5043,C,42
3223,2023-12-29,17,3640,B,64
3224,2023-12-29,18,16431,B,33
3225,2023-12-30,1,6820,A,47
3226,2023-12-30,2,11122,B,59
3227,2023-12-30,4,7149,B,62
3228,2023-12-30,7,6013,B,38
3229,2023-12-30,10,13108,B,50
3230,2023-12-30,11,4288,B,51
3231,2023-12-30,12,11947,C,61
3232,2023-12-30,13,11751,A,67
3233,2023-12-30,15,9108,B,45
3234,2023-12-30,16,4818,A,67
3235,2023-12-30,17,3592,B,52
3236,2023-12-30,18,16971,A,74
3237,2023-12-31,1,6200,B,46
3238,2023-12-31,2,10760,B,46
3239,2023-12-31,4,7622,C,42
3240,2023-12-31,5,9953,B,54
3241,2023-12-31,6,4796,B,56
3242,2023-12-31,11,5783,A,65
3243,2023-12-31,12,11419,A,72
3244,2023-12-31,13,11564,B,64
3245,2023-12-31,14,3129,B,56
3246,2023-12-31,15,11090,B,48
3247,2023-12-31,16,4486,A,68
3248,2024-01-01,1,6397,C,45
3249,2024-01-01,3,8854,B,58
3250,2024-01-01,4,5688,A,81
3251,2024-01-01,5,11142,C,36
3252,2024-01-01,7,6418,B,50
3253,2024-01-01,8,8143,B,50
3254,2024-01-01,11,5259,C,42
3255,2024-01-01,13,11826,A,72
3256,2024-01-01,14,2863,C,44
3257,2024-01-01,15,9955,A,58
3258,2024-01-01,16,4342,A,62
3259,2024-01-01,17,3692,A,59
3260,2024-01-01,18,14019,B,37
3261,2024-01-02,1,7154,A,66
3262,2024-01-02,2,9901,A,74
3263,2024-01-02,3,8989,B,45
3264,2024-01-02,4,7192,A,64
3265,2024-01-02,5,7889,B,69
3266,2024-01-02,6,4630,A,76
3267,2024-01-02,7,5488,B,48
3268,2024-01-02,8,8843,B,45
3269,2024-01-02,9,8259,C,57
3270,2024-01-02,10,11436,A,50
3271,2024-01-02,11,5046,B,61
3272,2024-01-02,13,10481,C,31
3273,2024-01-02,14,3517,B,52
3274,2024-01-02,17,3462,B,55
3275,2024-01-02,18,16272,A,46
3276,2024-01-03,2,10582,C,60
3277,2024-01-03,4,5535,A,67
3278,2024-01-03,5,10192,A,72
3279,2024-01-03,6,4335,A,66
3280,2024-01-03,7,5784,A,68
3281,2024-01-03,8,8850,B,42
3282,2024-01-03,9,8953,B,53
3283,2024-01-03,10,13008,B,77
3284,2024-01-03,11,5430,A,46
3285,2024-01-03,12,10051,A,65
3286,2024-01-03,13,11740,A,68
3287,2024-01-03,14,3363,C,40
3288,2024-01-03,15,9314,B,51
3289,2024-01-03,16,4447,A,90
3290,2024-01-03,17,3280,A,63
3291,2024-01-03,18,13630,A,49
3292,2024-01-04,1,6902,A,46
3293,2024-01-04,2,9669,A,77
3294,2024-01-04,3,9391,C,43
3295,2024-01-04,4,6380,C,37
3296,2024-01-04,5,10120,A,68
3297,2024-01-04,6,4650,B,54
3298,2024-01-04,7,5154,A,55
3299,2024-01-04,8,8551,A,53
3300,2024-01-04,9,9813,C,44
3301,2024-01-04,10,12805,A,67
3302,2024-01-04,12,9930,C,46
3303,2024-01-04,14,3200,B,59
3304,2024-01-04,16,4686,B,68
3305,2024-01-04,18,13806,A,72
3306,2024-01-05,1,6810,B,67
3307,2024-01-05,3,9433,C,60
3308,2024-01-05,4,7815,A,67
3309,2024-01-05,5,9836,A,39
3310,2024-01-05,6,4394,B,83
3311,2024-01-05,7,5493,A,64
3312,2024-01-05,8,8704,A,39
3313,2024-01-05,9,9322,A,68
3314,2024-01-05,10,13148,A,69
3315,2024-01-05,11,4794,B,63
3316,2024-01-05,12,11136,C,58
3317,2024-01-05,13,11669,A,51
3318,2024-01-05,14,3570,A,56
3319,2024-01-05,15,9517,C,52
3320,2024-01-05,16,5091,A,73
3321,2024-01-05,17,3576,C,37
3322,2024-01-05,18,14105,B,38
3323,2024-01-06,1,6431,B,62
3324,2024-01-06,2,12016,C,59
3325,2024-01-06,3,8975,B,58
3326,2024-01-06,4,6592,A,54
3327,2024-01-06,5,11615,A,65
3328,2024-01-06,6,4688,B,64
3329,2024-01-06,7,6288,A,64
3330,2024-01-06,8,8187,B,81
3331,2024-01-06,9,9936,A,65
3332,2024-01-06,10,14368,B,57
3333,2024-01-06,11,5014,A,84
3334,2024-01-06,12,10782,A,71
3335,2024-01-06,13,10750,A,49
3336,2024-01-06,15,10024,B,52
3337,2024-01-06,16,5030,B,59
3338,2024-01-06,17,3739,A,47
3339,2024-01-06,18,14904,B,42
3340,2024-01-07,2,11749,B,62
3341,2024-01-07,4,6265,B,42
3342,2024-01-07,5,9482,C,38
3343,2024-01-07,6,3804,B,46
3344,2024-01-07,7,5225,A,73
3345,2024-01-07,9,9349,C,42
3346,2024-01-07,10,13631,C,64
3347,2024-01-07,11,5616,B,47
3348,2024-01-07,12,10525,C,54
3349,2024-01-07,13,10877,A,73
3350,2024-01-07,14,2794,B,79
3351,2024-01-07,15,9663,C,49
3352,2024-01-07,16,5093,B,56
3353,2024-01-07,17,3774,B,45
3354,2024-01-07,18,13768,A,70
3355,2024-01-08,1,7129,B,64
3356,2024-01-08,2,10522,A,76
3357,2024-01-08,3,8779,A,54
3358,2024-01-08,4,6805,B,47
3359,2024-01-08,6,4332,B,61
3360,2024-01-08,7,5464,B,44
3361,2024-01-08,8,8103,B,53
3362,2024-01-08,10,13664,B,47
3363,2024-01-08,11,5044,A,67
3364,2024-01-08,13,12483,B,47
3365,2024-01-08,14,3216,B,55
3366,2024-01-08,15,11262,B,49
3367,2024-01-08,16,4716,A,66
3368,2024-01-08,17,3785,C,39
3369,2024-01-09,1,5686,A,49
3370,2024-01-09,2,11982,B,47
3371,2024-01-09,4,8058,C,43
3372,2024-01-09,5,10497,C,60
3373,2024-01-09,6,5106,B,64
3374,2024-01-09,7,6198,A,69
3375,2024-01-09,8,8329,A,59
3376,2024-01-09,9,7265,B,51
3377,2024-01-09,10,15194,A,66
3378,2024-01-09,12,10933,B,80
3379,2024-01-09,13,10451,A,50
3380,2024-01-09,14,4022,A,61
3381,2024-01-09,15,10353,B,34
3382,2024-01-09,16,4982,A,56
3383,2024-01-09,17,3343,B,62
3384,2024-01-09,18,14016,B,61
3385,2024-01-10,1,6886,A,59
3386,2024-01-10,2,10832,B,78
3387,2024-01-10,3,8284,A,65
3388,2024-01-10,4,5901,C,43
3389,2024-01-10,5,11236,A,62
3390,2024-01-10,6,4213,A,50
3391,2024-01-10,7,5929,A,58
3392,2024-01-10,8,8145,B,49
3393,2024-01-10,9,9208,C,39
3394,2024-01-10,10,12983,B,56
3395,2024-01-10,11,4824,A,52
3396,2024-01-10,12,9879,C,44
3397,2024-01-10,13,10518,A,60
3398,2024-01-10,14,3551,B,50
3399,2024-01-10,15,11716,A,55
3400,2024-01-10,16,4913,A,57
3401,2024-01-10,17,3195,B,56
3402,2024-01-10,18,16208,B,52
3403,2024-01-11,1,6426,B,60
3404,2024-01-11,4,6332,B,59
3405,2024-01-11,6,4271,B,45
3406,2024-01-11,9,8944,B,41
3407,2024-01-11,10,15799,B,46
3408,2024-01-11,11,5260,A,71
3409,2024-01-11,12,10013,B,60
3410,2024-01-11,13,11364,B,48
3411,2024-01-11,16,4767,A,64
3412,2024-01-11,17,3516,A,62
3413,2024-01-12,1,7248,B,47
3414,2024-01-12,2,10180,A,76
3415,2024-01-12,3,8894,B,53
3416,2024-01-12,4,7742,C,53
3417,2024-01-12,5,9608,B,58
3418,2024-01-12,7,7108,B,44
3419,2024-01-12,8,7869,B,48
3420,2024-01-12,9,8389,C,43
3421,2024-01-12,10,13011,A,58
3422,2024-01-12,11,5742,A,48
3423,2024-01-12,12,11168,C,50
3424,2024-01-12,13,10706,A,69
3425,2024-01-12,14,3711,C,62
3426,2024-01-12,15,8236,A,67
3427,2024-01-12,17,3807,A,64
3428,2024-01-13,1,6355,B,45
3429,2024-01-13,3,9183,B,43
3430,2024-01-13,4,7942,A,62
3431,2024-01-13,5,11101,C,34
3432,2024-01-13,6,4052,B,54
3433,2024-01-13,7,5769,A,65
3434,2024-01-13,8,8640,A,76
3435,2024-01-13,9,7862,A,57
3436,2024-01-13,10,13847,A,54
3437,2024-01-13,11,5466,C,44
3438,2024-01-13,12,11473,B,47
3439,2024-01-13,13,10603,A,49
3440,2024-01-13,14,3398,B,54
3441,2024-01-13,15,11068,A,51
3442,2024-01-13,16,5302,B,61
3443,2024-01-13,17,3475,A,67
3444,2024-01-13,18,17817,A,61
3445,2024-01-14,1,6723,A,50
3446,2024-01-14,2,10373,B,62
3447,2024-01-14,3,8753,B,54
3448,2024-01-14,5,10553,B,64
3449,2024-01-14,6,3695,A,76
3450,2024-01-14,7,6475,C,47
3451,2024-01-14,8,9201,A,45
3452,2024-01-14,9,8565,C,53
3453,2024-01-14,10,13440,A,86
3454,2024-01-14,11,5030,A,64
3455,2024-01-14,12,11057,A,67
3456,2024-01-14,13,11507,B,62
3457,2024-01-14,14,3609,B,58
3458,2024-01-14,15,8973,C,57
3459,2024-01-14,17,3585,B,63
3460,2024-01-14,18,15355,A,76
3461,2024-01-15,1,12706,A,82
3462,2024-01-15,2,19532,A,58
3463,2024-01-15,3,16065,B,53
3464,2024-01-15,4,11212,B,56
3465,2024-01-15,5,16100,B,59
3466,2024-01-15,6,7929,A,67
3467,2024-01-15,8,16395,B,30
3468,2024-01-15,9,16125,B,46
3469,2024-01-15,10,24993,A,63
3470,2024-01-15,11,9606,A,77
3471,2024-01-15,12,21955,B,56
3472,2024-01-15,13,18067,A,61
3473,2024-01-15,14,6458,A,68
3474,2024-01-15,15,18710,C,54
3475,2024-01-15,16,8789,A,70
3476,2024-01-15,17,7772,B,46
3477,2024-01-15,18,28509,B,54
3478,2024-01-16,2,19517,C,52
3479,2024-01-16,3,17309,A,62
3480,2024-01-16,4,14532,C,31
3481,2024-01-16,5,17578,B,47
3482,2024-01-16,6,8166,A,50
3483,2024-01-16,7,10625,A,81
3484,2024-01-16,9,17253,B,53
3485,2024-01-16,10,25628,A,77
3486,2024-01-16,11,9534,A,67
3487,2024-01-16,12,21555,B,63
3488,2024-01-16,13,18884,B,78
3489,2024-01-16,14,6371,B,52
3490,2024-01-16,15,17232,B,55
3491,2024-01-16,16,9552,A,51
3492,2024-01-16,17,5661,B,65
3493,2024-01-16,18,25649,B,49
3494,2024-01-17,1,11040,A,73
3495,2024-01-17,2,19274,C,55
3496,2024-01-17,3,15669,B,60
3497,2024-01-17,4,14033,A,55
3498,2024-01-17,5,18939,C,39
3499,2024-01-17,6,8044,A,63
3500,2024-01-17,8,16536,A,63
3501,2024-01-17,9,16627,A,67
3502,2024-01-17,10,25607,A,72
3503,2024-01-17,11,9483,B,41
3504,2024-01-17,12,19735,B,31
3505,2024-01-17,14,5950,C,42
3506,2024-01-17,15,21520,B,73
3507,2024-01-17,16,9477,C,34
3508,2024-01-17,17,6241,B,61
3509,2024-01-17,18,32552,A,67
3510,2024-01-18,1,11886,C,52
3511,2024-01-18,2,19943,A,75
3512,2024-01-18,3,14149,A,68
3513,2024-01-18,4,13121,B,72
3514,2024-01-18,5,19602,A,76
3515,2024-01-18,7,11147,B,75
3516,2024-01-18,8,14609,B,57
3517,2024-01-18,10,23257,B,58
3518,2024-01-18,11,9924,B,51
3519,2024-01-18,12,17783,A,64
3520,2024-01-18,13,21295,B,52
3521,2024-01-18,14,6191,B,40
3522,2024-01-18,16,9915,C,54
3523,2024-01-18,17,7650,B,84
3524,2024-01-18,18,26547,A,70
3525,2024-01-19,1,11749,B,69
3526,2024-01-19,3,18508,B,52
3527,2024-01-19,4,11636,B,57
3528,2024-01-19,5,17373,A,73
3529,2024-01-19,7,11004,B,49
3530,2024-01-19,8,15711,A,67
3531,2024-01-19,9,15023,A,70
3532,2024-01-19,10,22525,B,53
3533,2024-01-19,11,9919,A,70
3534,2024-01-19,12,17064,B,49
3535,2024-01-19,13,19313,B,43
3536,2024-01-19,15,17281,B,39
3537,2024-01-19,16,7564,A,63
3538,2024-01-19,17,6618,C,58
3539,2024-01-20,1,11575,C,69
3540,2024-01-20,2,20733,C,43
3541,2024-01-20,3,18030,B,36
3542,2024-01-20,4,12396,A,76
3543,2024-01-20,5,14088,B,66
3544,2024-01-20,6,8739,C,46
3545,2024-01-20,7,10769,A,67
3546,2024-01-20,8,13904,C,64
3547,2024-01-20,10,29704,C,37
3548,2024-01-20,11,9021,A,77
3549,2024-01-20,12,18471,B,35
3550,2024-01-20,13,21227,A,68
3551,2024-01-20,15,18184,B,59
3552,2024-01-20,16,9437,A,70
3553,2024-01-20,17,6267,A,63
3554,2024-01-20,18,30673,B,76
3555,2024-01-21,1,13938,B,69
3556,2024-01-21,2,16980,B,49
3557,2024-01-21,4,12286,B,63
3558,2024-01-21,5,19140,A,50
3559,2024-01-21,6,7955,B,58
3560,2024-01-21,7,11553,C,44
3561,2024-01-21,9,16442,B,77
3562,2024-01-21,10,23790,A,48
3563,2024-01-21,12,20211,A,81
3564,2024-01-21,13,21472,A,50
3565,2024-01-21,14,5536,A,66
3566,2024-01-21,15,18730,B,52
3567,2024-01-21,16,9224,B,50
3568,2024-01-21,17,7263,B,57
3569,2024-01-21,18,27345,B,59
3570,2024-01-22,3,17132,B,47
3571,2024-01-22,4,12775,B,36
3572,2024-01-22,6,7707,B,58
3573,2024-01-22,8,15367,A,52
3574,2024-01-22,9,17290,B,62
3575,2024-01-22,10,26133,B,66
3576,2024-01-22,11,8834,A,51
3577,2024-01-22,12,21848,A,65
3578,2024-01-22,13,22174,A,54
3579,2024-01-22,14,5721,A,53
3580,2024-01-22,15,19640,A,62
3581,2024-01-22,17,6671,A,59
3582,2024-01-23,1,10981,B,75
3583,2024-01-23,2,20709,B,76
3584,2024-01-23,3,15583,B,45
3585,2024-01-23,4,13890,B,59
3586,2024-01-23,5,15406,A,67
3587,2024-01-23,6,7897,B,57
3588,2024-01-23,7,10130,C,79
3589,2024-01-23,8,13210,A,53
3590,2024-01-23,9,15808,B,52
3591,2024-01-23,10,21565,B,54
3592,2024-01-23,11,8440,A,78
3593,2024-01-23,12,19699,A,61
3594,2024-01-23,13,20331,B,45
3595,2024-01-23,14,5969,C,42
3596,2024-01-23,15,18414,B,67
3597,2024-01-23,16,8977,A,72
3598,2024-01-23,17,6457,B,58
3599,2024-01-23,18,27123,C,76
3600,2024-01-24,1,13110,C,63
3601,2024-01-24,2,17162,C,73
3602,2024-01-24,3,16578,B,57
3603,2024-01-24,4,13321,B,62
3604,2024-01-24,5,14208,B,62
3605,2024-01-24,6,8453,B,54
3606,2024-01-24,7,11256,B,51
3607,2024-01-24,8,15720,A,81
3608,2024-01-24,9,17784,B,59
3609,2024-01-24,10,24195,C,63
3610,2024-01-24,11,8917,B,57
3611,2024-01-24,12,20844,B,73
3612,2024-01-24,13,22144,A,66
3613,2024-01-24,14,5646,B,55
3614,2024-01-24,15,16865,B,45
3615,2024-01-24,16,9540,A,67
3616,2024-01-24,17,6744,B,53
3617,2024-01-24,18,27139,B,67
3618,2024-01-25,1,14286,B,79
3619,2024-01-25,2,18923,A,65
3620,2024-01-25,3,16618,C,62
3621,2024-01-25,5,19567,B,54
3622,2024-01-25,6,8991,B,54
3623,2024-01-25,7,11503,A,71
3624,2024-01-25,10,24496,C,34
3625,2024-01-25,11,9058,A,51
3626,2024-01-25,12,18688,B,61
3627,2024-01-25,13,17190,C,50
3628,2024-01-25,14,5861,B,57
3629,2024-01-25,15,17316,A,65
3630,2024-01-25,16,8216,C,49
3631,2024-01-25,17,6292,B,60
3632,2024-01-25,18,28571,B,58
3633,2024-01-26,1,13222,C,39
3634,2024-01-26,2,17465,B,50
3635,2024-01-26,3,15932,B,52
3636,2024-01-26,5,18560,A,71
3637,2024-01-26,6,7672,B,63
3638,2024-01-26,7,10108,A,70
3639,2024-01-26,8,14781,A,81
3640,2024-01-26,9,15490,A,54
3641,2024-01-26,10,25684,A,63
3642,2024-01-26,11,7902,B,49
3643,2024-01-26,12,20012,A,48
3644,2024-01-26,13,18804,C,58
3645,2024-01-26,15,18364,B,46
3646,2024-01-26,16,9112,B,50
3647,2024-01-26,17,6101,A,65
3648,2024-01-27,1,10729,B,62
3649,2024-01-27,2,16491,A,74
3650,2024-01-27,3,15218,B,52
3651,2024-01-27,4,12757,C,69
3652,2024-01-27,5,18039,A,68
3653,2024-01-27,7,11987,A,71
3654,2024-01-27,8,16622,B,68
3655,2024-01-27,9,16364,B,63
3656,2024-01-27,10,19358,A,71
3657,2024-01-27,11,9741,C,44
3658,2024-01-27,12,20318,A,56
3659,2024-01-27,13,20809,B,58
3660,2024-01-27,14,6304,B,40
3661,2024-01-27,15,20185,A,59
3662,2024-01-27,16,9414,C,63
3663,2024-01-27,17,6582,B,53
3664,2024-01-27,18,26321,A,90
3665,2024-01-28,1,11740,B,61
3666,2024-01-28,2,20104,B,39
3667,2024-01-28,3,15339,B,53
3668,2024-01-28,4,13129,A,63
3669,2024-01-28,5,20412,A,60
3670,2024-01-28,6,8297,A,52
3671,2024-01-28,7,9578,C,43
3672,2024-01-28,8,14763,B,57
3673,2024-01-28,9,16066,A,65
3674,2024-01-28,10,25077,B,37
3675,2024-01-28,11,7096,B,90
3676,2024-01-28,12,16043,B,50
3677,2024-01-28,13,21081,B,60
3678,2024-01-28,14,6571,C,37
3679,2024-01-28,16,8046,A,78
3680,2024-01-28,17,6105,A,68
3681,2024-01-28,18,26048,B,49
3682,2024-01-29,1,13451,B,47
3683,2024-01-29,2,20439,A,84
3684,2024-01-29,3,15046,A,75
3685,2024-01-29,4,13905,A,66
3686,2024-01-29,5,19307,A,58
3687,2024-01-29,7,10642,B,64
3688,2024-01-29,8,16009,B,46
3689,2024-01-29,9,17021,B,53
3690,2024-01-29,10,22472,C,62
3691,2024-01-29,11,11093,A,75
3692,2024-01-29,12,18432,B,52
3693,2024-01-29,13,19042,A,66
3694,2024-01-29,14,5881,A,66
3695,2024-01-29,15,17234,B,60
3696,2024-01-29,16,8700,C,58
3697,2024-01-29,17,6648,A,67
3698,2024-01-29,18,26397,A,62
3699,2024-01-30,3,15156,A,58
3700,2024-01-30,4,11338,B,56
3701,2024-01-30,5,20746,A,59
3702,2024-01-30,6,8092,A,82
3703,2024-01-30,7,10928,B,56
3704,2024-01-30,8,12330,C,60
3705,2024-01-30,9,14834,A,90
3706,2024-01-30,10,25390,B,74
3707,2024-01-30,11,10208,B,50
3708,2024-01-30,12,20510,A,43
3709,2024-01-30,13,20966,B,55
3710,2024-01-30,14,6760,B,44
3711,2024-01-30,15,19324,A,58
3712,2024-01-30,16,9012,B,56
3713,2024-01-30,17,6830,A,47
3714,2024-01-31,1,12647,C,40
3715,2024-01-31,2,15275,B,55
3716,2024-01-31,3,16149,A,46
3717,2024-01-31,4,12410,B,40
3718,2024-01-31,5,16324,A,66
3719,2024-01-31,7,10590,A,71
3720,2024-01-31,8,17891,C,57
3721,2024-01-31,9,16342,A,56
3722,2024-01-31,10,22696,B,78
3723,2024-01-31,13,19515,A,49
3724,2024-01-31,15,17802,C,45
3725,2024-01-31,16,8240,C,42
3726,2024-01-31,17,7095,B,46
3727,2024-01-31,18,24218,A,65
3728,2024-02-01,1,12970,B,50
3729,2024-02-01,3,15306,A,47
3730,2024-02-01,4,11916,B,58
3731,2024-02-01,5,18320,B,48
3732,2024-02-01,6,6935,B,65
3733,2024-02-01,7,10654,B,38
3734,2024-02-01,8,16784,A,57
3735,2024-02-01,9,16898,C,38
3736,2024-02-01,10,23054,B,52
3737,2024-02-01,11,9120,B,64
3738,2024-02-01,12,17237,B,69
3739,2024-02-01,13,20085,C,36
3740,2024-02-01,14,6354,B,53
3741,2024-02-01,17,7241,B,63
3742,2024-02-01,18,28408,A,84
3743,2024-02-02,1,11307,B,34
3744,2024-02-02,2,19873,B,45
3745,2024-02-02,4,10884,B,62
3746,2024-02-02,5,15995,C,63
3747,2024-02-02,6,8315,A,82
3748,2024-02-02,8,14649,B,55
3749,2024-02-02,9,16423,A,73
3750,2024-02-02,10,24206,A,67
3751,2024-02-02,11,9334,A,64
3752,2024-02-02,12,15356,C,62
3753,2024-02-02,14,6182,A,65
3754,2024-02-02,15,22085,A,67
3755,2024-02-02,16,8705,B,49
3756,2024-02-02,17,6426,A,51
3757,2024-02-03,1,12155,A,77
3758,2024-02-03,2,16989,A,81
3759,2024-02-03,3,18168,A,61
3760,2024-02-03,4,12790,C,44
3761,2024-02-03,7,10399,B,61
3762,2024-02-03,8,12625,B,33
3763,2024-02-03,9,18145,A,65
3764,2024-02-03,11,8684,B,49
3765,2024-02-03,14,6263,C,62
3766,2024-02-03,16,9365,B,58
3767,2024-02-03,17,6907,B,45
3768,2024-02-03,18,29682,B,57
3769,2024-02-04,1,9046,C,55
3770,2024-02-04,3,15483,C,64
3771,2024-02-04,4,14946,A,74
3772,2024-02-04,5,18005,B,74
3773,2024-02-04,7,13337,B,34
3774,2024-02-04,8,15336,A,73
3775,2024-02-04,9,17394,B,61
3776,2024-02-04,10,23807,B,63
3777,2024-02-04,12,18953,B,46
3778,2024-02-04,13,18901,B,49
3779,2024-02-04,14,6687,B,55
3780,2024-02-04,15,19549,A,70
3781,2024-02-04,16,9253,C,40
3782,2024-02-04,18,22461,A,77
3783,2024-02-05,1,11212,A,84
3784,2024-02-05,2,19245,B,73
3785,2024-02-05,3,16547,C,59
3786,2024-02-05,4,10613,B,70
3787,2024-02-05,5,19292,B,64
3788,2024-02-05,6,8067,B,52
3789,2024-02-05,7,11548,B,47
3790,2024-02-05,8,13259,B,57
3791,2024-02-05,9,16370,C,52
3792,2024-02-05,10,22385,A,73
3793,2024-02-05,11,9008,B,57
3794,2024-02-05,12,17714,B,53
3795,2024-02-05,13,18803,A,59
3796,2024-02-05,14,6705,C,60
3797,2024-02-05,15,17275,B,51
3798,2024-02-05,16,8194,B,54
3799,2024-02-05,17,6816,B,46
3800,2024-02-05,18,27205,B,56
3801,2024-02-06,1,11966,A,68
3802,2024-02-06,3,16885,B,48
3803,2024-02-06,4,12413,C,42
3804,2024-02-06,5,18438,A,50
3805,2024-02-06,6,7447,B,46
3806,2024-02-06,7,11240,C,36
3807,2024-02-06,8,15524,C,41
3808,2024-02-06,9,16664,A,63
3809,2024-02-06,10,21119,B,58
3810,2024-02-06,11,9045,C,34
3811,2024-02-06,12,19280,C,38
3812,2024-02-06,14,6760,A,57
3813,2024-02-06,15,18206,B,74
3814,2024-02-06,16,9259,B,46
3815,2024-02-06,17,6387,C,40
3816,2024-02-06,18,25302,A,69
3817,2024-02-07,1,10994,C,63
3818,2024-02-07,2,19453,A,60
3819,2024-02-07,3,16849,B,53
3820,2024-02-07,4,13083,A,74
3821,2024-02-07,5,19287,A,59
3822,2024-02-07,6,8049,B,59
3823,2024-02-07,7,11583,B,49
3824,2024-02-07,8,15484,B,64
3825,2024-02-07,9,16767,A,77
3826,2024-02-07,10,26764,B,63
3827,2024-02-07,11,9246,A,52
3828,2024-02-07,12,19834,B,60
3829,2024-02-07,13,20496,B,71
3830,2024-02-07,14,6128,B,51
3831,2024-02-07,15,18414,B,47
3832,2024-02-07,16,8212,C,69
3833,2024-02-07,17,6096,C,49
3834,2024-02-07,18,28068,C,60
3835,2024-02-08,1,13808,A,51
3836,2024-02-08,2,17769,A,64
3837,2024-02-08,3,16335,A,67
3838,2024-02-08,4,12568,C,54
3839,2024-02-08,5,19405,B,48
3840,2024-02-08,7,13417,A,65
3841,2024-02-08,8,13861,C,48
3842,2024-02-08,9,16908,B,60
3843,2024-02-08,10,22182,A,51
3844,2024-02-08,11,8156,B,58
3845,2024-02-08,12,20085,A,69
3846,2024-02-08,13,19459,B,40
3847,2024-02-08,14,6379,A,70
3848,2024-02-08,16,7667,B,48
3849,2024-02-08,17,6909,A,61
3850,2024-02-08,18,26821,A,69
3851,2024-02-09,1,10816,B,45
3852,2024-02-09,2,21114,A,61
3853,2024-02-09,3,17201,C,44
3854,2024-02-09,4,12333,A,49
3855,2024-02-09,5,21538,A,76
3856,2024-02-09,7,10271,B,60
3857,2024-02-09,8,16335,B,65
3858,2024-02-09,9,13988,B,40
3859,2024-02-09,11,9142,A,74
3860,2024-02-09,12,15469,B,86
3861,2024-02-09,13,22250,B,54
3862,2024-02-09,14,6764,C,53
3863,2024-02-09,15,21991,C,60
3864,2024-02-09,16,8542,C,51
3865,2024-02-09,17,5735,B,59
3866,2024-02-10,1,11783,A,64
3867,2024-02-10,2,19025,C,44
3868,2024-02-10,3,16862,B,52
3869,2024-02-10,4,11152,A,71
3870,2024-02-10,5,17907,A,77
3871,2024-02-10,6,7202,B,58
3872,2024-02-10,7,10158,B,60
3873,2024-02-10,8,15956,A,69
3874,2024-02-10,9,15985,C,30
3875,2024-02-10,10,26239,C,63
3876,2024-02-10,11,9233,A,51
3877,2024-02-10,12,17058,A,45
3878,2024-02-10,13,21111,A,70
3879,2024-02-10,14,5803,B,57
3880,2024-02-10,15,17920,C,63
3881,2024-02-10,16,9591,B,61
3882,2024-02-10,17,6500,C,81
3883,2024-02-10,18,27706,A,53
3884,2024-02-11,2,19227,A,71
3885,2024-02-11,3,14628,A,65
3886,2024-02-11,4,12677,C,57
3887,2024-02-11,5,16988,A,66
3888,2024-02-11,6,7952,A,60
3889,2024-02-11,7,10484,B,46
3890,2024-02-11,8,16161,A,70
3891,2024-02-11,9,14435,B,63
3892,2024-02-11,10,23531,A,50
3893,2024-02-11,11,9207,A,68
3894,2024-02-11,12,18597,C,69
3895,2024-02-11,13,21207,A,77
3896,2024-02-11,14,5952,B,41
3897,2024-02-11,16,9262,B,53
3898,2024-02-11,18,23540,B,36
3899,2024-02-12,1,7567,C,42
3900,2024-02-12,2,9906,B,59
3901,2024-02-12,5,10407,B,77
3902,2024-02-12,6,4114,A,79
3903,2024-02-12,7,6215,B,71
3904,2024-02-12,8,8334,A,56
3905,2024-02-12,9,10031,B,46
3906,2024-02-12,10,12841,A,55
3907,2024-02-12,11,4976,B,33
3908,2024-02-12,12,11075,A,50
3909,2024-02-12,13,10255,B,48
3910,2024-02-12,14,3397,B,61
3911,2024-02-12,15,8630,A,67
3912,2024-02-12,16,4888,A,86
3913,2024-02-12,17,3295,A,61
3914,2024-02-12,18,14223,B,38
3915,2024-02-13,1,6006,C,40
3916,2024-02-13,2,10325,C,47
3917,2024-02-13,3,9660,B,56
3918,2024-02-13,4,5703,A,48
3919,2024-02-13,5,9551,A,60
3920,2024-02-13,6,4693,A,65
3921,2024-02-13,7,5343,B,58
3922,2024-02-13,8,7385,B,53
3923,2024-02-13,9,9056,A,57
3924,2024-02-13,11,5524,B,72
3925,2024-02-13,12,11004,C,44
3926,2024-02-13,13,12477,B,75
3927,2024-02-13,14,3637,A,51
3928,2024-02-13,16,4726,A,69
3929,2024-02-13,17,3431,A,72
3930,2024-02-13,18,15423,C,36
3931,2024-02-14,1,7416,C,46
3932,2024-02-14,2,9947,B,36
3933,2024-02-14,3,8469,B,53
3934,2024-02-14,4,7575,B,37
3935,2024-02-14,5,11416,B,67
3936,2024-02-14,6,4369,A,69
3937,2024-02-14,7,6210,A,58
3938,2024-02-14,8,8979,B,50
3939,2024-02-14,9,8959,C,48
3940,2024-02-14,10,14979,A,83
3941,2024-02-14,11,4920,B,47
3942,2024-02-14,12,10990,B,44
3943,2024-02-14,13,8837,B,42
3944,2024-02-14,14,3641,C,52
3945,2024-02-14,15,11138,A,54
3946,2024-02-14,16,4737,C,58
3947,2024-02-14,17,4014,B,50
3948,2024-02-14,18,15527,A,57
3949,2024-02-15,1,6791,B,80
3950,2024-02-15,2,10557,A,65
3951,2024-02-15,3,9047,C,42
3952,2024-02-15,4,7444,B,55
3953,2024-02-15,5,9975,A,73
3954,2024-02-15,7,7039,A,69
3955,2024-02-15,8,8148,B,49
3956,2024-02-15,9,9753,A,47
3957,2024-02-15,10,12463,C,33
3958,2024-02-15,11,5155,B,60
3959,2024-02-15,12,10265,C,60
3960,2024-02-15,13,12172,A,72
3961,2024-02-15,14,3330,A,48
3962,2024-02-15,15,9775,B,32
3963,2024-02-15,16,4932,C,62
3964,2024-02-15,18,13682,C,30
3965,2024-02-16,1,6252,B,85
3966,2024-02-16,2,12171,A,87
3967,2024-02-16,3,9513,C,64
3968,2024-02-16,6,4794,B,39
3969,2024-02-16,7,6274,A,46
3970,2024-02-16,8,7402,C,58
3971,2024-02-16,9,9407,B,49
3972,2024-02-16,10,13584,A,82
3973,2024-02-16,11,5588,B,63
3974,2024-02-16,12,10312,C,47
3975,2024-02-16,13,12264,B,55
3976,2024-02-16,14,2984,B,57
3977,2024-02-16,15,8156,B,45
3978,2024-02-16,16,4471,C,30
3979,2024-02-16,17,3526,B,36
3980,2024-02-16,18,13521,B,56
3981,2024-02-17,2,9530,C,46
3982,2024-02-17,3,8869,B,74
3983,2024-02-17,4,7041,B,47
3984,2024-02-17,5,9821,B,59
3985,2024-02-17,7,6054,C,61
3986,2024-02-17,8,9229,A,55
3987,2024-02-17,9,8278,C,50
3988,2024-02-17,10,11843,C,55
3989,2024-02-17,11,5031,B,61
3990,2024-02-17,12,9973,B,51
3991,2024-02-17,14,3460,C,34
3992,2024-02-17,15,10174,B,45
3993,2024-02-17,17,3905,A,79
3994,2024-02-17,18,15485,B,60
3995,2024-02-18,1,6893,B,60
3996,2024-02-18,2,9323,A,60
3997,2024-02-18,3,9794,A,89
3998,2024-02-18,4,7508,B,42
3999,2024-02-18,5,10793,A,69
4000,2024-02-18,6,4673,A,83
4001,2024-02-18,7,5892,B,63
4002,2024-02-18,9,9048,A,67
4003,2024-02-18,10,13317,A,70
4004,2024-02-18,11,5150,A,57
4005,2024-02-18,12,11241,C,53
4006,2024-02-18,13,12573,B,52
4007,2024-02-18,14,3144,A,66
4008,2024-02-18,15,10220,A,63
4009,2024-02-18,16,4805,B,64
4010,2024-02-18,17,3952,B,70
4011,2024-02-18,18,13685,A,68
4012,2024-02-19,1,6459,B,54
4013,2024-02-19,2,11965,A,71
4014,2024-02-19,3,10726,B,63
4015,2024-02-19,4,7038,B,61
4016,2024-02-19,5,10077,A,66
4017,2024-02-19,6,4136,B,52
4018,2024-02-19,7,6645,B,51
4019,2024-02-19,8,8301,C,44
4020,2024-02-19,9,8856,A,65
4021,2024-02-19,10,13787,A,72
4022,2024-02-19,11,5024,B,43
4023,2024-02-19,13,11353,B,54
4024,2024-02-19,14,2989,B,58
4025,2024-02-19,16,4361,B,57
4026,2024-02-19,17,3643,B,50
4027,2024-02-19,18,13358,A,64
4028,2024-02-20,1,6823,B,47
4029,2024-02-20,2,10526,B,43
4030,2024-02-20,3,8453,B,57
4031,2024-02-20,4,7414,C,40
4032,2024-02-20,6,3984,B,51
4033,2024-02-20,7,5789,A,66
4034,2024-02-20,8,9766,A,57
4035,2024-02-20,9,7830,B,44
4036,2024-02-20,10,12809,A,77
4037,2024-02-20,11,5564,A,47
4038,2024-02-20,12,11310,A,48
4039,2024-02-20,13,11468,B,56
4040,2024-02-20,14,3050,B,52
4041,2024-02-20,15,11848,B,53
4042,2024-02-20,16,4561,B,65
4043,2024-02-20,17,3281,B,68
4044,2024-02-21,2,10132,B,52
4045,2024-02-21,3,8023,B,47
4046,2024-02-21,4,6749,B,62
4047,2024-02-21,5,11566,C,32
4048,2024-02-21,6,4526,B,61
4049,2024-02-21,7,7115,A,64
4050,2024-02-21,8,8389,B,53
4051,2024-02-21,9,8597,B,45
4052,2024-02-21,10,13246,B,49
4053,2024-02-21,11,4959,A,70
4054,2024-02-21,13,11721,C,40
4055,2024-02-21,14,3482,B,39
4056,2024-02-21,15,9896,A,51
4057,2024-02-21,16,5050,A,66
4058,2024-02-21,17,3629,A,74
4059,2024-02-21,18,14814,C,63
4060,2024-02-22,1,6847,A,80
4061,2024-02-22,2,11596,A,48
4062,2024-02-22,3,9239,C,35
4063,2024-02-22,5,9507,A,56
4064,2024-02-22,6,4374,B,65
4065,2024-02-22,7,7158,B,57
4066,2024-02-22,8,8075,C,44
4067,2024-02-22,9,8966,B,63
4068,2024-02-22,10,12200,C,55
4069,2024-02-22,11,5583,C,51
4070,2024-02-22,12,10552,B,59
4071,2024-02-22,13,14320,A,37
4072,2024-02-22,14,3762,B,63
4073,2024-02-22,15,9507,A,76
4074,2024-02-23,3,9541,A,60
4075,2024-02-23,4,7091,B,64
4076,2024-02-23,5,10235,C,33
4077,2024-02-23,6,4713,A,66
4078,2024-02-23,8,7908,A,68
4079,2024-02-23,9,9016,B,71
4080,2024-02-23,10,13834,B,57
4081,2024-02-23,12,10034,B,59
4082,2024-02-23,13,12638,A,64
4083,2024-02-23,14,3404,A,50
4084,2024-02-23,15,9253,A,59
4085,2024-02-23,17,3326,B,51
4086,2024-02-23,18,14548,B,57
4087,2024-02-24,2,12269,A,74
4088,2024-02-24,3,8853,A,86
4089,2024-02-24,4,7021,B,41
4090,2024-02-24,6,4459,C,79
4091,2024-02-24,9,8021,A,70
4092,2024-02-24,10,14910,A,54
4093,2024-02-24,11,4715,C,40
4094,2024-02-24,12,9442,B,48
4095,2024-02-24,13,12051,A,70
4096,2024-02-24,14,3450,A,74
4097,2024-02-24,15,10368,A,60
4098,2024-02-24,16,4533,A,71
4099,2024-02-24,17,3798,A,74
4100,2024-02-25,1,6113,B,53
4101,2024-02-25,2,11286,A,60
4102,2024-02-25,3,10069,A,73
4103,2024-02-25,6,4562,A,76
4104,2024-02-25,7,6710,A,67
4105,2024-02-25,8,7808,A,70
4106,2024-02-25,9,9938,C,46
4107,2024-02-25,10,12542,A,74
4108,2024-02-25,11,5338,B,68
4109,2024-02-25,13,10578,B,65
4110,2024-02-25,14,3714,B,64
4111,2024-02-25,15,10597,C,51
4112,2024-02-25,16,5506,A,63
4113,2024-02-25,17,3773,A,59
4114,2024-02-25,18,14528,A,61
4115,2024-02-26,1,7943,A,53
4116,2024-02-26,2,10287,A,48
4117,2024-02-26,3,8054,A,71
4118,2024-02-26,4,7073,A,56
4119,2024-02-26,5,10598,A,51
4120,2024-02-26,6,3905,B,48
4121,2024-02-26,7,6742,B,59
4122,2024-02-26,8,8818,A,49
4123,2024-02-26,9,9026,A,70
4124,2024-02-26,10,13064,B,57
4125,2024-02-26,11,4940,C,42
4126,2024-02-26,12,10310,A,75
4127,2024-02-26,13,11542,C,43
4128,2024-02-26,14,2974,A,76
4129,2024-02-26,15,9760,B,58
4130,2024-02-26,17,3821,A,63
4131,2024-02-27,1,5725,A,72
4132,2024-02-27,2,12553,B,53
4133,2024-02-27,5,9345,A,68
4134,2024-02-27,6,5166,A,70
4135,2024-02-27,7,5799,B,71
4136,2024-02-27,8,7955,C,57
4137,2024-02-27,9,9127,C,37
4138,2024-02-27,10,14302,B,39
4139,2024-02-27,11,5314,A,69
4140,2024-02-27,13,10669,B,64
4141,2024-02-27,15,10842,A,46
4142,2024-02-27,17,3772,A,59
4143,2024-02-28,2,10186,B,50
4144,2024-02-28,3,8583,B,62
4145,2024-02-28,4,6561,A,70
4146,2024-02-28,5,10878,A,70
4147,2024-02-28,6,4429,B,53
4148,2024-02-28,7,5938,A,66
4149,2024-02-28,9,9392,B,56
4150,2024-02-28,10,15082,C,50
4151,2024-02-28,11,3957,A,45
4152,2024-02-28,12,10423,A,74
4153,2024-02-28,14,3390,A,71
4154,2024-02-28,16,4698,B,75
4155,2024-02-28,17,3905,A,69
4156,2024-02-28,18,15623,A,47
4157,2024-02-29,1,7104,B,64
4158,2024-02-29,4,6463,A,44
4159,2024-02-29,5,9420,A,64
4160,2024-02-29,6,4738,B,56
4161,2024-02-29,7,5543,B,37
4162,2024-02-29,8,9014,C,44
4163,2024-02-29,9,8526,A,64
4164,2024-02-29,10,12107,C,39
4165,2024-02-29,12,11373,A,85
4166,2024-02-29,13,11539,A,63
4167,2024-02-29,14,3547,C,64
4168,2024-02-29,15,10241,C,44
4169,2024-02-29,16,4903,A,67
4170,2024-02-29,17,3637,C,64
4171,2024-02-29,18,16499,B,60
4172,2024-03-01,2,10961,A,57
4173,2024-03-01,3,10458,A,67
4174,2024-03-01,4,6324,A,69
4175,2024-03-01,5,10772,A,66
4176,2024-03-01,7,6402,B,41
4177,2024-03-01,8,8075,A,67
4178,2024-03-01,10,13563,B,55
4179,2024-03-01,13,10384,A,72
4180,2024-03-01,14,3262,C,53
4181,2024-03-01,15,9469,B,67
4182,2024-03-01,16,5068,C,44
4183,2024-03-01,17,3750,A,59
4184,2024-03-01,18,16451,A,62
4185,2024-03-02,1,6447,C,56
4186,2024-03-02,2,11820,A,65
4187,2024-03-02,3,8467,B,51
4188,2024-03-02,4,8089,B,41
4189,2024-03-02,5,11109,A,66
4190,2024-03-02,6,4599,B,38
4191,2024-03-02,7,6530,C,72
4192,2024-03-02,9,8833,A,83
4193,2024-03-02,10,14060,C,66
4194,2024-03-02,11,4632,B,51
4195,2024-03-02,12,10170,C,44
4196,2024-03-02,13,11485,B,62
4197,2024-03-02,14,3171,B,60
4198,2024-03-02,15,9813,B,49
4199,2024-03-02,16,4353,A,65
4200,2024-03-02,17,3573,C,33
4201,2024-03-02,18,17005,A,72
4202,2024-03-03,1,6672,A,69
4203,2024-03-03,2,12042,B,64
4204,2024-03-03,3,8623,A,50
4205,2024-03-03,5,10909,C,30
4206,2024-03-03,6,4020,C,58
4207,2024-03-03,7,5530,A,55
4208,2024-03-03,8,9083,A,78
4209,2024-03-03,9,8447,A,74
4210,2024-03-03,10,13637,A,50
4211,2024-03-03,11,4839,A,77
4212,2024-03-03,12,10630,C,44
4213,2024-03-03,13,10636,C,76
4214,2024-03-03,14,3431,A,48
4215,2024-03-03,16,4886,B,63
4216,2024-03-03,18,16450,B,38
4217,2024-03-04,1,6517,C,60
4218,2024-03-04,2,10732,A,58
4219,2024-03-04,3,9640,B,54
4220,2024-03-04,4,7976,C,82
4221,2024-03-04,5,10411,B,58
4222,2024-03-04,6,4650,C,47
4223,2024-03-04,7,5973,B,60
4224,2024-03-04,8,9392,C,53
4225,2024-03-04,10,11025,B,53
4226,2024-03-04,11,4831,B,57
4227,2024-03-04,12,10119,A,53
4228,2024-03-04,13,11549,C,56
4229,2024-03-04,14,3841,B,83
4230,2024-03-04,15,10399,B,81
4231,2024-03-04,16,5355,A,72
4232,2024-03-04,17,4085,A,67
4233,2024-03-04,18,15710,C,54
4234,2024-03-05,1,6465,A,73
4235,2024-03-05,2,10060,C,59
4236,2024-03-05,3,8741,B,54
4237,2024-03-05,4,6238,A,71
4238,2024-03-05,7,5531,A,72
4239,2024-03-05,9,10186,A,46
4240,2024-03-05,10,14300,A,55
4241,2024-03-05,11,5044,B,54
4242,2024-03-05,12,10716,C,60
4243,2024-03-05,13,10627,B,55
4244,2024-03-05,14,3627,A,57
4245,2024-03-05,16,5578,B,58
4246,2024-03-05,17,3087,C,43
4247,2024-03-05,18,14881,B,65
4248,2024-03-06,1,7246,C,40
4249,2024-03-06,2,11099,C,57
4250,2024-03-06,3,8987,B,49
4251,2024-03-06,4,6953,A,83
4252,2024-03-06,5,9735,B,64
4253,2024-03-06,6,4498,B,55
4254,2024-03-06,7,5753,A,58
4255,2024-03-06,8,7892,A,79
4256,2024-03-06,9,9628,B,57
4257,2024-03-06,10,15420,A,60
4258,2024-03-06,11,4509,A,69
4259,2024-03-06,12,11895,A,77
4260,2024-03-06,13,11436,B,59
4261,2024-03-06,14,3255,B,58
4262,2024-03-06,15,10360,B,74
4263,2024-03-06,17,3949,C,44
4264,2024-03-06,18,14938,A,79
4265,2024-03-07,1,6979,A,54
4266,2024-03-07,2,10125,B,42
4267,2024-03-07,3,9038,B,58
4268,2024-03-07,5,11407,C,33
4269,2024-03-07,6,4739,C,62
4270,2024-03-07,7,6472,C,58
4271,2024-03-07,8,7988,B,57
4272,2024-03-07,9,9772,A,67
4273,2024-03-07,10,13877,B,64
4274,2024-03-07,11,5191,A,40
4275,2024-03-07,12,11411,A,66
4276,2024-03-07,13,12096,C,42
4277,2024-03-07,14,3029,C,63
4278,2024-03-07,16,4905,B,42
4279,2024-03-07,17,3507,A,64
4280,2024-03-07,18,14333,A,58
4281,2024-03-08,1,6409,C,57
4282,2024-03-08,2,12429,C,60
4283,2024-03-08,3,7635,B,51
4284,2024-03-08,4,6529,A,59
4285,2024-03-08,5,9635,C,56
4286,2024-03-08,6,4045,A,74
4287,2024-03-08,7,5835,B,48
4288,2024-03-08,8,8381,A,49
4289,2024-03-08,9,8721,B,45
4290,2024-03-08,10,12615,A,68
4291,2024-03-08,11,5616,B,30
4292,2024-03-08,12,11031,C,44
4293,2024-03-08,13,11363,B,53
4294,2024-03-08,14,2936,B,45
4295,2024-03-08,15,10521,C,41
4296,2024-03-08,16,5754,B,50
4297,2024-03-08,17,3469,C,60
4298,2024-03-08,18,15422,B,51
4299,2024-03-09,1,7273,B,30
4300,2024-03-09,2,10822,B,51
4301,2024-03-09,3,9010,A,59
4302,2024-03-09,4,6406,B,64
4303,2024-03-09,5,9359,A,65
4304,2024-03-09,6,4242,C,40
4305,2024-03-09,7,6050,B,62
4306,2024-03-09,8,8542,A,60
4307,2024-03-09,9,7937,C,56
4308,2024-03-09,12,10172,B,51
4309,2024-03-09,13,11054,B,54
4310,2024-03-09,14,3750,A,74
4311,2024-03-09,15,10116,A,59
4312,2024-03-09,16,5333,A,72
4313,2024-03-09,17,3767,C,34
4314,2024-03-09,18,16276,A,82
4315,2024-03-10,1,6952,B,45
4316,2024-03-10,2,10392,C,42
4317,2024-03-10,3,8522,C,40
4318,2024-03-10,4,7600,A,58
4319,2024-03-10,5,10749,B,45
4320,2024-03-10,7,5392,A,65
4321,2024-03-10,8,7670,B,56
4322,2024-03-10,9,10185,A,69
4323,2024-03-10,10,15696,A,59
4324,2024-03-10,11,5391,B,48
4325,2024-03-10,12,11225,C,57
4326,2024-03-10,16,4648,B,60
4327,2024-03-11,1,7226,B,48
4328,2024-03-11,2,10863,C,62
4329,2024-03-11,3,8664,B,55
4330,2024-03-11,5,9556,B,70
4331,2024-03-11,6,5241,B,60
4332,2024-03-11,7,6292,B,51
4333,2024-03-11,8,8810,B,53
4334,2024-03-11,10,14750,A,67
4335,2024-03-11,11,5506,A,68
4336,2024-03-11,12,9161,B,40
4337,2024-03-11,13,12047,A,61
4338,2024-03-11,14,3305,B,43
4339,2024-03-11,16,4647,A,57
4340,2024-03-11,17,3449,B,62
4341,2024-03-11,18,15370,C,74
4342,2024-03-12,1,7127,A,69
4343,2024-03-12,2,9551,B,51
4344,2024-03-12,3,10062,B,45
4345,2024-03-12,4,7505,C,47
4346,2024-03-12,5,9430,A,64
4347,2024-03-12,6,4438,B,62
4348,2024-03-12,7,6177,B,47
4349,2024-03-12,8,8385,C,38
4350,2024-03-12,10,14453,C,39
4351,2024-03-12,11,5564,C,59
4352,2024-03-12,12,10376,B,58
4353,2024-03-12,13,10400,B,40
4354,2024-03-12,14,3752,B,56
4355,2024-03-12,15,9729,B,60
4356,2024-03-12,16,5263,A,74
4357,2024-03-12,17,3439,A,66
4358,2024-03-12,18,14581,C,43
4359,2024-03-13,1,6335,A,50
4360,2024-03-13,2,9873,B,61
4361,2024-03-13,3,8113,A,50
4362,2024-03-13,4,7248,A,61
4363,2024-03-13,5,9027,A,63
4364,2024-03-13,6,4700,A,71
4365,2024-03-13,7,5837,A,90
4366,2024-03-13,8,7185,C,52
4367,2024-03-13,9,8856,C,37
4368,2024-03-13,11,5820,C,44
4369,2024-03-13,12,11085,B,44
4370,2024-03-13,13,11649,C,44
4371,2024-03-13,14,2955,C,43
4372,2024-03-13,15,10247,A,60
4373,2024-03-13,16,4494,A,71
4374,2024-03-13,17,3625,B,51
4375,2024-03-14,1,6481,B,48
4376,2024-03-14,2,11733,A,68
4377,2024-03-14,3,9607,A,60
4378,2024-03-14,4,8188,B,45
4379,2024-03-14,5,9812,B,66
4380,2024-03-14,7,6105,B,57
4381,2024-03-14,9,8259,B,47
4382,2024-03-14,10,13022,B,55
4383,2024-03-14,11,4861,A,65
4384,2024-03-14,12,11217,C,38
4385,2024-03-14,13,12614,A,72
4386,2024-03-14,14,3798,A,77
4387,2024-03-14,15,9605,B,58
4388,2024-03-14,16,5314,C,49
4389,2024-03-14,17,3453,B,56
4390,2024-03-14,18,14738,B,45
4391,2024-03-15,3,8819,C,39
4392,2024-03-15,4,6096,A,45
4393,2024-03-15,5,10138,C,54
4394,2024-03-15,6,5185,C,59
4395,2024-03-15,7,6288,A,50
4396,2024-03-15,8,7992,A,65
4397,2024-03-15,9,8324,B,52
4398,2024-03-15,10,13528,A,46
4399,2024-03-15,11,4772,A,53
4400,2024-03-15,13,11935,B,34
4401,2024-03-15,15,10908,B,60
4402,2024-03-15,16,5020,B,72
4403,2024-03-15,17,4163,B,47
4404,2024-03-15,18,14504,C,42
4405,2024-03-16,1,7116,B,39
4406,2024-03-16,2,9808,B,59
4407,2024-03-16,4,7611,A,63
4408,2024-03-16,5,10404,A,60
4409,2024-03-16,6,3861,C,62
4410,2024-03-16,8,8279,A,70
4411,2024-03-16,9,7874,B,64
4412,2024-03-16,11,5380,B,45
4413,2024-03-16,12,10840,C,63
4414,2024-03-16,13,11464,B,65
4415,2024-03-16,14,3081,A,30
4416,2024-03-16,16,5091,B,38
4417,2024-03-16,17,4220,A,74
4418,2024-03-16,18,14577,A,65
4419,2024-03-17,1,6774,C,33
4420,2024-03-17,3,9590,A,65
4421,2024-03-17,5,10983,B,58
4422,2024-03-17,6,4522,B,62
4423,2024-03-17,7,5467,B,57
4424,2024-03-17,8,9587,B,67
4425,2024-03-17,9,9022,A,50
4426,2024-03-17,10,14353,B,57
4427,2024-03-17,11,5350,C,45
4428,2024-03-17,12,10424,B,63
4429,2024-03-17,13,11995,B,54
4430,2024-03-17,14,3326,A,60
4431,2024-03-17,15,10383,B,55
4432,2024-03-17,16,4789,B,64
4433,2024-03-17,17,3093,B,60
4434,2024-03-17,18,16037,A,66
4435,2024-03-18,1,6849,C,54
4436,2024-03-18,2,11720,A,76
4437,2024-03-18,3,9265,C,41
4438,2024-03-18,4,6376,A,69
4439,2024-03-18,5,10636,B,58
4440,2024-03-18,6,3904,C,40
4441,2024-03-18,7,7094,B,45
4442,2024-03-18,8,8487,B,62
4443,2024-03-18,9,10269,B,60
4444,2024-03-18,10,15409,A,52
4445,2024-03-18,11,5377,C,37
4446,2024-03-18,12,11046,B,59
4447,2024-03-18,13,11824,B,60
4448,2024-03-18,14,3197,A,65
4449,2024-03-18,15,10301,C,41
4450,2024-03-18,16,4643,A,62
4451,2024-03-18,17,3851,B,50
4452,2024-03-18,18,15297,B,52
4453,2024-03-19,1,7479,C,41
4454,2024-03-19,3,9432,A,79
4455,2024-03-19,4,7471,B,53
4456,2024-03-19,5,10050,B,50
4457,2024-03-19,6,3588,B,56
4458,2024-03-19,7,5885,A,64
4459,2024-03-19,9,8997,A,50
4460,2024-03-19,10,14979,A,89
4461,2024-03-19,11,5828,B,63
4462,2024-03-19,12,9783,C,70
4463,2024-03-19,13,12099,A,77
4464,2024-03-19,14,3513,A,53
4465,2024-03-19,16,5461,B,72
4466,2024-03-19,18,14888,A,75
4467,2024-03-20,1,6464,C,41
4468,2024-03-20,2,11558,A,52
4469,2024-03-20,3,9719,A,72
4470,2024-03-20,4,7100,B,51
4471,2024-03-20,6,4595,B,61
4472,2024-03-20,8,8475,C,60
4473,2024-03-20,9,9320,A,52
4474,2024-03-20,10,12188,B,64
4475,2024-03-20,11,5068,B,47
4476,2024-03-20,12,9874,A,69
4477,2024-03-20,13,9563,A,56
4478,2024-03-20,14,3217,C,42
4479,2024-03-20,15,10941,A,51
4480,2024-03-20,16,4792,A,63
4481,2024-03-20,17,3850,C,43
4482,2024-03-20,18,15738,B,54
4483,2024-03-21,1,7082,A,65
4484,2024-03-21,3,8781,B,52
4485,2024-03-21,4,6788,B,63
4486,2024-03-21,5,10623,C,54
4487,2024-03-21,6,4538,B,64
4488,2024-03-21,7,6700,A,77
4489,2024-03-21,8,8093,A,68
4490,2024-03-21,9,10101,A,73
4491,2024-03-21,11,5236,A,58
4492,2024-03-21,13,9993,B,66
4493,2024-03-21,14,2874,A,57
4494,2024-03-21,15,10773,B,50
4495,2024-03-21,16,4728,A,55
4496,2024-03-21,17,3496,C,80
4497,2024-03-21,18,14905,B,55
4498,2024-03-22,1,6675,A,69
4499,2024-03-22,2,9487,B,55
4500,2024-03-22,4,6458,B,48
4501,2024-03-22,5,11245,C,53
4502,2024-03-22,6,4386,B,47
4503,2024-03-22,7,7949,B,64
4504,2024-03-22,8,8544,B,51
4505,2024-03-22,9,8806,C,44
4506,2024-03-22,10,14559,A,76
4507,2024-03-22,11,4666,C,56
4508,2024-03-22,12,10737,C,59
4509,2024-03-22,13,12328,A,59
4510,2024-03-22,14,3333,B,52
4511,2024-03-22,16,4858,A,56
4512,2024-03-22,18,16805,B,58
4513,2024-03-23,1,6667,A,67
4514,2024-03-23,2,11991,B,44
4515,2024-03-23,3,8237,B,60
4516,2024-03-23,4,6516,B,50
4517,2024-03-23,6,4450,B,43
4518,2024-03-23,7,5582,B,55
4519,2024-03-23,9,10582,B,67
4520,2024-03-23,10,14430,B,50
4521,2024-03-23,11,5928,B,47
4522,2024-03-23,12,9043,B,60
4523,2024-03-23,13,10037,A,57
4524,2024-03-23,14,3025,A,46
4525,2024-03-23,15,11181,B,61
4526,2024-03-23,16,4964,B,90
4527,2024-03-23,17,3469,C,53
4528,2024-03-23,18,14215,B,55
4529,2024-03-24,1,7381,B,71
4530,2024-03-24,2,10429,A,67
4531,2024-03-24,3,8424,C,41
4532,2024-03-24,4,8048,C,51
4533,2024-03-24,6,5600,B,55
4534,2024-03-24,7,6422,C,59
4535,2024-03-24,8,9134,A,56
4536,2024-03-24,11,4927,B,40
4537,2024-03-24,12,10976,C,56
4538,2024-03-24,13,11778,B,55
4539,2024-03-24,14,3448,C,45
4540,2024-03-24,15,11453,C,54
4541,2024-03-24,16,4486,A,59
4542,2024-03-24,17,3566,B,55
4543,2024-03-24,18,15185,B,73
4544,2024-03-25,1,7233,B,73
4545,2024-03-25,2,10490,A,66
4546,2024-03-25,3,11148,B,34
4547,2024-03-25,4,6914,B,55
4548,2024-03-25,5,9395,C,44
4549,2024-03-25,6,4395,B,82
4550,2024-03-25,7,5848,C,69
4551,2024-03-25,9,9005,B,51
4552,2024-03-25,11,4938,B,88
4553,2024-03-25,12,11245,B,32
4554,2024-03-25,13,11090,A,66
4555,2024-03-25,14,3071,B,60
4556,2024-03-25,17,3333,B,50
4557,2024-03-25,18,13684,B,45
4558,2024-03-26,2,11842,B,50
4559,2024-03-26,3,9918,B,52
4560,2024-03-26,4,7347,B,79
4561,2024-03-26,5,9026,B,56
4562,2024-03-26,6,4671,C,48
4563,2024-03-26,7,5932,B,60
4564,2024-03-26,8,9420,A,68
4565,2024-03-26,9,8680,B,43
4566,2024-03-26,10,12344,B,56
4567,2024-03-26,11,4923,A,57
4568,2024-03-26,12,10525,A,72
4569,2024-03-26,13,10502,C,49
4570,2024-03-26,14,3261,A,69
4571,2024-03-26,15,10399,B,41
4572,2024-03-26,17,3656,B,57
4573,2024-03-26,18,14988,C,49
4574,2024-03-27,1,7494,B,63
4575,2024-03-27,2,11181,C,52
4576,2024-03-27,3,8045,A,56
4577,2024-03-27,4,6477,C,41
4578,2024-03-27,5,10750,B,72
4579,2024-03-27,7,5842,A,83
4580,2024-03-27,8,8933,A,65
4581,2024-03-27,9,9608,B,44
4582,2024-03-27,10,12558,A,46
4583,2024-03-27,11,4802,A,80
4584,2024-03-27,12,12602,A,63
4585,2024-03-27,13,11730,C,44
4586,2024-03-27,14,3443,B,64
4587,2024-03-27,15,9479,B,54
4588,2024-03-27,16,5220,B,48
4589,2024-03-27,17,3246,B,58
4590,2024-03-27,18,13345,B,44
4591,2024-03-28,2,11095,B,53
4592,2024-03-28,3,8066,C,59
4593,2024-03-28,5,10678,C,69
4594,2024-03-28,6,4594,A,77
4595,2024-03-28,7,5641,A,72
4596,2024-03-28,9,8847,B,49
4597,2024-03-28,10,14006,B,53
4598,2024-03-28,11,4768,B,72
4599,2024-03-28,12,10011,C,43
4600,2024-03-28,13,11595,A,59
4601,2024-03-28,14,3335,C,37
4602,2024-03-28,15,8615,A,72
4603,2024-03-28,16,4542,B,64
4604,2024-03-28,17,3631,C,58
4605,2024-03-28,18,16336,A,81
4606,2024-03-29,1,7155,A,49
4607,2024-03-29,2,12559,B,56
4608,2024-03-29,3,9368,B,51
4609,2024-03-29,4,7512,A,67
4610,2024-03-29,5,10677,A,73
4611,2024-03-29,6,4402,B,59
4612,2024-03-29,7,6179,A,64
4613,2024-03-29,8,9800,C,60
4614,2024-03-29,10,16077,A,62
4615,2024-03-29,11,4851,B,54
4616,2024-03-29,12,10284,B,75
4617,2024-03-29,13,13337,C,60
4618,2024-03-29,16,4202,B,39
4619,2024-03-30,1,6617,A,65
4620,2024-03-30,2,10154,C,35
4621,2024-03-30,3,9415,A,73
4622,2024-03-30,4,6168,B,77
4623,2024-03-30,5,10101,A,51
4624,2024-03-30,6,4341,B,50
4625,2024-03-30,7,5468,B,47
4626,2024-03-30,8,8546,B,56
4627,2024-03-30,9,10033,A,65
4628,2024-03-30,11,4510,B,60
4629,2024-03-30,13,10841,C,36
4630,2024-03-30,14,3578,A,67
4631,2024-03-30,15,9765,A,62
4632,2024-03-30,16,4120,B,65
4633,2024-03-30,17,3751,A,69
4634,2024-03-30,18,16383,A,49
4635,2024-03-31,1,6961,C,37
4636,2024-03-31,2,11500,C,56
4637,2024-03-31,3,9416,C,40
4638,2024-03-31,4,6684,A,90
4639,2024-03-31,5,11355,A,67
4640,2024-03-31,6,5141,C,64
4641,2024-03-31,7,6669,B,56
4642,2024-03-31,8,7772,B,56
4643,2024-03-31,10,13457,A,61
4644,2024-03-31,11,4745,B,60
4645,2024-03-31,13,12726,B,58
4646,2024-03-31,14,3079,A,75
4647,2024-03-31,15,9916,B,54
4648,2024-03-31,16,4314,A,49
4649,2024-03-31,17,3489,A,51
4650,2024-03-31,18,15452,B,55
4651,2024-04-01,1,6714,C,37
4652,2024-04-01,2,10754,A,79
4653,2024-04-01,4,6933,A,75
4654,2024-04-01,5,9811,B,45
4655,2024-04-01,6,4911,B,60
4656,2024-04-01,7,6226,B,64
4657,2024-04-01,10,14934,B,57
4658,2024-04-01,11,5852,A,80
4659,2024-04-01,14,3376,B,47
4660,2024-04-01,15,9423,B,65
4661,2024-04-01,16,5422,C,46
4662,2024-04-01,17,3776,B,50
4663,2024-04-01,18,14331,A,68
4664,2024-04-02,1,6838,A,66
4665,2024-04-02,2,10935,A,47
4666,2024-04-02,3,8929,B,64
4667,2024-04-02,4,6976,A,69
4668,2024-04-02,5,10986,A,55
4669,2024-04-02,6,4537,B,48
4670,2024-04-02,7,6408,B,48
4671,2024-04-02,9,8181,B,57
4672,2024-04-02,10,13729,A,68
4673,2024-04-02,11,5361,A,68
4674,2024-04-02,12,9398,B,61
4675,2024-04-02,13,10808,B,66
4676,2024-04-02,14,2489,B,57
4677,2024-04-02,15,9607,A,50
4678,2024-04-02,16,4895,B,49
4679,2024-04-02,17,4009,A,50
4680,2024-04-02,18,14429,A,66
4681,2024-04-03,1,7108,A,64
4682,2024-04-03,2,12014,B,51
4683,2024-04-03,3,9257,B,44
4684,2024-04-03,4,6815,C,42
4685,2024-04-03,5,10174,A,56
4686,2024-04-03,6,3661,B,50
4687,2024-04-03,7,5968,B,74
4688,2024-04-03,9,8205,B,64
4689,2024-04-03,10,13381,B,55
4690,2024-04-03,11,5438,B,48
4691,2024-04-03,12,10127,A,74
4692,2024-04-03,13,12141,B,36
4693,2024-04-03,14,3460,A,65
4694,2024-04-03,15,10197,B,54
4695,2024-04-03,16,5085,A,76
4696,2024-04-03,17,4159,B,45
4697,2024-04-04,1,6341,A,60
4698,2024-04-04,2,11140,C,44
4699,2024-04-04,3,9082,B,44
4700,2024-04-04,4,7133,C,44
4701,2024-04-04,5,9709,C,51
4702,2024-04-04,6,4358,A,63
4703,2024-04-04,7,6017,B,46
4704,2024-04-04,8,7992,A,71
4705,2024-04-04,9,9178,A,66
4706,2024-04-04,10,14371,A,75
4707,2024-04-04,11,5540,A,62
4708,2024-04-04,13,11927,A,81
4709,2024-04-04,14,3311,B,52
4710,2024-04-04,16,5099,A,62
4711,2024-04-04,17,2944,B,61
4712,2024-04-04,18,17187,B,53
4713,2024-04-05,1,7921,B,47
4714,2024-04-05,2,11166,B,65
4715,2024-04-05,3,7419,B,59
4716,2024-04-05,4,7297,A,62
4717,2024-04-05,5,10690,B,54
4718,2024-04-05,6,5458,A,69
4719,2024-04-05,7,6342,B,50
4720,2024-04-05,9,8736,B,41
4721,2024-04-05,10,14049,C,36
4722,2024-04-05,11,5806,A,68
4723,2024-04-05,12,11631,A,78
4724,2024-04-05,13,11444,B,54
4725,2024-04-05,14,3126,A,65
4726,2024-04-05,15,10650,B,69
4727,2024-04-05,16,4911,A,47
4728,2024-04-05,18,15567,A,41
4729,2024-04-06,1,6239,B,67
4730,2024-04-06,2,11623,B,72
4731,2024-04-06,3,8854,C,45
4732,2024-04-06,4,7320,C,38
4733,2024-04-06,5,10540,C,52
4734,2024-04-06,6,4405,B,54
4735,2024-04-06,7,5622,C,51
4736,2024-04-06,8,8804,B,53
4737,2024-04-06,10,14882,A,66
4738,2024-04-06,11,4346,C,44
4739,2024-04-06,12,12456,C,49
4740,2024-04-06,13,11654,C,48
4741,2024-04-06,14,3479,B,58
4742,2024-04-06,17,3601,B,49
4743,2024-04-06,18,14780,A,60
4744,2024-04-07,1,6126,A,66
4745,2024-04-07,3,8406,A,56
4746,2024-04-07,4,6369,A,65
4747,2024-04-07,6,4884,B,57
4748,2024-04-07,7,6021,A,67
4749,2024-04-07,8,9179,A,79
4750,2024-04-07,9,9844,A,73
4751,2024-04-07,11,4565,C,64
4752,2024-04-07,12,11721,A,74
4753,2024-04-07,13,10866,A,55
4754,2024-04-07,14,3711,B,48
4755,2024-04-07,15,12150,B,58
4756,2024-04-08,1,11120,A,59
4757,2024-04-08,2,14979,C,43
4758,2024-04-08,3,13720,B,50
4759,2024-04-08,4,10135,B,32
4760,2024-04-08,5,15409,A,68
4761,2024-04-08,6,7509,A,66
4762,2024-04-08,8,13062,B,54
4763,2024-04-08,10,21130,A,50
4764,2024-04-08,11,7106,A,74
4765,2024-04-08,12,14900,C,31
4766,2024-04-08,13,15986,A,65
4767,2024-04-08,15,16688,B,79
4768,2024-04-08,17,4804,A,46
4769,2024-04-08,18,21839,B,51
4770,2024-04-09,1,10822,C,44
4771,2024-04-09,2,14715,A,64
4772,2024-04-09,3,16761,A,48
4773,2024-04-09,4,11362,B,72
4774,2024-04-09,5,15263,B,56
4775,2024-04-09,6,6850,A,56
4776,2024-04-09,7,8636,B,36
4777,2024-04-09,8,12594,B,56
4778,2024-04-09,9,15155,B,59
4779,2024-04-09,10,21105,B,54
4780,2024-04-09,11,7309,B,48
4781,2024-04-09,12,15001,B,45
4782,2024-04-09,14,4705,B,73
4783,2024-04-09,16,8154,A,70
4784,2024-04-09,17,5100,C,53
4785,2024-04-09,18,23547,C,66
4786,2024-04-10,3,13928,B,33
4787,2024-04-10,4,11113,B,54
4788,2024-04-10,5,18234,A,60
4789,2024-04-10,6,6279,B,54
4790,2024-04-10,7,7729,A,71
4791,2024-04-10,8,13989,A,57
4792,2024-04-10,9,12568,B,56
4793,2024-04-10,11,7412,C,49
4794,2024-04-10,12,15683,A,62
4795,2024-04-10,13,16810,B,55
4796,2024-04-10,14,5157,B,46
4797,2024-04-10,15,14549,B,62
4798,2024-04-10,16,7698,A,70
4799,2024-04-10,17,5593,B,43
4800,2024-04-10,18,25625,B,51
4801,2024-04-11,1,10689,A,68
4802,2024-04-11,2,18699,B,64
4803,2024-04-11,5,16759,B,60
4804,2024-04-11,6,5420,B,49
4805,2024-04-11,7,10295,B,53
4806,2024-04-11,10,21431,B,69
4807,2024-04-11,11,7323,A,72
4808,2024-04-11,12,18153,B,53
4809,2024-04-11,13,17007,C,41
4810,2024-04-11,14,4546,A,44
4811,2024-04-11,17,5573,A,51
4812,2024-04-11,18,21577,A,45
4813,2024-04-12,1,10168,A,74
4814,2024-04-12,2,14640,A,64
4815,2024-04-12,3,14528,C,43
4816,2024-04-12,5,16194,A,59
4817,2024-04-12,6,7100,C,49
4818,2024-04-12,7,8788,B,45
4819,2024-04-12,8,13522,A,65
4820,2024-04-12,9,14479,A,77
4821,2024-04-12,10,20715,C,37
4822,2024-04-12,11,7728,B,54
4823,2024-04-12,12,15675,B,57
4824,2024-04-12,13,17500,C,43
4825,2024-04-12,14,4821,B,62
4826,2024-04-12,16,7042,C,50
4827,2024-04-12,17,5702,B,51
4828,2024-04-12,18,24658,A,66
4829,2024-04-13,1,9447,B,54
4830,2024-04-13,2,15773,B,52
4831,2024-04-13,3,14052,A,56
4832,2024-04-13,4,8730,C,35
4833,2024-04-13,5,15446,A,59
4834,2024-04-13,6,6293,A,90
4835,2024-04-13,7,10164,C,49
4836,2024-04-13,8,12204,A,50
4837,2024-04-13,10,20622,B,66
4838,2024-04-13,11,7616,A,46
4839,2024-04-13,12,14198,C,58
4840,2024-04-13,13,17480,A,61
4841,2024-04-13,14,5587,C,58
4842,2024-04-13,16,6907,C,44
4843,2024-04-13,17,5731,B,58
4844,2024-04-13,18,24087,A,86
4845,2024-04-14,1,10239,B,55
4846,2024-04-14,2,15702,C,61
4847,2024-04-14,3,13985,B,52
4848,2024-04-14,4,10410,A,73
4849,2024-04-14,5,16542,A,54
4850,2024-04-14,6,6827,A,56
4851,2024-04-14,7,10094,A,79
4852,2024-04-14,8,12923,B,58
4853,2024-04-14,9,15323,A,76
4854,2024-04-14,10,22598,A,53
4855,2024-04-14,11,7155,B,69
4856,2024-04-14,12,15248,B,44
4857,2024-04-14,13,15159,A,70
4858,2024-04-14,14,5115,C,42
4859,2024-04-14,15,16269,C,57
4860,2024-04-14,17,5685,C,41
4861,2024-04-15,1,9626,C,56
4862,2024-04-15,3,14187,A,56
4863,2024-04-15,4,11946,A,74
4864,2024-04-15,5,15943,A,75
4865,2024-04-15,6,6059,A,74
4866,2024-04-15,7,8342,C,50
4867,2024-04-15,8,12379,B,63
4868,2024-04-15,9,14109,A,58
4869,2024-04-15,10,23125,A,72
4870,2024-04-15,11,6273,A,65
4871,2024-04-15,12,16847,B,45
4872,2024-04-15,13,18878,A,71
4873,2024-04-15,14,4324,B,52
4874,2024-04-15,15,13597,C,57
4875,2024-04-15,16,7096,A,50
4876,2024-04-15,17,5621,A,65
4877,2024-04-15,18,21286,B,53
4878,2024-04-16,2,17105,B,62
4879,2024-04-16,3,15756,B,56
4880,2024-04-16,4,9585,B,54
4881,2024-04-16,6,6589,A,78
4882,2024-04-16,8,12436,B,81
4883,2024-04-16,9,15668,B,64
4884,2024-04-16,10,18136,C,36
4885,2024-04-16,11,6991,C,59
4886,2024-04-16,12,16762,A,61
4887,2024-04-16,13,17282,B,60
4888,2024-04-16,14,4358,B,48
4889,2024-04-16,15,15010,A,65
4890,2024-04-16,16,6865,A,54
4891,2024-04-16,17,5560,B,78
4892,2024-04-17,1,10058,B,51
4893,2024-04-17,2,17163,C,43
4894,2024-04-17,3,12306,B,60
4895,2024-04-17,4,9679,A,66
4896,2024-04-17,5,14937,A,58
4897,2024-04-17,8,12115,C,42
4898,2024-04-17,9,14240,C,51
4899,2024-04-17,10,20640,A,87
4900,2024-04-17,12,15631,B,50
4901,2024-04-17,14,5155,B,50
4902,2024-04-17,15,15990,B,50
4903,2024-04-17,16,7521,B,55
4904,2024-04-17,17,5829,A,75
4905,2024-04-17,18,23659,A,81
4906,2024-04-18,1,9505,B,30
4907,2024-04-18,2,15308,C,53
4908,2024-04-18,3,14043,B,49
4909,2024-04-18,4,11005,A,53
4910,2024-04-18,5,15210,B,53
4911,2024-04-18,6,6877,A,62
4912,2024-04-18,7,10601,B,43
4913,2024-04-18,8,13836,A,68
4914,2024-04-18,9,14810,B,51
4915,2024-04-18,10,19487,B,47
4916,2024-04-18,11,7444,A,72
4917,2024-04-18,12,16753,A,74
4918,2024-04-18,13,17706,A,81
4919,2024-04-18,14,5441,C,88
4920,2024-04-18,15,14957,B,59
4921,2024-04-18,16,7276,B,57
4922,2024-04-18,17,4543,B,51
4923,2024-04-18,18,20491,A,62
4924,2024-04-19,1,9916,B,72
4925,2024-04-19,2,15843,A,73
4926,2024-04-19,3,12527,B,73
4927,2024-04-19,4,9091,B,61
4928,2024-04-19,5,11426,B,57
4929,2024-04-19,6,6132,A,59
4930,2024-04-19,7,9275,A,49
4931,2024-04-19,9,13297,B,63
4932,2024-04-19,10,20110,A,75
4933,2024-04-19,11,6908,B,57
4934,2024-04-19,12,12996,A,56
4935,2024-04-19,13,17440,A,72
4936,2024-04-19,14,4431,A,54
4937,2024-04-19,15,15056,C,59
4938,2024-04-19,16,7506,A,79
4939,2024-04-19,17,6219,A,66
4940,2024-04-20,1,10514,A,80
4941,2024-04-20,2,16421,C,62
4942,2024-04-20,3,14131,B,36
4943,2024-04-20,4,9846,B,67
4944,2024-04-20,5,15567,B,63
4945,2024-04-20,6,7377,B,39
4946,2024-04-20,7,9490,C,42
4947,2024-04-20,9,13666,B,63
4948,2024-04-20,10,21288,B,57
4949,2024-04-20,11,7296,B,82
4950,2024-04-20,12,16017,A,67
4951,2024-04-20,13,18167,B,69
4952,2024-04-20,14,5273,A,47
4953,2024-04-20,15,15140,B,60
4954,2024-04-20,16,8442,B,54
4955,2024-04-20,17,4559,A,65
4956,2024-04-20,18,24125,B,57
4957,2024-04-21,2,15738,C,59
4958,2024-04-21,4,10866,A,65
4959,2024-04-21,5,14711,B,76
4960,2024-04-21,7,8829,A,69
4961,2024-04-21,8,14612,A,65
4962,2024-04-21,9,14645,A,65
4963,2024-04-21,10,21728,A,48
4964,2024-04-21,12,16979,C,63
4965,2024-04-21,13,17853,B,48
4966,2024-04-21,14,5631,C,82
4967,2024-04-21,15,14286,B,58
4968,2024-04-21,16,7869,A,57
4969,2024-04-21,17,5057,C,57
4970,2024-04-22,2,18122,A,51
4971,2024-04-22,3,13078,A,68
4972,2024-04-22,4,9845,B,74
4973,2024-04-22,5,17260,B,42
4974,2024-04-22,6,5830,B,59
4975,2024-04-22,7,9620,B,59
4976,2024-04-22,8,13469,A,78
4977,2024-04-22,9,15411,A,63
4978,2024-04-22,11,7518,B,34
4979,2024-04-22,12,14827,A,51
4980,2024-04-22,13,18099,A,70
4981,2024-04-22,14,5858,A,69
4982,2024-04-22,15,16747,C,41
4983,2024-04-22,16,7349,C,36
4984,2024-04-22,17,5435,B,60
4985,2024-04-22,18,20537,B,64
4986,2024-04-23,1,10376,A,56
4987,2024-04-23,2,16688,A,72
4988,2024-04-23,3,13211,B,64
4989,2024-04-23,5,15333,A,66
4990,2024-04-23,7,8765,B,88
4991,2024-04-23,8,10108,A,49
4992,2024-04-23,9,14446,C,42
4993,2024-04-23,10,17467,A,70
4994,2024-04-23,12,14822,A,34
4995,2024-04-23,13,18966,B,64
4996,2024-04-23,14,5224,A,67
4997,2024-04-23,17,5833,B,66
4998,2024-04-23,18,25559,A,76
4999,2024-04-24,1,10377,B,56
5000,2024-04-24,2,17002,A,78
5001,2024-04-24,3,14586,A,46
5002,2024-04-24,4,10988,A,58
5003,2024-04-24,5,13853,A,72
5004,2024-04-24,7,7787,A,49
5005,2024-04-24,8,11927,A,61
5006,2024-04-24,9,13559,B,48
5007,2024-04-24,10,19031,C,39
5008,2024-04-24,11,7079,B,31
5009,2024-04-24,12,13513,B,72
5010,2024-04-24,13,18326,A,66
5011,2024-04-24,14,5296,B,48
5012,2024-04-24,15,15699,C,47
5013,2024-04-24,17,4209,B,69
5014,2024-04-24,18,26260,A,73
5015,2024-04-25,1,9765,A,70
5016,2024-04-25,2,16909,B,73
5017,2024-04-25,4,10721,B,49
5018,2024-04-25,5,15248,C,40
5019,2024-04-25,6,6818,C,55
5020,2024-04-25,7,8315,A,48
5021,2024-04-25,8,10681,C,63
5022,2024-04-25,9,15154,B,68
5023,2024-04-25,10,22103,A,66
5024,2024-04-25,11,6799,B,54
5025,2024-04-25,14,4221,B,72
5026,2024-04-25,15,15816,A,52
5027,2024-04-25,16,7751,B,50
5028,2024-04-25,17,5523,A,48
5029,2024-04-25,18,23883,A,60
5030,2024-04-26,1,9794,B,59
5031,2024-04-26,2,17565,B,75
5032,2024-04-26,3,12182,A,46
5033,2024-04-26,4,10592,B,52
5034,2024-04-26,5,14028,A,56
5035,2024-04-26,7,9314,A,76
5036,2024-04-26,8,11542,C,64
5037,2024-04-26,9,11256,B,34
5038,2024-04-26,10,16102,B,58
5039,2024-04-26,11,7501,B,43
5040,2024-04-26,13,15579,B,62
5041,2024-04-26,14,5944,A,68
5042,2024-04-26,15,14147,A,44
5043,2024-04-26,16,6646,A,66
5044,2024-04-26,18,21204,B,58
5045,2024-04-27,2,16290,B,54
5046,2024-04-27,3,13589,A,65
5047,2024-04-27,4,10090,B,68
5048,2024-04-27,5,15889,A,45
5049,2024-04-27,6,6605,B,52
5050,2024-04-27,7,8457,A,71
5051,2024-04-27,8,9355,B,67
5052,2024-04-27,9,12097,B,62
5053,2024-04-27,10,22583,A,65
5054,2024-04-27,11,7068,B,48
5055,2024-04-27,12,16191,A,56
5056,2024-04-27,14,4855,B,60
5057,2024-04-27,15,15399,B,57
5058,2024-04-27,16,8590,B,61
5059,2024-04-27,17,5975,A,78
5060,2024-04-27,18,22517,B,63
5061,2024-04-28,1,8998,C,42
5062,2024-04-28,2,14392,A,52
5063,2024-04-28,3,12762,C,49
5064,2024-04-28,5,15665,B,63
5065,2024-04-28,6,6668,A,81
5066,2024-04-28,7,9248,C,63
5067,2024-04-28,8,12355,B,60
5068,2024-04-28,9,14394,B,57
5069,2024-04-28,10,21483,A,58
5070,2024-04-28,12,16652,C,57
5071,2024-04-28,13,16791,A,45
5072,2024-04-28,14,4709,C,37
5073,2024-04-28,15,14195,A,71
5074,2024-04-28,16,7342,B,78
5075,2024-04-28,17,5226,A,69
5076,2024-04-28,18,23036,B,51
5077,2024-04-29,1,9032,B,68
5078,2024-04-29,2,16571,A,56
5079,2024-04-29,3,12168,B,61
5080,2024-04-29,5,16482,A,54
5081,2024-04-29,6,6138,A,64
5082,2024-04-29,7,8499,B,45
5083,2024-04-29,8,11351,A,64
5084,2024-04-29,9,13665,A,68
5085,2024-04-29,10,22795,B,51
5086,2024-04-29,12,17807,A,70
5087,2024-04-29,13,16469,A,54
5088,2024-04-29,14,4986,B,58
5089,2024-04-29,15,17013,A,67
5090,2024-04-29,16,7362,A,67
5091,2024-04-29,17,5402,A,76
5092,2024-04-30,1,9593,B,65
5093,2024-04-30,2,15221,C,58
5094,2024-04-30,3,13295,A,61
5095,2024-04-30,5,14340,B,56
5096,2024-04-30,6,7174,A,65
5097,2024-04-30,7,8717,B,79
5098,2024-04-30,8,12552,B,47
5099,2024-04-30,9,14311,B,63
5100,2024-04-30,10,20296,C,45
5101,2024-04-30,11,7552,A,60
5102,2024-04-30,12,15689,C,58
5103,2024-04-30,13,14738,A,61
5104,2024-04-30,14,5705,B,79
5105,2024-04-30,15,13914,A,64
5106,2024-04-30,16,6942,B,57
5107,2024-04-30,17,5262,C,30
5108,2024-04-30,18,23165,A,56
5109,2024-05-01,1,10004,A,71
5110,2024-05-01,2,15378,A,75
5111,2024-05-01,3,13196,B,86
5112,2024-05-01,4,9959,B,48
5113,2024-05-01,5,15351,C,53
5114,2024-05-01,6,6831,B,52
5115,2024-05-01,7,9933,A,57
5116,2024-05-01,8,10868,B,60
5117,2024-05-01,9,13720,B,50
5118,2024-05-01,10,17222,B,66
5119,2024-05-01,11,7110,A,59
5120,2024-05-01,12,15199,A,56
5121,2024-05-01,13,17580,B,61
5122,2024-05-01,14,5989,A,61
5123,2024-05-01,15,14508,A,70
5124,2024-05-01,16,7625,A,71
5125,2024-05-01,18,23644,B,64
5126,2024-05-02,2,16811,A,72
5127,2024-05-02,3,16157,B,62
5128,2024-05-02,4,10220,A,45
5129,2024-05-02,5,13637,A,67
5130,2024-05-02,6,6506,A,65
5131,2024-05-02,7,9483,B,53
5132,2024-05-02,9,14273,B,49
5133,2024-05-02,10,21334,A,66
5134,2024-05-02,11,7826,B,57
5135,2024-05-02,12,16105,B,70
5136,2024-05-02,13,17320,B,61
5137,2024-05-02,14,5141,A,53
5138,2024-05-02,16,6654,A,72
5139,2024-05-02,17,5078,A,61
5140,2024-05-02,18,22956,A,79
5141,2024-05-03,2,17648,C,64
5142,2024-05-03,3,13999,A,48
5143,2024-05-03,4,9550,A,66
5144,2024-05-03,5,16168,B,61
5145,2024-05-03,6,5706,C,78
5146,2024-05-03,9,12761,B,52
5147,2024-05-03,10,22727,A,66
5148,2024-05-03,11,8014,B,60
5149,2024-05-03,12,17517,A,65
5150,2024-05-03,14,5496,B,55
5151,2024-05-03,15,13646,A,53
5152,2024-05-03,16,8604,B,50
5153,2024-05-03,17,5141,A,70
5154,2024-05-03,18,23614,A,65
5155,2024-05-04,1,10876,B,37
5156,2024-05-04,2,16085,C,41
5157,2024-05-04,3,12039,B,40
5158,2024-05-04,7,9952,B,58
5159,2024-05-04,8,13993,B,52
5160,2024-05-04,9,14273,B,65
5161,2024-05-04,10,22149,B,63
5162,2024-05-04,11,7681,C,31
5163,2024-05-04,12,15669,B,49
5164,2024-05-04,14,5107,B,56
5165,2024-05-04,17,5727,C,44
5166,2024-05-04,18,22272,A,61
5167,2024-05-05,1,10047,A,67
5168,2024-05-05,2,16454,C,38
5169,2024-05-05,3,12919,C,55
5170,2024-05-05,4,9698,A,77
5171,2024-05-05,7,9656,C,44
5172,2024-05-05,8,13902,B,61
5173,2024-05-05,9,14736,C,30
5174,2024-05-05,10,19530,A,69
5175,2024-05-05,11,8569,C,48
5176,2024-05-05,13,16434,C,57
5177,2024-05-05,15,15974,C,52
5178,2024-05-05,17,5593,B,52
5179,2024-05-05,18,22498,B,52
5180,2024-05-06,1,6775,C,35
5181,2024-05-06,2,12163,B,61
5182,2024-05-06,3,9757,B,57
5183,2024-05-06,4,6298,C,43
5184,2024-05-06,5,10207,B,65
5185,2024-05-06,6,4276,B,55
5186,2024-05-06,8,8851,C,63
5187,2024-05-06,11,5249,A,77
5188,2024-05-06,12,9285,B,48
5189,2024-05-06,13,13867,A,48
5190,2024-05-06,14,3794,A,58
5191,2024-05-06,15,10321,B,53
5192,2024-05-06,16,4345,B,57
5193,2024-05-06,17,3835,A,69
5194,2024-05-06,18,14706,A,57
5195,2024-05-07,1,6241,B,49
5196,2024-05-07,2,10911,B,69
5197,2024-05-07,3,10527,C,31
5198,2024-05-07,5,10545,B,55
5199,2024-05-07,6,4617,A,77
5200,2024-05-07,7,5971,A,49
5201,2024-05-07,8,8110,C,43
5202,2024-05-07,9,10566,C,47
5203,2024-05-07,10,13163,C,35
5204,2024-05-07,11,5433,C,44
5205,2024-05-07,12,9555,B,57
5206,2024-05-07,13,10891,C,63
5207,2024-05-07,14,3224,A,75
5208,2024-05-07,15,9670,A,80
5209,2024-05-07,16,4969,C,60
5210,2024-05-07,17,3753,B,45
5211,2024-05-07,18,17781,C,44
5212,2024-05-08,1,6775,A,77
5213,2024-05-08,2,12933,B,57
5214,2024-05-08,3,7876,B,49
5215,2024-05-08,4,7032,B,57
5216,2024-05-08,5,11516,A,78
5217,2024-05-08,6,4058,B,68
5218,2024-05-08,7,5986,B,30
5219,2024-05-08,8,9651,B,47
5220,2024-05-08,9,9278,B,60
5221,2024-05-08,10,12848,C,30
5222,2024-05-08,11,5117,B,78
5223,2024-05-08,12,11322,C,43
5224,2024-05-08,13,11014,A,85
5225,2024-05-08,14,3810,B,74
5226,2024-05-08,15,10947,B,59
5227,2024-05-08,16,5362,B,53
5228,2024-05-08,17,3898,B,61
5229,2024-05-09,1,6628,A,68
5230,2024-05-09,2,11189,A,81
5231,2024-05-09,3,7663,B,62
5232,2024-05-09,4,7347,C,49
5233,2024-05-09,5,9973,C,43
5234,2024-05-09,6,3952,A,75
5235,2024-05-09,7,5554,A,47
5236,2024-05-09,8,7293,A,67
5237,2024-05-09,10,14800,B,79
5238,2024-05-09,11,5337,B,41
5239,2024-05-09,12,10318,B,59
5240,2024-05-09,13,10612,A,62
5241,2024-05-09,14,3745,B,49
5242,2024-05-09,15,9533,B,79
5243,2024-05-09,18,16101,C,32
5244,2024-05-10,1,6960,B,51
5245,2024-05-10,2,9197,A,45
5246,2024-05-10,3,10370,B,52
5247,2024-05-10,4,6676,A,58
5248,2024-05-10,5,10319,B,37
5249,2024-05-10,6,3725,A,62
5250,2024-05-10,7,5986,A,52
5251,2024-05-10,8,7393,C,64
5252,2024-05-10,9,7991,C,38
5253,2024-05-10,10,12432,B,42
5254,2024-05-10,11,4740,C,40
5255,2024-05-10,13,12578,B,54
5256,2024-05-10,14,3560,A,73
5257,2024-05-10,15,10854,C,36
5258,2024-05-10,16,4497,A,70
5259,2024-05-10,17,3176,B,56
5260,2024-05-10,18,17050,B,70
5261,2024-05-11,1,6336,B,52
5262,2024-05-11,2,11350,C,43
5263,2024-05-11,3,9301,B,70
5264,2024-05-11,4,7140,B,62
5265,2024-05-11,5,9319,A,36
5266,2024-05-11,7,6677,C,44
5267,2024-05-11,8,8272,A,69
5268,2024-05-11,10,12766,B,45
5269,2024-05-11,11,4877,C,47
5270,2024-05-11,12,9983,B,30
5271,2024-05-11,13,11071,B,64
5272,2024-05-11,14,3889,A,67
5273,2024-05-11,16,4635,B,40
5274,2024-05-11,17,3438,B,65
5275,2024-05-11,18,16401,A,67
5276,2024-05-12,1,7067,B,59
5277,2024-05-12,2,11031,C,50
5278,2024-05-12,5,9497,C,33
5279,2024-05-12,6,4292,C,63
5280,2024-05-12,7,6844,A,65
5281,2024-05-12,8,9830,A,74
5282,2024-05-12,10,12535,B,55
5283,2024-05-12,11,5205,A,72
5284,2024-05-12,12,10662,C,41
5285,2024-05-12,13,10749,A,65
5286,2024-05-12,14,3999,A,66
5287,2024-05-12,15,9680,C,63
5288,2024-05-12,17,3622,A,45
5289,2024-05-12,18,15640,B,59
5290,2024-05-13,1,7617,C,64
5291,2024-05-13,3,9406,A,66
5292,2024-05-13,4,7160,A,76
5293,2024-05-13,5,10286,A,66
5294,2024-05-13,6,5539,A,71
5295,2024-05-13,7,6675,B,49
5296,2024-05-13,8,8193,B,64
5297,2024-05-13,9,9865,B,59
5298,2024-05-13,10,12110,C,38
5299,2024-05-13,11,5202,B,51
5300,2024-05-13,12,10387,C,30
5301,2024-05-13,14,3345,B,63
5302,2024-05-13,15,10825,A,59
5303,2024-05-13,16,4653,B,66
5304,2024-05-13,17,3683,A,49
5305,2024-05-13,18,13559,C,52
5306,2024-05-14,1,6726,A,73
5307,2024-05-14,2,11282,B,64
5308,2024-05-14,3,7118,A,69
5309,2024-05-14,4,6457,C,42
5310,2024-05-14,6,4131,A,55
5311,2024-05-14,7,5309,C,64
5312,2024-05-14,8,8206,A,53
5313,2024-05-14,9,8655,C,57
5314,2024-05-14,10,13910,B,53
5315,2024-05-14,12,10359,A,54
5316,2024-05-14,13,10151,A,74
5317,2024-05-14,14,3173,B,47
5318,2024-05-14,15,10911,C,33
5319,2024-05-14,16,5487,A,57
5320,2024-05-14,17,3492,A,56
5321,2024-05-14,18,15093,B,58
5322,2024-05-15,1,7003,C,53
5323,2024-05-15,3,9022,A,69
5324,2024-05-15,4,6997,A,62
5325,2024-05-15,5,9997,A,72
5326,2024-05-15,6,4157,A,74
5327,2024-05-15,7,6736,C,43
5328,2024-05-15,8,7367,B,59
5329,2024-05-15,9,9680,C,43
5330,2024-05-15,10,15027,C,47
5331,2024-05-15,11,5509,B,59
5332,2024-05-15,12,11733,A,71
5333,2024-05-15,13,11982,A,63
5334,2024-05-15,14,2887,B,53
5335,2024-05-15,15,10694,A,55
5336,2024-05-15,16,4138,B,70
5337,2024-05-15,17,3959,B,44
5338,2024-05-15,18,15003,B,37
5339,2024-05-16,1,7160,A,39
5340,2024-05-16,2,9657,B,39
5341,2024-05-16,3,9257,B,39
5342,2024-05-16,4,7115,B,50
5343,2024-05-16,5,10013,B,45
5344,2024-05-16,6,4285,B,62
5345,2024-05-16,7,5287,A,69
5346,2024-05-16,8,8958,A,78
5347,2024-05-16,10,13546,C,55
5348,2024-05-16,11,4486,B,57
5349,2024-05-16,12,11893,B,35
5350,2024-05-16,13,13037,A,74
5351,2024-05-16,14,4002,B,68
5352,2024-05-16,15,9349,B,88
5353,2024-05-16,16,5146,B,62
5354,2024-05-16,17,4274,C,73
5355,2024-05-16,18,14019,A,68
5356,2024-05-17,1,6567,B,60
5357,2024-05-17,2,10526,A,69
5358,2024-05-17,3,9687,B,62
5359,2024-05-17,4,6918,B,63
5360,2024-05-17,5,9874,B,67
5361,2024-05-17,6,4575,B,30
5362,2024-05-17,7,6644,C,43
5363,2024-05-17,8,8963,A,90
5364,2024-05-17,9,8971,C,41
5365,2024-05-17,11,4668,A,73
5366,2024-05-17,13,11928,B,61
5367,2024-05-17,16,4384,C,42
5368,2024-05-17,17,3745,B,48
5369,2024-05-17,18,13583,B,56
5370,2024-05-18,1,6907,C,53
5371,2024-05-18,2,9977,C,37
5372,2024-05-18,3,8288,C,50
5373,2024-05-18,4,5760,C,63
5374,2024-05-18,5,9769,B,59
5375,2024-05-18,6,4319,A,69
5376,2024-05-18,7,6017,C,30
5377,2024-05-18,8,8854,C,64
5378,2024-05-18,10,14673,B,54
5379,2024-05-18,12,10868,A,56
5380,2024-05-18,13,11993,A,76
5381,2024-05-18,14,3701,B,46
5382,2024-05-18,15,10334,C,65
5383,2024-05-18,16,4513,A,59
5384,2024-05-18,17,3715,A,67
5385,2024-05-18,18,16024,A,76
5386,2024-05-19,1,6792,C,42
5387,2024-05-19,2,10208,B,45
5388,2024-05-19,3,9082,C,41
5389,2024-05-19,4,7003,B,46
5390,2024-05-19,6,4708,C,43
5391,2024-05-19,7,6547,A,73
5392,2024-05-19,8,7909,B,64
5393,2024-05-19,10,15603,B,53
5394,2024-05-19,11,4770,B,44
5395,2024-05-19,12,9932,C,45
5396,2024-05-19,13,12205,A,72
5397,2024-05-19,14,3192,B,62
5398,2024-05-19,15,9513,B,50
5399,2024-05-19,16,4103,B,64
5400,2024-05-19,17,3941,B,47
5401,2024-05-19,18,15816,A,63
5402,2024-05-20,1,6838,B,62
5403,2024-05-20,2,11209,A,39
5404,2024-05-20,3,8352,B,53
5405,2024-05-20,4,8138,B,47
5406,2024-05-20,5,8984,A,66
5407,2024-05-20,6,4137,B,68
5408,2024-05-20,7,5538,B,48
5409,2024-05-20,8,7857,A,67
5410,2024-05-20,9,8788,B,57
5411,2024-05-20,10,13038,B,61
5412,2024-05-20,11,6431,B,55
5413,2024-05-20,12,10380,B,45
5414,2024-05-20,13,12972,A,69
5415,2024-05-20,14,3811,A,49
5416,2024-05-20,15,11325,A,61
5417,2024-05-20,16,4674,A,61
5418,2024-05-20,18,13976,B,61
5419,2024-05-21,2,12135,B,60
5420,2024-05-21,4,6715,A,64
5421,2024-05-21,5,11252,B,49
5422,2024-05-21,6,3992,C,69
5423,2024-05-21,7,6780,A,79
5424,2024-05-21,9,7859,C,38
5425,2024-05-21,10,13223,A,71
5426,2024-05-21,11,5272,B,79
5427,2024-05-21,12,10852,A,64
5428,2024-05-21,13,12515,B,67
5429,2024-05-21,15,8245,B,58
5430,2024-05-21,16,5480,A,52
5431,2024-05-21,17,3698,B,39
5432,2024-05-21,18,14496,B,63
5433,2024-05-22,1,6798,A,62
5434,2024-05-22,2,11043,B,60
5435,2024-05-22,3,8374,A,69
5436,2024-05-22,4,6511,B,58
5437,2024-05-22,5,9663,B,89
5438,2024-05-22,6,3842,A,62
5439,2024-05-22,7,5472,A,65
5440,2024-05-22,8,8384,C,72
5441,2024-05-22,9,8919,A,58
5442,2024-05-22,10,14316,A,77
5443,2024-05-22,11,5031,B,62
5444,2024-05-22,12,10410,C,52
5445,2024-05-22,13,11812,A,86
5446,2024-05-22,15,9570,B,71
5447,2024-05-22,16,4993,B,55
5448,2024-05-22,17,3979,A,75
5449,2024-05-22,18,16848,B,46
5450,2024-05-23,1,7055,A,47
5451,2024-05-23,2,9681,A,81
5452,2024-05-23,3,8726,A,64
5453,2024-05-23,4,7121,B,55
5454,2024-05-23,5,10795,B,74
5455,2024-05-23,6,3690,B,65
5456,2024-05-23,7,5867,A,67
5457,2024-05-23,8,7608,A,70
5458,2024-05-23,10,15533,B,55
5459,2024-05-23,11,4854,C,40
5460,2024-05-23,13,12236,A,71
5461,2024-05-23,15,9790,A,71
5462,2024-05-23,17,3500,A,72
5463,2024-05-23,18,14334,B,53
5464,2024-05-24,1,7573,A,64
5465,2024-05-24,2,11086,A,69
5466,2024-05-24,3,8301,C,44
5467,2024-05-24,4,7087,A,66
5468,2024-05-24,6,4302,A,71
5469,2024-05-24,7,5704,A,71
5470,2024-05-24,8,7544,A,62
5471,2024-05-24,9,8724,B,36
5472,2024-05-24,10,13177,A,80
5473,2024-05-24,11,4869,B,41
5474,2024-05-24,12,11160,C,33
5475,2024-05-24,13,10602,B,48
5476,2024-05-24,14,3249,A,62
5477,2024-05-24,15,7884,C,63
5478,2024-05-24,16,5287,C,42
5479,2024-05-24,17,3328,C,51
5480,2024-05-24,18,15627,C,60
5481,2024-05-25,1,7306,B,42
5482,2024-05-25,2,11730,A,75
5483,2024-05-25,3,9490,B,49
5484,2024-05-25,4,7574,A,67
5485,2024-05-25,6,4380,B,52
5486,2024-05-25,7,5329,B,59
5487,2024-05-25,8,8046,B,54
5488,2024-05-25,9,9403,B,52
5489,2024-05-25,10,12283,A,69
5490,2024-05-25,11,5075,A,69
5491,2024-05-25,13,12120,A,61
5492,2024-05-25,15,9066,B,59
5493,2024-05-25,16,5371,A,40
5494,2024-05-25,17,3635,B,48
5495,2024-05-25,18,15182,B,54
5496,2024-05-26,2,10183,B,61
5497,2024-05-26,3,9639,C,53
5498,2024-05-26,5,10755,C,57
5499,2024-05-26,6,4261,A,68
5500,2024-05-26,7,6246,B,59
5501,2024-05-26,10,14444,C,43
5502,2024-05-26,11,5108,B,66
5503,2024-05-26,12,10042,A,72
5504,2024-05-26,13,10493,B,55
5505,2024-05-26,14,3379,A,55
5506,2024-05-26,16,4930,B,63
5507,2024-05-26,17,3672,C,63
5508,2024-05-26,18,16040,B,51
5509,2024-05-27,2,10590,B,46
5510,2024-05-27,3,8851,C,57
5511,2024-05-27,4,7319,A,48
5512,2024-05-27,6,4934,C,72
5513,2024-05-27,7,7095,A,73
5514,2024-05-27,8,7970,A,67
5515,2024-05-27,9,9269,B,53
5516,2024-05-27,10,14628,C,43
5517,2024-05-27,11,4878,B,47
5518,2024-05-27,12,10057,C,53
5519,2024-05-27,14,3563,C,50
5520,2024-05-27,16,5685,B,48
5521,2024-05-27,17,3422,C,40
5522,2024-05-27,18,14360,A,55
5523,2024-05-28,1,7258,A,79
5524,2024-05-28,3,9048,A,70
5525,2024-05-28,5,9394,A,71
5526,2024-05-28,6,4929,C,79
5527,2024-05-28,7,7522,C,59
5528,2024-05-28,8,8639,B,61
5529,2024-05-28,9,9825,B,47
5530,2024-05-28,10,13756,A,51
5531,2024-05-28,11,4952,B,67
5532,2024-05-28,12,9370,B,59
5533,2024-05-28,13,8597,A,73
5534,2024-05-28,14,3314,A,58
5535,2024-05-28,15,11490,C,59
5536,2024-05-28,18,15527,A,59
5537,2024-05-29,1,6885,B,67
5538,2024-05-29,2,10033,A,65
5539,2024-05-29,4,6835,C,58
5540,2024-05-29,5,10410,C,44
5541,2024-05-29,6,4368,C,45
5542,2024-05-29,7,6247,A,49
5543,2024-05-29,8,8381,B,49
5544,2024-05-29,9,9519,A,63
5545,2024-05-29,10,13135,A,75
5546,2024-05-29,11,5607,A,77
5547,2024-05-29,12,9867,A,52
5548,2024-05-29,13,11777,B,82
5549,2024-05-29,14,3212,B,46
5550,2024-05-29,15,11468,C,68
5551,2024-05-29,16,5156,B,51
5552,2024-05-29,17,3549,B,48
5553,2024-05-29,18,15624,B,86
5554,2024-05-30,1,7974,A,71
5555,2024-05-30,2,11260,A,66
5556,2024-05-30,3,8804,C,59
5557,2024-05-30,4,7101,C,41
5558,2024-05-30,5,9240,A,61
5559,2024-05-30,6,3844,A,63
5560,2024-05-30,7,6753,A,65
5561,2024-05-30,8,8136,B,44
5562,2024-05-30,9,8885,C,60
5563,2024-05-30,10,14843,B,52
5564,2024-05-30,11,5624,A,75
5565,2024-05-30,12,12252,B,64
5566,2024-05-30,13,10823,C,49
5567,2024-05-30,14,3235,C,55
5568,2024-05-30,15,10560,B,74
5569,2024-05-30,16,4575,C,42
5570,2024-05-30,17,3349,B,55
5571,2024-05-30,18,15700,B,54
5572,2024-05-31,1,6346,A,75
5573,2024-05-31,2,10601,A,52
5574,2024-05-31,3,8984,B,55
5575,2024-05-31,4,7483,B,59
5576,2024-05-31,5,10000,B,40
5577,2024-05-31,6,4285,B,46
5578,2024-05-31,7,6314,B,33
5579,2024-05-31,8,8450,A,66
5580,2024-05-31,9,8763,A,73
5581,2024-05-31,10,14330,C,35
5582,2024-05-31,11,5165,C,77
5583,2024-05-31,12,9919,B,48
5584,2024-05-31,13,12425,B,71
5585,2024-05-31,14,3948,A,67
5586,2024-05-31,15,10462,B,47
5587,2024-05-31,16,5134,B,53
5588,2024-05-31,17,3662,B,50
5589,2024-05-31,18,15514,C,50
5590,2024-06-01,1,6329,B,90
5591,2024-06-01,2,11064,A,64
5592,2024-06-01,3,10911,C,37
5593,2024-06-01,4,7396,A,73
5594,2024-06-01,5,11046,B,63
5595,2024-06-01,6,4273,B,46
5596,2024-06-01,7,6446,A,74
5597,2024-06-01,8,7667,C,39
5598,2024-06-01,9,9328,B,57
5599,2024-06-01,10,12904,A,55
5600,2024-06-01,12,9579,A,51
5601,2024-06-01,13,11767,B,42
5602,2024-06-01,14,3454,C,44
5603,2024-06-01,15,10260,C,40
5604,2024-06-01,16,4974,B,83
5605,2024-06-01,17,3958,A,48
5606,2024-06-01,18,15841,B,56
5607,2024-06-02,1,6460,B,58
5608,2024-06-02,2,9945,B,47
5609,2024-06-02,3,8218,A,74
5610,2024-06-02,4,6282,A,54
5611,2024-06-02,5,10856,B,57
5612,2024-06-02,7,6029,A,74
5613,2024-06-02,8,8398,B,62
5614,2024-06-02,10,13803,A,34
5615,2024-06-02,11,5281,A,56
5616,2024-06-02,12,10861,A,63
5617,2024-06-02,13,12437,B,39
5618,2024-06-02,14,2855,A,52
5619,2024-06-02,15,8038,A,69
5620,2024-06-02,16,5092,B,57
5621,2024-06-02,17,3695,A,78
5622,2024-06-02,18,18119,A,76
5623,2024-06-03,1,5632,A,75
5624,2024-06-03,2,10330,A,45
5625,2024-06-03,3,10077,B,53
5626,2024-06-03,4,7368,A,52
5627,2024-06-03,5,10218,A,81
5628,2024-06-03,6,4237,A,59
5629,2024-06-03,7,6296,A,72
5630,2024-06-03,9,10118,A,51
5631,2024-06-03,10,12262,A,45
5632,2024-06-03,11,5693,B,53
5633,2024-06-03,12,10496,A,75
5634,2024-06-03,13,10422,B,53
5635,2024-06-03,14,3252,C,64
5636,2024-06-03,16,4621,A,66
5637,2024-06-03,18,18575,B,77
5638,2024-06-04,1,6500,B,70
5639,2024-06-04,2,11324,A,45
5640,2024-06-04,3,9739,A,77
5641,2024-06-04,4,6878,A,82
5642,2024-06-04,5,9410,C,39
5643,2024-06-04,6,4253,A,72
5644,2024-06-04,7,6466,A,72
5645,2024-06-04,8,7327,A,65
5646,2024-06-04,9,9967,A,45
5647,2024-06-04,10,14503,C,51
5648,2024-06-04,12,10424,A,67
5649,2024-06-04,13,12359,B,76
5650,2024-06-04,14,3419,B,33
5651,2024-06-04,15,10288,B,39
5652,2024-06-04,16,4939,A,60
5653,2024-06-04,17,3433,C,40
5654,2024-06-04,18,14628,A,81
5655,2024-06-05,1,6373,C,70
5656,2024-06-05,2,10386,A,58
5657,2024-06-05,3,9223,A,60
5658,2024-06-05,4,6954,A,76
5659,2024-06-05,5,10733,A,74
5660,2024-06-05,6,4349,B,54
5661,2024-06-05,8,8991,B,53
5662,2024-06-05,9,8706,B,68
5663,2024-06-05,10,13461,B,60
5664,2024-06-05,11,5360,B,47
5665,2024-06-05,12,11784,A,73
5666,2024-06-05,13,13333,B,46
5667,2024-06-05,15,10709,C,52
5668,2024-06-05,16,4570,C,41
5669,2024-06-05,17,4129,B,47
5670,2024-06-05,18,12557,B,59
5671,2024-06-06,1,6867,A,79
5672,2024-06-06,2,12184,C,44
5673,2024-06-06,3,10289,A,82
5674,2024-06-06,4,6954,B,49
5675,2024-06-06,5,10222,C,38
5676,2024-06-06,6,4260,B,56
5677,2024-06-06,8,7741,C,43
5678,2024-06-06,9,9026,A,73
5679,2024-06-06,10,13270,A,70
5680,2024-06-06,12,11055,B,54
5681,2024-06-06,15,10443,B,52
5682,2024-06-06,16,4049,A,75
5683,2024-06-06,17,3856,A,68
5684,2024-06-06,18,16150,A,66
5685,2024-06-07,1,6971,A,53
5686,2024-06-07,3,9289,A,65
5687,2024-06-07,4,6831,C,60
5688,2024-06-07,6,4563,B,61
5689,2024-06-07,7,6170,B,43
5690,2024-06-07,8,8388,A,65
5691,2024-06-07,9,9589,A,66
5692,2024-06-07,11,5085,B,73
5693,2024-06-07,12,10141,A,51
5694,2024-06-07,13,12132,A,72
5695,2024-06-07,14,3143,B,40
5696,2024-06-07,15,9477,A,74
5697,2024-06-07,16,5279,A,55
5698,2024-06-07,17,3999,B,70
5699,2024-06-08,1,7803,B,52
5700,2024-06-08,3,9301,B,41
5701,2024-06-08,4,7573,A,62
5702,2024-06-08,5,10845,C,38
5703,2024-06-08,6,4617,B,48
5704,2024-06-08,7,6609,A,79
5705,2024-06-08,8,9104,A,72
5706,2024-06-08,9,9878,C,60
5707,2024-06-08,10,13793,C,44
5708,2024-06-08,11,5317,C,39
5709,2024-06-08,12,10230,C,35
5710,2024-06-08,13,11566,A,68
5711,2024-06-08,14,4049,B,33
5712,2024-06-08,16,4301,C,42
5713,2024-06-08,17,3798,C,41
5714,2024-06-08,18,16725,B,54
5715,2024-06-09,1,7301,B,62
5716,2024-06-09,2,11504,A,46
5717,2024-06-09,3,8982,C,51
5718,2024-06-09,4,6868,B,60
5719,2024-06-09,5,10186,A,61
5720,2024-06-09,6,4161,B,49
5721,2024-06-09,7,5670,A,52
5722,2024-06-09,8,8945,B,51
5723,2024-06-09,9,9784,C,46
5724,2024-06-09,10,14733,B,54
5725,2024-06-09,11,4787,B,40
5726,2024-06-09,12,10164,B,59
5727,2024-06-09,13,10932,A,85
5728,2024-06-09,14,3385,B,58
5729,2024-06-09,15,11416,B,49
5730,2024-06-09,16,4931,B,52
5731,2024-06-09,17,3934,A,66
5732,2024-06-10,2,9490,C,52
5733,2024-06-10,4,6295,A,80
5734,2024-06-10,5,11188,C,44
5735,2024-06-10,7,6173,A,62
5736,2024-06-10,8,8351,A,64
5737,2024-06-10,10,14399,C,59
5738,2024-06-10,11,5181,A,68
5739,2024-06-10,12,11331,B,63
5740,2024-06-10,13,12106,B,58
5741,2024-06-10,14,3731,B,45
5742,2024-06-10,15,10972,A,75
5743,2024-06-10,16,5019,A,56
5744,2024-06-10,17,3432,A,61
5745,2024-06-10,18,15488,A,64
5746,2024-06-11,1,6297,C,62
5747,2024-06-11,2,9197,C,59
5748,2024-06-11,3,9811,B,48
5749,2024-06-11,5,9312,C,42
5750,2024-06-11,6,4136,A,51
5751,2024-06-11,7,7147,B,61
5752,2024-06-11,8,8086,A,77
5753,2024-06-11,9,8187,A,65
5754,2024-06-11,10,13577,B,55
5755,2024-06-11,11,5602,C,54
5756,2024-06-11,12,10329,B,54
5757,2024-06-11,13,10036,B,53
5758,2024-06-11,14,3079,B,70
5759,2024-06-11,15,11014,A,60
5760,2024-06-11,16,5017,C,67
5761,2024-06-11,17,3545,C,35
5762,2024-06-11,18,16808,B,58
5763,2024-06-12,1,7052,B,77
5764,2024-06-12,2,9398,B,61
5765,2024-06-12,3,8569,B,53
5766,2024-06-12,5,7612,B,60
5767,2024-06-12,6,3907,B,72
5768,2024-06-12,7,6776,B,42
5769,2024-06-12,8,8959,A,62
5770,2024-06-12,9,8373,B,82
5771,2024-06-12,10,14589,C,55
5772,2024-06-12,11,4824,B,35
5773,2024-06-12,12,9071,B,49
5774,2024-06-12,13,11030,A,45
5775,2024-06-12,14,2742,B,63
5776,2024-06-12,15,9749,A,71
5777,2024-06-12,16,4778,B,50
5778,2024-06-12,18,16981,B,61
5779,2024-06-13,1,6068,C,52
5780,2024-06-13,2,11786,A,52
5781,2024-06-13,3,8068,C,42
5782,2024-06-13,4,7594,A,66
5783,2024-06-13,6,4625,A,65
5784,2024-06-13,7,6868,C,37
5785,2024-06-13,8,8778,B,53
5786,2024-06-13,9,9298,B,44
5787,2024-06-13,10,14190,B,37
5788,2024-06-13,11,4714,B,57
5789,2024-06-13,12,10549,A,73
5790,2024-06-13,13,9794,B,54
5791,2024-06-13,14,3011,B,59
5792,2024-06-13,15,11084,A,74
5793,2024-06-13,17,4150,A,56
5794,2024-06-13,18,13706,B,48
5795,2024-06-14,1,7779,B,54
5796,2024-06-14,2,10232,A,67
5797,2024-06-14,3,8874,A,58
5798,2024-06-14,4,7248,C,72
5799,2024-06-14,6,4195,B,39
5800,2024-06-14,7,6211,C,58
5801,2024-06-14,9,9349,A,68
5802,2024-06-14,10,13280,B,44
5803,2024-06-14,11,5102,A,56
5804,2024-06-14,12,9288,A,66
5805,2024-06-14,13,10769,B,45
5806,2024-06-14,14,2511,A,51
5807,2024-06-14,16,5073,B,47
5808,2024-06-14,18,14409,A,68
5809,2024-06-15,1,7425,B,60
5810,2024-06-15,2,12896,A,65
5811,2024-06-15,5,8826,A,56
5812,2024-06-15,6,4603,A,64
5813,2024-06-15,8,7798,C,49
5814,2024-06-15,9,8300,A,65
5815,2024-06-15,10,13612,C,53
5816,2024-06-15,11,4971,A,53
5817,2024-06-15,12,12440,A,74
5818,2024-06-15,13,11997,B,36
5819,2024-06-15,15,10624,A,65
5820,2024-06-15,17,3764,B,42
5821,2024-06-15,18,15286,C,30
5822,2024-06-16,1,6530,B,55
5823,2024-06-16,2,10222,A,72
5824,2024-06-16,3,8974,A,46
5825,2024-06-16,4,8289,A,64
5826,2024-06-16,5,9407,A,80
5827,2024-06-16,6,3625,B,64
5828,2024-06-16,7,6696,A,57
5829,2024-06-16,8,6947,C,42
5830,2024-06-16,9,9132,B,54
5831,2024-06-16,10,13586,C,30
5832,2024-06-16,11,5326,A,66
5833,2024-06-16,12,9772,A,47
5834,2024-06-16,13,11872,A,82
5835,2024-06-16,15,10504,B,53
5836,2024-06-16,16,5567,C,34
5837,2024-06-16,17,3563,B,49
5838,2024-06-17,1,5855,C,35
5839,2024-06-17,2,10863,B,57
5840,2024-06-17,3,9913,A,81
5841,2024-06-17,4,7060,B,39
5842,2024-06-17,5,12456,B,60
5843,2024-06-17,6,4988,A,63
5844,2024-06-17,7,6973,A,71
5845,2024-06-17,8,8431,A,68
5846,2024-06-17,9,9560,A,74
5847,2024-06-17,10,14305,B,66
5848,2024-06-17,11,4879,C,42
5849,2024-06-17,12,10453,A,50
5850,2024-06-17,13,11457,C,59
5851,2024-06-17,14,3142,A,65
5852,2024-06-17,15,10107,B,69
5853,2024-06-17,16,4981,C,57
5854,2024-06-17,17,3484,B,51
5855,2024-06-17,18,15137,C,57
5856,2024-06-18,1,7520,A,51
5857,2024-06-18,2,12026,B,52
5858,2024-06-18,3,8690,A,59
5859,2024-06-18,4,7619,A,52
5860,2024-06-18,6,4729,C,56
5861,2024-06-18,7,5231,A,61
5862,2024-06-18,8,8273,C,53
5863,2024-06-18,9,8262,C,63
5864,2024-06-18,10,13345,C,42
5865,2024-06-18,11,5759,A,58
5866,2024-06-18,12,10809,A,72
5867,2024-06-18,13,11567,B,89
5868,2024-06-18,15,9504,B,59
5869,2024-06-18,17,3774,B,52
5870,2024-06-18,18,15951,C,34
5871,2024-06-19,1,6723,A,66
5872,2024-06-19,2,12423,B,50
5873,2024-06-19,3,8989,A,48
5874,2024-06-19,4,6830,A,68
5875,2024-06-19,5,10803,A,60
5876,2024-06-19,6,3949,B,47
5877,2024-06-19,8,9085,B,54
5878,2024-06-19,11,4541,C,55
5879,2024-06-19,12,10345,C,57
5880,2024-06-19,13,9689,A,48
5881,2024-06-19,14,3444,B,46
5882,2024-06-19,15,10139,A,70
5883,2024-06-19,16,4534,B,45
5884,2024-06-20,1,7457,A,75
5885,2024-06-20,2,12470,B,62
5886,2024-06-20,3,9062,C,38
5887,2024-06-20,4,7209,C,61
5888,2024-06-20,6,3957,C,74
5889,2024-06-20,7,6848,A,63
5890,2024-06-20,8,8567,A,50
5891,2024-06-20,9,8825,B,57
5892,2024-06-20,10,15914,A,65
5893,2024-06-20,11,5571,A,58
5894,2024-06-20,12,10344,A,51
5895,2024-06-20,13,11071,A,53
5896,2024-06-20,14,3562,B,73
5897,2024-06-20,15,11012,A,76
5898,2024-06-20,16,5060,A,76
5899,2024-06-20,17,3823,B,56
5900,2024-06-20,18,17541,B,56
5901,2024-06-21,1,5920,C,44
5902,2024-06-21,2,11740,B,53
5903,2024-06-21,3,9632,B,59
5904,2024-06-21,4,7378,A,68
5905,2024-06-21,5,8499,A,65
5906,2024-06-21,6,5088,A,57
5907,2024-06-21,8,9217,B,52
5908,2024-06-21,9,10016,B,47
5909,2024-06-21,10,14783,B,51
5910,2024-06-21,12,10947,B,52
5911,2024-06-21,14,3721,C,55
5912,2024-06-21,15,9846,A,65
5913,2024-06-21,16,5150,B,63
5914,2024-06-21,17,3596,A,62
5915,2024-06-21,18,16130,A,65
5916,2024-06-22,1,6460,B,44
5917,2024-06-22,2,11582,B,51
5918,2024-06-22,4,7588,A,81
5919,2024-06-22,5,10067,C,50
5920,2024-06-22,6,4223,B,47
5921,2024-06-22,7,5866,A,46
5922,2024-06-22,8,7863,A,75
5923,2024-06-22,10,12912,A,70
5924,2024-06-22,11,4336,B,52
5925,2024-06-22,12,11883,B,58
5926,2024-06-22,13,10809,B,50
5927,2024-06-22,14,3314,B,62
5928,2024-06-22,15,10935,B,57
5929,2024-06-22,17,3842,B,79
5930,2024-06-22,18,14365,B,82
5931,2024-06-23,1,6788,B,58
5932,2024-06-23,2,11212,B,53
5933,2024-06-23,3,8582,B,67
5934,2024-06-23,4,7499,B,44
5935,2024-06-23,5,9989,A,57
5936,2024-06-23,6,4188,C,63
5937,2024-06-23,7,5577,B,61
5938,2024-06-23,8,9086,A,78
5939,2024-06-23,9,8353,A,66
5940,2024-06-23,10,14377,B,67
5941,2024-06-23,11,5159,B,58
5942,2024-06-23,12,11240,A,70
5943,2024-06-23,13,11958,A,68
5944,2024-06-23,14,3154,C,56
5945,2024-06-23,15,10808,B,57
5946,2024-06-23,16,5102,B,63
5947,2024-06-23,17,3584,A,68
5948,2024-06-23,18,15234,B,62
5949,2024-06-24,1,6811,B,33
5950,2024-06-24,2,11372,B,50
5951,2024-06-24,4,7396,A,72
5952,2024-06-24,5,9880,C,62
5953,2024-06-24,6,3674,A,49
5954,2024-06-24,7,5924,A,59
5955,2024-06-24,8,7976,B,80
5956,2024-06-24,9,8766,A,70
5957,2024-06-24,10,13879,B,54
5958,2024-06-24,11,4960,C,64
5959,2024-06-24,12,11843,A,56
5960,2024-06-24,13,10625,A,65
5961,2024-06-24,15,9962,C,30
5962,2024-06-24,16,4775,B,51
5963,2024-06-24,17,3812,A,74
5964,2024-06-24,18,15323,A,70
5965,2024-06-25,2,10233,B,60
5966,2024-06-25,4,6740,B,54
5967,2024-06-25,7,5504,A,69
5968,2024-06-25,8,8846,A,71
5969,2024-06-25,9,9031,C,61
5970,2024-06-25,12,9703,A,67
5971,2024-06-25,13,10859,B,69
5972,2024-06-25,14,3611,B,69
5973,2024-06-25,15,11340,A,49
5974,2024-06-25,17,4102,C,52
5975,2024-06-25,18,16051,A,75
5976,2024-06-26,1,7123,B,37
5977,2024-06-26,2,10004,C,41
5978,2024-06-26,4,6598,B,69
5979,2024-06-26,5,10422,C,39
5980,2024-06-26,6,4406,B,53
5981,2024-06-26,8,7356,B,64
5982,2024-06-26,9,8817,B,49
5983,2024-06-26,10,13900,B,71
5984,2024-06-26,11,4382,A,68
5985,2024-06-26,12,10859,A,64
5986,2024-06-26,13,9506,C,74
5987,2024-06-26,14,3420,B,36
5988,2024-06-26,15,9916,B,69
5989,2024-06-26,16,5246,A,70
5990,2024-06-26,17,3077,A,46
5991,2024-06-26,18,15895,B,64
5992,2024-06-27,1,6205,B,74
5993,2024-06-27,2,10702,C,62
5994,2024-06-27,4,7098,B,58
5995,2024-06-27,5,10083,A,69
5996,2024-06-27,6,4745,B,50
5997,2024-06-27,7,6188,C,54
5998,2024-06-27,9,8943,A,63
5999,2024-06-27,10,15058,B,61
6000,2024-06-27,11,5060,A,64
6001,2024-06-27,12,10722,C,47
6002,2024-06-27,13,11143,B,71
6003,2024-06-27,14,3984,A,46
6004,2024-06-27,15,11439,A,70
6005,2024-06-27,16,5240,B,62
6006,2024-06-27,17,3925,B,68
6007,2024-06-27,18,17945,A,48
6008,2024-06-28,2,10559,A,66
6009,2024-06-28,3,9467,B,55
6010,2024-06-28,4,7430,A,84
6011,2024-06-28,5,9174,B,50
6012,2024-06-28,6,3986,A,47
6013,2024-06-28,7,6170,B,55
6014,2024-06-28,8,7006,A,56
6015,2024-06-28,9,9343,B,67
6016,2024-06-28,11,5458,B,73
6017,2024-06-28,12,10887,A,47
6018,2024-06-28,13,10418,A,46
6019,2024-06-28,14,3274,B,53
6020,2024-06-28,15,10560,B,49
6021,2024-06-28,16,4935,B,65
6022,2024-06-28,17,3236,B,58
6023,2024-06-28,18,14847,B,38
6024,2024-06-29,1,6850,A,78
6025,2024-06-29,2,10317,B,51
6026,2024-06-29,3,8562,A,60
6027,2024-06-29,4,6791,B,60
6028,2024-06-29,5,10603,C,51
6029,2024-06-29,6,3942,C,68
6030,2024-06-29,7,6491,A,47
6031,2024-06-29,8,8150,C,84
6032,2024-06-29,9,8975,B,34
6033,2024-06-29,10,13681,C,30
6034,2024-06-29,11,5300,B,54
6035,2024-06-29,12,11756,B,53
6036,2024-06-29,14,3149,B,35
6037,2024-06-29,15,10193,B,60
6038,2024-06-29,16,4482,C,40
6039,2024-06-29,17,4053,A,67
6040,2024-06-29,18,15891,B,62
6041,2024-06-30,1,7064,A,71
6042,2024-06-30,2,11301,B,81
6043,2024-06-30,3,8162,A,64
6044,2024-06-30,4,7503,B,50
6045,2024-06-30,5,8614,B,60
6046,2024-06-30,6,4650,B,57
6047,2024-06-30,7,6676,A,75
6048,2024-06-30,8,8621,B,53
6049,2024-06-30,10,14895,B,59
6050,2024-06-30,11,5086,A,77
6051,2024-06-30,12,10403,C,42
6052,2024-06-30,13,10543,A,59
6053,2024-06-30,14,3506,A,45
6054,2024-06-30,15,9481,B,56
6055,2024-06-30,16,4650,A,76
6056,2024-06-30,17,3502,C,47
6057,2024-06-30,18,18320,C,53
6058,2024-07-01,1,7171,B,50
6059,2024-07-01,2,11523,B,58
6060,2024-07-01,3,8569,C,41
6061,2024-07-01,4,7717,B,63
6062,2024-07-01,5,8532,A,53
6063,2024-07-01,6,4849,A,73
6064,2024-07-01,7,6668,A,72
6065,2024-07-01,8,7981,A,76
6066,2024-07-01,9,7856,C,56
6067,2024-07-01,10,14006,C,39
6068,2024-07-01,11,5257,A,71
6069,2024-07-01,12,10246,B,52
6070,2024-07-01,15,10134,A,66
6071,2024-07-01,16,5122,B,57
6072,2024-07-01,17,3331,A,66
6073,2024-07-01,18,14694,A,73
6074,2024-07-02,1,6175,B,45
6075,2024-07-02,2,10781,C,39
6076,2024-07-02,3,8887,B,60
6077,2024-07-02,4,6407,A,62
6078,2024-07-02,5,10810,B,63
6079,2024-07-02,7,6731,C,43
6080,2024-07-02,8,7628,B,59
6081,2024-07-02,9,9385,A,69
6082,2024-07-02,10,13883,B,58
6083,2024-07-02,11,5052,A,53
6084,2024-07-02,12,11042,A,76
6085,2024-07-02,13,11279,A,67
6086,2024-07-02,15,10040,B,85
6087,2024-07-02,16,5847,A,70
6088,2024-07-02,17,3895,B,56
6089,2024-07-02,18,15595,B,52
6090,2024-07-03,1,5952,B,56
6091,2024-07-03,2,11970,B,55
6092,2024-07-03,5,10620,B,57
6093,2024-07-03,6,4876,B,37
6094,2024-07-03,8,8892,A,30
6095,2024-07-03,9,9035,A,63
6096,2024-07-03,11,4484,A,81
6097,2024-07-03,12,9084,B,58
6098,2024-07-03,14,3167,C,55
6099,2024-07-03,15,9179,B,67
6100,2024-07-03,16,4756,B,67
6101,2024-07-03,17,3798,A,52
6102,2024-07-04,1,7479,A,57
6103,2024-07-04,2,9727,B,59
6104,2024-07-04,3,7428,B,64
6105,2024-07-04,4,6836,A,63
6106,2024-07-04,5,10159,A,60
6107,2024-07-04,6,4501,A,60
6108,2024-07-04,8,8259,B,66
6109,2024-07-04,9,10272,B,64
6110,2024-07-04,10,13646,A,79
6111,2024-07-04,12,10389,B,49
6112,2024-07-04,13,11865,A,66
6113,2024-07-04,14,3284,B,47
6114,2024-07-04,15,10028,B,50
6115,2024-07-04,16,5067,A,70
6116,2024-07-04,17,3395,B,54
6117,2024-07-04,18,15517,B,44
6118,2024-07-05,1,6965,B,62
6119,2024-07-05,2,10539,B,63
6120,2024-07-05,3,9667,B,49
6121,2024-07-05,4,7084,A,88
6122,2024-07-05,5,9067,C,50
6123,2024-07-05,6,4880,A,80
6124,2024-07-05,7,6580,A,70
6125,2024-07-05,8,8002,A,73
6126,2024-07-05,9,8416,A,52
6127,2024-07-05,10,13759,B,47
6128,2024-07-05,11,4981,A,84
6129,2024-07-05,14,3906,C,59
6130,2024-07-05,16,4672,A,45
6131,2024-07-06,1,6379,C,49
6132,2024-07-06,3,9940,B,51
6133,2024-07-06,4,6624,B,57
6134,2024-07-06,5,9628,B,60
6135,2024-07-06,6,4463,B,64
6136,2024-07-06,7,5937,B,50
6137,2024-07-06,10,13104,B,52
6138,2024-07-06,11,4998,B,62
6139,2024-07-06,12,9810,B,47
6140,2024-07-06,14,3283,B,54
6141,2024-07-06,16,4508,B,47
6142,2024-07-06,17,3635,A,67
6143,2024-07-06,18,16707,C,47
6144,2024-07-07,1,7627,A,67
6145,2024-07-07,2,9106,B,46
6146,2024-07-07,3,9490,A,78
6147,2024-07-07,4,7662,A,57
6148,2024-07-07,6,3582,A,90
6149,2024-07-07,7,6196,B,62
6150,2024-07-07,8,10085,B,73
6151,2024-07-07,9,9550,A,69
6152,2024-07-07,10,12923,B,57
6153,2024-07-07,11,5408,C,51
6154,2024-07-07,12,11486,B,46
6155,2024-07-07,13,11461,A,69
6156,2024-07-07,15,11273,B,41
6157,2024-07-07,16,4624,A,85
6158,2024-07-07,17,3335,A,54
6159,2024-07-07,18,15598,A,48
6160,2024-07-08,1,6848,A,61
6161,2024-07-08,2,10634,A,45
6162,2024-07-08,3,8199,A,73
6163,2024-07-08,4,7149,B,51
6164,2024-07-08,5,8903,A,51
6165,2024-07-08,7,6397,C,35
6166,2024-07-08,8,9097,C,38
6167,2024-07-08,9,9352,A,57
6168,2024-07-08,10,12651,B,46
6169,2024-07-08,11,5370,B,49
6170,2024-07-08,14,3711,B,56
6171,2024-07-08,15,9204,B,51
6172,2024-07-08,16,4075,C,40
6173,2024-07-08,17,3377,B,62
6174,2024-07-08,18,14262,C,57
6175,2024-07-09,1,7425,B,54
6176,2024-07-09,2,10601,B,50
6177,2024-07-09,3,8875,B,30
6178,2024-07-09,4,6936,B,59
6179,2024-07-09,5,9603,A,69
6180,2024-07-09,7,6588,C,44
6181,2024-07-09,9,8366,B,60
6182,2024-07-09,10,12218,A,70
6183,2024-07-09,11,5308,A,54
6184,2024-07-09,12,10475,C,66
6185,2024-07-09,13,8701,A,49
6186,2024-07-09,14,3108,C,43
6187,2024-07-09,17,3724,B,62
6188,2024-07-09,18,16453,B,51
6189,2024-07-10,1,6822,B,49
6190,2024-07-10,2,12001,B,51
6191,2024-07-10,4,6120,A,61
6192,2024-07-10,5,10739,C,57
6193,2024-07-10,6,4167,A,32
6194,2024-07-10,7,5317,C,64
6195,2024-07-10,8,8618,B,60
6196,2024-07-10,9,7986,C,40
6197,2024-07-10,10,12781,A,57
6198,2024-07-10,11,4949,B,51
6199,2024-07-10,12,10838,B,56
6200,2024-07-10,13,12643,B,57
6201,2024-07-10,15,10101,A,74
6202,2024-07-10,17,3405,A,67
6203,2024-07-10,18,15638,A,90
6204,2024-07-11,1,7904,A,56
6205,2024-07-11,2,11245,C,44
6206,2024-07-11,3,9452,B,57
6207,2024-07-11,4,6186,B,61
6208,2024-07-11,5,11371,A,67
6209,2024-07-11,6,4349,B,63
6210,2024-07-11,7,6553,A,50
6211,2024-07-11,8,8439,B,64
6212,2024-07-11,9,10219,B,57
6213,2024-07-11,10,13557,B,59
6214,2024-07-11,12,11737,A,68
6215,2024-07-11,13,12068,A,54
6216,2024-07-11,14,3550,B,53
6217,2024-07-11,15,9410,A,65
6218,2024-07-11,17,3816,B,70
6219,2024-07-11,18,16591,B,68
6220,2024-07-12,1,7738,B,48
6221,2024-07-12,2,9828,A,49
6222,2024-07-12,4,7069,B,59
6223,2024-07-12,5,9864,B,60
6224,2024-07-12,6,4425,A,60
6225,2024-07-12,7,6083,B,48
6226,2024-07-12,8,6732,B,74
6227,2024-07-12,9,10129,B,34
6228,2024-07-12,10,13862,A,65
6229,2024-07-12,11,5230,B,58
6230,2024-07-12,12,10581,B,62
6231,2024-07-12,13,11887,A,42
6232,2024-07-12,14,3648,A,88
6233,2024-07-12,15,10825,A,51
6234,2024-07-12,16,4428,B,52
6235,2024-07-12,17,4130,B,80
6236,2024-07-12,18,14001,A,71
6237,2024-07-13,1,6650,B,59
6238,2024-07-13,2,12293,A,66
6239,2024-07-13,3,8490,B,46
6240,2024-07-13,4,5734,A,51
6241,2024-07-13,6,3447,B,53
6242,2024-07-13,7,6550,A,75
6243,2024-07-13,8,7876,B,66
6244,2024-07-13,12,11383,C,44
6245,2024-07-13,13,10857,A,51
6246,2024-07-13,15,9841,B,64
6247,2024-07-13,16,4543,B,65
6248,2024-07-14,1,7312,A,59
6249,2024-07-14,2,11751,A,78
6250,2024-07-14,3,9079,B,47
6251,2024-07-14,4,7474,C,47
6252,2024-07-14,5,8643,B,62
6253,2024-07-14,7,6584,A,85
6254,2024-07-14,8,8008,C,44
6255,2024-07-14,9,8766,B,59
6256,2024-07-14,10,11158,C,48
6257,2024-07-14,11,4096,B,61
6258,2024-07-14,12,11184,C,30
6259,2024-07-14,14,3190,B,56
6260,2024-07-14,15,10139,B,63
6261,2024-07-14,16,5427,B,69
6262,2024-07-14,17,3728,B,76
6263,2024-07-14,18,16370,B,59
6264,2024-07-15,1,7135,B,61
6265,2024-07-15,2,11204,B,67
6266,2024-07-15,5,10744,A,73
6267,2024-07-15,6,4164,C,57
6268,2024-07-15,7,6996,B,69
6269,2024-07-15,8,7079,B,61
6270,2024-07-15,9,10312,A,67
6271,2024-07-15,10,15481,C,57
6272,2024-07-15,11,4725,B,60
6273,2024-07-15,13,10768,C,43
6274,2024-07-15,14,3555,A,65
6275,2024-07-15,16,4968,B,58
6276,2024-07-15,17,4286,C,59
6277,2024-07-15,18,14894,B,53
6278,2024-07-16,1,7528,B,79
6279,2024-07-16,3,10071,B,44
6280,2024-07-16,4,8708,B,72
6281,2024-07-16,5,9550,B,61
6282,2024-07-16,7,6870,A,45
6283,2024-07-16,8,7557,A,65
6284,2024-07-16,9,8753,C,46
6285,2024-07-16,11,4783,C,52
6286,2024-07-16,14,3266,B,33
6287,2024-07-16,15,9539,A,57
6288,2024-07-16,16,4511,B,55
6289,2024-07-16,18,13863,A,89
6290,2024-07-17,2,9883,B,70
6291,2024-07-17,3,9528,B,42
6292,2024-07-17,4,8191,C,74
6293,2024-07-17,5,10457,C,64
6294,2024-07-17,6,4457,A,83
6295,2024-07-17,7,6867,A,79
6296,2024-07-17,8,7008,B,36
6297,2024-07-17,9,8743,A,62
6298,2024-07-17,10,14239,A,59
6299,2024-07-17,11,5111,C,61
6300,2024-07-17,12,9375,A,53
6301,2024-07-17,13,10571,B,69
6302,2024-07-17,14,3229,A,70
6303,2024-07-17,15,10797,A,59
6304,2024-07-17,16,4658,B,58
6305,2024-07-17,17,4042,A,50
6306,2024-07-17,18,15365,B,57
6307,2024-07-18,2,10386,A,68
6308,2024-07-18,3,9589,B,46
6309,2024-07-18,4,6814,B,57
6310,2024-07-18,5,10004,B,54
6311,2024-07-18,6,4940,A,54
6312,2024-07-18,7,6915,C,39
6313,2024-07-18,9,8894,A,76
6314,2024-07-18,10,15847,A,70
6315,2024-07-18,11,4738,A,57
6316,2024-07-18,12,10680,B,64
6317,2024-07-18,14,3720,A,48
6318,2024-07-18,16,4590,B,52
6319,2024-07-18,17,4006,A,64
6320,2024-07-18,18,16931,B,51
6321,2024-07-19,1,7360,B,61
6322,2024-07-19,4,6855,B,47
6323,2024-07-19,5,11284,C,77
6324,2024-07-19,6,4634,A,60
6325,2024-07-19,7,6344,A,54
6326,2024-07-19,9,8284,A,50
6327,2024-07-19,10,12674,C,44
6328,2024-07-19,11,5048,A,66
6329,2024-07-19,13,9978,B,40
6330,2024-07-19,14,3244,B,59
6331,2024-07-19,15,9033,A,88
6332,2024-07-19,16,4872,C,38
6333,2024-07-19,17,3942,A,67
6334,2024-07-19,18,16805,B,49
6335,2024-07-20,1,5830,A,55
6336,2024-07-20,2,12319,C,60
6337,2024-07-20,3,10038,B,59
6338,2024-07-20,4,7465,C,57
6339,2024-07-20,5,9492,A,66
6340,2024-07-20,7,6215,C,59
6341,2024-07-20,8,9065,B,50
6342,2024-07-20,9,7859,C,39
6343,2024-07-20,10,15825,B,40
6344,2024-07-20,11,4978,B,65
6345,2024-07-20,12,11369,B,38
6346,2024-07-20,14,3469,B,49
6347,2024-07-20,15,10656,A,60
6348,2024-07-20,16,4957,C,62
6349,2024-07-20,17,4071,C,46
6350,2024-07-20,18,14888,B,62
6351,2024-07-21,2,12027,A,53
6352,2024-07-21,3,9316,A,65
6353,2024-07-21,4,7856,A,83
6354,2024-07-21,5,10718,A,59
6355,2024-07-21,6,4167,B,67
6356,2024-07-21,8,8604,B,64
6357,2024-07-21,9,9866,B,61
6358,2024-07-21,10,12687,A,59
6359,2024-07-21,11,4999,C,62
6360,2024-07-21,12,11222,A,53
6361,2024-07-21,13,11447,C,44
6362,2024-07-21,14,3435,A,51
6363,2024-07-21,15,9222,A,65
6364,2024-07-21,17,3773,B,49
6365,2024-07-21,18,13834,C,75
6366,2024-07-22,1,5678,C,57
6367,2024-07-22,3,8399,B,57
6368,2024-07-22,4,6008,A,70
6369,2024-07-22,5,9978,A,57
6370,2024-07-22,7,6562,A,69
6371,2024-07-22,8,7686,C,44
6372,2024-07-22,9,7758,C,44
6373,2024-07-22,10,14012,A,49
6374,2024-07-22,11,4773,B,42
6375,2024-07-22,12,10434,A,62
6376,2024-07-22,13,10964,B,67
6377,2024-07-22,14,3102,B,56
6378,2024-07-22,15,9264,C,55
6379,2024-07-22,16,4139,B,56
6380,2024-07-22,17,3518,B,52
6381,2024-07-23,1,6639,C,61
6382,2024-07-23,2,9746,B,59
6383,2024-07-23,3,10033,A,42
6384,2024-07-23,5,10077,B,70
6385,2024-07-23,6,3815,B,55
6386,2024-07-23,8,7041,B,63
6387,2024-07-23,9,9280,B,48
6388,2024-07-23,10,12348,B,58
6389,2024-07-23,11,4804,A,83
6390,2024-07-23,12,9609,B,49
6391,2024-07-23,13,11563,B,61
6392,2024-07-23,14,3655,C,59
6393,2024-07-23,15,11180,A,68
6394,2024-07-23,16,4875,C,31
6395,2024-07-23,17,4013,A,48
6396,2024-07-23,18,14838,C,49
6397,2024-07-24,1,7174,B,46
6398,2024-07-24,2,10826,A,67
6399,2024-07-24,3,9524,A,64
6400,2024-07-24,4,6570,B,70
6401,2024-07-24,5,10056,B,51
6402,2024-07-24,6,4720,C,35
6403,2024-07-24,8,7158,A,65
6404,2024-07-24,9,9745,B,69
6405,2024-07-24,10,13765,A,62
6406,2024-07-24,11,4625,C,39
6407,2024-07-24,12,11023,A,54
6408,2024-07-24,15,9229,B,42
6409,2024-07-24,16,4766,B,51
6410,2024-07-24,17,4024,B,35
6411,2024-07-25,1,7600,C,40
6412,2024-07-25,2,9191,B,63
6413,2024-07-25,3,8700,B,46
6414,2024-07-25,5,9516,B,37
6415,2024-07-25,6,4093,A,61
6416,2024-07-25,9,8044,A,81
6417,2024-07-25,10,14174,B,32
6418,2024-07-25,13,12659,C,44
6419,2024-07-25,14,2854,B,58
6420,2024-07-25,15,8315,A,37
6421,2024-07-25,16,5259,B,69
6422,2024-07-25,17,4016,C,31
6423,2024-07-25,18,15287,B,73
6424,2024-07-26,1,6825,B,66
6425,2024-07-26,2,10982,A,56
6426,2024-07-26,3,8674,A,66
6427,2024-07-26,4,7189,C,44
6428,2024-07-26,5,10194,C,59
6429,2024-07-26,6,4938,C,54
6430,2024-07-26,7,5776,A,52
6431,2024-07-26,8,7736,B,45
6432,2024-07-26,9,8427,A,46
6433,2024-07-26,10,13579,B,66
6434,2024-07-26,12,9947,B,59
6435,2024-07-26,13,11697,C,36
6436,2024-07-26,14,3468,C,38
6437,2024-07-26,15,10715,A,58
6438,2024-07-26,16,5028,B,41
6439,2024-07-26,17,3703,B,53
6440,2024-07-26,18,14487,B,83
6441,2024-07-27,1,7669,A,69
6442,2024-07-27,2,10579,C,59
6443,2024-07-27,3,9234,C,44
6444,2024-07-27,5,10155,A,72
6445,2024-07-27,6,4546,A,57
6446,2024-07-27,7,6839,B,61
6447,2024-07-27,8,8222,C,40
6448,2024-07-27,9,9983,B,49
6449,2024-07-27,10,14534,C,44
6450,2024-07-27,12,9760,B,71
6451,2024-07-27,13,10598,B,48
6452,2024-07-27,14,3183,A,86
6453,2024-07-27,15,9958,A,83
6454,2024-07-27,16,5120,A,66
6455,2024-07-27,17,3479,B,61
6456,2024-07-27,18,16778,B,56
6457,2024-07-28,3,9354,A,50
6458,2024-07-28,4,6250,B,52
6459,2024-07-28,5,10403,A,77
6460,2024-07-28,6,4719,C,44
6461,2024-07-28,7,6226,C,42
6462,2024-07-28,8,7652,B,61
6463,2024-07-28,9,9488,B,53
6464,2024-07-28,10,13858,A,58
6465,2024-07-28,11,5679,C,60
6466,2024-07-28,12,10473,A,63
6467,2024-07-28,13,11462,B,63
6468,2024-07-28,14,3691,B,61
6469,2024-07-28,15,10028,B,72
6470,2024-07-28,16,5024,C,53
6471,2024-07-28,17,3746,A,66
6472,2024-07-28,18,15589,A,72
6473,2024-07-29,1,5860,B,60
6474,2024-07-29,2,9339,A,66
6475,2024-07-29,3,9162,B,54
6476,2024-07-29,4,5633,B,65
6477,2024-07-29,5,10275,B,57
6478,2024-07-29,7,7215,A,65
6479,2024-07-29,8,8554,B,55
6480,2024-07-29,9,8651,B,51
6481,2024-07-29,12,11581,B,47
6482,2024-07-29,13,13070,A,81
6483,2024-07-29,15,9949,B,48
6484,2024-07-29,16,4524,B,58
6485,2024-07-29,17,3968,C,42
6486,2024-07-29,18,15953,C,40
6487,2024-07-30,1,6755,B,67
6488,2024-07-30,2,11145,C,40
6489,2024-07-30,3,9245,A,66
6490,2024-07-30,4,7389,B,60
6491,2024-07-30,5,10858,B,59
6492,2024-07-30,6,3859,A,68
6493,2024-07-30,7,5393,A,64
6494,2024-07-30,8,8173,B,90
6495,2024-07-30,9,9975,A,81
6496,2024-07-30,11,5683,B,76
6497,2024-07-30,12,10586,A,52
6498,2024-07-30,13,12641,C,46
6499,2024-07-30,14,3296,A,54
6500,2024-07-30,15,10395,B,64
6501,2024-07-30,16,5363,A,50
6502,2024-07-30,17,3992,C,42
6503,2024-07-30,18,13289,C,48
6504,2024-07-31,1,6993,A,67
6505,2024-07-31,3,10247,B,60
6506,2024-07-31,5,10960,B,64
6507,2024-07-31,7,5923,C,43
6508,2024-07-31,8,8335,B,64
6509,2024-07-31,10,14641,A,78
6510,2024-07-31,11,4803,A,71
6511,2024-07-31,12,10215,B,58
6512,2024-07-31,16,5201,B,44
6513,2024-07-31,17,3563,B,52
6514,2024-07-31,18,12426,A,46
6515,2024-08-01,1,6767,A,67
6516,2024-08-01,2,9703,A,71
6517,2024-08-01,3,9793,A,58
6518,2024-08-01,4,5798,A,52
6519,2024-08-01,5,9348,B,55
6520,2024-08-01,6,4729,B,72
6521,2024-08-01,7,6215,A,70
6522,2024-08-01,8,9088,A,59
6523,2024-08-01,9,9296,C,53
6524,2024-08-01,11,4242,C,54
6525,2024-08-01,12,9297,C,74
6526,2024-08-01,13,12137,B,49
6527,2024-08-01,14,3408,B,60
6528,2024-08-01,15,11411,B,63
6529,2024-08-01,16,5247,C,75
6530,2024-08-01,18,13643,B,63
6531,2024-08-02,1,5663,B,48
6532,2024-08-02,2,8245,B,57
6533,2024-08-02,3,9158,B,81
6534,2024-08-02,4,6994,C,74
6535,2024-08-02,5,10915,A,64
6536,2024-08-02,7,6763,A,65
6537,2024-08-02,8,7542,A,56
6538,2024-08-02,9,8445,B,77
6539,2024-08-02,10,14756,A,69
6540,2024-08-02,11,5226,A,68
6541,2024-08-02,12,11058,A,52
6542,2024-08-02,13,12050,A,58
6543,2024-08-02,14,3600,B,61
6544,2024-08-02,15,9001,B,64
6545,2024-08-02,16,5383,A,68
6546,2024-08-02,17,3304,A,70
6547,2024-08-02,18,14823,B,56
6548,2024-08-03,3,9699,C,36
6549,2024-08-03,5,9237,B,57
6550,2024-08-03,6,4912,B,44
6551,2024-08-03,7,6397,A,67
6552,2024-08-03,8,8607,C,43
6553,2024-08-03,9,8799,A,65
6554,2024-08-03,10,15094,B,60
6555,2024-08-03,11,5164,A,77
6556,2024-08-03,12,9929,A,37
6557,2024-08-03,13,12469,B,35
6558,2024-08-03,15,10569,A,69
6559,2024-08-03,16,5052,A,66
6560,2024-08-03,17,3981,A,67
6561,2024-08-03,18,16127,B,61
6562,2024-08-04,1,6077,A,53
6563,2024-08-04,3,8275,B,46
6564,2024-08-04,4,6846,A,66
6565,2024-08-04,5,10686,A,70
6566,2024-08-04,6,4633,A,80
6567,2024-08-04,7,6353,B,53
6568,2024-08-04,10,11914,A,65
6569,2024-08-04,11,5077,C,71
6570,2024-08-04,12,10690,B,63
6571,2024-08-04,13,10994,C,76
6572,2024-08-04,14,3841,A,83
6573,2024-08-04,15,10730,B,39
6574,2024-08-04,16,5468,B,69
6575,2024-08-04,17,3459,B,54
6576,2024-08-05,1,7148,B,58
6577,2024-08-05,2,12128,A,55
6578,2024-08-05,3,9307,C,45
6579,2024-08-05,4,6661,A,72
6580,2024-08-05,5,10712,B,67
6581,2024-08-05,6,4141,A,47
6582,2024-08-05,7,5640,C,60
6583,2024-08-05,8,8106,B,57
6584,2024-08-05,9,8963,B,47
6585,2024-08-05,11,4803,B,56
6586,2024-08-05,12,10290,C,49
6587,2024-08-05,13,10174,C,58
6588,2024-08-05,14,3536,A,76
6589,2024-08-05,15,9586,B,43
6590,2024-08-05,17,3922,B,62
6591,2024-08-05,18,17380,B,50
6592,2024-08-06,1,6984,B,55
6593,2024-08-06,2,10314,A,65
6594,2024-08-06,3,10326,C,37
6595,2024-08-06,4,6826,A,71
6596,2024-08-06,5,8645,A,68
6597,2024-08-06,6,4202,B,55
6598,2024-08-06,7,5625,B,59
6599,2024-08-06,8,8918,B,57
6600,2024-08-06,10,16015,C,61
6601,2024-08-06,11,5049,B,39
6602,2024-08-06,12,11300,A,43
6603,2024-08-06,13,11474,A,69
6604,2024-08-06,14,3762,C,37
6605,2024-08-06,15,9370,B,57
6606,2024-08-06,17,3351,B,48
6607,2024-08-06,18,15626,B,59
6608,2024-08-07,1,6275,C,35
6609,2024-08-07,2,10189,B,45
6610,2024-08-07,3,8863,B,49
6611,2024-08-07,4,6709,A,62
6612,2024-08-07,5,10282,B,56
6613,2024-08-07,6,4525,A,66
6614,2024-08-07,7,6359,B,56
6615,2024-08-07,8,8914,A,59
6616,2024-08-07,9,7986,A,46
6617,2024-08-07,11,4856,C,62
6618,2024-08-07,12,10457,A,58
6619,2024-08-07,14,3630,B,52
6620,2024-08-07,15,11037,B,46
6621,2024-08-07,16,4886,B,50
6622,2024-08-07,17,3994,B,59
6623,2024-08-08,1,6506,B,79
6624,2024-08-08,2,11106,B,58
6625,2024-08-08,3,8408,B,66
6626,2024-08-08,4,6168,A,68
6627,2024-08-08,5,9823,B,81
6628,2024-08-08,6,3657,B,67
6629,2024-08-08,9,8012,A,68
6630,2024-08-08,10,14408,C,60
6631,2024-08-08,12,10540,A,70
6632,2024-08-08,13,10448,A,60
6633,2024-08-08,15,9397,B,45
6634,2024-08-08,16,4880,B,75
6635,2024-08-08,17,3785,B,57
6636,2024-08-08,18,14323,A,72
6637,2024-08-09,1,6210,B,55
6638,2024-08-09,2,9850,A,61
6639,2024-08-09,3,8549,A,51
6640,2024-08-09,4,6519,A,79
6641,2024-08-09,5,9586,B,64
6642,2024-08-09,6,5089,A,65
6643,2024-08-09,7,5935,A,73
6644,2024-08-09,8,8207,C,37
6645,2024-08-09,9,9232,C,73
6646,2024-08-09,10,14890,A,85
6647,2024-08-09,11,5404,C,49
6648,2024-08-09,12,11002,A,51
6649,2024-08-09,13,10753,A,72
6650,2024-08-09,14,3044,B,53
6651,2024-08-09,15,9711,A,61
6652,2024-08-09,17,3459,A,75
6653,2024-08-09,18,16037,C,71
6654,2024-08-10,2,10963,A,63
6655,2024-08-10,3,8234,A,54
6656,2024-08-10,5,11309,B,61
6657,2024-08-10,6,4647,B,53
6658,2024-08-10,8,8515,A,68
6659,2024-08-10,9,8742,A,51
6660,2024-08-10,10,13446,A,70
6661,2024-08-10,11,5138,A,58
6662,2024-08-10,12,12375,A,64
6663,2024-08-10,13,13680,A,60
6664,2024-08-10,14,3240,A,57
6665,2024-08-10,15,10930,A,47
6666,2024-08-10,16,5527,A,63
6667,2024-08-10,17,3894,C,64
6668,2024-08-10,18,15521,A,62
6669,2024-08-11,1,7303,A,73
6670,2024-08-11,2,11361,B,61
6671,2024-08-11,3,8454,C,37
6672,2024-08-11,5,9672,B,49
6673,2024-08-11,6,4929,B,51
6674,2024-08-11,8,8146,C,48
6675,2024-08-11,9,8644,B,54
6676,2024-08-11,10,13949,B,44
6677,2024-08-11,11,5310,A,57
6678,2024-08-11,13,11535,A,60
6679,2024-08-11,14,3824,C,32
6680,2024-08-11,15,10234,A,85
6681,2024-08-11,16,5005,A,55
6682,2024-08-11,18,16424,A,59
6683,2024-08-12,1,6250,C,30
6684,2024-08-12,2,11756,B,64
6685,2024-08-12,3,8753,C,48
6686,2024-08-12,4,7007,B,65
6687,2024-08-12,5,9548,B,57
6688,2024-08-12,6,3920,A,88
6689,2024-08-12,7,6995,B,70
6690,2024-08-12,8,8718,B,56
6691,2024-08-12,9,7813,A,54
6692,2024-08-12,12,10515,A,68
6693,2024-08-12,13,11741,B,48
6694,2024-08-12,14,3769,A,69
6695,2024-08-12,15,8739,B,52
6696,2024-08-12,16,4926,B,43
6697,2024-08-12,17,3911,B,49
6698,2024-08-12,18,15128,B,52
6699,2024-08-13,1,7059,B,52
6700,2024-08-13,2,10619,B,51
6701,2024-08-13,3,8006,B,52
6702,2024-08-13,4,6364,B,58
6703,2024-08-13,5,10268,C,59
6704,2024-08-13,6,4935,B,58
6705,2024-08-13,7,6806,A,72
6706,2024-08-13,8,8515,A,73
6707,2024-08-13,9,9114,C,39
6708,2024-08-13,11,4924,A,80
6709,2024-08-13,13,10295,A,52
6710,2024-08-13,14,3225,B,35
6711,2024-08-13,15,11632,B,55
6712,2024-08-13,16,5041,B,61
6713,2024-08-13,17,3609,A,54
6714,2024-08-13,18,16000,B,41
6715,2024-08-14,1,6497,B,53
6716,2024-08-14,2,10531,C,47
6717,2024-08-14,3,9031,A,66
6718,2024-08-14,4,6814,C,30
6719,2024-08-14,5,10766,B,49
6720,2024-08-14,6,5289,B,56
6721,2024-08-14,7,5420,B,56
6722,2024-08-14,8,9549,B,79
6723,2024-08-14,9,9062,B,50
6724,2024-08-14,11,4596,C,72
6725,2024-08-14,13,9728,C,46
6726,2024-08-14,14,2628,B,39
6727,2024-08-14,15,9773,B,62
6728,2024-08-14,16,6054,A,78
6729,2024-08-14,17,3182,C,39
6730,2024-08-14,18,16775,B,62
6731,2024-08-15,1,6355,B,54
6732,2024-08-15,2,9953,A,87
6733,2024-08-15,4,5710,A,64
6734,2024-08-15,5,10090,C,54
6735,2024-08-15,7,5737,B,64
6736,2024-08-15,8,7308,B,38
6737,2024-08-15,9,9576,A,67
6738,2024-08-15,10,14317,A,66
6739,2024-08-15,11,4913,C,57
6740,2024-08-15,12,9785,A,46
6741,2024-08-15,13,10663,B,49
6742,2024-08-15,14,3335,B,46
6743,2024-08-15,15,9877,C,40
6744,2024-08-15,17,3400,B,55
6745,2024-08-15,18,14613,B,67
6746,2024-08-16,1,6727,A,56
6747,2024-08-16,2,9997,A,54
6748,2024-08-16,3,8365,A,53
6749,2024-08-16,4,7013,B,59
6750,2024-08-16,5,11158,B,56
6751,2024-08-16,6,4765,B,61
6752,2024-08-16,7,5065,B,64
6753,2024-08-16,8,8246,C,58
6754,2024-08-16,9,9150,C,47
6755,2024-08-16,10,14921,A,68
6756,2024-08-16,11,3718,B,72
6757,2024-08-16,12,10122,A,67
6758,2024-08-16,13,12724,A,73
6759,2024-08-16,14,3315,A,57
6760,2024-08-16,16,4558,B,70
6761,2024-08-16,17,3563,B,56
6762,2024-08-16,18,15715,A,82
6763,2024-08-17,1,6223,A,75
6764,2024-08-17,2,10511,A,56
6765,2024-08-17,3,10116,A,71
6766,2024-08-17,4,7704,B,72
6767,2024-08-17,5,10640,C,59
6768,2024-08-17,6,4488,A,60
6769,2024-08-17,8,7723,B,61
6770,2024-08-17,9,9003,C,59
6771,2024-08-17,10,12897,C,42
6772,2024-08-17,12,9936,A,66
6773,2024-08-17,13,11716,B,80
6774,2024-08-17,15,10716,C,62
6775,2024-08-17,17,4094,A,64
6776,2024-08-17,18,13088,C,53
6777,2024-08-18,1,6484,A,66
6778,2024-08-18,2,11020,A,66
6779,2024-08-18,3,9389,A,53
6780,2024-08-18,4,6099,B,49
6781,2024-08-18,5,8428,B,37
6782,2024-08-18,6,3933,B,58
6783,2024-08-18,8,8730,B,40
6784,2024-08-18,9,9957,B,42
6785,2024-08-18,11,5030,B,57
6786,2024-08-18,12,11144,A,47
6787,2024-08-18,13,11957,C,43
6788,2024-08-18,14,3536,A,45
6789,2024-08-18,17,3956,A,65
6790,2024-08-18,18,16282,B,61
6791,2024-08-19,1,6135,A,69
6792,2024-08-19,2,11487,B,77
6793,2024-08-19,3,9764,A,33
6794,2024-08-19,4,6590,B,40
6795,2024-08-19,5,9774,B,56
6796,2024-08-19,6,4665,A,63
6797,2024-08-19,7,5994,C,67
6798,2024-08-19,8,7251,A,68
6799,2024-08-19,9,8145,B,56
6800,2024-08-19,10,15834,C,52
6801,2024-08-19,11,5291,B,83
6802,2024-08-19,12,9682,A,84
6803,2024-08-19,13,12085,A,63
6804,2024-08-19,14,3631,A,72
6805,2024-08-19,15,8851,A,61
6806,2024-08-19,16,4985,C,44
6807,2024-08-19,17,4169,B,59
6808,2024-08-19,18,17827,C,71
6809,2024-08-20,2,10017,B,51
6810,2024-08-20,3,8545,A,73
6811,2024-08-20,4,7096,B,60
6812,2024-08-20,5,9747,B,53
6813,2024-08-20,6,4787,B,79
6814,2024-08-20,7,6428,B,52
6815,2024-08-20,8,8559,C,59
6816,2024-08-20,9,9490,B,51
6817,2024-08-20,10,13584,A,51
6818,2024-08-20,11,4954,B,49
6819,2024-08-20,12,11719,B,45
6820,2024-08-20,13,10871,B,54
6821,2024-08-20,14,3662,A,57
6822,2024-08-20,15,10880,B,63
6823,2024-08-20,16,4707,B,49
6824,2024-08-20,17,4178,C,38
6825,2024-08-20,18,13881,A,72
6826,2024-08-21,1,6804,C,41
6827,2024-08-21,2,11983,A,46
6828,2024-08-21,3,9637,B,67
6829,2024-08-21,4,7607,B,63
6830,2024-08-21,7,5444,B,70
6831,2024-08-21,8,7908,B,60
6832,2024-08-21,9,7883,B,43
6833,2024-08-21,10,13969,C,51
6834,2024-08-21,12,11227,C,70
6835,2024-08-21,13,12678,A,75
6836,2024-08-21,14,3514,B,63
6837,2024-08-21,15,10813,A,75
6838,2024-08-21,16,4678,B,66
6839,2024-08-21,18,15303,B,51
6840,2024-08-22,1,6405,C,33
6841,2024-08-22,2,10473,C,43
6842,2024-08-22,3,8232,A,68
6843,2024-08-22,5,8063,B,70
6844,2024-08-22,6,4907,C,59
6845,2024-08-22,8,7839,B,47
6846,2024-08-22,9,8490,A,67
6847,2024-08-22,10,13675,A,68
6848,2024-08-22,11,4180,B,68
6849,2024-08-22,12,10607,A,76
6850,2024-08-22,13,10833,B,60
6851,2024-08-22,14,2904,B,43
6852,2024-08-22,15,10094,A,88
6853,2024-08-22,16,4945,A,67
6854,2024-08-22,18,16502,A,55
6855,2024-08-23,1,6901,A,40
6856,2024-08-23,2,10687,B,77
6857,2024-08-23,3,9662,A,37
6858,2024-08-23,4,6531,A,58
6859,2024-08-23,5,12287,A,83
6860,2024-08-23,7,5924,A,72
6861,2024-08-23,8,7364,A,63
6862,2024-08-23,9,8217,B,68
6863,2024-08-23,11,5040,A,55
6864,2024-08-23,12,10590,C,59
6865,2024-08-23,13,12695,B,58
6866,2024-08-23,14,3300,B,57
6867,2024-08-23,15,10849,B,45
6868,2024-08-23,16,4693,B,61
6869,2024-08-23,17,3569,A,66
6870,2024-08-23,18,15455,B,52
6871,2024-08-24,1,6724,A,62
6872,2024-08-24,3,9144,A,76
6873,2024-08-24,4,5825,B,45
6874,2024-08-24,5,10640,A,66
6875,2024-08-24,6,3951,B,62
6876,2024-08-24,7,6205,A,82
6877,2024-08-24,8,8018,A,68
6878,2024-08-24,9,9669,B,46
6879,2024-08-24,10,15535,A,50
6880,2024-08-24,11,4383,B,65
6881,2024-08-24,12,10118,B,49
6882,2024-08-24,14,4018,B,56
6883,2024-08-24,15,10969,C,42
6884,2024-08-24,16,5010,B,52
6885,2024-08-24,17,3492,B,65
6886,2024-08-24,18,15620,B,47
6887,2024-08-25,1,6665,B,58
6888,2024-08-25,2,8629,A,58
6889,2024-08-25,4,6971,B,56
6890,2024-08-25,6,4537,C,51
6891,2024-08-25,7,6153,A,57
6892,2024-08-25,8,9051,B,60
6893,2024-08-25,9,9052,B,55
6894,2024-08-25,10,13169,A,53
6895,2024-08-25,11,4574,A,69
6896,2024-08-25,12,10819,C,49
6897,2024-08-25,13,9778,C,40
6898,2024-08-25,14,3495,B,48
6899,2024-08-25,17,3146,A,55
6900,2024-08-25,18,14934,B,76
6901,2024-08-26,1,7118,B,55
6902,2024-08-26,2,11462,A,46
6903,2024-08-26,3,8172,C,52
6904,2024-08-26,4,8044,C,54
6905,2024-08-26,6,4497,A,52
6906,2024-08-26,7,5568,A,60
6907,2024-08-26,8,8311,B,52
6908,2024-08-26,9,9090,C,59
6909,2024-08-26,10,12509,B,36
6910,2024-08-26,11,4987,B,61
6911,2024-08-26,12,11512,B,55
6912,2024-08-26,13,10728,A,67
6913,2024-08-26,14,3493,A,57
6914,2024-08-26,15,11635,B,33
6915,2024-08-26,17,3686,A,86
6916,2024-08-26,18,14888,B,59
6917,2024-08-27,1,7196,C,54
6918,2024-08-27,2,11336,B,41
6919,2024-08-27,3,8374,C,50
6920,2024-08-27,4,7067,A,71
6921,2024-08-27,6,4231,C,40
6922,2024-08-27,7,5627,B,62
6923,2024-08-27,8,8746,C,53
6924,2024-08-27,9,8294,B,36
6925,2024-08-27,10,13253,B,48
6926,2024-08-27,11,5580,C,64
6927,2024-08-27,12,9994,A,71
6928,2024-08-27,14,3491,C,35
6929,2024-08-27,15,8933,A,66
6930,2024-08-27,17,3311,A,77
6931,2024-08-28,2,10464,B,54
6932,2024-08-28,3,9451,A,69
6933,2024-08-28,4,6902,A,63
6934,2024-08-28,5,10917,A,64
6935,2024-08-28,6,4779,B,59
6936,2024-08-28,7,6679,C,57
6937,2024-08-28,8,9437,B,61
6938,2024-08-28,9,8882,B,41
6939,2024-08-28,10,11547,C,43
6940,2024-08-28,11,5213,C,59
6941,2024-08-28,12,9291,B,44
6942,2024-08-28,14,3506,B,63
6943,2024-08-28,16,5314,B,61
6944,2024-08-28,17,3680,B,73
6945,2024-08-28,18,15467,C,61
6946,2024-08-29,1,6472,C,48
6947,2024-08-29,3,8336,A,56
6948,2024-08-29,5,10981,A,70
6949,2024-08-29,6,4679,A,63
6950,2024-08-29,7,6397,A,65
6951,2024-08-29,8,8504,B,59
6952,2024-08-29,9,8544,B,73
6953,2024-08-29,10,13033,C,55
6954,2024-08-29,11,5070,B,68
6955,2024-08-29,12,11186,C,36
6956,2024-08-29,13,11388,C,51
6957,2024-08-29,14,2746,C,53
6958,2024-08-29,15,9992,B,62
6959,2024-08-29,16,5000,B,54
6960,2024-08-29,18,13959,C,59
6961,2024-08-30,2,11147,C,50
6962,2024-08-30,4,6908,C,79
6963,2024-08-30,5,10313,B,57
6964,2024-08-30,6,4796,A,80
6965,2024-08-30,9,9379,B,45
6966,2024-08-30,10,12684,A,66
6967,2024-08-30,12,10865,B,62
6968,2024-08-30,14,3328,B,55
6969,2024-08-30,15,11778,A,54
6970,2024-08-30,16,4827,B,54
6971,2024-08-30,17,3540,A,64
6972,2024-08-31,1,5536,B,58
6973,2024-08-31,2,9367,A,82
6974,2024-08-31,4,6464,C,55
6975,2024-08-31,5,10090,A,54
6976,2024-08-31,6,4444,A,64
6977,2024-08-31,7,6360,C,60
6978,2024-08-31,9,8378,A,73
6979,2024-08-31,11,4774,C,54
6980,2024-08-31,12,9641,A,65
6981,2024-08-31,13,11754,A,67
6982,2024-08-31,14,3383,A,68
6983,2024-08-31,15,9954,C,61
6984,2024-08-31,16,4587,B,60
6985,2024-08-31,17,3747,B,63
6986,2024-09-01,1,5963,A,57
6987,2024-09-01,2,10252,B,63
6988,2024-09-01,3,9632,B,57
6989,2024-09-01,4,7369,A,65
6990,2024-09-01,5,9818,A,79
6991,2024-09-01,6,4704,C,53
6992,2024-09-01,7,6270,B,41
6993,2024-09-01,8,7965,B,43
6994,2024-09-01,9,10068,A,42
6995,2024-09-01,10,13008,A,73
6996,2024-09-01,12,9969,A,82
6997,2024-09-01,13,10921,A,70
6998,2024-09-01,14,3741,B,63
6999,2024-09-01,15,10180,B,64
7000,2024-09-01,16,4736,A,62
7001,2024-09-01,17,3958,B,36
7002,2024-09-01,18,14899,A,77
7003,2024-09-02,1,7527,A,72
7004,2024-09-02,2,11385,B,69
7005,2024-09-02,4,7039,C,56
7006,2024-09-02,5,9531,A,59
7007,2024-09-02,7,5343,A,46
7008,2024-09-02,8,7992,B,62
7009,2024-09-02,9,7880,B,66
7010,2024-09-02,10,14726,A,70
7011,2024-09-02,11,5236,A,72
7012,2024-09-02,12,9862,C,41
7013,2024-09-02,13,10056,B,44
7014,2024-09-02,14,3406,B,54
7015,2024-09-02,15,11375,A,60
7016,2024-09-02,17,3773,B,45
7017,2024-09-02,18,13890,B,51
7018,2024-09-03,1,7678,A,76
7019,2024-09-03,2,9631,A,68
7020,2024-09-03,3,9419,B,80
7021,2024-09-03,6,5225,C,43
7022,2024-09-03,7,6065,A,67
7023,2024-09-03,8,7315,A,52
7024,2024-09-03,9,8513,A,54
7025,2024-09-03,10,15287,B,52
7026,2024-09-03,11,4502,C,37
7027,2024-09-03,12,9976,B,56
7028,2024-09-03,13,12943,B,50
7029,2024-09-03,14,2946,A,45
7030,2024-09-03,15,9961,C,42
7031,2024-09-03,16,5175,C,54
7032,2024-09-03,18,15229,A,47
7033,2024-09-04,1,6650,A,55
7034,2024-09-04,2,10956,A,57
7035,2024-09-04,3,9471,C,40
7036,2024-09-04,4,6375,B,59
7037,2024-09-04,8,8945,B,67
7038,2024-09-04,9,10321,A,56
7039,2024-09-04,10,14608,B,58
7040,2024-09-04,12,10316,A,72
7041,2024-09-04,13,11509,C,41
7042,2024-09-04,14,3510,A,74
7043,2024-09-04,15,9244,B,60
7044,2024-09-04,16,5025,A,65
7045,2024-09-04,17,3583,C,60
7046,2024-09-04,18,14535,A,57
7047,2024-09-05,1,7098,A,68
7048,2024-09-05,3,8517,B,63
7049,2024-09-05,4,7635,B,59
7050,2024-09-05,5,10144,B,40
7051,2024-09-05,6,5244,B,81
7052,2024-09-05,7,7168,A,66
7053,2024-09-05,8,8071,B,58
7054,2024-09-05,10,13512,B,58
7055,2024-09-05,11,4906,A,85
7056,2024-09-05,12,10364,B,59
7057,2024-09-05,14,3175,C,42
7058,2024-09-05,15,9865,A,80
7059,2024-09-05,16,5162,A,80
7060,2024-09-05,17,3622,B,57
7061,2024-09-05,18,13765,B,84
7062,2024-09-06,1,6954,C,62
7063,2024-09-06,3,9440,B,63
7064,2024-09-06,4,7282,B,56
7065,2024-09-06,5,8831,C,30
7066,2024-09-06,6,4501,A,61
7067,2024-09-06,8,8449,B,66
7068,2024-09-06,9,8143,C,43
7069,2024-09-06,10,13904,A,32
7070,2024-09-06,11,5397,C,61
7071,2024-09-06,12,10039,A,56
7072,2024-09-06,14,3063,A,66
7073,2024-09-06,15,11325,B,61
7074,2024-09-06,17,3407,A,61
7075,2024-09-06,18,15588,A,48
7076,2024-09-07,2,10674,C,60
7077,2024-09-07,3,9208,A,72
7078,2024-09-07,4,6608,B,60
7079,2024-09-07,5,10362,A,67
7080,2024-09-07,6,3994,B,51
7081,2024-09-07,7,6961,B,71
7082,2024-09-07,8,7638,B,46
7083,2024-09-07,9,9259,B,65
7084,2024-09-07,10,12072,C,43
7085,2024-09-07,12,9948,A,67
7086,2024-09-07,13,10030,B,55
7087,2024-09-07,14,3167,B,39
7088,2024-09-07,15,10264,B,60
7089,2024-09-07,16,5449,C,72
7090,2024-09-07,17,3940,C,33
7091,2024-09-07,18,14540,A,67
7092,2024-09-08,1,7393,B,60
7093,2024-09-08,2,9322,B,51
7094,2024-09-08,3,8631,A,75
7095,2024-09-08,4,7468,A,72
7096,2024-09-08,6,4979,A,46
7097,2024-09-08,7,6495,A,55
7098,2024-09-08,8,8618,B,60
7099,2024-09-08,9,8754,A,65
7100,2024-09-08,10,13602,B,56
7101,2024-09-08,11,4385,B,68
7102,2024-09-08,14,3540,B,69
7103,2024-09-08,15,11782,A,77
7104,2024-09-08,16,4722,C,51
7105,2024-09-08,17,3176,C,64
7106,2024-09-08,18,14646,B,55
7107,2024-09-09,1,6716,C,50
7108,2024-09-09,3,8292,C,56
7109,2024-09-09,4,6639,A,68
7110,2024-09-09,6,4533,B,48
7111,2024-09-09,7,5846,B,35
7112,2024-09-09,8,7820,B,50
7113,2024-09-09,9,8491,A,90
7114,2024-09-09,10,12803,B,56
7115,2024-09-09,11,4827,A,49
7116,2024-09-09,12,10732,B,68
7117,2024-09-09,13,12584,B,54
7118,2024-09-09,15,10809,B,49
7119,2024-09-09,16,4459,A,49
7120,2024-09-09,17,3977,C,59
7121,2024-09-09,18,15605,B,61
7122,2024-09-10,1,6266,C,54
7123,2024-09-10,2,10076,B,50
7124,2024-09-10,4,6481,C,58
7125,2024-09-10,5,9780,B,42
7126,2024-09-10,6,4794,C,51
7127,2024-09-10,7,6257,B,61
7128,2024-09-10,8,8234,C,43
7129,2024-09-10,10,14513,A,64
7130,2024-09-10,12,10322,C,43
7131,2024-09-10,13,10978,B,86
7132,2024-09-10,14,3524,B,35
7133,2024-09-10,15,9680,A,69
7134,2024-09-10,16,4717,B,56
7135,2024-09-10,17,3276,C,56
7136,2024-09-10,18,13525,A,69
7137,2024-09-11,2,10011,A,56
7138,2024-09-11,3,9272,A,79
7139,2024-09-11,4,6494,B,78
7140,2024-09-11,5,12718,B,57
7141,2024-09-11,7,6316,C,32
7142,2024-09-11,8,8913,B,48
7143,2024-09-11,9,11115,C,50
7144,2024-09-11,11,4329,B,62
7145,2024-09-11,12,11572,B,40
7146,2024-09-11,13,11431,A,72
7147,2024-09-11,14,3565,B,63
7148,2024-09-11,15,10248,C,52
7149,2024-09-11,16,5860,B,57
7150,2024-09-11,17,3974,B,69
7151,2024-09-11,18,13268,C,37
7152,2024-09-12,2,10877,B,54
7153,2024-09-12,3,7891,A,57
7154,2024-09-12,4,5934,A,68
7155,2024-09-12,5,11317,B,55
7156,2024-09-12,6,4609,A,58
7157,2024-09-12,7,5733,B,41
7158,2024-09-12,8,8855,B,51
7159,2024-09-12,9,8917,A,68
7160,2024-09-12,10,14299,C,37
7161,2024-09-12,11,4645,B,49
7162,2024-09-12,12,11020,A,55
7163,2024-09-12,13,9545,A,67
7164,2024-09-12,14,3521,B,62
7165,2024-09-12,15,9509,A,71
7166,2024-09-12,16,4737,A,71
7167,2024-09-12,17,3586,A,45
7168,2024-09-12,18,16243,B,47
7169,2024-09-13,1,6374,B,57
7170,2024-09-13,2,11689,C,43
7171,2024-09-13,3,9089,B,45
7172,2024-09-13,5,9190,A,52
7173,2024-09-13,6,4275,C,41
7174,2024-09-13,7,6008,A,47
7175,2024-09-13,8,8313,A,73
7176,2024-09-13,9,7698,B,56
7177,2024-09-13,10,11559,B,64
7178,2024-09-13,11,6052,B,59
7179,2024-09-13,12,9242,C,30
7180,2024-09-13,13,10208,B,62
7181,2024-09-13,14,3421,A,66
7182,2024-09-13,15,9660,B,68
7183,2024-09-13,17,3326,A,55
7184,2024-09-13,18,13035,A,69
7185,2024-09-14,1,6013,C,42
7186,2024-09-14,3,8830,B,53
7187,2024-09-14,6,4838,A,86
7188,2024-09-14,8,7150,A,51
7189,2024-09-14,9,10187,B,52
7190,2024-09-14,11,5310,B,62
7191,2024-09-14,13,11968,B,58
7192,2024-09-14,14,3582,B,62
7193,2024-09-14,15,13863,B,53
7194,2024-09-14,16,4814,A,57
7195,2024-09-14,17,3861,B,61
7196,2024-09-14,18,14211,C,59
7197,2024-09-15,1,6434,B,49
7198,2024-09-15,2,10758,B,47
7199,2024-09-15,3,9510,A,42
7200,2024-09-15,4,6235,B,53
7201,2024-09-15,5,9710,A,45
7202,2024-09-15,6,4488,B,44
7203,2024-09-15,7,6995,A,51
7204,2024-09-15,8,10322,C,43
7205,2024-09-15,9,9545,B,69
7206,2024-09-15,10,13884,A,65
7207,2024-09-15,12,11103,C,37
7208,2024-09-15,13,11756,B,47
7209,2024-09-15,14,2736,B,46
7210,2024-09-15,16,4831,A,71
7211,2024-09-15,17,3964,B,48
7212,2024-09-16,1,6198,C,30
7213,2024-09-16,2,11072,A,80
7214,2024-09-16,3,8802,A,62
7215,2024-09-16,4,5766,B,63
7216,2024-09-16,5,9378,B,62
7217,2024-09-16,6,4734,A,51
7218,2024-09-16,8,9491,C,60
7219,2024-09-16,9,8542,B,55
7220,2024-09-16,10,13845,A,71
7221,2024-09-16,11,5399,B,37
7222,2024-09-16,12,10222,B,61
7223,2024-09-16,13,13012,C,45
7224,2024-09-16,14,3423,B,55
7225,2024-09-16,15,10909,B,70
7226,2024-09-16,16,4583,B,61
7227,2024-09-16,17,3561,B,34
7228,2024-09-16,18,14816,A,67
7229,2024-09-17,1,7701,C,52
7230,2024-09-17,2,11299,C,54
7231,2024-09-17,4,6866,A,65
7232,2024-09-17,5,9112,A,72
7233,2024-09-17,6,3715,A,74
7234,2024-09-17,7,6797,C,41
7235,2024-09-17,8,8809,A,58
7236,2024-09-17,9,8421,A,47
7237,2024-09-17,10,12945,B,56
7238,2024-09-17,11,4763,C,58
7239,2024-09-17,12,9323,B,60
7240,2024-09-17,13,12637,A,51
7241,2024-09-17,14,3109,A,78
7242,2024-09-17,15,9697,B,36
7243,2024-09-17,16,4945,B,58
7244,2024-09-17,17,3903,B,44
7245,2024-09-17,18,15944,B,47
7246,2024-09-18,1,7264,B,58
7247,2024-09-18,2,10856,A,67
7248,2024-09-18,3,9548,B,57
7249,2024-09-18,7,5734,A,77
7250,2024-09-18,8,7826,B,52
7251,2024-09-18,9,9590,A,67
7252,2024-09-18,10,14019,A,73
7253,2024-09-18,12,10597,B,57
7254,2024-09-18,13,11200,B,47
7255,2024-09-18,14,3709,B,45
7256,2024-09-18,15,11488,B,53
7257,2024-09-18,16,5310,B,61
7258,2024-09-18,17,3015,C,57
7259,2024-09-18,18,15555,A,71
7260,2024-09-19,1,6781,B,56
7261,2024-09-19,2,10391,C,33
7262,2024-09-19,3,9262,C,39
7263,2024-09-19,4,6733,A,45
7264,2024-09-19,5,9650,C,73
7265,2024-09-19,6,4259,B,52
7266,2024-09-19,7,5519,C,50
7267,2024-09-19,9,8920,A,63
7268,2024-09-19,10,12382,B,47
7269,2024-09-19,11,5301,B,41
7270,2024-09-19,12,10583,B,63
7271,2024-09-19,13,11843,B,51
7272,2024-09-19,14,3353,A,62
7273,2024-09-19,15,11104,A,65
7274,2024-09-19,18,18366,A,68
7275,2024-09-20,1,7588,C,82
7276,2024-09-20,2,9996,B,46
7277,2024-09-20,4,6337,B,53
7278,2024-09-20,5,10996,A,65
7279,2024-09-20,6,5082,C,43
7280,2024-09-20,7,6784,C,31
7281,2024-09-20,8,7966,B,70
7282,2024-09-20,10,12710,B,47
7283,2024-09-20,11,5240,B,40
7284,2024-09-20,13,11122,A,57
7285,2024-09-20,14,3401,A,72
7286,2024-09-20,15,11742,A,54
7287,2024-09-20,16,4454,C,44
7288,2024-09-20,17,4072,A,58
7289,2024-09-20,18,16756,B,61
7290,2024-09-21,2,10779,C,42
7291,2024-09-21,3,9359,B,37
7292,2024-09-21,4,6266,C,44
7293,2024-09-21,5,11017,B,63
7294,2024-09-21,6,4712,B,46
7295,2024-09-21,7,6562,A,54
7296,2024-09-21,8,9170,A,66
7297,2024-09-21,9,10401,A,54
7298,2024-09-21,10,14459,B,63
7299,2024-09-21,11,4829,A,45
7300,2024-09-21,12,9361,B,54
7301,2024-09-21,14,2984,B,46
7302,2024-09-21,15,11703,B,60
7303,2024-09-21,16,4754,B,39
7304,2024-09-21,17,3624,A,50
7305,2024-09-21,18,14268,B,64
7306,2024-09-22,1,6317,B,64
7307,2024-09-22,2,9787,B,56
7308,2024-09-22,3,7912,B,39
7309,2024-09-22,4,7171,C,42
7310,2024-09-22,5,11328,C,62
7311,2024-09-22,6,4574,C,47
7312,2024-09-22,7,6821,B,45
7313,2024-09-22,8,8503,A,65
7314,2024-09-22,9,8784,A,47
7315,2024-09-22,10,12632,A,54
7316,2024-09-22,11,4451,B,67
7317,2024-09-22,12,10516,B,80
7318,2024-09-22,13,12460,A,51
7319,2024-09-22,14,3669,C,41
7320,2024-09-22,15,8998,C,34
7321,2024-09-22,16,4673,A,60
7322,2024-09-22,18,13940,A,72
7323,2024-09-23,1,7612,C,38
7324,2024-09-23,3,9566,B,56
7325,2024-09-23,4,6609,B,50
7326,2024-09-23,5,9510,A,65
7327,2024-09-23,6,4663,B,58
7328,2024-09-23,8,7806,A,44
7329,2024-09-23,11,6395,C,34
7330,2024-09-23,12,10393,A,63
7331,2024-09-23,13,11566,B,64
7332,2024-09-23,14,3563,C,43
7333,2024-09-23,15,9300,B,48
7334,2024-09-23,16,4910,B,69
7335,2024-09-23,17,3484,B,60
7336,2024-09-23,18,18754,B,51
7337,2024-09-24,2,11079,A,64
7338,2024-09-24,3,9462,A,61
7339,2024-09-24,4,7089,B,62
7340,2024-09-24,5,10594,B,53
7341,2024-09-24,6,4130,B,60
7342,2024-09-24,7,7221,B,67
7343,2024-09-24,8,8014,A,90
7344,2024-09-24,9,10031,C,54
7345,2024-09-24,10,12243,A,82
7346,2024-09-24,11,5006,A,68
7347,2024-09-24,12,10236,A,67
7348,2024-09-24,13,11594,C,56
7349,2024-09-24,14,3544,B,63
7350,2024-09-24,15,9386,A,66
7351,2024-09-24,17,3417,B,56
7352,2024-09-24,18,16726,B,66
7353,2024-09-25,1,6222,B,52
7354,2024-09-25,2,11479,A,78
7355,2024-09-25,3,8286,A,63
7356,2024-09-25,4,6424,A,67
7357,2024-09-25,5,10722,B,42
7358,2024-09-25,6,5071,A,56
7359,2024-09-25,7,6476,B,53
7360,2024-09-25,8,9075,B,71
7361,2024-09-25,9,8371,B,49
7362,2024-09-25,10,15690,A,63
7363,2024-09-25,11,4931,B,63
7364,2024-09-25,12,10519,B,71
7365,2024-09-25,13,12730,A,61
7366,2024-09-25,14,3172,C,43
7367,2024-09-25,15,9435,B,49
7368,2024-09-25,16,4831,A,72
7369,2024-09-25,17,3641,A,66
7370,2024-09-25,18,16143,C,79
7371,2024-09-26,1,6682,B,49
7372,2024-09-26,2,8681,B,55
7373,2024-09-26,3,8844,B,57
7374,2024-09-26,4,7014,C,47
7375,2024-09-26,5,9819,B,69
7376,2024-09-26,6,5203,B,58
7377,2024-09-26,7,6121,C,44
7378,2024-09-26,8,9394,A,64
7379,2024-09-26,9,9852,A,43
7380,2024-09-26,10,12897,B,61
7381,2024-09-26,12,9656,A,66
7382,2024-09-26,13,11940,B,49
7383,2024-09-26,14,3183,C,56
7384,2024-09-26,15,10470,C,42
7385,2024-09-26,17,3581,B,49
7386,2024-09-26,18,15508,A,66
7387,2024-09-27,1,6310,A,48
7388,2024-09-27,2,9840,A,74
7389,2024-09-27,3,8992,B,79
7390,2024-09-27,4,7635,A,48
7391,2024-09-27,5,9576,B,72
7392,2024-09-27,6,4629,C,45
7393,2024-09-27,7,6369,B,63
7394,2024-09-27,8,9346,C,44
7395,2024-09-27,9,8626,A,63
7396,2024-09-27,11,4965,B,40
7397,2024-09-27,12,10222,B,83
7398,2024-09-27,13,12834,A,66
7399,2024-09-27,14,3454,A,74
7400,2024-09-27,15,9743,A,71
7401,2024-09-27,16,5584,B,60
7402,2024-09-27,17,3743,B,34
7403,2024-09-27,18,15753,C,55
7404,2024-09-28,1,6034,C,36
7405,2024-09-28,2,11235,A,83
7406,2024-09-28,3,8923,C,59
7407,2024-09-28,4,7238,C,37
7408,2024-09-28,5,11520,B,61
7409,2024-09-28,6,5059,B,62
7410,2024-09-28,7,6816,A,72
7411,2024-09-28,8,8832,B,69
7412,2024-09-28,9,7741,A,52
7413,2024-09-28,10,14113,C,38
7414,2024-09-28,11,5113,B,48
7415,2024-09-28,12,11042,B,60
7416,2024-09-28,14,3204,B,57
7417,2024-09-28,15,11898,B,64
7418,2024-09-28,16,5232,B,57
7419,2024-09-28,17,3669,C,30
7420,2024-09-28,18,13588,A,86
7421,2024-09-29,1,7288,C,43
7422,2024-09-29,2,12467,A,57
7423,2024-09-29,3,9261,A,70
7424,2024-09-29,5,10392,A,51
7425,2024-09-29,6,4284,A,73
7426,2024-09-29,7,5812,B,64
7427,2024-09-29,8,8160,A,52
7428,2024-09-29,9,8791,B,34
7429,2024-09-29,10,13127,B,57
7430,2024-09-29,11,5584,B,67
7431,2024-09-29,12,10294,C,58
7432,2024-09-29,13,11832,A,77
7433,2024-09-29,14,3511,B,49
7434,2024-09-29,15,11761,B,45
7435,2024-09-29,17,4091,B,53
7436,2024-09-29,18,15610,B,61
7437,2024-09-30,1,7821,A,68
7438,2024-09-30,2,10723,B,52
7439,2024-09-30,3,10053,A,67
7440,2024-09-30,4,7056,B,49
7441,2024-09-30,5,10725,C,39
7442,2024-09-30,6,4202,C,56
7443,2024-09-30,7,5876,A,30
7444,2024-09-30,8,6168,A,56
7445,2024-09-30,9,9389,C,44
7446,2024-09-30,10,13907,A,71
7447,2024-09-30,11,5013,B,73
7448,2024-09-30,12,9174,A,50
7449,2024-09-30,14,2806,B,60
7450,2024-09-30,15,10201,B,60
7451,2024-09-30,16,5655,B,50
7452,2024-09-30,18,15504,B,75
7453,2024-10-01,1,6026,A,56
7454,2024-10-01,2,10082,C,42
7455,2024-10-01,3,9801,C,42
7456,2024-10-01,4,6781,A,78
7457,2024-10-01,6,4503,B,56
7458,2024-10-01,8,8526,C,38
7459,2024-10-01,9,8763,B,55
7460,2024-10-01,10,14382,C,54
7461,2024-10-01,12,10190,A,55
7462,2024-10-01,14,3261,C,57
7463,2024-10-01,15,11802,A,45
7464,2024-10-01,16,5081,C,44
7465,2024-10-01,17,3825,B,55
7466,2024-10-01,18,14301,B,53
7467,2024-10-02,1,7091,A,52
7468,2024-10-02,3,8073,B,56
7469,2024-10-02,4,6918,B,63
7470,2024-10-02,5,9210,B,42
7471,2024-10-02,7,5155,B,59
7472,2024-10-02,8,8327,C,43
7473,2024-10-02,9,8876,B,56
7474,2024-10-02,10,14806,A,63
7475,2024-10-02,11,4998,B,72
7476,2024-10-02,12,9683,A,49
7477,2024-10-02,14,3881,B,63
7478,2024-10-02,17,4034,B,51
7479,2024-10-02,18,14752,A,71
7480,2024-10-03,1,6432,C,58
7481,2024-10-03,2,11882,A,59
7482,2024-10-03,3,9469,B,83
7483,2024-10-03,4,6734,C,56
7484,2024-10-03,5,9741,C,40
7485,2024-10-03,6,4347,B,71
7486,2024-10-03,7,6267,A,55
7487,2024-10-03,9,9933,C,55
7488,2024-10-03,10,14620,A,75
7489,2024-10-03,11,4875,A,66
7490,2024-10-03,12,10816,A,66
7491,2024-10-03,13,11441,B,68
7492,2024-10-03,14,3512,B,77
7493,2024-10-03,15,9838,B,60
7494,2024-10-03,17,3575,B,39
7495,2024-10-03,18,17285,B,51
7496,2024-10-04,1,6521,A,72
7497,2024-10-04,2,10152,A,82
7498,2024-10-04,3,9979,B,52
7499,2024-10-04,4,6823,A,50
7500,2024-10-04,5,10105,B,58
7501,2024-10-04,6,4681,A,47
7502,2024-10-04,8,8364,A,70
7503,2024-10-04,9,9178,B,53
7504,2024-10-04,11,5640,A,58
7505,2024-10-04,12,10860,B,47
7506,2024-10-04,13,12813,A,69
7507,2024-10-04,14,3438,A,63
7508,2024-10-04,16,4266,B,59
7509,2024-10-04,17,3317,C,35
7510,2024-10-05,1,6463,B,58
7511,2024-10-05,2,10021,B,42
7512,2024-10-05,3,9299,A,50
7513,2024-10-05,5,9337,A,49
7514,2024-10-05,6,4598,A,75
7515,2024-10-05,7,6225,B,46
7516,2024-10-05,8,7444,C,66
7517,2024-10-05,9,8486,C,40
7518,2024-10-05,10,13588,B,63
7519,2024-10-05,11,5537,B,49
7520,2024-10-05,13,13039,A,79
7521,2024-10-05,14,3932,A,82
7522,2024-10-05,15,10028,A,67
7523,2024-10-05,17,4046,A,62
7524,2024-10-05,18,17970,C,51
7525,2024-10-06,2,10292,A,59
7526,2024-10-06,3,9807,A,60
7527,2024-10-06,4,6365,C,42
7528,2024-10-06,6,4130,B,63
7529,2024-10-06,7,6628,C,41
7530,2024-10-06,8,8699,A,66
7531,2024-10-06,9,9611,B,48
7532,2024-10-06,10,16333,B,60
7533,2024-10-06,11,5107,A,51
7534,2024-10-06,12,11233,A,65
7535,2024-10-06,14,2759,B,63
7536,2024-10-06,15,9680,A,69
7537,2024-10-06,16,4219,A,62
7538,2024-10-06,17,3730,C,55
7539,2024-10-07,1,6811,B,48
7540,2024-10-07,2,9889,B,36
7541,2024-10-07,3,10472,C,52
7542,2024-10-07,4,6352,A,51
7543,2024-10-07,5,8827,A,56
7544,2024-10-07,6,4674,A,58
7545,2024-10-07,7,5963,B,82
7546,2024-10-07,8,8749,B,57
7547,2024-10-07,9,9244,A,72
7548,2024-10-07,10,14794,C,40
7549,2024-10-07,11,4545,A,80
7550,2024-10-07,12,9648,B,60
7551,2024-10-07,14,3172,C,49
7552,2024-10-07,15,10375,A,61
7553,2024-10-07,18,14772,B,55
7554,2024-10-08,1,6334,B,51
7555,2024-10-08,3,9759,B,48
7556,2024-10-08,4,6146,C,50
7557,2024-10-08,5,9292,B,51
7558,2024-10-08,6,4798,B,73
7559,2024-10-08,7,7031,B,58
7560,2024-10-08,8,8783,A,53
7561,2024-10-08,10,12735,B,50
7562,2024-10-08,11,4566,A,60
7563,2024-10-08,12,11911,B,47
7564,2024-10-08,13,11382,B,52
7565,2024-10-08,14,3284,A,85
7566,2024-10-08,15,10279,B,63
7567,2024-10-08,16,4747,A,73
7568,2024-10-08,17,3503,C,39
7569,2024-10-08,18,13508,A,45
7570,2024-10-09,1,6932,B,62
7571,2024-10-09,2,12096,B,62
7572,2024-10-09,4,6029,B,46
7573,2024-10-09,5,10754,B,38
7574,2024-10-09,6,4550,C,44
7575,2024-10-09,7,5475,B,66
7576,2024-10-09,8,8959,B,61
7577,2024-10-09,10,13859,C,55
7578,2024-10-09,12,10549,A,66
7579,2024-10-09,13,11215,B,56
7580,2024-10-09,14,3626,B,57
7581,2024-10-09,15,10257,B,41
7582,2024-10-09,16,4588,C,44
7583,2024-10-09,17,3508,B,46
7584,2024-10-09,18,13924,B,59
7585,2024-10-10,1,6758,B,81
7586,2024-10-10,2,10982,A,64
7587,2024-10-10,3,9774,A,75
7588,2024-10-10,4,6241,C,63
7589,2024-10-10,5,10699,B,48
7590,2024-10-10,6,4902,A,64
7591,2024-10-10,7,6790,B,58
7592,2024-10-10,8,8730,B,68
7593,2024-10-10,9,9385,C,64
7594,2024-10-10,10,13380,A,48
7595,2024-10-10,12,9534,A,57
7596,2024-10-10,13,12201,A,76
7597,2024-10-10,14,3631,B,45
7598,2024-10-10,15,10634,A,74
7599,2024-10-10,16,4753,A,56
7600,2024-10-10,17,3940,B,59
7601,2024-10-10,18,14395,B,64
7602,2024-10-11,2,10489,A,65
7603,2024-10-11,5,9886,B,48
7604,2024-10-11,6,4051,A,63
7605,2024-10-11,7,6534,B,59
7606,2024-10-11,8,8055,A,58
7607,2024-10-11,9,9115,A,69
7608,2024-10-11,10,13600,B,61
7609,2024-10-11,11,4911,A,53
7610,2024-10-11,12,9623,C,30
7611,2024-10-11,16,5293,A,54
7612,2024-10-11,18,15805,A,58
7613,2024-10-12,1,6292,B,65
7614,2024-10-12,4,6420,B,52
7615,2024-10-12,5,9375,C,43
7616,2024-10-12,6,4656,B,47
7617,2024-10-12,7,5348,B,57
7618,2024-10-12,8,8281,A,73
7619,2024-10-12,10,12397,B,81
7620,2024-10-12,11,4869,B,65
7621,2024-10-12,12,10885,B,46
7622,2024-10-12,13,11489,A,48
7623,2024-10-12,14,3664,A,49
7624,2024-10-12,15,10542,A,47
7625,2024-10-12,16,4610,B,61
7626,2024-10-12,18,15745,B,48
7627,2024-10-13,1,6472,B,60
7628,2024-10-13,3,8766,C,40
7629,2024-10-13,5,9367,B,54
7630,2024-10-13,6,4068,B,64
7631,2024-10-13,7,7543,C,45
7632,2024-10-13,8,8389,B,55
7633,2024-10-13,9,8610,C,58
7634,2024-10-13,10,13296,A,76
7635,2024-10-13,11,4823,A,84
7636,2024-10-13,12,10258,A,75
7637,2024-10-13,13,12698,B,55
7638,2024-10-13,14,3284,B,49
7639,2024-10-13,15,9847,B,60
7640,2024-10-13,16,5102,A,69
7641,2024-10-13,17,3924,A,75
7642,2024-10-13,18,14578,B,70
7643,2024-10-14,1,7195,A,75
7644,2024-10-14,2,11461,A,59
7645,2024-10-14,3,10148,B,84
7646,2024-10-14,4,6933,C,37
7647,2024-10-14,5,9901,C,44
7648,2024-10-14,6,4088,A,61
7649,2024-10-14,7,6167,B,40
7650,2024-10-14,8,8400,B,46
7651,2024-10-14,10,15742,B,61
7652,2024-10-14,11,5054,A,50
7653,2024-10-14,12,10508,A,76
7654,2024-10-14,13,11429,A,48
7655,2024-10-14,14,3722,B,51
7656,2024-10-14,15,10369,A,67
7657,2024-10-14,16,4511,B,61
7658,2024-10-14,18,12668,A,73
7659,2024-10-15,1,7057,C,68
7660,2024-10-15,2,10638,B,45
7661,2024-10-15,4,5825,A,59
7662,2024-10-15,5,10732,C,56
7663,2024-10-15,7,5764,B,63
7664,2024-10-15,8,8993,A,58
7665,2024-10-15,9,7959,B,45
7666,2024-10-15,10,14386,A,67
7667,2024-10-15,12,11956,A,64
7668,2024-10-15,14,3113,B,60
7669,2024-10-15,16,4815,B,56
7670,2024-10-15,17,3729,A,73
7671,2024-10-15,18,17238,C,38
7672,2024-10-16,1,6254,C,30
7673,2024-10-16,2,10550,B,36
7674,2024-10-16,3,10126,A,63
7675,2024-10-16,5,10964,B,61
7676,2024-10-16,6,4150,B,68
7677,2024-10-16,7,5501,A,60
7678,2024-10-16,8,8757,B,59
7679,2024-10-16,9,9396,B,62
7680,2024-10-16,11,4617,A,60
7681,2024-10-16,12,9998,A,67
7682,2024-10-16,13,11746,A,80
7683,2024-10-16,14,3360,B,69
7684,2024-10-16,15,9206,A,45
7685,2024-10-16,17,3638,C,61
7686,2024-10-16,18,15064,B,47
7687,2024-10-17,1,6839,B,45
7688,2024-10-17,2,13440,B,51
7689,2024-10-17,3,9381,B,49
7690,2024-10-17,4,7362,A,51
7691,2024-10-17,6,4291,B,51
7692,2024-10-17,7,6090,A,69
7693,2024-10-17,10,15087,A,76
7694,2024-10-17,12,10641,B,49
7695,2024-10-17,14,3260,A,30
7696,2024-10-17,15,9976,A,67
7697,2024-10-17,16,4499,B,68
7698,2024-10-17,17,4047,B,59
7699,2024-10-17,18,14039,B,56
7700,2024-10-18,2,10961,B,56
7701,2024-10-18,3,8010,B,62
7702,2024-10-18,4,6364,B,50
7703,2024-10-18,5,9264,B,63
7704,2024-10-18,6,4411,A,61
7705,2024-10-18,9,8376,A,56
7706,2024-10-18,10,14948,B,39
7707,2024-10-18,11,5552,C,40
7708,2024-10-18,12,11793,C,55
7709,2024-10-18,13,12201,A,63
7710,2024-10-18,14,3680,B,69
7711,2024-10-18,16,4376,A,61
7712,2024-10-18,17,3580,B,69
7713,2024-10-18,18,15755,B,52
7714,2024-10-19,1,5879,C,37
7715,2024-10-19,2,10061,A,73
7716,2024-10-19,3,9285,A,76
7717,2024-10-19,4,7146,A,58
7718,2024-10-19,5,10425,B,42
7719,2024-10-19,6,4789,A,56
7720,2024-10-19,7,6250,A,48
7721,2024-10-19,8,8381,A,68
7722,2024-10-19,10,13354,A,69
7723,2024-10-19,11,4733,A,53
7724,2024-10-19,13,12047,B,38
7725,2024-10-19,14,3251,B,51
7726,2024-10-19,16,5081,A,63
7727,2024-10-19,17,3799,C,51
7728,2024-10-19,18,15668,B,64
7729,2024-10-20,3,7505,B,50
7730,2024-10-20,4,6440,C,55
7731,2024-10-20,5,9534,A,45
7732,2024-10-20,7,6051,A,72
7733,2024-10-20,8,5772,C,41
7734,2024-10-20,10,14538,B,64
7735,2024-10-20,11,5136,B,62
7736,2024-10-20,12,9229,B,63
7737,2024-10-20,13,12754,B,45
7738,2024-10-20,14,3381,B,53
7739,2024-10-20,15,10941,B,48
7740,2024-10-20,16,5328,A,66
7741,2024-10-20,18,15018,A,80
7742,2024-10-21,1,6425,A,50
7743,2024-10-21,2,11689,B,56
7744,2024-10-21,4,6968,B,53
7745,2024-10-21,5,9783,B,57
7746,2024-10-21,6,3919,A,64
7747,2024-10-21,7,6513,A,67
7748,2024-10-21,11,5155,A,69
7749,2024-10-21,12,11018,C,59
7750,2024-10-21,13,12239,B,69
7751,2024-10-21,14,3531,A,79
7752,2024-10-21,15,9618,A,71
7753,2024-10-21,16,4858,B,38
7754,2024-10-21,17,3495,B,43
7755,2024-10-22,1,7095,B,55
7756,2024-10-22,2,10802,A,63
7757,2024-10-22,4,6215,C,42
7758,2024-10-22,5,11288,A,66
7759,2024-10-22,6,4897,B,56
7760,2024-10-22,7,6007,B,66
7761,2024-10-22,8,7968,C,30
7762,2024-10-22,9,8326,B,45
7763,2024-10-22,10,13232,B,55
7764,2024-10-22,12,9605,B,56
7765,2024-10-22,13,12406,A,78
7766,2024-10-22,14,3541,A,61
7767,2024-10-22,15,9753,B,60
7768,2024-10-22,16,4710,B,54
7769,2024-10-22,18,13992,A,77
7770,2024-10-23,2,9473,B,55
7771,2024-10-23,3,8593,A,82
7772,2024-10-23,5,10881,A,68
7773,2024-10-23,6,4187,B,40
7774,2024-10-23,7,5239,B,85
7775,2024-10-23,8,7794,A,84
7776,2024-10-23,9,9407,B,70
7777,2024-10-23,10,15397,B,44
7778,2024-10-23,11,5574,B,66
7779,2024-10-23,12,11782,A,72
7780,2024-10-23,13,10800,B,61
7781,2024-10-23,14,3634,B,63
7782,2024-10-23,15,9626,A,72
7783,2024-10-23,16,4950,A,63
7784,2024-10-23,17,3453,A,62
7785,2024-10-23,18,16353,A,40
7786,2024-10-24,1,5805,A,55
7787,2024-10-24,5,10335,C,77
7788,2024-10-24,7,6125,A,83
7789,2024-10-24,8,8063,A,55
7790,2024-10-24,9,9716,A,60
7791,2024-10-24,10,13450,A,45
7792,2024-10-24,11,5040,A,57
7793,2024-10-24,12,9893,A,71
7794,2024-10-24,13,12145,A,54
7795,2024-10-24,15,11098,C,40
7796,2024-10-24,16,4911,B,55
7797,2024-10-24,17,3926,A,71
7798,2024-10-24,18,14187,C,63
7799,2024-10-25,1,5902,A,68
7800,2024-10-25,2,10133,A,82
7801,2024-10-25,3,10430,A,53
7802,2024-10-25,4,6846,A,53
7803,2024-10-25,5,9168,B,53
7804,2024-10-25,6,4648,A,67
7805,2024-10-25,7,5025,A,66
7806,2024-10-25,8,8030,A,56
7807,2024-10-25,9,9489,A,66
7808,2024-10-25,10,11692,B,39
7809,2024-10-25,11,4870,B,58
7810,2024-10-25,13,13208,B,64
7811,2024-10-25,14,3279,B,67
7812,2024-10-25,15,9804,C,41
7813,2024-10-25,16,4984,B,55
7814,2024-10-25,17,3292,B,60
7815,2024-10-25,18,14669,A,51
7816,2024-10-26,1,6811,A,55
7817,2024-10-26,2,12309,A,84
7818,2024-10-26,3,8655,B,54
7819,2024-10-26,4,6694,B,56
7820,2024-10-26,5,10379,B,56
7821,2024-10-26,6,4560,C,43
7822,2024-10-26,7,6374,A,65
7823,2024-10-26,8,8736,B,57
7824,2024-10-26,10,13679,A,67
7825,2024-10-26,11,4794,C,65
7826,2024-10-26,12,11833,A,59
7827,2024-10-26,13,10782,C,30
7828,2024-10-26,14,3298,A,77
7829,2024-10-26,16,3900,B,62
7830,2024-10-26,17,3719,B,71
7831,2024-10-26,18,16216,B,64
7832,2024-10-27,1,6926,B,53
7833,2024-10-27,2,11630,A,59
7834,2024-10-27,3,8256,B,52
7835,2024-10-27,4,6259,C,57
7836,2024-10-27,5,11074,C,46
7837,2024-10-27,6,4881,A,61
7838,2024-10-27,7,5713,A,71
7839,2024-10-27,8,7289,A,63
7840,2024-10-27,9,9824,A,61
7841,2024-10-27,10,13663,A,72
7842,2024-10-27,11,4965,A,79
7843,2024-10-27,12,9915,B,54
7844,2024-10-27,13,13054,C,61
7845,2024-10-27,14,3400,C,30
7846,2024-10-27,16,4471,B,63
7847,2024-10-27,17,3729,A,49
7848,2024-10-27,18,16901,C,37
7849,2024-10-28,1,6294,C,42
7850,2024-10-28,2,10322,B,62
7851,2024-10-28,3,10089,B,52
7852,2024-10-28,4,6693,A,52
7853,2024-10-28,5,9899,C,43
7854,2024-10-28,6,4660,B,59
7855,2024-10-28,7,6280,B,51
7856,2024-10-28,8,7610,B,58
7857,2024-10-28,9,9782,B,52
7858,2024-10-28,10,15067,C,32
7859,2024-10-28,11,4887,B,62
7860,2024-10-28,12,10607,B,66
7861,2024-10-28,13,10910,A,45
7862,2024-10-28,14,3461,A,71
7863,2024-10-28,15,10145,B,82
7864,2024-10-28,16,4558,B,64
7865,2024-10-28,17,3155,A,70
7866,2024-10-28,18,17372,C,43
7867,2024-10-29,1,7132,A,70
7868,2024-10-29,2,11802,A,77
7869,2024-10-29,3,10436,C,30
7870,2024-10-29,5,11309,B,61
7871,2024-10-29,6,4179,B,54
7872,2024-10-29,7,6851,A,51
7873,2024-10-29,8,8557,C,56
7874,2024-10-29,10,13765,A,80
7875,2024-10-29,11,5287,B,42
7876,2024-10-29,12,11228,B,45
7877,2024-10-29,13,10633,A,68
7878,2024-10-29,14,3353,A,77
7879,2024-10-29,15,11114,B,47
7880,2024-10-29,16,4948,B,48
7881,2024-10-29,17,3560,B,53
7882,2024-10-29,18,16718,A,64
7883,2024-10-30,1,5883,B,50
7884,2024-10-30,2,10763,A,56
7885,2024-10-30,3,9023,B,57
7886,2024-10-30,4,6889,B,48
7887,2024-10-30,5,11262,C,49
7888,2024-10-30,6,5270,A,81
7889,2024-10-30,7,5728,B,66
7890,2024-10-30,9,9371,B,57
7891,2024-10-30,10,13285,A,58
7892,2024-10-30,11,5233,B,56
7893,2024-10-30,12,11254,B,47
7894,2024-10-30,13,11681,B,32
7895,2024-10-30,14,3398,A,64
7896,2024-10-30,15,11571,B,59
7897,2024-10-30,16,4962,C,41
7898,2024-10-30,17,3765,C,58
7899,2024-10-30,18,15016,B,50
7900,2024-10-31,1,6749,A,45
7901,2024-10-31,2,11435,A,66
7902,2024-10-31,3,9750,A,56
7903,2024-10-31,4,7015,A,76
7904,2024-10-31,5,11564,A,73
7905,2024-10-31,6,4558,C,60
7906,2024-10-31,7,6725,A,48
7907,2024-10-31,8,8755,B,65
7908,2024-10-31,9,9260,B,71
7909,2024-10-31,10,14898,C,61
7910,2024-10-31,11,5303,A,68
7911,2024-10-31,12,10965,C,41
7912,2024-10-31,13,12065,B,50
7913,2024-10-31,14,2981,A,50
7914,2024-10-31,16,5138,B,68
7915,2024-10-31,17,3817,A,67
7916,2024-10-31,18,13515,B,54
7917,2024-11-01,3,9988,B,64
7918,2024-11-01,4,6543,C,48
7919,2024-11-01,5,10455,C,40
7920,2024-11-01,6,4435,A,67
7921,2024-11-01,7,5984,A,65
7922,2024-11-01,8,7804,A,46
7923,2024-11-01,9,9852,A,85
7924,2024-11-01,11,5573,A,69
7925,2024-11-01,12,11651,A,73
7926,2024-11-01,13,12243,A,58
7927,2024-11-01,14,3574,B,44
7928,2024-11-01,15,10192,B,67
7929,2024-11-01,16,4990,B,49
7930,2024-11-01,17,3630,A,86
7931,2024-11-01,18,17149,A,80
7932,2024-11-02,1,6431,A,49
7933,2024-11-02,2,9980,C,54
7934,2024-11-02,4,7562,B,54
7935,2024-11-02,5,10686,C,64
7936,2024-11-02,6,4834,B,61
7937,2024-11-02,8,7676,A,67
7938,2024-11-02,9,10500,B,61
7939,2024-11-02,10,12924,C,74
7940,2024-11-02,11,5818,A,66
7941,2024-11-02,12,10486,B,49
7942,2024-11-02,13,10533,B,49
7943,2024-11-02,14,3442,A,86
7944,2024-11-02,15,10730,B,69
7945,2024-11-02,16,4380,A,48
7946,2024-11-02,18,17106,B,60
7947,2024-11-03,1,6811,A,52
7948,2024-11-03,2,10154,A,72
7949,2024-11-03,4,6263,A,49
7950,2024-11-03,5,11361,B,46
7951,2024-11-03,6,4578,B,55
7952,2024-11-03,7,6018,A,48
7953,2024-11-03,8,7990,A,64
7954,2024-11-03,9,8406,A,49
7955,2024-11-03,10,15019,C,60
7956,2024-11-03,11,5113,B,52
7957,2024-11-03,12,10279,B,63
7958,2024-11-03,13,11808,A,53
7959,2024-11-03,14,3665,B,47
7960,2024-11-03,15,9155,C,45
7961,2024-11-03,16,5455,A,47
7962,2024-11-03,17,3658,A,69
7963,2024-11-03,18,14587,B,69
7964,2024-11-04,1,6318,A,61
7965,2024-11-04,2,11587,B,49
7966,2024-11-04,3,9908,A,58
7967,2024-11-04,4,7184,C,49
7968,2024-11-04,5,10571,A,48
7969,2024-11-04,6,4631,C,58
7970,2024-11-04,7,5782,B,58
7971,2024-11-04,8,8488,B,51
7972,2024-11-04,9,9885,A,49
7973,2024-11-04,11,5508,B,42
7974,2024-11-04,12,10296,B,56
7975,2024-11-04,13,10785,A,69
7976,2024-11-04,15,9569,B,59
7977,2024-11-04,16,5386,A,72
7978,2024-11-04,18,16552,A,49
7979,2024-11-05,1,6576,B,54
7980,2024-11-05,2,10418,A,56
7981,2024-11-05,4,7568,B,58
7982,2024-11-05,5,9797,B,64
7983,2024-11-05,7,6540,A,74
7984,2024-11-05,8,9318,A,68
7985,2024-11-05,9,9037,C,70
7986,2024-11-05,10,13752,A,73
7987,2024-11-05,11,4921,A,65
7988,2024-11-05,12,11317,A,90
7989,2024-11-05,13,10052,C,58
7990,2024-11-05,14,2921,B,63
7991,2024-11-05,15,9712,B,34
7992,2024-11-05,16,4397,A,61
7993,2024-11-05,17,3764,B,60
7994,2024-11-05,18,15006,C,42
7995,2024-11-06,1,7331,A,86
7996,2024-11-06,3,9426,B,60
7997,2024-11-06,4,7180,B,57
7998,2024-11-06,5,9840,B,50
7999,2024-11-06,6,4389,A,71
8000,2024-11-06,7,5983,C,59
8001,2024-11-06,8,6964,B,56
8002,2024-11-06,9,9006,A,46
8003,2024-11-06,10,13945,B,74
8004,2024-11-06,11,5543,C,43
8005,2024-11-06,12,10899,C,63
8006,2024-11-06,14,3296,A,83
8007,2024-11-06,15,12035,A,68
8008,2024-11-06,16,5019,A,62
8009,2024-11-06,17,3964,B,57
8010,2024-11-07,1,6472,A,57
8011,2024-11-07,2,9887,A,82
8012,2024-11-07,3,8385,A,36
8013,2024-11-07,4,6802,A,52
8014,2024-11-07,6,4374,A,81
8015,2024-11-07,8,8181,A,55
8016,2024-11-07,10,12571,C,50
8017,2024-11-07,11,5493,A,66
8018,2024-11-07,12,10837,B,36
8019,2024-11-07,13,10726,A,69
8020,2024-11-07,14,3339,A,54
8021,2024-11-07,15,9543,C,54
8022,2024-11-07,18,14781,C,40
8023,2024-11-08,1,7239,A,65
8024,2024-11-08,3,10454,A,71
8025,2024-11-08,4,6622,C,55
8026,2024-11-08,5,9152,B,48
8027,2024-11-08,6,4530,B,61
8028,2024-11-08,7,5962,B,62
8029,2024-11-08,8,7440,B,55
8030,2024-11-08,9,8893,B,62
8031,2024-11-08,10,13169,B,56
8032,2024-11-08,11,5471,B,66
8033,2024-11-08,12,11264,A,72
8034,2024-11-08,13,11887,B,61
8035,2024-11-08,14,3595,B,39
8036,2024-11-08,15,9530,C,44
8037,2024-11-08,16,4943,B,57
8038,2024-11-08,17,3546,C,56
8039,2024-11-08,18,17856,A,50
8040,2024-11-09,1,6172,B,35
8041,2024-11-09,2,12471,B,60
8042,2024-11-09,3,8637,A,66
8043,2024-11-09,4,7487,A,49
8044,2024-11-09,5,10089,A,79
8045,2024-11-09,6,4873,C,47
8046,2024-11-09,7,6177,B,64
8047,2024-11-09,8,7227,C,30
8048,2024-11-09,10,13753,A,51
8049,2024-11-09,11,5101,B,52
8050,2024-11-09,12,8852,A,53
8051,2024-11-09,13,12463,C,62
8052,2024-11-09,14,2831,A,58
8053,2024-11-09,15,9354,B,62
8054,2024-11-09,16,5301,A,70
8055,2024-11-09,17,3493,A,74
8056,2024-11-10,1,7073,A,48
8057,2024-11-10,2,9791,B,64
8058,2024-11-10,3,8778,B,47
8059,2024-11-10,4,6127,B,63
8060,2024-11-10,5,11101,B,51
8061,2024-11-10,6,3947,B,53
8062,2024-11-10,7,6865,C,54
8063,2024-11-10,8,8972,A,52
8064,2024-11-10,9,8762,C,39
8065,2024-11-10,10,13535,A,69
8066,2024-11-10,11,4792,C,57
8067,2024-11-10,12,10853,C,56
8068,2024-11-10,13,10066,B,47
8069,2024-11-10,14,3404,C,40
8070,2024-11-10,15,10663,A,54
8071,2024-11-10,16,5722,B,44
8072,2024-11-10,17,3592,B,42
8073,2024-11-10,18,17633,A,57
8074,2024-11-11,1,7567,A,45
8075,2024-11-11,2,10726,B,63
8076,2024-11-11,3,9267,A,66
8077,2024-11-11,5,8417,A,59
8078,2024-11-11,6,3782,A,44
8079,2024-11-11,7,5240,B,62
8080,2024-11-11,8,8691,A,67
8081,2024-11-11,9,8301,A,54
8082,2024-11-11,10,15149,A,62
8083,2024-11-11,12,10775,B,50
8084,2024-11-11,13,11732,C,30
8085,2024-11-11,14,3532,A,90
8086,2024-11-11,15,10322,A,73
8087,2024-11-11,16,5183,B,45
8088,2024-11-11,18,14844,B,62
8089,2024-11-12,3,10141,A,59
8090,2024-11-12,4,6694,C,48
8091,2024-11-12,6,4277,A,67
8092,2024-11-12,7,6210,A,45
8093,2024-11-12,8,8627,A,58
8094,2024-11-12,10,13988,A,71
8095,2024-11-12,11,5047,B,51
8096,2024-11-12,12,12004,B,60
8097,2024-11-12,14,3213,A,66
8098,2024-11-12,15,11093,B,47
8099,2024-11-12,16,5004,C,44
8100,2024-11-12,17,3859,B,48
8101,2024-11-12,18,15916,A,65
8102,2024-11-13,2,10637,B,52
8103,2024-11-13,3,9636,B,46
8104,2024-11-13,4,7599,B,63
8105,2024-11-13,5,11122,B,61
8106,2024-11-13,6,3901,B,51
8107,2024-11-13,7,6509,B,48
8108,2024-11-13,8,8942,B,43
8109,2024-11-13,9,8804,B,51
8110,2024-11-13,10,14689,A,71
8111,2024-11-13,12,9295,C,60
8112,2024-11-13,13,11985,B,46
8113,2024-11-13,14,3413,A,67
8114,2024-11-13,15,10754,A,85
8115,2024-11-13,16,4756,C,63
8116,2024-11-13,17,3356,B,68
8117,2024-11-13,18,14221,C,44
8118,2024-11-14,1,7098,A,70
8119,2024-11-14,2,11092,A,67
8120,2024-11-14,3,9319,B,34
8121,2024-11-14,4,7124,B,59
8122,2024-11-14,6,4335,C,30
8123,2024-11-14,7,6295,A,50
8124,2024-11-14,8,8008,B,70
8125,2024-11-14,9,9170,A,69
8126,2024-11-14,10,13759,C,37
8127,2024-11-14,11,4938,C,58
8128,2024-11-14,13,10843,B,51
8129,2024-11-14,14,3223,A,67
8130,2024-11-14,15,9079,A,68
8131,2024-11-14,16,4960,B,64
8132,2024-11-14,17,3513,B,48
8133,2024-11-14,18,16457,A,47
8134,2024-11-15,1,6675,B,62
8135,2024-11-15,3,9354,C,62
8136,2024-11-15,4,6379,B,66
8137,2024-11-15,5,10650,C,56
8138,2024-11-15,6,4668,B,88
8139,2024-11-15,7,6849,B,64
8140,2024-11-15,8,8040,B,54
8141,2024-11-15,9,7924,A,73
8142,2024-11-15,10,14911,A,74
8143,2024-11-15,11,5381,C,59
8144,2024-11-15,12,10654,B,52
8145,2024-11-15,13,10451,B,48
8146,2024-11-15,14,3195,B,50
8147,2024-11-15,15,9547,A,73
8148,2024-11-15,17,3800,B,65
8149,2024-11-15,18,16525,C,32
8150,2024-11-16,1,6986,B,55
8151,2024-11-16,3,9051,A,48
8152,2024-11-16,4,6742,B,66
8153,2024-11-16,5,10209,C,63
8154,2024-11-16,6,4168,B,51
8155,2024-11-16,7,6162,B,60
8156,2024-11-16,8,9784,C,43
8157,2024-11-16,9,8048,A,61
8158,2024-11-16,11,5405,A,74
8159,2024-11-16,12,11004,B,59
8160,2024-11-16,13,12141,C,59
8161,2024-11-16,14,3282,B,56
8162,2024-11-16,15,11321,A,46
8163,2024-11-16,16,4872,A,55
8164,2024-11-16,17,3422,A,46
8165,2024-11-17,1,6457,B,50
8166,2024-11-17,2,10545,C,31
8167,2024-11-17,3,9423,A,71
8168,2024-11-17,4,6574,C,60
8169,2024-11-17,5,11210,A,48
8170,2024-11-17,6,3976,B,51
8171,2024-11-17,7,6107,B,56
8172,2024-11-17,8,8164,A,84
8173,2024-11-17,9,9363,B,51
8174,2024-11-17,10,13764,A,54
8175,2024-11-17,11,4948,B,49
8176,2024-11-17,12,12010,C,30
8177,2024-11-17,13,10875,A,69
8178,2024-11-17,14,3200,A,59
8179,2024-11-17,15,10040,B,79
8180,2024-11-17,16,4542,A,73
8181,2024-11-17,17,3476,A,70
8182,2024-11-17,18,16010,A,67
8183,2024-11-18,1,6832,B,71
8184,2024-11-18,2,11549,A,51
8185,2024-11-18,4,6521,B,58
8186,2024-11-18,5,11008,A,71
8187,2024-11-18,6,4513,C,78
8188,2024-11-18,7,6493,A,66
8189,2024-11-18,9,8519,A,77
8190,2024-11-18,10,13734,A,62
8191,2024-11-18,11,5596,A,71
8192,2024-11-18,12,11065,B,41
8193,2024-11-18,13,11123,B,71
8194,2024-11-18,14,3579,B,81
8195,2024-11-18,15,11176,B,43
8196,2024-11-19,1,6700,A,83
8197,2024-11-19,2,11722,A,46
8198,2024-11-19,3,8806,B,50
8199,2024-11-19,5,9063,A,72
8200,2024-11-19,6,4798,C,44
8201,2024-11-19,7,6248,A,63
8202,2024-11-19,8,8332,A,69
8203,2024-11-19,9,9882,A,51
8204,2024-11-19,10,12699,B,57
8205,2024-11-19,11,3885,A,44
8206,2024-11-19,12,10929,A,78
8207,2024-11-19,13,9384,A,68
8208,2024-11-19,14,3194,C,44
8209,2024-11-19,15,10084,C,55
8210,2024-11-19,16,5090,B,62
8211,2024-11-19,17,3509,C,51
8212,2024-11-19,18,14835,B,60
8213,2024-11-20,1,7419,B,60
8214,2024-11-20,2,12923,B,60
8215,2024-11-20,3,9194,B,80
8216,2024-11-20,4,6155,B,49
8217,2024-11-20,5,10685,A,65
8218,2024-11-20,6,3879,A,72
8219,2024-11-20,7,6005,C,55
8220,2024-11-20,8,7097,B,49
8221,2024-11-20,9,9264,C,44
8222,2024-11-20,10,14307,A,65
8223,2024-11-20,11,4568,C,42
8224,2024-11-20,12,10795,B,62
8225,2024-11-20,13,12275,B,47
8226,2024-11-20,14,3148,C,49
8227,2024-11-20,15,9416,A,74
8228,2024-11-20,17,3972,A,65
8229,2024-11-20,18,16084,A,74
8230,2024-11-21,1,6923,B,69
8231,2024-11-21,2,11201,B,34
8232,2024-11-21,3,8189,A,65
8233,2024-11-21,4,7804,B,57
8234,2024-11-21,5,10038,B,59
8235,2024-11-21,7,6455,B,46
8236,2024-11-21,9,9542,A,66
8237,2024-11-21,10,13705,B,54
8238,2024-11-21,12,10180,B,52
8239,2024-11-21,13,12160,B,59
8240,2024-11-21,14,3873,A,54
8241,2024-11-21,15,9958,A,64
8242,2024-11-21,16,4636,A,71
8243,2024-11-21,17,4061,A,69
8244,2024-11-22,1,6968,A,62
8245,2024-11-22,2,10984,B,33
8246,2024-11-22,4,7372,C,43
8247,2024-11-22,5,10274,C,30
8248,2024-11-22,6,4781,C,42
8249,2024-11-22,7,5875,B,48
8250,2024-11-22,8,7942,A,47
8251,2024-11-22,9,10127,C,63
8252,2024-11-22,10,13197,B,64
8253,2024-11-22,12,10566,A,38
8254,2024-11-22,13,11416,B,77
8255,2024-11-22,14,3654,B,50
8256,2024-11-22,15,9416,C,43
8257,2024-11-22,16,5290,A,66
8258,2024-11-22,17,3473,A,47
8259,2024-11-22,18,15559,A,59
8260,2024-11-23,1,6561,A,67
8261,2024-11-23,2,10871,A,84
8262,2024-11-23,3,8872,A,52
8263,2024-11-23,4,7517,B,51
8264,2024-11-23,5,9611,A,63
8265,2024-11-23,6,4831,A,78
8266,2024-11-23,7,5896,C,40
8267,2024-11-23,8,9032,C,43
8268,2024-11-23,9,8875,C,51
8269,2024-11-23,10,14966,B,59
8270,2024-11-23,11,5199,B,42
8271,2024-11-23,12,9984,A,57
8272,2024-11-23,13,10017,C,39
8273,2024-11-23,14,2888,B,40
8274,2024-11-23,15,9744,B,72
8275,2024-11-23,16,4724,B,41
8276,2024-11-23,17,3427,A,46
8277,2024-11-23,18,15631,B,51
8278,2024-11-24,1,6520,B,44
8279,2024-11-24,2,10403,B,65
8280,2024-11-24,3,10287,C,41
8281,2024-11-24,4,6658,B,71
8282,2024-11-24,5,11633,A,53
8283,2024-11-24,6,4925,C,69
8284,2024-11-24,7,5937,B,60
8285,2024-11-24,8,8853,A,64
8286,2024-11-24,10,12374,B,53
8287,2024-11-24,11,5180,B,81
8288,2024-11-24,12,10552,B,70
8289,2024-11-24,13,12515,A,74
8290,2024-11-24,14,3185,C,30
8291,2024-11-24,15,10370,B,62
8292,2024-11-24,16,4836,C,55
8293,2024-11-24,17,3608,B,45
8294,2024-11-25,1,6550,B,52
8295,2024-11-25,2,10995,B,59
8296,2024-11-25,3,10155,B,48
8297,2024-11-25,4,6831,A,59
8298,2024-11-25,5,11055,A,55
8299,2024-11-25,6,5279,A,69
8300,2024-11-25,7,6870,B,48
8301,2024-11-25,8,8937,B,63
8302,2024-11-25,9,9735,B,63
8303,2024-11-25,10,13284,B,60
8304,2024-11-25,11,5223,B,53
8305,2024-11-25,12,8611,A,90
8306,2024-11-25,15,10624,B,53
8307,2024-11-25,16,4882,C,33
8308,2024-11-25,17,3369,B,43
8309,2024-11-25,18,15494,A,73
8310,2024-11-26,1,6999,B,63
8311,2024-11-26,2,10452,B,62
8312,2024-11-26,3,8684,A,56
8313,2024-11-26,5,9602,C,35
8314,2024-11-26,6,4360,B,62
8315,2024-11-26,8,7670,A,72
8316,2024-11-26,9,9471,A,60
8317,2024-11-26,10,14879,A,90
8318,2024-11-26,11,5304,A,86
8319,2024-11-26,12,10953,B,81
8320,2024-11-26,13,10997,B,62
8321,2024-11-26,14,3481,A,71
8322,2024-11-26,15,8908,C,39
8323,2024-11-26,16,4752,B,69
8324,2024-11-26,17,3726,B,45
8325,2024-11-26,18,14953,B,57
8326,2024-11-27,1,6556,B,73
8327,2024-11-27,2,10849,B,60
8328,2024-11-27,3,8911,A,62
8329,2024-11-27,4,6624,A,76
8330,2024-11-27,6,4527,A,65
8331,2024-11-27,7,6395,B,56
8332,2024-11-27,8,9405,B,58
8333,2024-11-27,10,14096,C,50
8334,2024-11-27,11,4678,B,46
8335,2024-11-27,12,10487,A,47
8336,2024-11-27,13,13522,A,63
8337,2024-11-27,14,2988,B,58
8338,2024-11-27,15,10192,C,63
8339,2024-11-27,18,14948,B,75
8340,2024-11-28,1,6942,B,48
8341,2024-11-28,2,11833,A,70
8342,2024-11-28,3,8967,A,61
8343,2024-11-28,4,7187,B,56
8344,2024-11-28,5,9891,B,41
8345,2024-11-28,6,4338,C,43
8346,2024-11-28,7,6216,C,71
8347,2024-11-28,8,7685,B,85
8348,2024-11-28,10,13696,B,55
8349,2024-11-28,11,4570,C,37
8350,2024-11-28,12,10305,B,52
8351,2024-11-28,13,10769,B,60
8352,2024-11-28,14,3707,A,68
8353,2024-11-28,15,9727,A,56
8354,2024-11-28,16,5339,B,32
8355,2024-11-28,17,3796,A,65
8356,2024-11-29,1,7912,C,34
8357,2024-11-29,2,9843,C,50
8358,2024-11-29,3,8694,A,71
8359,2024-11-29,4,7631,A,60
8360,2024-11-29,5,10561,A,59
8361,2024-11-29,6,4489,A,59
8362,2024-11-29,7,5365,B,69
8363,2024-11-29,8,8470,A,61
8364,2024-11-29,9,8945,B,64
8365,2024-11-29,11,5224,A,73
8366,2024-11-29,12,10776,C,40
8367,2024-11-29,13,12089,A,85
8368,2024-11-29,15,9677,A,60
8369,2024-11-29,16,4442,B,41
8370,2024-11-29,17,4102,C,38
8371,2024-11-29,18,15632,A,87
8372,2024-11-30,1,7258,B,52
8373,2024-11-30,2,11681,B,60
8374,2024-11-30,3,9161,B,66
8375,2024-11-30,4,6302,B,54
8376,2024-11-30,5,10402,B,69
8377,2024-11-30,6,5038,B,47
8378,2024-11-30,8,8321,A,65
8379,2024-11-30,9,9124,B,58
8380,2024-11-30,10,13946,B,51
8381,2024-11-30,11,4808,B,49
8382,2024-11-30,13,11924,B,54
8383,2024-11-30,14,3524,B,57
8384,2024-11-30,15,10314,B,39
8385,2024-11-30,16,5080,B,60
8386,2024-11-30,17,3931,B,52
8387,2024-11-30,18,15844,B,55
8388,2024-12-01,2,11833,A,61
8389,2024-12-01,3,8473,A,65
8390,2024-12-01,4,6712,B,48
8391,2024-12-01,5,11229,C,52
8392,2024-12-01,6,4005,A,41
8393,2024-12-01,7,6435,A,73
8394,2024-12-01,9,9115,A,52
8395,2024-12-01,10,12081,A,68
8396,2024-12-01,11,4427,B,60
8397,2024-12-01,12,12224,A,55
8398,2024-12-01,13,11767,B,38
8399,2024-12-01,14,3761,A,77
8400,2024-12-01,15,9757,C,53
8401,2024-12-01,17,3834,B,44
8402,2024-12-01,18,13619,B,50
8403,2024-12-02,2,10604,B,45
8404,2024-12-02,3,8204,A,60
8405,2024-12-02,4,6830,B,47
8406,2024-12-02,6,4179,A,63
8407,2024-12-02,7,6491,C,34
8408,2024-12-02,8,9220,A,51
8409,2024-12-02,9,8420,C,55
8410,2024-12-02,11,5456,C,42
8411,2024-12-02,13,11668,A,62
8412,2024-12-02,14,3516,A,77
8413,2024-12-02,16,4949,A,53
8414,2024-12-02,17,3110,A,68
8415,2024-12-02,18,15938,A,55
8416,2024-12-03,1,6563,B,44
8417,2024-12-03,2,8888,A,73
8418,2024-12-03,4,6142,A,68
8419,2024-12-03,5,10998,B,49
8420,2024-12-03,6,4982,A,72
8421,2024-12-03,7,4884,A,81
8422,2024-12-03,8,7858,A,64
8423,2024-12-03,9,9156,B,57
8424,2024-12-03,10,15527,B,58
8425,2024-12-03,11,5628,A,58
8426,2024-12-03,12,10466,A,83
8427,2024-12-03,13,11755,B,56
8428,2024-12-03,14,3515,A,69
8429,2024-12-03,15,11176,A,81
8430,2024-12-03,16,5230,C,37
8431,2024-12-03,17,3821,B,53
8432,2024-12-03,18,16070,B,60
8433,2024-12-04,1,5679,B,60
8434,2024-12-04,2,10184,B,53
8435,2024-12-04,3,9474,B,54
8436,2024-12-04,4,7241,B,61
8437,2024-12-04,5,10473,A,65
8438,2024-12-04,6,4854,B,53
8439,2024-12-04,7,6877,A,66
8440,2024-12-04,8,7429,B,57
8441,2024-12-04,10,13024,A,70
8442,2024-12-04,11,5694,B,42
8443,2024-12-04,13,11659,A,65
8444,2024-12-04,14,3816,B,60
8445,2024-12-04,15,11171,A,56
8446,2024-12-04,16,4908,A,62
8447,2024-12-04,17,4199,B,39
8448,2024-12-05,1,6238,A,57
8449,2024-12-05,2,11816,B,70
8450,2024-12-05,3,8440,A,55
8451,2024-12-05,4,6514,B,80
8452,2024-12-05,5,9072,B,42
8453,2024-12-05,6,4358,C,55
8454,2024-12-05,7,5833,A,59
8455,2024-12-05,8,8341,B,60
8456,2024-12-05,10,13399,B,68
8457,2024-12-05,11,5139,B,57
8458,2024-12-05,12,10610,B,57
8459,2024-12-05,13,11364,A,69
8460,2024-12-05,14,3692,B,64
8461,2024-12-05,15,9802,A,75
8462,2024-12-05,17,2801,B,60
8463,2024-12-05,18,17987,A,52
8464,2024-12-06,1,5770,A,65
8465,2024-12-06,2,10685,C,59
8466,2024-12-06,3,9666,B,35
8467,2024-12-06,5,10046,B,70
8468,2024-12-06,6,4795,B,44
8469,2024-12-06,7,6539,B,47
8470,2024-12-06,9,9123,B,59
8471,2024-12-06,10,13153,B,56
8472,2024-12-06,11,5317,B,52
8473,2024-12-06,12,11765,B,33
8474,2024-12-06,13,12791,A,58
8475,2024-12-06,14,3165,B,62
8476,2024-12-06,15,9420,B,67
8477,2024-12-06,16,5169,A,90
8478,2024-12-06,17,3894,A,65
8479,2024-12-06,18,12593,C,36
8480,2024-12-07,1,6594,C,43
8481,2024-12-07,2,9849,B,78
8482,2024-12-07,3,8564,A,71
8483,2024-12-07,4,6664,B,49
8484,2024-12-07,5,11072,A,69
8485,2024-12-07,6,4611,A,58
8486,2024-12-07,7,6567,B,53
8487,2024-12-07,8,10578,A,59
8488,2024-12-07,9,8982,C,42
8489,2024-12-07,10,13653,B,40
8490,2024-12-07,11,5618,B,61
8491,2024-12-07,12,11468,B,62
8492,2024-12-07,13,10213,A,63
8493,2024-12-07,14,3565,A,56
8494,2024-12-07,15,10273,B,61
8495,2024-12-07,16,4692,B,74
8496,2024-12-07,18,16383,B,48
8497,2024-12-08,1,6795,C,54
8498,2024-12-08,2,10273,B,46
8499,2024-12-08,3,9203,B,57
8500,2024-12-08,4,6477,B,68
8501,2024-12-08,5,10164,B,64
8502,2024-12-08,6,5027,A,67
8503,2024-12-08,11,4803,A,66
8504,2024-12-08,14,3213,A,53
8505,2024-12-08,15,10083,C,46
8506,2024-12-08,17,3439,B,55
8507,2024-12-08,18,16295,A,71
8508,2024-12-09,3,9612,A,90
8509,2024-12-09,4,6910,B,54
8510,2024-12-09,5,10617,C,53
8511,2024-12-09,6,4515,A,67
8512,2024-12-09,7,6527,A,66
8513,2024-12-09,8,8055,B,44
8514,2024-12-09,10,14284,B,60
8515,2024-12-09,11,5513,B,61
8516,2024-12-09,12,11053,A,71
8517,2024-12-09,13,12162,A,80
8518,2024-12-09,14,3530,A,71
8519,2024-12-09,15,9709,B,46
8520,2024-12-09,16,4791,A,58
8521,2024-12-09,17,3926,C,47
8522,2024-12-09,18,16084,B,47
8523,2024-12-10,1,6962,C,44
8524,2024-12-10,2,11173,A,47
8525,2024-12-10,3,8996,C,53
8526,2024-12-10,5,9946,C,41
8527,2024-12-10,6,4856,A,65
8528,2024-12-10,7,6008,A,66
8529,2024-12-10,9,9544,B,44
8530,2024-12-10,11,5175,A,63
8531,2024-12-10,12,10286,A,55
8532,2024-12-10,13,12049,B,54
8533,2024-12-10,14,3522,B,42
8534,2024-12-10,17,4195,B,73
8535,2024-12-10,18,15633,A,37
8536,2024-12-11,1,6666,A,76
8537,2024-12-11,2,10500,B,60
8538,2024-12-11,4,6708,B,52
8539,2024-12-11,5,9365,B,53
8540,2024-12-11,7,5172,B,49
8541,2024-12-11,10,14600,A,52
8542,2024-12-11,11,5433,B,57
8543,2024-12-11,12,9361,C,41
8544,2024-12-11,13,12431,C,50
8545,2024-12-11,14,3017,C,76
8546,2024-12-11,15,10172,B,52
8547,2024-12-11,16,4763,B,50
8548,2024-12-11,17,3919,B,53
8549,2024-12-11,18,16095,B,45
8550,2024-12-12,1,7235,B,45
8551,2024-12-12,2,10391,A,76
8552,2024-12-12,3,8647,A,65
8553,2024-12-12,4,6511,B,45
8554,2024-12-12,5,10105,A,71
8555,2024-12-12,9,9336,B,48
8556,2024-12-12,10,12593,A,67
8557,2024-12-12,11,5138,A,53
8558,2024-12-12,12,10420,C,33
8559,2024-12-12,13,11326,B,69
8560,2024-12-12,14,3360,C,55
8561,2024-12-12,15,9876,B,51
8562,2024-12-12,16,5073,B,67
8563,2024-12-12,17,3580,B,49
8564,2024-12-12,18,16487,B,57
8565,2024-12-13,1,5585,A,68
8566,2024-12-13,2,10369,A,77
8567,2024-12-13,4,7091,B,48
8568,2024-12-13,5,10458,A,60
8569,2024-12-13,6,4506,B,68
8570,2024-12-13,7,5815,A,60
8571,2024-12-13,9,9449,A,57
8572,2024-12-13,10,13375,B,62
8573,2024-12-13,13,9705,C,47
8574,2024-12-13,14,3465,C,42
8575,2024-12-13,15,10768,B,56
8576,2024-12-13,16,4921,A,66
8577,2024-12-13,17,3411,C,57
8578,2024-12-13,18,14521,B,49
8579,2024-12-14,1,6913,B,54
8580,2024-12-14,4,7829,B,49
8581,2024-12-14,5,9671,C,39
8582,2024-12-14,6,4747,B,68
8583,2024-12-14,7,5775,A,67
8584,2024-12-14,8,9279,A,66
8585,2024-12-14,9,8367,C,48
8586,2024-12-14,10,13501,C,55
8587,2024-12-14,11,5154,C,57
8588,2024-12-14,12,11479,B,61
8589,2024-12-14,14,3275,A,51
8590,2024-12-14,15,10749,B,56
8591,2024-12-14,16,5043,A,73
8592,2024-12-14,17,3733,B,56
8593,2024-12-14,18,15785,A,55
8594,2024-12-15,2,12088,B,61
8595,2024-12-15,3,8481,B,58
8596,2024-12-15,4,6991,A,48
8597,2024-12-15,5,10014,A,45
8598,2024-12-15,7,5999,A,58
8599,2024-12-15,8,9075,A,66
8600,2024-12-15,9,9222,A,55
8601,2024-12-15,10,14250,B,43
8602,2024-12-15,11,4462,C,57
8603,2024-12-15,12,10852,B,63
8604,2024-12-15,13,10506,A,56
8605,2024-12-15,14,3478,C,48
8606,2024-12-15,15,11105,A,69
8607,2024-12-15,16,4882,A,68
8608,2024-12-15,17,3948,A,66
8609,2024-12-15,18,15190,A,48
8610,2024-12-16,1,5982,B,52
8611,2024-12-16,2,10429,C,30
8612,2024-12-16,4,7465,C,51
8613,2024-12-16,5,9439,A,73
8614,2024-12-16,6,5345,C,53
8615,2024-12-16,7,6334,A,76
8616,2024-12-16,8,8481,A,47
8617,2024-12-16,9,7527,C,49
8618,2024-12-16,10,12877,A,71
8619,2024-12-16,11,5651,C,63
8620,2024-12-16,13,10743,B,57
8621,2024-12-16,14,3612,B,51
8622,2024-12-16,15,9178,A,52
8623,2024-12-16,16,4262,B,61
8624,2024-12-16,17,3576,A,73
8625,2024-12-17,2,11747,A,68
8626,2024-12-17,4,6145,A,68
8627,2024-12-17,5,11120,A,64
8628,2024-12-17,6,4553,B,72
8629,2024-12-17,7,6171,B,58
8630,2024-12-17,8,8113,A,79
8631,2024-12-17,9,9451,B,71
8632,2024-12-17,10,14756,A,65
8633,2024-12-17,11,4679,A,46
8634,2024-12-17,12,11605,A,69
8635,2024-12-17,13,10277,A,87
8636,2024-12-17,14,3385,A,51
8637,2024-12-17,15,10533,B,68
8638,2024-12-17,16,4901,C,50
8639,2024-12-17,18,16300,A,64
8640,2024-12-18,1,6969,B,58
8641,2024-12-18,2,12008,A,71
8642,2024-12-18,3,8666,B,47
8643,2024-12-18,4,7001,A,80
8644,2024-12-18,5,9966,B,43
8645,2024-12-18,6,4390,A,54
8646,2024-12-18,7,6471,B,58
8647,2024-12-18,8,8507,B,75
8648,2024-12-18,9,9581,B,59
8649,2024-12-18,10,15054,A,61
8650,2024-12-18,11,5571,A,75
8651,2024-12-18,12,10203,B,44
8652,2024-12-18,13,10975,A,73
8653,2024-12-18,14,3454,B,50
8654,2024-12-18,16,4914,C,42
8655,2024-12-18,17,4523,A,53
8656,2024-12-18,18,14720,A,85
8657,2024-12-19,2,11560,C,58
8658,2024-12-19,3,8814,B,61
8659,2024-12-19,4,6307,C,42
8660,2024-12-19,5,11392,C,37
8661,2024-12-19,6,4188,B,67
8662,2024-12-19,7,5535,B,66
8663,2024-12-19,8,7982,C,48
8664,2024-12-19,9,9644,B,46
8665,2024-12-19,11,5026,A,55
8666,2024-12-19,12,9069,C,30
8667,2024-12-19,13,10866,A,70
8668,2024-12-19,14,3769,B,54
8669,2024-12-19,15,9210,C,38
8670,2024-12-19,16,4984,B,61
8671,2024-12-19,17,4008,B,62
8672,2024-12-19,18,13569,B,53
8673,2024-12-20,1,7128,A,75
8674,2024-12-20,2,10335,B,59
8675,2024-12-20,3,8835,A,75
8676,2024-12-20,4,6097,B,73
8677,2024-12-20,5,11454,C,50
8678,2024-12-20,6,4882,B,56
8679,2024-12-20,7,5831,B,73
8680,2024-12-20,8,9473,B,52
8681,2024-12-20,9,8812,A,68
8682,2024-12-20,10,13209,C,58
8683,2024-12-20,11,5539,A,59
8684,2024-12-20,12,11764,C,61
8685,2024-12-20,13,9241,A,64
8686,2024-12-20,16,4657,B,53
8687,2024-12-20,17,4030,A,76
8688,2024-12-20,18,14751,A,55
8689,2024-12-21,1,8018,C,44
8690,2024-12-21,2,11051,C,59
8691,2024-12-21,3,8846,B,50
8692,2024-12-21,4,6505,A,52
8693,2024-12-21,5,10140,C,36
8694,2024-12-21,7,6141,B,42
8695,2024-12-21,8,8202,A,73
8696,2024-12-21,9,9325,B,47
8697,2024-12-21,10,13164,A,55
8698,2024-12-21,11,5523,A,57
8699,2024-12-21,12,11742,A,73
8700,2024-12-21,13,12050,A,50
8701,2024-12-21,14,3448,A,67
8702,2024-12-21,15,11079,B,30
8703,2024-12-21,16,4421,B,54
8704,2024-12-21,17,3259,B,76
8705,2024-12-21,18,14431,A,72
8706,2024-12-22,1,6884,B,43
8707,2024-12-22,2,10684,B,49
8708,2024-12-22,3,8975,B,54
8709,2024-12-22,5,9383,B,56
8710,2024-12-22,6,4309,A,77
8711,2024-12-22,7,7140,B,45
8712,2024-12-22,8,8270,A,80
8713,2024-12-22,9,10137,C,39
8714,2024-12-22,10,16644,B,51
8715,2024-12-22,11,5237,A,66
8716,2024-12-22,13,13438,B,61
8717,2024-12-22,14,3133,B,55
8718,2024-12-22,15,9902,C,47
8719,2024-12-22,16,5133,A,71
8720,2024-12-22,17,3481,C,47
8721,2024-12-22,18,16684,B,63
8722,2024-12-23,1,6920,A,42
8723,2024-12-23,2,9931,C,63
8724,2024-12-23,4,7439,B,38
8725,2024-12-23,5,8503,A,87
8726,2024-12-23,6,4695,A,59
8727,2024-12-23,7,6143,A,54
8728,2024-12-23,8,6852,C,43
8729,2024-12-23,9,10129,A,58
8730,2024-12-23,10,13276,A,67
8731,2024-12-23,11,5269,B,62
8732,2024-12-23,12,11869,C,42
8733,2024-12-23,13,11964,B,65
8734,2024-12-23,14,3575,A,62
8735,2024-12-23,16,4782,A,74
8736,2024-12-23,18,15605,A,47
8737,2024-12-24,1,6536,B,47
8738,2024-12-24,2,10983,B,55
8739,2024-12-24,3,9651,A,64
8740,2024-12-24,4,7048,B,64
8741,2024-12-24,6,3946,B,49
8742,2024-12-24,7,6737,A,90
8743,2024-12-24,8,8198,B,46
8744,2024-12-24,9,9079,A,81
8745,2024-12-24,10,15594,A,67
8746,2024-12-24,11,5234,C,57
8747,2024-12-24,12,10914,A,51
8748,2024-12-24,13,11226,A,60
8749,2024-12-24,14,3483,A,58
8750,2024-12-24,17,3394,B,63
8751,2024-12-24,18,17121,A,65
8752,2024-12-25,1,6324,B,71
8753,2024-12-25,2,9695,B,69
8754,2024-12-25,3,8551,B,52
8755,2024-12-25,4,6066,B,34
8756,2024-12-25,5,9084,A,56
8757,2024-12-25,7,6218,B,55
8758,2024-12-25,9,9201,C,36
8759,2024-12-25,10,12356,B,63
8760,2024-12-25,12,10726,A,67
8761,2024-12-25,14,3741,A,64
8762,2024-12-25,15,9884,B,37
8763,2024-12-25,16,4779,B,55
8764,2024-12-25,17,4162,C,69
8765,2024-12-25,18,14594,B,63
8766,2024-12-26,1,7236,A,65
8767,2024-12-26,2,11722,A,57
8768,2024-12-26,3,8152,B,68
8769,2024-12-26,4,6805,B,62
8770,2024-12-26,5,11331,A,74
8771,2024-12-26,6,4651,A,43
8772,2024-12-26,7,5959,A,57
8773,2024-12-26,8,7617,C,32
8774,2024-12-26,9,9909,B,42
8775,2024-12-26,10,12660,B,70
8776,2024-12-26,11,5111,C,30
8777,2024-12-26,12,11958,B,50
8778,2024-12-26,13,11027,B,53
8779,2024-12-26,15,11153,B,45
8780,2024-12-26,16,4887,B,53
8781,2024-12-26,17,4106,B,73
8782,2024-12-26,18,16494,B,36
8783,2024-12-27,1,6320,B,51
8784,2024-12-27,2,10307,C,48
8785,2024-12-27,3,8268,B,51
8786,2024-12-27,4,7081,A,61
8787,2024-12-27,5,10301,A,67
8788,2024-12-27,6,5101,A,54
8789,2024-12-27,7,6077,A,65
8790,2024-12-27,8,7828,B,58
8791,2024-12-27,9,8007,A,67
8792,2024-12-27,10,12994,A,46
8793,2024-12-27,11,4611,A,73
8794,2024-12-27,12,11729,A,59
8795,2024-12-27,13,11493,B,61
8796,2024-12-27,14,2900,B,50
8797,2024-12-27,15,10570,C,30
8798,2024-12-27,17,3532,A,46
8799,2024-12-27,18,18918,A,50
8800,2024-12-28,1,6824,B,58
8801,2024-12-28,3,8668,B,39
8802,2024-12-28,5,10524,C,56
8803,2024-12-28,6,4211,C,81
8804,2024-12-28,7,6115,B,70
8805,2024-12-28,8,8856,B,72
8806,2024-12-28,9,8865,B,50
8807,2024-12-28,10,12819,B,53
8808,2024-12-28,13,11377,C,52
8809,2024-12-28,14,2932,B,47
8810,2024-12-28,15,9445,B,42
8811,2024-12-28,17,4217,B,50
8812,2024-12-28,18,15855,A,60
8813,2024-12-29,1,6526,B,75
8814,2024-12-29,3,8766,C,74
8815,2024-12-29,4,5894,B,49
8816,2024-12-29,5,8393,B,56
8817,2024-12-29,7,6498,B,60
8818,2024-12-29,8,7344,C,41
8819,2024-12-29,9,10072,B,65
8820,2024-12-29,11,4600,C,36
8821,2024-12-29,12,10991,C,45
8822,2024-12-29,13,10643,A,66
8823,2024-12-29,14,3593,B,61
8824,2024-12-29,15,11724,A,65
8825,2024-12-29,16,5074,C,40
8826,2024-12-29,17,3689,A,69
8827,2024-12-29,18,16479,A,75
8828,2024-12-30,1,7045,B,81
8829,2024-12-30,2,10483,A,74
8830,2024-12-30,3,8464,B,45
8831,2024-12-30,4,6422,A,65
8832,2024-12-30,5,9228,C,44
8833,2024-12-30,6,4167,A,75
8834,2024-12-30,8,9033,B,60
8835,2024-12-30,11,4583,A,69
8836,2024-12-30,12,11112,C,47
8837,2024-12-30,13,12947,C,34
8838,2024-12-30,14,3238,A,73
8839,2024-12-30,15,10418,C,51
8840,2024-12-30,16,4653,B,57
8841,2024-12-30,17,4454,A,60
8842,2024-12-30,18,16271,C,66
8843,2024-12-31,1,6966,B,61
8844,2024-12-31,2,11207,B,53
8845,2024-12-31,4,6879,A,63
8846,2024-12-31,5,10930,B,55
8847,2024-12-31,6,4008,C,56
8848,2024-12-31,7,6377,C,44
8849,2024-12-31,8,7973,A,51
8850,2024-12-31,9,9369,C,60
8851,2024-12-31,10,12848,A,67
8852,2024-12-31,11,5713,A,71
8853,2024-12-31,12,10251,A,69
8854,2024-12-31,13,10053,A,74
8855,2024-12-31,14,3512,B,55
8856,2024-12-31,15,10221,A,60
8857,2024-12-31,16,4953,A,67
8858,2024-12-31,18,13662,A,51
8859,2025-01-01,1,7348,C,30
8860,2025-01-01,2,10298,B,62
8861,2025-01-01,3,8691,A,52
8862,2025-01-01,4,7211,B,55
8863,2025-01-01,5,10440,B,61
8864,2025-01-01,6,4968,C,44
8865,2025-01-01,7,6788,B,49
8866,2025-01-01,8,8069,B,78
8867,2025-01-01,9,8004,A,79
8868,2025-01-01,10,15023,A,52
8869,2025-01-01,11,5496,A,65
8870,2025-01-01,12,10543,B,58
8871,2025-01-01,13,12067,B,42
8872,2025-01-01,14,3424,A,50
8873,2025-01-01,16,5050,A,59
8874,2025-01-01,18,16138,B,50
8875,2025-01-02,1,6508,B,62
8876,2025-01-02,2,11451,A,79
8877,2025-01-02,4,5699,B,66
8878,2025-01-02,5,10086,B,71
8879,2025-01-02,6,5044,A,52
8880,2025-01-02,7,5721,B,72
8881,2025-01-02,8,7579,B,51
8882,2025-01-02,9,9064,C,44
8883,2025-01-02,10,15095,A,74
8884,2025-01-02,11,5061,C,39
8885,2025-01-02,12,9826,A,73
8886,2025-01-02,13,11319,C,45
8887,2025-01-02,14,3348,B,55
8888,2025-01-02,15,11169,B,58
8889,2025-01-02,16,4659,A,66
8890,2025-01-02,17,4103,A,66
8891,2025-01-03,1,6639,A,69
8892,2025-01-03,2,9552,B,51
8893,2025-01-03,3,9449,B,42
8894,2025-01-03,4,6824,B,57
8895,2025-01-03,7,5993,A,58
8896,2025-01-03,8,8580,B,76
8897,2025-01-03,9,8671,A,70
8898,2025-01-03,10,14793,A,47
8899,2025-01-03,11,5138,A,66
8900,2025-01-03,12,10308,B,64
8901,2025-01-03,13,13146,C,63
8902,2025-01-03,14,3367,A,51
8903,2025-01-03,15,10628,A,70
8904,2025-01-03,16,4418,B,60
8905,2025-01-03,17,4067,B,68
8906,2025-01-03,18,15096,C,30
8907,2025-01-04,1,6254,B,61
8908,2025-01-04,2,10813,B,50
8909,2025-01-04,3,8618,B,70
8910,2025-01-04,4,6993,B,64
8911,2025-01-04,5,11542,B,56
8912,2025-01-04,6,4926,C,48
8913,2025-01-04,7,5840,B,43
8914,2025-01-04,8,9967,A,51
8915,2025-01-04,9,9341,A,66
8916,2025-01-04,10,14325,C,84
8917,2025-01-04,12,10279,B,77
8918,2025-01-04,13,11722,B,64
8919,2025-01-04,14,3158,B,50
8920,2025-01-04,16,5838,A,73
8921,2025-01-04,17,3841,C,42
8922,2025-01-04,18,14326,B,48
8923,2025-01-05,1,6544,A,67
8924,2025-01-05,2,12365,B,56
8925,2025-01-05,3,8722,B,64
8926,2025-01-05,4,7384,C,56
8927,2025-01-05,5,10026,B,47
8928,2025-01-05,6,4536,A,47
8929,2025-01-05,7,6355,B,42
8930,2025-01-05,8,8849,A,67
8931,2025-01-05,9,8511,C,40
8932,2025-01-05,10,13851,A,82
8933,2025-01-05,11,5294,B,51
8934,2025-01-05,12,10052,A,68
8935,2025-01-05,13,11082,B,83
8936,2025-01-05,15,9792,A,69
8937,2025-01-05,16,4683,A,76
8938,2025-01-05,17,3648,A,71
8939,2025-01-05,18,16272,B,75
8940,2025-01-06,1,6990,A,62
8941,2025-01-06,2,9848,B,58
8942,2025-01-06,3,8351,A,68
8943,2025-01-06,4,7297,B,61
8944,2025-01-06,5,10263,A,61
8945,2025-01-06,7,6021,A,48
8946,2025-01-06,8,7752,C,61
8947,2025-01-06,9,8353,A,65
8948,2025-01-06,10,13202,B,57
8949,2025-01-06,11,4789,B,63
8950,2025-01-06,13,11185,A,62
8951,2025-01-06,14,3234,A,55
8952,2025-01-06,15,10887,C,30
8953,2025-01-06,16,5133,B,49
8954,2025-01-06,17,3842,B,56
8955,2025-01-06,18,14217,C,62
8956,2025-01-07,1,7196,C,43
8957,2025-01-07,2,10125,A,81
8958,2025-01-07,3,8997,B,70
8959,2025-01-07,4,7236,A,65
8960,2025-01-07,5,10363,B,67
8961,2025-01-07,6,4368,A,76
8962,2025-01-07,7,6561,B,58
8963,2025-01-07,8,9085,B,56
8964,2025-01-07,9,7597,B,59
8965,2025-01-07,10,12701,B,72
8966,2025-01-07,11,5466,B,54
8967,2025-01-07,13,11447,B,58
8968,2025-01-07,14,3292,B,61
8969,2025-01-07,15,10950,A,71
8970,2025-01-07,16,5648,A,69
8971,2025-01-07,17,3449,B,46
8972,2025-01-07,18,18047,A,49
8973,2025-01-08,1,6284,B,47
8974,2025-01-08,2,11145,B,77
8975,2025-01-08,3,8408,B,52
8976,2025-01-08,4,6472,B,53
8977,2025-01-08,5,12159,A,66
8978,2025-01-08,6,4377,B,61
8979,2025-01-08,7,5737,A,64
8980,2025-01-08,9,9989,B,59
8981,2025-01-08,10,14148,A,53
8982,2025-01-08,11,4960,B,69
8983,2025-01-08,13,10368,B,60
8984,2025-01-08,14,3305,A,45
8985,2025-01-08,15,9660,C,43
8986,2025-01-08,16,5198,B,64
8987,2025-01-08,17,3735,B,51
8988,2025-01-08,18,15557,B,44
8989,2025-01-09,1,7257,B,54
8990,2025-01-09,2,10859,B,65
8991,2025-01-09,3,9434,B,42
8992,2025-01-09,4,5859,C,43
8993,2025-01-09,5,8492,C,44
8994,2025-01-09,6,3932,A,50
8995,2025-01-09,7,6220,C,54
8996,2025-01-09,8,9244,C,62
8997,2025-01-09,9,8809,B,62
8998,2025-01-09,11,4893,B,54
8999,2025-01-09,13,10711,A,77
9000,2025-01-09,14,3331,C,47
9001,2025-01-09,15,9049,B,45
9002,2025-01-09,16,4771,A,88
9003,2025-01-09,17,3363,C,43
9004,2025-01-09,18,13907,C,68
9005,2025-01-10,1,7521,B,71
9006,2025-01-10,2,11005,A,75
9007,2025-01-10,3,7731,B,57
9008,2025-01-10,6,4583,B,61
9009,2025-01-10,7,6540,C,63
9010,2025-01-10,8,8865,A,53
9011,2025-01-10,9,9214,A,54
9012,2025-01-10,10,12656,B,56
9013,2025-01-10,14,3643,B,47
9014,2025-01-10,16,4863,B,48
9015,2025-01-10,17,3164,A,51
9016,2025-01-11,1,7009,B,49
9017,2025-01-11,2,11124,A,56
9018,2025-01-11,3,8760,B,61
9019,2025-01-11,4,7468,B,72
9020,2025-01-11,5,10112,B,50
9021,2025-01-11,6,4474,A,48
9022,2025-01-11,7,5175,C,53
9023,2025-01-11,9,9098,A,59
9024,2025-01-11,10,15017,C,43
9025,2025-01-11,11,4824,B,58
9026,2025-01-11,12,10701,C,61
9027,2025-01-11,14,3358,C,41
9028,2025-01-11,15,8921,A,71
9029,2025-01-11,16,4563,A,57
9030,2025-01-11,17,3705,C,36
9031,2025-01-12,1,7804,A,63
9032,2025-01-12,2,11249,A,62
9033,2025-01-12,5,10669,A,70
9034,2025-01-12,6,4756,B,30
9035,2025-01-12,7,7251,B,73
9036,2025-01-12,8,7659,A,76
9037,2025-01-12,9,8323,B,61
9038,2025-01-12,10,15840,C,30
9039,2025-01-12,11,5196,C,42
9040,2025-01-12,12,10327,B,46
9041,2025-01-12,13,11497,A,65
9042,2025-01-12,14,3671,B,47
9043,2025-01-12,15,10330,B,47
9044,2025-01-12,16,5234,B,46
9045,2025-01-12,17,4063,B,57
9046,2025-01-12,18,18391,C,62
9047,2025-01-13,1,11457,B,62
9048,2025-01-13,2,20980,B,54
9049,2025-01-13,3,16475,A,61
9050,2025-01-13,4,13153,A,62
9051,2025-01-13,5,17405,A,56
9052,2025-01-13,6,8139,A,90
9053,2025-01-13,7,10905,C,89
9054,2025-01-13,8,16123,A,65
9055,2025-01-13,9,14730,A,67
9056,2025-01-13,10,25527,A,55
9057,2025-01-13,11,8722,C,56
9058,2025-01-13,12,18799,A,70
9059,2025-01-13,13,21033,A,57
9060,2025-01-13,14,6859,A,56
9061,2025-01-13,15,17713,C,50
9062,2025-01-13,16,9199,B,46
9063,2025-01-13,17,7134,A,65
9064,2025-01-13,18,25785,B,60
9065,2025-01-14,1,10997,A,77
9066,2025-01-14,2,19901,C,43
9067,2025-01-14,3,19734,A,62
9068,2025-01-14,5,18299,C,40
9069,2025-01-14,6,7973,A,60
9070,2025-01-14,7,9351,B,53
9071,2025-01-14,8,15172,A,66
9072,2025-01-14,9,15063,C,40
9073,2025-01-14,10,26939,A,61
9074,2025-01-14,11,9455,B,62
9075,2025-01-14,12,16645,A,67
9076,2025-01-14,13,17287,B,57
9077,2025-01-14,14,6525,C,42
9078,2025-01-14,15,20162,B,46
9079,2025-01-14,16,8438,B,63
9080,2025-01-14,17,6598,A,42
9081,2025-01-14,18,27491,B,59
9082,2025-01-15,1,10475,B,57
9083,2025-01-15,3,16690,B,47
9084,2025-01-15,4,12823,A,67
9085,2025-01-15,5,19416,B,55
9086,2025-01-15,7,11299,B,64
9087,2025-01-15,8,13763,B,53
9088,2025-01-15,9,15432,B,73
9089,2025-01-15,10,24261,A,74
9090,2025-01-15,11,10000,A,68
9091,2025-01-15,12,19606,B,56
9092,2025-01-15,13,20314,A,81
9093,2025-01-15,14,6369,B,56
9094,2025-01-15,15,17793,C,61
9095,2025-01-15,16,8066,C,60
9096,2025-01-15,17,7570,B,58
9097,2025-01-15,18,26555,C,42
9098,2025-01-16,1,13675,B,37
9099,2025-01-16,2,20306,B,64
9100,2025-01-16,3,14932,B,63
9101,2025-01-16,4,11892,B,56
9102,2025-01-16,5,22946,A,64
9103,2025-01-16,6,8125,C,35
9104,2025-01-16,7,11188,A,63
9105,2025-01-16,9,16860,C,44
9106,2025-01-16,10,22100,C,58
9107,2025-01-16,11,8589,B,61
9108,2025-01-16,12,20050,A,47
9109,2025-01-16,13,21466,B,47
9110,2025-01-16,14,6267,B,50
9111,2025-01-16,16,7870,A,64
9112,2025-01-16,17,6340,C,48
9113,2025-01-17,1,12852,A,66
9114,2025-01-17,2,22198,B,58
9115,2025-01-17,3,16112,C,55
9116,2025-01-17,4,12316,B,53
9117,2025-01-17,5,19558,C,61
9118,2025-01-17,6,8556,C,40
9119,2025-01-17,7,11085,B,60
9120,2025-01-17,8,12704,C,55
9121,2025-01-17,9,15337,A,67
9122,2025-01-17,10,25960,A,70
9123,2025-01-17,11,9018,B,41
9124,2025-01-17,12,19815,A,60
9125,2025-01-17,13,20272,B,30
9126,2025-01-17,14,6530,B,47
9127,2025-01-17,15,17615,A,78
9128,2025-01-17,16,9495,B,64
9129,2025-01-17,17,5623,B,66
9130,2025-01-18,1,12159,A,84
9131,2025-01-18,2,19065,A,58
9132,2025-01-18,3,13929,A,50
9133,2025-01-18,4,14107,A,71
9134,2025-01-18,6,7339,A,78
9135,2025-01-18,7,12043,B,66
9136,2025-01-18,8,14884,B,62
9137,2025-01-18,9,18669,B,59
9138,2025-01-18,10,25875,C,53
9139,2025-01-18,11,9450,A,74
9140,2025-01-18,12,20646,A,50
9141,2025-01-18,13,19498,A,62
9142,2025-01-18,14,6151,A,63
9143,2025-01-18,15,19840,A,87
9144,2025-01-18,16,8885,A,55
9145,2025-01-18,17,5483,C,30
9146,2025-01-18,18,25220,A,65
9147,2025-01-19,1,12487,B,67
9148,2025-01-19,2,17767,B,40
9149,2025-01-19,4,11507,B,52
9150,2025-01-19,7,11825,B,64
9151,2025-01-19,8,17642,B,66
9152,2025-01-19,9,17726,A,43
9153,2025-01-19,10,24890,A,54
9154,2025-01-19,11,8796,A,75
9155,2025-01-19,13,19863,A,72
9156,2025-01-19,15,21399,B,66
9157,2025-01-19,16,8952,C,55
9158,2025-01-19,17,6014,A,67
9159,2025-01-20,1,11113,A,49
9160,2025-01-20,3,15154,C,49
9161,2025-01-20,4,14053,A,69
9162,2025-01-20,5,17704,B,46
9163,2025-01-20,6,8229,A,67
9164,2025-01-20,7,11424,A,52
9165,2025-01-20,8,15956,B,58
9166,2025-01-20,9,17439,C,64
9167,2025-01-20,11,9452,A,59
9168,2025-01-20,12,19792,B,65
9169,2025-01-20,13,19651,A,61
9170,2025-01-20,14,6407,B,52
9171,2025-01-20,15,16801,B,62
9172,2025-01-20,16,8221,A,46
9173,2025-01-20,17,7076,B,36
9174,2025-01-20,18,27084,B,51
9175,2025-01-21,1,14603,A,45
9176,2025-01-21,2,19083,B,62
9177,2025-01-21,3,17425,A,53
9178,2025-01-21,4,12125,A,71
9179,2025-01-21,5,15732,A,53
9180,2025-01-21,6,7614,B,45
9181,2025-01-21,7,11560,A,74
9182,2025-01-21,8,17617,B,48
9183,2025-01-21,9,16223,B,47
9184,2025-01-21,10,26653,C,30
9185,2025-01-21,11,9518,B,49
9186,2025-01-21,12,19300,A,90
9187,2025-01-21,13,19494,A,64
9188,2025-01-21,15,18800,C,43
9189,2025-01-21,16,7770,B,50
9190,2025-01-21,17,6305,B,55
9191,2025-01-22,1,12339,A,47
9192,2025-01-22,2,15920,B,52
9193,2025-01-22,5,17886,C,48
9194,2025-01-22,6,7698,B,76
9195,2025-01-22,7,11065,A,60
9196,2025-01-22,8,16049,A,67
9197,2025-01-22,9,18364,A,71
9198,2025-01-22,10,22797,C,58
9199,2025-01-22,11,9903,B,52
9200,2025-01-22,12,20110,B,53
9201,2025-01-22,13,20825,A,67
9202,2025-01-22,14,6545,A,47
9203,2025-01-22,15,22411,B,81
9204,2025-01-22,16,9478,A,57
9205,2025-01-22,17,6887,B,49
9206,2025-01-22,18,26553,B,54
9207,2025-01-23,1,12320,B,82
9208,2025-01-23,2,20575,B,55
9209,2025-01-23,3,16084,A,74
9210,2025-01-23,4,11045,C,43
9211,2025-01-23,5,19448,C,70
9212,2025-01-23,6,8227,A,63
9213,2025-01-23,7,12743,B,53
9214,2025-01-23,8,16223,B,58
9215,2025-01-23,9,16094,A,49
9216,2025-01-23,10,23216,B,53
9217,2025-01-23,11,8672,C,56
9218,2025-01-23,12,16657,A,54
9219,2025-01-23,14,6152,A,77
9220,2025-01-23,15,18469,C,61
9221,2025-01-23,17,7517,C,54
9222,2025-01-23,18,30379,A,74
9223,2025-01-24,1,12922,A,54
9224,2025-01-24,2,18444,B,57
9225,2025-01-24,3,15410,B,60
9226,2025-01-24,4,13029,B,58
9227,2025-01-24,5,16498,B,47
9228,2025-01-24,6,7346,C,66
9229,2025-01-24,7,9838,A,87
9230,2025-01-24,8,17358,C,41
9231,2025-01-24,9,16339,C,40
9232,2025-01-24,10,22752,A,74
9233,2025-01-24,11,8426,B,61
9234,2025-01-24,12,17699,C,56
9235,2025-01-24,13,19318,A,65
9236,2025-01-24,14,6056,B,54
9237,2025-01-24,15,18462,A,55
9238,2025-01-24,16,9439,A,67
9239,2025-01-24,17,6057,C,40
9240,2025-01-24,18,27039,B,49
9241,2025-01-25,2,19129,B,50
9242,2025-01-25,3,18495,B,64
9243,2025-01-25,4,11712,B,56
9244,2025-01-25,5,19912,B,59
9245,2025-01-25,6,8305,B,63
9246,2025-01-25,7,11283,C,57
9247,2025-01-25,8,15443,B,32
9248,2025-01-25,9,16603,A,76
9249,2025-01-25,10,24916,B,52
9250,2025-01-25,11,8889,A,54
9251,2025-01-25,12,21482,B,57
9252,2025-01-25,13,20017,C,64
9253,2025-01-25,14,5875,A,44
9254,2025-01-25,15,19530,B,63
9255,2025-01-25,16,8528,A,65
9256,2025-01-25,17,6896,A,78
9257,2025-01-25,18,25231,A,52
9258,2025-01-26,1,12432,B,56
9259,2025-01-26,3,15819,B,54
9260,2025-01-26,4,11036,B,52
9261,2025-01-26,5,19088,B,59
9262,2025-01-26,6,7500,C,40
9263,2025-01-26,7,11216,C,61
9264,2025-01-26,8,14766,B,62
9265,2025-01-26,9,17300,A,60
9266,2025-01-26,10,22594,C,64
9267,2025-01-26,11,8408,A,48
9268,2025-01-26,13,20455,B,34
9269,2025-01-26,15,18431,C,50
9270,2025-01-26,16,8633,A,77
9271,2025-01-26,17,6928,C,43
9272,2025-01-27,1,11441,B,54
9273,2025-01-27,2,19563,B,39
9274,2025-01-27,3,18616,A,57
9275,2025-01-27,5,17292,A,69
9276,2025-01-27,7,11884,A,60
9277,2025-01-27,8,16229,B,48
9278,2025-01-27,9,17215,A,68
9279,2025-01-27,10,23393,A,69
9280,2025-01-27,11,9525,A,70
9281,2025-01-27,12,18848,B,55
9282,2025-01-27,13,19410,B,59
9283,2025-01-27,14,6594,A,59
9284,2025-01-27,16,9302,B,46
9285,2025-01-27,17,6185,C,44
9286,2025-01-27,18,27869,A,68
9287,2025-01-28,1,12674,A,77
9288,2025-01-28,2,20363,B,56
9289,2025-01-28,3,17293,A,57
9290,2025-01-28,4,13450,A,67
9291,2025-01-28,5,18163,A,71
9292,2025-01-28,6,9589,B,52
9293,2025-01-28,7,10405,C,56
9294,2025-01-28,8,16734,A,63
9295,2025-01-28,9,15757,B,48
9296,2025-01-28,11,8266,B,61
9297,2025-01-28,12,20850,A,82
9298,2025-01-28,14,6542,A,73
9299,2025-01-28,15,20035,B,65
9300,2025-01-28,16,9316,B,55
9301,2025-01-28,17,7362,A,80
9302,2025-01-29,1,14052,B,46
9303,2025-01-29,2,18598,A,65
9304,2025-01-29,3,16862,A,62
9305,2025-01-29,4,11604,A,52
9306,2025-01-29,5,20720,A,66
9307,2025-01-29,6,7522,A,66
9308,2025-01-29,8,14415,C,49
9309,2025-01-29,9,15682,B,35
9310,2025-01-29,10,24232,A,56
9311,2025-01-29,12,18920,A,65
9312,2025-01-29,13,16644,B,58
9313,2025-01-29,14,6280,A,68
9314,2025-01-29,16,9362,B,47
9315,2025-01-29,17,6489,B,62
9316,2025-01-29,18,31358,B,58
9317,2025-01-30,1,13528,A,72
9318,2025-01-30,2,20060,C,38
9319,2025-01-30,3,16715,B,54
9320,2025-01-30,4,10953,B,56
9321,2025-01-30,5,19449,A,62
9322,2025-01-30,6,8424,C,41
9323,2025-01-30,8,14125,B,60
9324,2025-01-30,9,17219,A,78
9325,2025-01-30,10,21803,B,53
9326,2025-01-30,11,10058,B,61
9327,2025-01-30,12,18444,C,52
9328,2025-01-30,13,19667,A,52
9329,2025-01-30,14,6400,C,59
9330,2025-01-30,15,17758,A,65
9331,2025-01-30,16,8592,A,73
9332,2025-01-30,17,6438,C,43
9333,2025-01-30,18,29675,B,53
9334,2025-01-31,1,13770,A,59
9335,2025-01-31,2,18869,B,58
9336,2025-01-31,3,16747,A,74
9337,2025-01-31,4,12354,A,55
9338,2025-01-31,5,18384,B,45
9339,2025-01-31,6,7609,C,56
9340,2025-01-31,7,11409,B,65
9341,2025-01-31,8,15157,B,53
9342,2025-01-31,9,17317,A,58
9343,2025-01-31,10,24921,B,69
9344,2025-01-31,11,9123,A,60
9345,2025-01-31,13,21884,A,70
9346,2025-01-31,14,6729,A,73
9347,2025-01-31,15,20145,B,58
9348,2025-01-31,16,9233,B,52
9349,2025-02-01,1,11714,A,72
9350,2025-02-01,2,20408,B,61
9351,2025-02-01,3,13732,B,54
9352,2025-02-01,4,12358,A,72
9353,2025-02-01,6,8751,A,56
9354,2025-02-01,7,12488,A,37
9355,2025-02-01,8,15988,A,79
9356,2025-02-01,9,15865,A,64
9357,2025-02-01,10,27218,B,66
9358,2025-02-01,11,9746,B,49
9359,2025-02-01,12,18524,B,70
9360,2025-02-01,13,20057,B,61
9361,2025-02-01,15,17847,A,58
9362,2025-02-01,16,9581,A,72
9363,2025-02-01,17,6920,B,55
9364,2025-02-02,2,20218,B,46
9365,2025-02-02,3,15874,C,38
9366,2025-02-02,4,12991,A,55
9367,2025-02-02,5,18483,A,48
9368,2025-02-02,6,7261,A,68
9369,2025-02-02,7,10024,C,42
9370,2025-02-02,8,15947,A,69
9371,2025-02-02,9,14300,A,66
9372,2025-02-02,10,25016,B,55
9373,2025-02-02,11,7920,A,72
9374,2025-02-02,12,19109,B,58
9375,2025-02-02,13,19191,B,64
9376,2025-02-02,14,5562,C,61
9377,2025-02-02,15,17351,B,60
9378,2025-02-02,16,8726,B,75
9379,2025-02-02,17,7134,B,38
9380,2025-02-02,18,23101,C,49
9381,2025-02-03,1,12090,A,59
9382,2025-02-03,2,17827,A,75
9383,2025-02-03,3,17334,A,90
9384,2025-02-03,4,13391,B,43
9385,2025-02-03,5,17619,B,67
9386,2025-02-03,6,8389,A,66
9387,2025-02-03,7,12189,A,80
9388,2025-02-03,8,13282,B,74
9389,2025-02-03,9,16108,B,54
9390,2025-02-03,11,10953,B,60
9391,2025-02-03,12,18020,B,58
9392,2025-02-03,13,21264,B,56
9393,2025-02-03,15,19663,B,60
9394,2025-02-03,16,8439,C,63
9395,2025-02-03,18,31157,B,60
9396,2025-02-04,1,12267,C,54
9397,2025-02-04,2,20943,A,53
9398,2025-02-04,3,16172,C,54
9399,2025-02-04,4,12386,B,39
9400,2025-02-04,5,15278,B,59
9401,2025-02-04,6,7514,C,46
9402,2025-02-04,7,13271,C,43
9403,2025-02-04,8,17283,A,58
9404,2025-02-04,9,17197,A,61
9405,2025-02-04,10,27389,A,70
9406,2025-02-04,11,8683,B,55
9407,2025-02-04,13,22029,A,71
9408,2025-02-04,14,5849,B,62
9409,2025-02-04,15,17120,B,57
9410,2025-02-04,16,9746,A,62
9411,2025-02-04,18,25832,B,60
9412,2025-02-05,1,13282,B,59
9413,2025-02-05,4,14293,B,62
9414,2025-02-05,5,21372,A,68
9415,2025-02-05,6,7945,A,75
9416,2025-02-05,8,14221,A,68
9417,2025-02-05,9,18746,B,77
9418,2025-02-05,11,9026,A,57
9419,2025-02-05,12,21232,C,57
9420,2025-02-05,13,20886,C,39
9421,2025-02-05,15,16575,B,58
9422,2025-02-05,16,8339,B,58
9423,2025-02-05,17,7306,A,73
9424,2025-02-05,18,26012,B,86
9425,2025-02-06,1,10559,B,57
9426,2025-02-06,2,20515,A,56
9427,2025-02-06,3,16168,A,75
9428,2025-02-06,5,18599,A,70
9429,2025-02-06,6,7412,C,44
9430,2025-02-06,7,10006,C,43
9431,2025-02-06,8,14673,B,59
9432,2025-02-06,9,14810,B,58
9433,2025-02-06,10,24896,C,39
9434,2025-02-06,11,7760,A,63
9435,2025-02-06,12,18859,A,50
9436,2025-02-06,13,19223,B,47
9437,2025-02-06,16,9243,B,54
9438,2025-02-06,17,6375,B,56
9439,2025-02-06,18,28096,B,51
9440,2025-02-07,1,13707,C,38
9441,2025-02-07,2,19835,C,37
9442,2025-02-07,3,18449,C,69
9443,2025-02-07,4,12100,A,66
9444,2025-02-07,5,18956,B,49
9445,2025-02-07,6,8610,A,71
9446,2025-02-07,7,10795,A,79
9447,2025-02-07,8,13908,A,76
9448,2025-02-07,10,24793,C,40
9449,2025-02-07,11,9468,B,57
9450,2025-02-07,12,16948,A,74
9451,2025-02-07,13,21289,B,73
9452,2025-02-07,14,6387,C,56
9453,2025-02-07,15,18102,B,64
9454,2025-02-07,16,8759,B,53
9455,2025-02-07,18,30808,C,48
9456,2025-02-08,1,12059,A,77
9457,2025-02-08,2,22103,A,70
9458,2025-02-08,3,17856,B,56
9459,2025-02-08,4,10841,A,42
9460,2025-02-08,5,18286,B,58
9461,2025-02-08,6,7537,C,51
9462,2025-02-08,7,11171,B,36
9463,2025-02-08,8,18226,B,57
9464,2025-02-08,9,15870,C,34
9465,2025-02-08,10,26260,A,63
9466,2025-02-08,11,8307,A,57
9467,2025-02-08,12,18263,C,67
9468,2025-02-08,13,19879,B,53
9469,2025-02-08,14,5315,B,71
9470,2025-02-08,15,16543,B,59
9471,2025-02-08,16,7504,A,56
9472,2025-02-08,17,6497,B,48
9473,2025-02-09,1,11796,B,61
9474,2025-02-09,3,16155,A,61
9475,2025-02-09,4,12184,B,52
9476,2025-02-09,5,17290,B,58
9477,2025-02-09,6,8435,B,60
9478,2025-02-09,7,11661,C,47
9479,2025-02-09,8,15281,B,41
9480,2025-02-09,9,18157,B,71
9481,2025-02-09,10,23973,B,43
9482,2025-02-09,11,9188,A,71
9483,2025-02-09,12,18781,A,56
9484,2025-02-09,13,21764,C,32
9485,2025-02-09,14,5741,B,81
9486,2025-02-09,15,19307,A,66
9487,2025-02-09,16,9595,B,80
9488,2025-02-09,17,6311,A,71
9489,2025-02-09,18,29761,B,46
9490,2025-02-10,1,6236,C,44
9491,2025-02-10,2,10406,B,55
9492,2025-02-10,3,9707,B,43
9493,2025-02-10,4,6728,C,42
9494,2025-02-10,5,10054,B,54
9495,2025-02-10,7,5906,C,41
9496,2025-02-10,8,7761,C,34
9497,2025-02-10,9,9075,C,40
9498,2025-02-10,10,11678,B,80
9499,2025-02-10,11,4843,B,41
9500,2025-02-10,12,11018,A,56
9501,2025-02-10,13,12765,A,75
9502,2025-02-10,15,10585,A,66
9503,2025-02-10,16,3810,C,45
9504,2025-02-10,17,3933,A,69
9505,2025-02-10,18,15031,B,45
9506,2025-02-11,1,5887,C,33
9507,2025-02-11,2,10688,A,65
9508,2025-02-11,3,8756,B,82
9509,2025-02-11,4,7445,A,63
9510,2025-02-11,5,8900,B,52
9511,2025-02-11,6,4447,B,60
9512,2025-02-11,7,6970,B,55
9513,2025-02-11,8,8904,A,78
9514,2025-02-11,9,8439,A,70
9515,2025-02-11,10,14290,B,47
9516,2025-02-11,11,4626,C,43
9517,2025-02-11,13,9032,A,71
9518,2025-02-11,14,3589,C,42
9519,2025-02-11,15,9912,A,69
9520,2025-02-11,16,4113,A,60
9521,2025-02-11,17,3769,A,67
9522,2025-02-12,1,7232,B,30
9523,2025-02-12,2,10445,A,76
9524,2025-02-12,3,7790,B,48
9525,2025-02-12,4,7170,A,66
9526,2025-02-12,5,12065,A,72
9527,2025-02-12,6,4541,B,66
9528,2025-02-12,7,5646,B,53
9529,2025-02-12,9,9507,A,63
9530,2025-02-12,10,12505,B,58
9531,2025-02-12,11,4737,B,67
9532,2025-02-12,12,9938,C,58
9533,2025-02-12,13,11512,B,67
9534,2025-02-12,14,3216,B,68
9535,2025-02-12,15,9968,A,49
9536,2025-02-12,17,3545,A,59
9537,2025-02-13,1,6825,A,67
9538,2025-02-13,2,11390,A,45
9539,2025-02-13,3,8353,A,55
9540,2025-02-13,5,9198,B,59
9541,2025-02-13,6,4214,B,63
9542,2025-02-13,7,5336,C,52
9543,2025-02-13,9,8805,C,57
9544,2025-02-13,10,12691,A,60
9545,2025-02-13,11,5154,A,87
9546,2025-02-13,13,9826,B,59
9547,2025-02-13,14,3357,A,89
9548,2025-02-13,15,10590,A,52
9549,2025-02-13,16,5095,C,55
9550,2025-02-13,17,3889,B,39
9551,2025-02-13,18,15256,B,49
9552,2025-02-14,1,6085,B,51
9553,2025-02-14,2,9321,B,53
9554,2025-02-14,4,7009,A,45
9555,2025-02-14,5,9363,A,58
9556,2025-02-14,6,4564,B,67
9557,2025-02-14,7,6748,B,80
9558,2025-02-14,8,8888,A,76
9559,2025-02-14,9,8209,C,57
9560,2025-02-14,10,13749,A,49
9561,2025-02-14,11,4544,A,69
9562,2025-02-14,12,11385,B,35
9563,2025-02-14,13,13640,B,78
9564,2025-02-14,14,3156,C,71
9565,2025-02-14,15,11178,C,48
9566,2025-02-14,16,4640,B,63
9567,2025-02-14,17,3609,B,71
9568,2025-02-14,18,16513,C,43
9569,2025-02-15,1,6082,B,53
9570,2025-02-15,2,9803,A,75
9571,2025-02-15,3,8822,B,57
9572,2025-02-15,5,9847,B,48
9573,2025-02-15,6,5037,A,64
9574,2025-02-15,7,5071,B,44
9575,2025-02-15,8,7778,C,38
9576,2025-02-15,9,8450,B,55
9577,2025-02-15,10,13644,C,31
9578,2025-02-15,11,4760,A,80
9579,2025-02-15,12,10063,B,48
9580,2025-02-15,13,10984,A,73
9581,2025-02-15,14,3244,A,49
9582,2025-02-15,15,9975,A,67
9583,2025-02-15,16,4947,B,40
9584,2025-02-15,17,3593,A,59
9585,2025-02-15,18,16440,C,55
9586,2025-02-16,1,6603,C,64
9587,2025-02-16,2,9791,B,64
9588,2025-02-16,3,8844,C,50
9589,2025-02-16,4,7759,B,61
9590,2025-02-16,5,11258,B,66
9591,2025-02-16,6,4209,C,43
9592,2025-02-16,9,10362,A,48
9593,2025-02-16,10,12196,B,60
9594,2025-02-16,12,9460,B,56
9595,2025-02-16,13,12092,A,77
9596,2025-02-16,14,3465,A,90
9597,2025-02-16,15,10741,A,67
9598,2025-02-16,16,3899,A,74
9599,2025-02-16,17,3704,A,54
9600,2025-02-17,1,7691,A,52
9601,2025-02-17,2,11519,B,66
9602,2025-02-17,3,8804,A,75
9603,2025-02-17,4,7405,B,38
9604,2025-02-17,5,10218,B,46
9605,2025-02-17,6,4909,A,61
9606,2025-02-17,7,7745,A,62
9607,2025-02-17,8,6989,C,55
9608,2025-02-17,9,9380,B,56
9609,2025-02-17,10,13931,B,49
9610,2025-02-17,11,6117,B,50
9611,2025-02-17,12,13372,C,49
9612,2025-02-17,13,11379,B,66
9613,2025-02-17,14,3257,A,66
9614,2025-02-17,15,10667,B,43
9615,2025-02-17,16,5166,A,72
9616,2025-02-17,17,3827,B,63
9617,2025-02-18,1,6644,B,65
9618,2025-02-18,3,10394,A,69
9619,2025-02-18,5,9197,A,63
9620,2025-02-18,6,5026,A,51
9621,2025-02-18,7,6193,B,46
9622,2025-02-18,8,7446,B,67
9623,2025-02-18,9,9178,A,84
9624,2025-02-18,10,14812,B,59
9625,2025-02-18,11,5256,A,63
9626,2025-02-18,12,11254,A,68
9627,2025-02-18,13,10678,A,59
9628,2025-02-18,15,10924,C,63
9629,2025-02-18,16,4987,B,57
9630,2025-02-18,17,3805,B,61
9631,2025-02-19,1,5969,B,59
9632,2025-02-19,2,10616,A,53
9633,2025-02-19,4,6947,A,76
9634,2025-02-19,5,11230,A,64
9635,2025-02-19,6,4195,A,45
9636,2025-02-19,7,5643,B,64
9637,2025-02-19,8,9532,B,50
9638,2025-02-19,9,8918,A,74
9639,2025-02-19,10,12508,C,57
9640,2025-02-19,11,4691,A,69
9641,2025-02-19,12,10364,B,55
9642,2025-02-19,13,10569,B,53
9643,2025-02-19,14,2995,A,81
9644,2025-02-19,15,10238,A,74
9645,2025-02-19,16,4871,B,47
9646,2025-02-19,17,3583,B,45
9647,2025-02-19,18,15282,A,53
9648,2025-02-20,1,6652,B,57
9649,2025-02-20,2,10560,C,56
9650,2025-02-20,3,10621,B,53
9651,2025-02-20,4,7129,B,56
9652,2025-02-20,5,10803,A,53
9653,2025-02-20,6,3966,A,55
9654,2025-02-20,7,6171,B,53
9655,2025-02-20,8,9422,B,44
9656,2025-02-20,9,9313,B,48
9657,2025-02-20,10,15149,A,61
9658,2025-02-20,11,4914,B,42
9659,2025-02-20,12,11326,A,80
9660,2025-02-20,13,12859,A,43
9661,2025-02-20,14,3701,A,48
9662,2025-02-20,15,9461,A,55
9663,2025-02-20,16,4897,B,68
9664,2025-02-20,17,3940,B,54
9665,2025-02-20,18,15623,B,65
9666,2025-02-21,1,6637,C,39
9667,2025-02-21,2,10765,A,48
9668,2025-02-21,5,10646,A,62
9669,2025-02-21,6,4596,B,60
9670,2025-02-21,7,6174,B,62
9671,2025-02-21,8,8372,C,43
9672,2025-02-21,10,12033,B,77
9673,2025-02-21,11,5076,B,55
9674,2025-02-21,12,10485,B,51
9675,2025-02-21,13,12284,A,64
9676,2025-02-21,14,3531,A,51
9677,2025-02-21,15,9828,B,62
9678,2025-02-21,16,5082,C,44
9679,2025-02-21,17,3624,B,35
9680,2025-02-21,18,14486,A,62
9681,2025-02-22,1,5321,B,48
9682,2025-02-22,2,11700,C,38
9683,2025-02-22,3,9233,B,52
9684,2025-02-22,4,6177,A,51
9685,2025-02-22,5,10790,B,60
9686,2025-02-22,7,6279,B,57
9687,2025-02-22,8,9436,A,72
9688,2025-02-22,9,9313,A,59
9689,2025-02-22,10,16078,A,51
9690,2025-02-22,11,4921,B,58
9691,2025-02-22,12,11325,B,60
9692,2025-02-22,13,13185,A,65
9693,2025-02-22,14,3608,A,67
9694,2025-02-22,15,10486,B,67
9695,2025-02-22,16,4878,B,46
9696,2025-02-22,17,3497,A,59
9697,2025-02-22,18,13782,B,50
9698,2025-02-23,1,6756,A,65
9699,2025-02-23,2,9911,B,52
9700,2025-02-23,3,7926,A,77
9701,2025-02-23,4,6721,B,50
9702,2025-02-23,5,12161,A,58
9703,2025-02-23,7,6527,C,33
9704,2025-02-23,8,8221,B,49
9705,2025-02-23,9,9184,A,56
9706,2025-02-23,10,13297,C,52
9707,2025-02-23,11,5429,B,50
9708,2025-02-23,12,10725,A,55
9709,2025-02-23,14,3743,B,58
9710,2025-02-23,15,11691,C,42
9711,2025-02-23,16,4156,C,57
9712,2025-02-23,17,3257,A,74
9713,2025-02-23,18,15987,C,63
9714,2025-02-24,1,6660,B,50
9715,2025-02-24,2,10909,A,74
9716,2025-02-24,3,10086,A,59
9717,2025-02-24,5,11990,B,58
9718,2025-02-24,6,4500,A,74
9719,2025-02-24,7,5684,B,74
9720,2025-02-24,8,8166,C,51
9721,2025-02-24,9,9732,A,46
9722,2025-02-24,10,13909,C,38
9723,2025-02-24,11,5151,B,51
9724,2025-02-24,12,10667,A,63
9725,2025-02-24,13,11674,A,65
9726,2025-02-24,14,3169,A,58
9727,2025-02-24,15,9811,B,60
9728,2025-02-24,16,5748,A,76
9729,2025-02-24,17,3980,C,36
9730,2025-02-25,1,7163,A,72
9731,2025-02-25,2,11540,A,59
9732,2025-02-25,3,8177,C,73
9733,2025-02-25,4,7124,A,78
9734,2025-02-25,5,9645,C,59
9735,2025-02-25,6,4200,A,62
9736,2025-02-25,8,8366,A,66
9737,2025-02-25,9,9117,C,63
9738,2025-02-25,12,10494,A,71
9739,2025-02-25,13,11167,C,54
9740,2025-02-25,14,3296,B,58
9741,2025-02-25,15,10863,A,73
9742,2025-02-25,16,5359,A,66
9743,2025-02-25,17,3694,B,60
9744,2025-02-25,18,16125,B,46
9745,2025-02-26,3,9176,A,57
9746,2025-02-26,4,7594,A,67
9747,2025-02-26,5,11532,A,60
9748,2025-02-26,6,4076,B,64
9749,2025-02-26,7,6321,B,56
9750,2025-02-26,8,8245,C,50
9751,2025-02-26,9,8388,A,68
9752,2025-02-26,10,13681,B,63
9753,2025-02-26,11,4936,C,64
9754,2025-02-26,13,11149,A,68
9755,2025-02-26,15,9938,B,51
9756,2025-02-26,16,4386,A,50
9757,2025-02-26,18,14589,A,67
9758,2025-02-27,1,7396,B,66
9759,2025-02-27,2,10867,B,60
9760,2025-02-27,3,8228,B,59
9761,2025-02-27,4,6584,A,54
9762,2025-02-27,6,4879,B,59
9763,2025-02-27,7,6559,A,47
9764,2025-02-27,8,8185,B,38
9765,2025-02-27,9,8654,B,48
9766,2025-02-27,10,14000,A,52
9767,2025-02-27,11,5600,A,68
9768,2025-02-27,12,12232,B,34
9769,2025-02-27,13,10460,B,47
9770,2025-02-27,14,4245,C,30
9771,2025-02-27,15,10296,A,68
9772,2025-02-27,16,4754,B,38
9773,2025-02-27,18,17162,B,45
9774,2025-02-28,1,6639,A,76
9775,2025-02-28,3,8595,A,73
9776,2025-02-28,4,5592,A,72
9777,2025-02-28,5,10614,B,45
9778,2025-02-28,6,4283,A,67
9779,2025-02-28,7,5887,A,76
9780,2025-02-28,9,7659,A,81
9781,2025-02-28,10,13654,A,63
9782,2025-02-28,11,4996,A,62
9783,2025-02-28,12,9792,A,64
9784,2025-02-28,13,11488,B,45
9785,2025-02-28,14,3352,A,61
9786,2025-02-28,15,11443,B,58
9787,2025-02-28,16,4797,B,58
9788,2025-02-28,17,3549,B,49
9789,2025-02-28,18,16651,A,72
9790,2025-03-01,1,6184,A,67
9791,2025-03-01,2,8390,A,73
9792,2025-03-01,4,6686,C,44
9793,2025-03-01,5,8824,C,56
9794,2025-03-01,6,4504,B,64
9795,2025-03-01,7,6837,A,81
9796,2025-03-01,8,8428,A,57
9797,2025-03-01,9,10576,A,76
9798,2025-03-01,10,13130,B,56
9799,2025-03-01,11,4670,B,48
9800,2025-03-01,13,10691,A,55
9801,2025-03-01,14,3675,A,55
9802,2025-03-01,16,5311,B,61
9803,2025-03-01,17,3284,B,45
9804,2025-03-01,18,15782,A,49
9805,2025-03-02,2,11286,B,61
9806,2025-03-02,3,8581,B,77
9807,2025-03-02,4,7419,B,71
9808,2025-03-02,5,10067,A,61
9809,2025-03-02,7,6072,B,56
9810,2025-03-02,8,8803,A,64
9811,2025-03-02,9,9728,A,65
9812,2025-03-02,12,10410,A,54
9813,2025-03-02,13,11814,A,68
9814,2025-03-02,15,9193,B,57
9815,2025-03-02,16,4044,A,57
9816,2025-03-02,17,3711,B,51
9817,2025-03-02,18,15153,A,49
9818,2025-03-03,1,6817,B,60
9819,2025-03-03,2,10145,A,70
9820,2025-03-03,3,8631,B,69
9821,2025-03-03,4,7211,A,69
9822,2025-03-03,5,9542,C,59
9823,2025-03-03,6,4314,B,84
9824,2025-03-03,7,6337,B,55
9825,2025-03-03,8,9015,C,56
9826,2025-03-03,9,8496,B,43
9827,2025-03-03,10,14992,A,62
9828,2025-03-03,11,4324,B,47
9829,2025-03-03,12,9775,B,66
9830,2025-03-03,13,11566,C,44
9831,2025-03-03,14,3663,C,49
9832,2025-03-03,15,9739,A,52
9833,2025-03-03,16,4694,B,80
9834,2025-03-03,18,16467,A,72
9835,2025-03-04,1,6793,A,82
9836,2025-03-04,2,9137,A,45
9837,2025-03-04,3,8624,C,65
9838,2025-03-04,5,10882,C,69
9839,2025-03-04,6,4472,C,51
9840,2025-03-04,7,5736,C,57
9841,2025-03-04,8,8587,B,63
9842,2025-03-04,9,8895,B,63
9843,2025-03-04,11,4764,C,54
9844,2025-03-04,12,10546,C,45
9845,2025-03-04,13,11674,A,71
9846,2025-03-04,14,3897,C,30
9847,2025-03-04,16,4200,C,56
9848,2025-03-04,17,3612,B,37
9849,2025-03-04,18,15900,A,67
9850,2025-03-05,1,6772,B,52
9851,2025-03-05,2,11143,A,70
9852,2025-03-05,3,9621,B,52
9853,2025-03-05,4,6759,A,72
9854,2025-03-05,5,11081,B,65
9855,2025-03-05,6,4482,A,75
9856,2025-03-05,7,5705,B,38
9857,2025-03-05,8,7682,C,39
9858,2025-03-05,9,8636,B,61
9859,2025-03-05,10,15444,A,59
9860,2025-03-05,11,4809,A,46
9861,2025-03-05,12,11173,A,72
9862,2025-03-05,13,12940,B,38
9863,2025-03-05,14,3377,C,48
9864,2025-03-05,15,10322,B,55
9865,2025-03-05,16,4777,A,31
9866,2025-03-05,17,4125,C,43
9867,2025-03-05,18,15710,B,50
9868,2025-03-06,1,6893,B,46
9869,2025-03-06,2,11881,A,71
9870,2025-03-06,4,6207,B,53
9871,2025-03-06,5,8512,B,48
9872,2025-03-06,6,4733,C,42
9873,2025-03-06,9,10223,A,64
9874,2025-03-06,10,13170,B,51
9875,2025-03-06,11,6079,B,51
9876,2025-03-06,12,11433,A,54
9877,2025-03-06,13,11377,A,55
9878,2025-03-06,15,9268,C,59
9879,2025-03-06,16,4704,A,53
9880,2025-03-06,17,2956,A,52
9881,2025-03-06,18,16702,C,60
9882,2025-03-07,2,10587,A,61
9883,2025-03-07,4,7199,C,43
9884,2025-03-07,7,5979,A,79
9885,2025-03-07,8,8427,A,85
9886,2025-03-07,9,8066,A,77
9887,2025-03-07,10,13271,C,50
9888,2025-03-07,11,5795,A,59
9889,2025-03-07,12,11280,A,84
9890,2025-03-07,13,12102,C,41
9891,2025-03-07,14,3355,A,68
9892,2025-03-07,15,9537,A,56
9893,2025-03-07,16,4920,B,63
9894,2025-03-07,17,4021,B,46
9895,2025-03-07,18,17175,B,49
9896,2025-03-08,1,6474,B,55
9897,2025-03-08,2,11521,A,48
9898,2025-03-08,3,9899,B,63
9899,2025-03-08,4,6453,A,70
9900,2025-03-08,5,11122,A,54
9901,2025-03-08,6,4409,A,75
9902,2025-03-08,7,5776,A,56
9903,2025-03-08,8,8214,A,73
9904,2025-03-08,9,9183,A,56
9905,2025-03-08,11,5668,A,53
9906,2025-03-08,12,10331,C,59
9907,2025-03-08,13,13284,B,30
9908,2025-03-08,14,2789,C,56
9909,2025-03-08,15,10780,B,55
9910,2025-03-08,16,4652,B,63
9911,2025-03-08,18,13871,C,39
9912,2025-03-09,1,6488,C,46
9913,2025-03-09,2,12086,A,57
9914,2025-03-09,3,8650,B,63
9915,2025-03-09,4,8122,A,57
9916,2025-03-09,6,4511,C,35
9917,2025-03-09,7,5880,A,46
9918,2025-03-09,8,8386,A,67
9919,2025-03-09,11,4929,A,47
9920,2025-03-09,12,10632,B,78
9921,2025-03-09,13,12604,A,62
9922,2025-03-09,15,11018,A,61
9923,2025-03-09,16,4595,B,56
9924,2025-03-09,17,3825,A,75
9925,2025-03-09,18,14121,B,60
9926,2025-03-10,1,6767,C,78
9927,2025-03-10,2,11831,A,65
9928,2025-03-10,3,8502,B,34
9929,2025-03-10,4,7230,A,65
9930,2025-03-10,5,10801,A,58
9931,2025-03-10,6,4355,B,60
9932,2025-03-10,7,6546,B,64
9933,2025-03-10,8,8317,A,50
9934,2025-03-10,9,9702,A,63
9935,2025-03-10,11,6046,A,72
9936,2025-03-10,12,10936,C,72
9937,2025-03-10,13,12464,A,56
9938,2025-03-10,14,3616,A,68
9939,2025-03-10,15,10221,A,64
9940,2025-03-10,16,5131,B,54
9941,2025-03-10,17,2705,A,44
9942,2025-03-10,18,14454,A,54
9943,2025-03-11,1,6490,B,61
9944,2025-03-11,3,8854,B,58
9945,2025-03-11,5,10493,A,65
9946,2025-03-11,6,3957,B,67
9947,2025-03-11,7,5887,B,50
9948,2025-03-11,8,10049,A,55
9949,2025-03-11,9,9024,B,55
9950,2025-03-11,10,14956,A,68
9951,2025-03-11,11,5212,B,57
9952,2025-03-11,12,9101,C,51
9953,2025-03-11,13,11131,C,41
9954,2025-03-11,14,3383,B,74
9955,2025-03-11,15,12227,B,44
9956,2025-03-11,16,5067,B,34
9957,2025-03-11,17,4069,A,56
9958,2025-03-11,18,13563,B,47
9959,2025-03-12,1,6398,A,70
9960,2025-03-12,2,11341,A,65
9961,2025-03-12,4,6576,A,49
9962,2025-03-12,5,10485,A,60
9963,2025-03-12,6,4580,B,61
9964,2025-03-12,8,7442,B,58
9965,2025-03-12,9,7820,A,87
9966,2025-03-12,11,5459,A,52
9967,2025-03-12,12,11073,B,42
9968,2025-03-12,13,11621,B,52
9969,2025-03-12,14,3316,A,70
9970,2025-03-12,15,10879,B,55
9971,2025-03-12,16,5105,B,59
9972,2025-03-12,17,3387,A,58
9973,2025-03-13,1,6843,B,54
9974,2025-03-13,2,10770,A,70
9975,2025-03-13,3,9160,B,57
9976,2025-03-13,4,6863,C,56
9977,2025-03-13,5,9984,A,73
9978,2025-03-13,6,5167,C,63
9979,2025-03-13,8,7002,B,74
9980,2025-03-13,10,11748,A,56
9981,2025-03-13,11,5136,B,45
9982,2025-03-13,12,9355,B,59
9983,2025-03-13,13,10208,C,63
9984,2025-03-13,14,3536,B,46
9985,2025-03-13,15,10007,C,34
9986,2025-03-13,16,4820,B,54
9987,2025-03-14,2,9333,B,50
9988,2025-03-14,4,6782,A,77
9989,2025-03-14,5,9213,B,61
9990,2025-03-14,6,4171,B,60
9991,2025-03-14,7,5248,B,46
9992,2025-03-14,8,8549,B,63
9993,2025-03-14,9,8392,B,53
9994,2025-03-14,10,15804,C,34
9995,2025-03-14,11,5043,C,36
9996,2025-03-14,12,12319,B,51
9997,2025-03-14,13,11866,C,54
9998,2025-03-14,14,3557,A,48
9999,2025-03-14,15,9540,B,56
10000,2025-03-14,17,3640,C,39
10001,2025-03-14,18,15390,B,60
10002,2025-03-15,2,10494,A,44
10003,2025-03-15,3,9369,B,42
10004,2025-03-15,4,7532,A,66
10005,2025-03-15,5,9290,C,48
10006,2025-03-15,6,4210,B,45
10007,2025-03-15,7,5469,B,67
10008,2025-03-15,11,4961,A,55
10009,2025-03-15,12,10247,A,77
10010,2025-03-15,13,11662,C,56
10011,2025-03-15,14,2942,A,78
10012,2025-03-15,15,9410,B,60
10013,2025-03-15,16,4843,B,64
10014,2025-03-15,17,3810,A,50
10015,2025-03-16,2,9983,C,58
10016,2025-03-16,3,8225,B,49
10017,2025-03-16,6,4175,A,86
10018,2025-03-16,7,6366,B,59
10019,2025-03-16,8,8539,B,56
10020,2025-03-16,9,10144,A,66
10021,2025-03-16,11,4978,A,41
10022,2025-03-16,13,11432,B,53
10023,2025-03-16,15,10480,A,65
10024,2025-03-16,17,3879,A,50
10025,2025-03-16,18,16805,A,55
10026,2025-03-17,1,7377,B,62
10027,2025-03-17,2,12564,B,54
10028,2025-03-17,3,9512,B,70
10029,2025-03-17,5,10222,A,65
10030,2025-03-17,6,4748,A,52
10031,2025-03-17,7,5833,A,49
10032,2025-03-17,8,8717,C,68
10033,2025-03-17,9,7834,A,56
10034,2025-03-17,10,13825,B,55
10035,2025-03-17,11,5309,A,67
10036,2025-03-17,12,9938,A,54
10037,2025-03-17,13,12349,B,51
10038,2025-03-17,14,4054,A,64
10039,2025-03-17,15,9807,B,60
10040,2025-03-17,16,4038,A,47
10041,2025-03-17,17,3954,A,66
10042,2025-03-17,18,15589,C,49
10043,2025-03-18,1,7461,C,64
10044,2025-03-18,2,10554,A,67
10045,2025-03-18,3,9315,B,58
10046,2025-03-18,4,7960,B,52
10047,2025-03-18,5,10093,C,39
10048,2025-03-18,6,4649,B,63
10049,2025-03-18,7,6723,B,59
10050,2025-03-18,8,9184,B,62
10051,2025-03-18,9,8517,C,60
10052,2025-03-18,10,10658,B,58
10053,2025-03-18,11,5212,B,58
10054,2025-03-18,12,10056,A,41
10055,2025-03-18,13,10308,B,51
10056,2025-03-18,15,11573,A,65
10057,2025-03-18,16,5043,B,42
10058,2025-03-18,17,3931,B,63
10059,2025-03-18,18,15839,B,62
10060,2025-03-19,1,5660,A,65
10061,2025-03-19,2,10811,C,45
10062,2025-03-19,4,6941,B,49
10063,2025-03-19,6,4431,B,50
10064,2025-03-19,7,6678,C,51
10065,2025-03-19,8,7324,A,59
10066,2025-03-19,9,8698,A,48
10067,2025-03-19,10,13455,A,66
10068,2025-03-19,11,5050,A,77
10069,2025-03-19,12,12517,A,63
10070,2025-03-19,13,12903,B,51
10071,2025-03-19,14,3370,B,54
10072,2025-03-19,15,11403,B,59
10073,2025-03-19,16,5010,B,51
10074,2025-03-19,17,3765,C,39
10075,2025-03-19,18,16839,B,63
10076,2025-03-20,1,6599,C,40
10077,2025-03-20,2,11177,B,70
10078,2025-03-20,3,8415,B,51
10079,2025-03-20,4,7339,B,61
10080,2025-03-20,5,9957,A,58
10081,2025-03-20,6,4158,B,31
10082,2025-03-20,7,6556,B,49
10083,2025-03-20,8,7957,A,49
10084,2025-03-20,9,8822,C,38
10085,2025-03-20,10,14242,B,61
10086,2025-03-20,11,5674,B,61
10087,2025-03-20,12,11387,A,44
10088,2025-03-20,14,3920,A,65
10089,2025-03-20,15,10723,B,50
10090,2025-03-20,16,4913,C,49
10091,2025-03-20,17,3813,B,53
10092,2025-03-20,18,15264,B,69
10093,2025-03-21,2,10742,A,74
10094,2025-03-21,4,6578,B,59
10095,2025-03-21,5,11061,B,69
10096,2025-03-21,6,4521,C,47
10097,2025-03-21,7,7101,A,72
10098,2025-03-21,8,8614,B,57
10099,2025-03-21,9,9639,C,59
10100,2025-03-21,10,14139,A,72
10101,2025-03-21,13,11347,B,46
10102,2025-03-21,14,3693,B,58
10103,2025-03-21,15,9243,A,45
10104,2025-03-21,16,4831,B,48
10105,2025-03-22,1,6021,C,46
10106,2025-03-22,3,9406,C,30
10107,2025-03-22,4,7115,B,61
10108,2025-03-22,5,9932,A,74
10109,2025-03-22,6,3926,C,41
10110,2025-03-22,7,6158,A,67
10111,2025-03-22,8,8841,A,45
10112,2025-03-22,11,5270,C,35
10113,2025-03-22,12,11864,A,65
10114,2025-03-22,13,11275,B,53
10115,2025-03-22,14,3254,B,64
10116,2025-03-22,15,9657,C,55
10117,2025-03-22,16,3885,B,75
10118,2025-03-22,17,3468,A,81
10119,2025-03-23,1,6363,B,63
10120,2025-03-23,2,10172,C,59
10121,2025-03-23,3,9907,B,68
10122,2025-03-23,4,7086,B,48
10123,2025-03-23,5,9111,B,55
10124,2025-03-23,6,4539,B,71
10125,2025-03-23,8,9789,B,58
10126,2025-03-23,9,9403,A,64
10127,2025-03-23,10,13323,A,61
10128,2025-03-23,12,11601,B,49
10129,2025-03-23,13,11850,A,50
10130,2025-03-23,14,3449,C,43
10131,2025-03-23,15,11231,C,49
10132,2025-03-23,17,3954,A,62
10133,2025-03-23,18,17880,B,60
10134,2025-03-24,1,6182,A,64
10135,2025-03-24,2,10872,C,49
10136,2025-03-24,3,8560,A,80
10137,2025-03-24,4,5869,C,57
10138,2025-03-24,5,10813,A,71
10139,2025-03-24,6,4801,C,51
10140,2025-03-24,7,5909,A,60
10141,2025-03-24,8,8965,B,59
10142,2025-03-24,9,8644,A,51
10143,2025-03-24,10,14533,A,62
10144,2025-03-24,11,5528,C,42
10145,2025-03-24,12,10352,B,69
10146,2025-03-24,13,12799,B,45
10147,2025-03-24,14,3392,B,48
10148,2025-03-24,15,9746,B,57
10149,2025-03-24,17,3937,C,45
10150,2025-03-24,18,14214,C,43
10151,2025-03-25,1,7736,C,44
10152,2025-03-25,2,10069,A,51
10153,2025-03-25,3,9351,B,45
10154,2025-03-25,4,8029,C,33
10155,2025-03-25,5,10039,B,59
10156,2025-03-25,6,4039,B,52
10157,2025-03-25,7,7415,B,58
10158,2025-03-25,8,8290,C,30
10159,2025-03-25,9,9267,B,42
10160,2025-03-25,11,5037,A,53
10161,2025-03-25,12,10850,C,55
10162,2025-03-25,15,11122,B,52
10163,2025-03-25,16,4894,A,58
10164,2025-03-25,17,3904,B,49
10165,2025-03-25,18,16054,A,66
10166,2025-03-26,1,7293,A,70
10167,2025-03-26,2,9575,C,53
10168,2025-03-26,3,7514,C,47
10169,2025-03-26,4,7628,B,60
10170,2025-03-26,5,10232,B,40
10171,2025-03-26,6,3938,A,45
10172,2025-03-26,7,7183,B,64
10173,2025-03-26,8,7735,C,55
10174,2025-03-26,9,9666,B,46
10175,2025-03-26,10,12198,A,73
10176,2025-03-26,11,5147,A,78
10177,2025-03-26,12,10577,B,40
10178,2025-03-26,13,11542,A,73
10179,2025-03-26,14,3373,B,66
10180,2025-03-26,16,4769,C,44
10181,2025-03-26,17,3538,C,53
10182,2025-03-26,18,14624,B,60
10183,2025-03-27,1,7475,A,86
10184,2025-03-27,2,10181,A,75
10185,2025-03-27,3,8598,B,63
10186,2025-03-27,4,6694,A,72
10187,2025-03-27,5,11519,A,58
10188,2025-03-27,6,5055,B,59
10189,2025-03-27,7,6205,A,48
10190,2025-03-27,8,7952,C,44
10191,2025-03-27,9,8567,A,71
10192,2025-03-27,10,12322,A,68
10193,2025-03-27,11,5462,A,65
10194,2025-03-27,12,12261,A,77
10195,2025-03-27,13,11428,A,58
10196,2025-03-27,14,3317,A,61
10197,2025-03-27,15,10248,A,59
10198,2025-03-27,16,4896,C,48
10199,2025-03-27,17,3959,B,62
10200,2025-03-28,1,7177,A,68
10201,2025-03-28,2,10673,B,57
10202,2025-03-28,3,8998,A,76
10203,2025-03-28,4,6304,B,41
10204,2025-03-28,5,10189,C,51
10205,2025-03-28,8,7933,A,64
10206,2025-03-28,9,9669,B,50
10207,2025-03-28,10,12141,C,42
10208,2025-03-28,11,5667,B,63
10209,2025-03-28,12,9915,B,47
10210,2025-03-28,13,13038,A,59
10211,2025-03-28,14,3424,B,69
10212,2025-03-28,15,9632,B,63
10213,2025-03-28,16,5028,A,70
10214,2025-03-28,17,3347,B,64
10215,2025-03-28,18,14826,B,51
10216,2025-03-29,1,6172,B,56
10217,2025-03-29,2,10337,B,42
10218,2025-03-29,3,8364,A,58
10219,2025-03-29,4,7106,B,64
10220,2025-03-29,5,10442,A,69
10221,2025-03-29,6,4896,A,70
10222,2025-03-29,7,6873,B,62
10223,2025-03-29,8,8765,A,66
10224,2025-03-29,9,9138,C,53
10225,2025-03-29,10,14859,B,57
10226,2025-03-29,11,4941,A,69
10227,2025-03-29,12,10714,B,64
10228,2025-03-29,13,11074,B,50
10229,2025-03-29,14,3190,C,38
10230,2025-03-29,15,10129,C,63
10231,2025-03-29,16,5147,B,44
10232,2025-03-29,17,4008,B,60
10233,2025-03-29,18,15775,C,54
10234,2025-03-30,1,6500,B,54
10235,2025-03-30,2,10112,A,61
10236,2025-03-30,3,8344,C,43
10237,2025-03-30,4,6962,B,51
10238,2025-03-30,5,9243,B,58
10239,2025-03-30,6,4433,A,62
10240,2025-03-30,7,6126,B,55
10241,2025-03-30,8,8499,C,53
10242,2025-03-30,9,9861,B,54
10243,2025-03-30,10,12083,B,58
10244,2025-03-30,11,5171,A,69
10245,2025-03-30,12,10227,B,63
10246,2025-03-30,14,3046,C,52
10247,2025-03-30,15,10361,B,56
10248,2025-03-30,16,4799,A,65
10249,2025-03-30,17,3613,A,55
10250,2025-03-31,1,7051,C,55
10251,2025-03-31,3,8538,B,55
10252,2025-03-31,4,7111,A,68
10253,2025-03-31,7,5873,C,52
10254,2025-03-31,8,7446,A,65
10255,2025-03-31,9,8953,B,51
10256,2025-03-31,10,14050,A,84
10257,2025-03-31,11,5743,A,77
10258,2025-03-31,12,9376,B,63
10259,2025-03-31,13,12747,A,79
10260,2025-03-31,14,3382,A,80
10261,2025-03-31,15,11049,B,57
10262,2025-03-31,16,5055,A,54
10263,2025-03-31,17,4187,A,56
10264,2025-03-31,18,16572,B,46
10265,2025-04-01,1,6122,B,49
10266,2025-04-01,2,10634,B,58
10267,2025-04-01,3,9231,C,46
10268,2025-04-01,4,7020,B,60
10269,2025-04-01,5,10704,C,40
10270,2025-04-01,6,4645,A,68
10271,2025-04-01,7,6632,A,68
10272,2025-04-01,8,8038,A,65
10273,2025-04-01,10,13457,C,54
10274,2025-04-01,11,4203,C,51
10275,2025-04-01,12,12447,A,62
10276,2025-04-01,14,3859,A,73
10277,2025-04-01,15,9483,C,64
10278,2025-04-01,16,5545,B,47
10279,2025-04-01,17,3241,C,56
10280,2025-04-01,18,14607,B,54
10281,2025-04-02,1,7172,B,61
10282,2025-04-02,4,7194,B,63
10283,2025-04-02,5,8936,B,58
10284,2025-04-02,6,4171,C,58
10285,2025-04-02,7,6238,B,56
10286,2025-04-02,8,8913,B,55
10287,2025-04-02,9,9070,B,48
10288,2025-04-02,10,13636,A,46
10289,2025-04-02,12,9589,B,46
10290,2025-04-02,13,12449,A,52
10291,2025-04-02,14,3415,A,66
10292,2025-04-02,15,9991,B,87
10293,2025-04-02,16,5283,A,75
10294,2025-04-02,17,4211,B,37
10295,2025-04-02,18,17492,B,58
10296,2025-04-03,2,11356,A,67
10297,2025-04-03,3,7405,B,54
10298,2025-04-03,5,10370,C,30
10299,2025-04-03,6,4536,A,58
10300,2025-04-03,8,8562,A,76
10301,2025-04-03,9,9030,A,75
10302,2025-04-03,10,15249,C,63
10303,2025-04-03,11,5657,A,47
10304,2025-04-03,12,10776,C,78
10305,2025-04-03,13,10579,B,62
10306,2025-04-03,14,3303,B,56
10307,2025-04-03,15,10243,B,46
10308,2025-04-03,16,5804,B,51
10309,2025-04-03,17,3583,A,57
10310,2025-04-03,18,14188,C,40
10311,2025-04-04,1,6582,C,35
10312,2025-04-04,2,10776,C,45
10313,2025-04-04,3,7490,A,47
10314,2025-04-04,4,7228,B,74
10315,2025-04-04,5,10288,A,52
10316,2025-04-04,6,4351,C,40
10317,2025-04-04,7,5785,B,53
10318,2025-04-04,8,8707,B,49
10319,2025-04-04,9,9289,A,66
10320,2025-04-04,10,13267,B,64
10321,2025-04-04,11,5506,B,58
10322,2025-04-04,12,9115,A,69
10323,2025-04-04,13,11224,B,60
10324,2025-04-04,14,3598,A,70
10325,2025-04-04,15,10747,A,59
10326,2025-04-04,16,4632,B,48
10327,2025-04-04,18,13756,C,45
10328,2025-04-05,2,9457,B,51
10329,2025-04-05,3,8582,A,49
10330,2025-04-05,4,6333,B,62
10331,2025-04-05,5,10240,C,61
10332,2025-04-05,6,4014,C,57
10333,2025-04-05,7,5347,A,67
10334,2025-04-05,8,8583,A,76
10335,2025-04-05,9,9491,B,73
10336,2025-04-05,12,10252,B,64
10337,2025-04-05,13,12766,B,52
10338,2025-04-05,16,5545,B,57
10339,2025-04-05,17,3748,C,38
10340,2025-04-05,18,16590,A,50
10341,2025-04-06,1,7026,A,58
10342,2025-04-06,2,10440,B,61
10343,2025-04-06,3,9350,B,59
10344,2025-04-06,4,7668,A,50
10345,2025-04-06,5,11053,A,45
10346,2025-04-06,6,4609,B,62
10347,2025-04-06,7,6316,C,39
10348,2025-04-06,8,9412,B,55
10349,2025-04-06,9,8190,B,75
10350,2025-04-06,10,13790,B,55
10351,2025-04-06,11,4881,B,37
10352,2025-04-06,12,10947,B,42
10353,2025-04-06,13,10794,B,64
10354,2025-04-06,14,3900,C,40
10355,2025-04-06,15,9131,C,58
10356,2025-04-06,16,4580,A,52
10357,2025-04-06,18,14686,B,77
10358,2025-04-07,1,9884,A,51
10359,2025-04-07,2,15091,C,38
10360,2025-04-07,3,10556,B,61
10361,2025-04-07,4,11732,B,59
10362,2025-04-07,7,9972,A,54
10363,2025-04-07,8,12728,B,48
10364,2025-04-07,9,15216,B,30
10365,2025-04-07,10,20373,A,69
10366,2025-04-07,11,7059,B,50
10367,2025-04-07,12,14837,A,46
10368,2025-04-07,14,5088,A,70
10369,2025-04-07,16,7541,A,85
10370,2025-04-07,17,5503,B,62
10371,2025-04-07,18,23111,A,48
10372,2025-04-08,1,11121,A,43
10373,2025-04-08,2,16468,B,62
10374,2025-04-08,3,12989,C,41
10375,2025-04-08,4,12986,C,54
10376,2025-04-08,5,17119,A,72
10377,2025-04-08,6,6647,B,49
10378,2025-04-08,7,9131,A,71
10379,2025-04-08,8,12106,A,54
10380,2025-04-08,9,11619,A,62
10381,2025-04-08,10,24418,B,48
10382,2025-04-08,12,16631,A,66
10383,2025-04-08,13,17468,A,49
10384,2025-04-08,15,13450,B,57
10385,2025-04-08,16,7763,A,71
10386,2025-04-08,17,5208,B,58
10387,2025-04-08,18,22528,A,57
10388,2025-04-09,1,9297,A,61
10389,2025-04-09,2,17779,B,37
10390,2025-04-09,3,12960,C,63
10391,2025-04-09,5,14092,C,46
10392,2025-04-09,7,10367,B,56
10393,2025-04-09,8,11577,B,45
10394,2025-04-09,9,12902,A,51
10395,2025-04-09,10,18245,B,54
10396,2025-04-09,12,15543,C,34
10397,2025-04-09,13,15762,A,89
10398,2025-04-09,17,5225,C,54
10399,2025-04-09,18,20696,A,46
10400,2025-04-10,1,10679,B,46
10401,2025-04-10,2,13649,A,70
10402,2025-04-10,3,15033,A,53
10403,2025-04-10,4,10573,B,53
10404,2025-04-10,5,15475,B,54
10405,2025-04-10,6,7589,A,65
10406,2025-04-10,8,12741,A,67
10407,2025-04-10,9,13547,A,71
10408,2025-04-10,11,7213,C,67
10409,2025-04-10,12,17359,B,62
10410,2025-04-10,13,16550,B,40
10411,2025-04-10,14,5294,C,39
10412,2025-04-10,15,15118,B,52
10413,2025-04-10,16,7385,A,52
10414,2025-04-10,17,5751,B,67
10415,2025-04-10,18,22982,C,49
10416,2025-04-11,1,10660,A,56
10417,2025-04-11,2,16205,A,69
10418,2025-04-11,3,13113,A,67
10419,2025-04-11,4,8644,C,50
10420,2025-04-11,5,15412,A,70
10421,2025-04-11,6,7204,A,40
10422,2025-04-11,8,10053,C,39
10423,2025-04-11,10,21706,A,71
10424,2025-04-11,11,7656,B,57
10425,2025-04-11,13,17271,B,48
10426,2025-04-11,14,5202,A,77
10427,2025-04-11,15,13414,B,37
10428,2025-04-11,16,7868,C,34
10429,2025-04-11,17,5136,C,44
10430,2025-04-11,18,25464,C,41
10431,2025-04-12,1,9925,A,79
10432,2025-04-12,2,15852,A,64
10433,2025-04-12,3,13945,A,67
10434,2025-04-12,4,10830,B,60
10435,2025-04-12,5,13999,A,58
10436,2025-04-12,6,7251,C,48
10437,2025-04-12,7,9248,A,69
10438,2025-04-12,8,12308,A,75
10439,2025-04-12,9,15371,A,45
10440,2025-04-12,10,19832,C,61
10441,2025-04-12,11,7137,C,35
10442,2025-04-12,12,15139,B,48
10443,2025-04-12,13,17180,A,61
10444,2025-04-12,15,14721,A,75
10445,2025-04-12,16,6917,C,60
10446,2025-04-12,18,24980,A,66
10447,2025-04-13,1,10443,C,66
10448,2025-04-13,2,16920,B,50
10449,2025-04-13,3,13683,C,51
10450,2025-04-13,4,9916,B,59
10451,2025-04-13,6,6567,A,75
10452,2025-04-13,7,9237,A,53
10453,2025-04-13,9,11621,B,41
10454,2025-04-13,10,23312,C,45
10455,2025-04-13,11,8107,B,56
10456,2025-04-13,12,15983,B,41
10457,2025-04-13,13,18870,B,85
10458,2025-04-13,14,4885,B,45
10459,2025-04-13,16,8313,A,49
10460,2025-04-13,17,4927,B,47
10461,2025-04-13,18,23553,C,42
10462,2025-04-14,2,16331,B,60
10463,2025-04-14,3,11224,B,65
10464,2025-04-14,4,11967,A,71
10465,2025-04-14,5,18156,B,56
10466,2025-04-14,6,5801,A,73
10467,2025-04-14,7,9871,C,56
10468,2025-04-14,8,11128,A,68
10469,2025-04-14,9,13096,A,54
10470,2025-04-14,10,17574,B,46
10471,2025-04-14,11,7267,A,71
10472,2025-04-14,12,16118,B,61
10473,2025-04-14,14,4830,B,50
10474,2025-04-14,15,14657,A,56
10475,2025-04-14,17,5312,B,67
10476,2025-04-14,18,25182,A,69
10477,2025-04-15,1,10930,C,43
10478,2025-04-15,4,9728,A,53
10479,2025-04-15,5,15288,A,48
10480,2025-04-15,6,7784,C,58
10481,2025-04-15,7,8722,A,69
10482,2025-04-15,8,11564,B,58
10483,2025-04-15,9,11327,A,69
10484,2025-04-15,10,19763,A,80
10485,2025-04-15,11,7535,A,44
10486,2025-04-15,12,16672,C,71
10487,2025-04-15,13,15944,B,45
10488,2025-04-15,14,5204,A,54
10489,2025-04-15,15,15334,B,47
10490,2025-04-15,16,8471,C,34
10491,2025-04-15,18,21164,B,64
10492,2025-04-16,1,10027,A,60
10493,2025-04-16,2,15648,A,46
10494,2025-04-16,3,13763,B,74
10495,2025-04-16,4,8970,C,34
10496,2025-04-16,5,15928,A,71
10497,2025-04-16,6,6699,B,60
10498,2025-04-16,7,10316,A,69
10499,2025-04-16,8,13301,A,61
10500,2025-04-16,9,13685,B,61
10501,2025-04-16,10,18630,A,71
10502,2025-04-16,11,6572,B,67
10503,2025-04-16,12,15903,B,62
10504,2025-04-16,13,17269,A,65
10505,2025-04-16,14,5346,C,58
10506,2025-04-16,15,16215,B,59
10507,2025-04-16,16,7921,B,58
10508,2025-04-16,17,5160,A,71
10509,2025-04-17,1,9752,C,41
10510,2025-04-17,2,15035,B,54
10511,2025-04-17,3,14080,A,48
10512,2025-04-17,5,15413,B,65
10513,2025-04-17,6,6329,B,44
10514,2025-04-17,7,10762,C,57
10515,2025-04-17,10,21303,B,68
10516,2025-04-17,11,6614,C,38
10517,2025-04-17,12,16127,A,63
10518,2025-04-17,14,5038,A,74
10519,2025-04-17,16,7281,A,78
10520,2025-04-17,17,5211,B,57
10521,2025-04-17,18,23856,A,69
10522,2025-04-18,1,11032,C,34
10523,2025-04-18,2,17440,A,66
10524,2025-04-18,3,17780,A,62
10525,2025-04-18,4,8732,B,38
10526,2025-04-18,6,6956,A,74
10527,2025-04-18,7,9269,B,57
10528,2025-04-18,9,15387,B,84
10529,2025-04-18,10,18787,B,58
10530,2025-04-18,11,7599,A,58
10531,2025-04-18,12,15576,B,60
10532,2025-04-18,13,19193,A,66
10533,2025-04-18,15,14161,B,67
10534,2025-04-18,16,7097,A,59
10535,2025-04-18,18,22883,B,90
10536,2025-04-19,1,9604,B,64
10537,2025-04-19,2,16085,B,59
10538,2025-04-19,3,11274,B,56
10539,2025-04-19,4,10994,B,63
10540,2025-04-19,5,13079,B,60
10541,2025-04-19,6,7361,A,46
10542,2025-04-19,7,10228,B,61
10543,2025-04-19,8,12798,B,60
10544,2025-04-19,9,13782,A,66
10545,2025-04-19,10,21338,A,76
10546,2025-04-19,11,6789,B,65
10547,2025-04-19,12,16031,A,66
10548,2025-04-19,13,18100,B,57
10549,2025-04-19,14,5074,C,32
10550,2025-04-19,15,14943,A,68
10551,2025-04-19,16,7036,B,49
10552,2025-04-19,17,5371,B,63
10553,2025-04-20,1,9031,B,62
10554,2025-04-20,2,18500,B,75
10555,2025-04-20,3,15397,B,46
10556,2025-04-20,4,8658,C,38
10557,2025-04-20,5,14445,B,42
10558,2025-04-20,7,8513,A,74
10559,2025-04-20,8,12585,C,41
10560,2025-04-20,9,14790,A,67
10561,2025-04-20,10,20316,B,45
10562,2025-04-20,11,8873,B,54
10563,2025-04-20,13,17515,B,48
10564,2025-04-20,14,5130,B,43
10565,2025-04-20,15,17042,A,71
10566,2025-04-20,16,7254,A,58
10567,2025-04-20,18,20903,B,45
10568,2025-04-21,1,8910,B,63
10569,2025-04-21,2,15980,B,67
10570,2025-04-21,5,13604,A,49
10571,2025-04-21,6,7421,A,74
10572,2025-04-21,7,10098,A,71
10573,2025-04-21,8,13734,B,46
10574,2025-04-21,9,14288,A,73
10575,2025-04-21,10,19833,A,67
10576,2025-04-21,11,6342,A,88
10577,2025-04-21,12,16706,C,30
10578,2025-04-21,13,18029,A,86
10579,2025-04-21,14,5008,C,90
10580,2025-04-21,15,17373,B,37
10581,2025-04-21,16,7305,B,57
10582,2025-04-21,17,5463,C,47
10583,2025-04-21,18,19274,A,76
10584,2025-04-22,2,15147,B,66
10585,2025-04-22,3,13841,B,51
10586,2025-04-22,4,8647,C,54
10587,2025-04-22,5,17396,B,77
10588,2025-04-22,6,7315,A,59
10589,2025-04-22,7,10078,A,66
10590,2025-04-22,8,12615,C,52
10591,2025-04-22,9,13175,B,38
10592,2025-04-22,10,21265,C,53
10593,2025-04-22,11,7108,C,52
10594,2025-04-22,13,18039,B,30
10595,2025-04-22,14,5097,B,60
10596,2025-04-22,15,12835,B,54
10597,2025-04-22,16,8070,B,84
10598,2025-04-22,17,5683,B,69
10599,2025-04-22,18,24637,B,60
10600,2025-04-23,2,14113,B,39
10601,2025-04-23,3,13481,C,38
10602,2025-04-23,5,15168,B,59
10603,2025-04-23,7,9941,B,45
10604,2025-04-23,9,12111,B,47
10605,2025-04-23,10,20180,B,55
10606,2025-04-23,11,7605,A,51
10607,2025-04-23,12,16804,A,68
10608,2025-04-23,14,6188,A,69
10609,2025-04-23,15,16645,A,70
10610,2025-04-23,16,8488,B,54
10611,2025-04-23,18,23574,A,83
10612,2025-04-24,1,11606,A,50
10613,2025-04-24,2,13741,B,55
10614,2025-04-24,3,13071,C,30
10615,2025-04-24,4,11734,B,45
10616,2025-04-24,5,14885,A,69
10617,2025-04-24,6,6369,A,80
10618,2025-04-24,7,9287,C,55
10619,2025-04-24,8,14121,A,73
10620,2025-04-24,9,13950,A,68
10621,2025-04-24,10,18827,C,67
10622,2025-04-24,11,7373,A,60
10623,2025-04-24,12,15690,A,54
10624,2025-04-24,14,5216,B,54
10625,2025-04-24,15,15615,B,47
10626,2025-04-24,16,7450,C,44
10627,2025-04-24,17,5944,B,59
10628,2025-04-24,18,24793,A,52
10629,2025-04-25,1,8482,B,64
10630,2025-04-25,2,14023,B,45
10631,2025-04-25,3,12913,C,47
10632,2025-04-25,4,10670,A,58
10633,2025-04-25,5,16398,B,61
10634,2025-04-25,6,7248,B,61
10635,2025-04-25,7,7101,B,55
10636,2025-04-25,8,12862,C,58
10637,2025-04-25,9,12021,B,48
10638,2025-04-25,10,25245,A,56
10639,2025-04-25,11,6924,C,49
10640,2025-04-25,12,16290,B,34
10641,2025-04-25,13,19115,A,49
10642,2025-04-25,14,5352,B,46
10643,2025-04-25,15,16441,A,73
10644,2025-04-25,16,6837,B,58
10645,2025-04-25,17,5638,B,51
10646,2025-04-25,18,22315,A,73
10647,2025-04-26,1,11559,A,76
10648,2025-04-26,2,16401,B,56
10649,2025-04-26,3,13887,A,75
10650,2025-04-26,4,9655,A,65
10651,2025-04-26,5,13935,A,74
10652,2025-04-26,6,5271,B,56
10653,2025-04-26,7,8821,A,75
10654,2025-04-26,8,11903,B,49
10655,2025-04-26,9,15064,B,55
10656,2025-04-26,10,19820,C,53
10657,2025-04-26,11,7013,C,41
10658,2025-04-26,12,14506,B,61
10659,2025-04-26,13,16833,A,80
10660,2025-04-26,14,5268,A,52
10661,2025-04-26,15,14635,A,80
10662,2025-04-26,16,7013,B,60
10663,2025-04-26,18,21805,B,58
10664,2025-04-27,1,10349,B,52
10665,2025-04-27,2,16711,C,50
10666,2025-04-27,3,11888,A,73
10667,2025-04-27,4,10345,A,76
10668,2025-04-27,5,14370,B,34
10669,2025-04-27,7,8833,B,55
10670,2025-04-27,8,11239,B,52
10671,2025-04-27,9,13473,B,57
10672,2025-04-27,10,16965,B,52
10673,2025-04-27,11,6993,B,45
10674,2025-04-27,12,17497,B,62
10675,2025-04-27,13,17294,B,42
10676,2025-04-27,14,4982,B,60
10677,2025-04-27,15,13143,A,72
10678,2025-04-27,16,7226,B,65
10679,2025-04-27,17,6431,A,47
10680,2025-04-27,18,23136,B,90
10681,2025-04-28,2,14026,B,53
10682,2025-04-28,4,10386,A,67
10683,2025-04-28,5,15392,B,56
10684,2025-04-28,6,5961,B,49
10685,2025-04-28,7,8571,A,73
10686,2025-04-28,8,12888,B,52
10687,2025-04-28,9,14955,C,43
10688,2025-04-28,10,19234,C,34
10689,2025-04-28,11,7420,B,67
10690,2025-04-28,14,5616,C,52
10691,2025-04-28,15,16025,B,66
10692,2025-04-28,16,6729,A,67
10693,2025-04-28,17,5491,C,50
10694,2025-04-28,18,24704,C,55
10695,2025-04-29,1,9734,C,44
10696,2025-04-29,2,17207,A,71
10697,2025-04-29,3,13080,B,54
10698,2025-04-29,4,10763,A,71
10699,2025-04-29,5,16569,A,78
10700,2025-04-29,6,6475,B,49
10701,2025-04-29,7,9389,A,51
10702,2025-04-29,9,13126,B,54
10703,2025-04-29,10,18533,B,67
10704,2025-04-29,11,8780,A,54
10705,2025-04-29,12,15774,B,60
10706,2025-04-29,13,13948,C,33
10707,2025-04-29,14,4971,A,81
10708,2025-04-29,15,14157,B,53
10709,2025-04-29,16,6642,C,81
10710,2025-04-29,17,5339,A,56
10711,2025-04-29,18,22696,A,90
10712,2025-04-30,1,10502,B,48
10713,2025-04-30,2,15437,A,64
10714,2025-04-30,3,12307,B,52
10715,2025-04-30,4,9237,B,68
10716,2025-04-30,5,15923,A,69
10717,2025-04-30,6,6571,C,63
10718,2025-04-30,7,8987,B,52
10719,2025-04-30,8,14065,B,45
10720,2025-04-30,9,13944,A,69
10721,2025-04-30,10,21987,B,46
10722,2025-04-30,12,17335,A,71
10723,2025-04-30,13,17145,C,44
10724,2025-04-30,14,5519,C,51
10725,2025-04-30,15,13609,B,61
10726,2025-04-30,16,8564,B,51
10727,2025-04-30,17,5249,B,52
10728,2025-05-01,1,10147,B,60
10729,2025-05-01,2,16246,A,70
10730,2025-05-01,4,10863,C,43
10731,2025-05-01,6,6539,B,56
10732,2025-05-01,7,8685,B,64
10733,2025-05-01,8,12146,C,48
10734,2025-05-01,9,13879,A,67
10735,2025-05-01,10,21154,B,80
10736,2025-05-01,11,8313,C,53
10737,2025-05-01,12,14152,A,87
10738,2025-05-01,13,17530,C,44
10739,2025-05-01,14,4953,B,45
10740,2025-05-01,16,7511,C,50
10741,2025-05-01,17,4770,B,59
10742,2025-05-01,18,21262,A,68
10743,2025-05-02,1,11076,C,32
10744,2025-05-02,2,18129,C,39
10745,2025-05-02,3,14891,A,47
10746,2025-05-02,4,8127,B,62
10747,2025-05-02,6,6435,B,62
10748,2025-05-02,7,8511,A,77
10749,2025-05-02,8,11655,A,67
10750,2025-05-02,11,7903,A,67
10751,2025-05-02,12,16393,A,60
10752,2025-05-02,13,16415,B,49
10753,2025-05-02,15,16045,B,49
10754,2025-05-02,17,5899,C,48
10755,2025-05-02,18,22825,A,78
10756,2025-05-03,1,10271,A,63
10757,2025-05-03,2,17210,B,59
10758,2025-05-03,3,12951,A,70
10759,2025-05-03,4,9848,B,68
10760,2025-05-03,5,15799,C,52
10761,2025-05-03,6,6141,C,40
10762,2025-05-03,7,8766,C,55
10763,2025-05-03,8,13387,B,60
10764,2025-05-03,9,13178,A,70
10765,2025-05-03,11,8271,B,64
10766,2025-05-03,12,15020,B,62
10767,2025-05-03,13,15535,A,58
10768,2025-05-03,14,5238,A,69
10769,2025-05-03,15,15480,B,49
10770,2025-05-03,16,7813,A,66
10771,2025-05-03,17,4495,B,52
10772,2025-05-03,18,22994,A,49
10773,2025-05-04,1,10300,B,66
10774,2025-05-04,2,15713,A,70
10775,2025-05-04,3,13918,B,64
10776,2025-05-04,4,9966,B,47
10777,2025-05-04,5,15556,A,46
10778,2025-05-04,6,7966,A,57
10779,2025-05-04,7,10133,C,30
10780,2025-05-04,8,13417,B,56
10781,2025-05-04,9,14079,A,63
10782,2025-05-04,10,20163,C,36
10783,2025-05-04,11,5893,A,53
10784,2025-05-04,13,15911,A,48
10785,2025-05-04,14,4640,A,58
10786,2025-05-04,15,16267,B,59
10787,2025-05-04,17,5532,B,55
10788,2025-05-04,18,25393,B,70
10789,2025-05-05,1,6588,C,36
10790,2025-05-05,2,9942,B,76
10791,2025-05-05,4,7264,A,51
10792,2025-05-05,5,9365,A,45
10793,2025-05-05,6,5158,B,70
10794,2025-05-05,7,5871,B,39
10795,2025-05-05,8,8440,C,58
10796,2025-05-05,10,13341,B,67
10797,2025-05-05,11,4940,C,47
10798,2025-05-05,12,11391,A,52
10799,2025-05-05,13,12109,C,34
10800,2025-05-05,15,10752,B,53
10801,2025-05-05,16,4460,A,69
10802,2025-05-05,17,3630,A,60
10803,2025-05-05,18,15672,B,54
10804,2025-05-06,1,6754,A,46
10805,2025-05-06,2,8862,C,39
10806,2025-05-06,3,9567,C,42
10807,2025-05-06,4,6927,A,48
10808,2025-05-06,5,10244,C,68
10809,2025-05-06,7,5944,A,62
10810,2025-05-06,9,8220,A,61
10811,2025-05-06,11,5592,C,37
10812,2025-05-06,12,10758,A,56
10813,2025-05-06,13,13212,A,64
10814,2025-05-06,16,4575,B,52
10815,2025-05-07,1,6952,B,59
10816,2025-05-07,2,10089,C,54
10817,2025-05-07,3,9515,B,59
10818,2025-05-07,4,6137,A,67
10819,2025-05-07,5,9329,B,64
10820,2025-05-07,6,5056,B,58
10821,2025-05-07,7,5973,C,40
10822,2025-05-07,8,8303,A,55
10823,2025-05-07,9,10005,C,50
10824,2025-05-07,10,14668,B,74
10825,2025-05-07,11,4831,A,65
10826,2025-05-07,12,8866,A,72
10827,2025-05-07,13,12673,C,59
10828,2025-05-07,15,10148,A,69
10829,2025-05-07,17,3149,B,68
10830,2025-05-07,18,13754,A,59
10831,2025-05-08,1,5857,B,56
10832,2025-05-08,2,10524,B,70
10833,2025-05-08,4,6369,B,57
10834,2025-05-08,6,4345,B,36
10835,2025-05-08,7,6367,C,48
10836,2025-05-08,8,8484,B,64
10837,2025-05-08,9,9629,A,46
10838,2025-05-08,11,5777,A,72
10839,2025-05-08,12,9763,A,68
10840,2025-05-08,13,10184,B,63
10841,2025-05-08,14,3004,B,68
10842,2025-05-08,15,9788,B,49
10843,2025-05-08,17,3424,A,61
10844,2025-05-08,18,15576,A,65
10845,2025-05-09,1,6053,B,64
10846,2025-05-09,2,9860,C,56
10847,2025-05-09,3,8893,B,68
10848,2025-05-09,4,7024,B,54
10849,2025-05-09,5,9814,B,64
10850,2025-05-09,6,4534,C,42
10851,2025-05-09,9,9148,A,50
10852,2025-05-09,10,14299,B,50
10853,2025-05-09,11,5664,C,39
10854,2025-05-09,12,11416,A,81
10855,2025-05-09,13,12191,A,60
10856,2025-05-09,14,4160,B,53
10857,2025-05-09,15,10034,B,60
10858,2025-05-09,16,3934,A,70
10859,2025-05-09,17,3650,B,63
10860,2025-05-09,18,15637,A,64
10861,2025-05-10,1,7188,B,56
10862,2025-05-10,2,10593,B,47
10863,2025-05-10,4,6870,C,43
10864,2025-05-10,6,4465,A,68
10865,2025-05-10,7,4689,C,30
10866,2025-05-10,8,8745,A,39
10867,2025-05-10,9,10312,B,54
10868,2025-05-10,10,14298,A,65
10869,2025-05-10,11,4873,B,54
10870,2025-05-10,13,10806,B,69
10871,2025-05-10,14,2944,B,59
10872,2025-05-10,16,5362,A,69
10873,2025-05-10,17,3632,B,62
10874,2025-05-10,18,16181,B,51
10875,2025-05-11,1,6878,A,73
10876,2025-05-11,2,10771,C,39
10877,2025-05-11,4,6594,B,57
10878,2025-05-11,5,10173,A,70
10879,2025-05-11,6,4251,B,54
10880,2025-05-11,7,6706,B,53
10881,2025-05-11,8,8215,B,56
10882,2025-05-11,9,8905,B,50
10883,2025-05-11,10,14722,B,60
10884,2025-05-11,11,4859,B,50
10885,2025-05-11,12,12071,C,42
10886,2025-05-11,13,10879,A,57
10887,2025-05-11,14,3396,A,55
10888,2025-05-11,15,10525,B,60
10889,2025-05-11,16,4769,B,64
10890,2025-05-11,17,3528,B,54
10891,2025-05-11,18,14413,A,59
10892,2025-05-12,1,6685,C,54
10893,2025-05-12,2,10512,B,47
10894,2025-05-12,3,9955,B,77
10895,2025-05-12,4,6648,B,51
10896,2025-05-12,5,9059,A,69
10897,2025-05-12,6,4841,B,80
10898,2025-05-12,7,6911,C,44
10899,2025-05-12,8,9229,B,40
10900,2025-05-12,10,14066,B,62
10901,2025-05-12,11,4652,A,65
10902,2025-05-12,12,12016,B,71
10903,2025-05-12,13,10989,A,70
10904,2025-05-12,14,3703,A,78
10905,2025-05-12,15,11084,A,66
10906,2025-05-12,17,3666,A,69
10907,2025-05-12,18,17493,C,30
10908,2025-05-13,1,6795,C,46
10909,2025-05-13,2,10148,C,38
10910,2025-05-13,3,8501,C,36
10911,2025-05-13,4,7299,B,61
10912,2025-05-13,5,10096,B,45
10913,2025-05-13,6,4533,B,63
10914,2025-05-13,7,5678,B,40
10915,2025-05-13,9,9228,A,60
10916,2025-05-13,10,14144,B,54
10917,2025-05-13,12,10300,A,75
10918,2025-05-13,15,9539,A,69
10919,2025-05-13,16,4765,A,64
10920,2025-05-13,17,3318,B,47
10921,2025-05-13,18,15432,B,70
10922,2025-05-14,1,6974,A,45
10923,2025-05-14,3,9558,B,64
10924,2025-05-14,5,10630,C,61
10925,2025-05-14,6,4317,A,64
10926,2025-05-14,7,5717,C,48
10927,2025-05-14,8,9695,A,67
10928,2025-05-14,9,8354,B,62
10929,2025-05-14,10,15057,A,77
10930,2025-05-14,11,4564,B,74
10931,2025-05-14,12,12711,B,58
10932,2025-05-14,13,12287,B,49
10933,2025-05-14,14,3624,B,51
10934,2025-05-14,15,11252,B,66
10935,2025-05-14,16,5093,A,60
10936,2025-05-14,17,3795,C,33
10937,2025-05-14,18,14075,B,78
10938,2025-05-15,1,6492,A,67
10939,2025-05-15,2,11083,A,69
10940,2025-05-15,4,6865,B,60
10941,2025-05-15,5,11572,B,38
10942,2025-05-15,7,5976,B,45
10943,2025-05-15,8,7191,C,51
10944,2025-05-15,9,10445,B,62
10945,2025-05-15,10,13018,C,89
10946,2025-05-15,12,10611,A,30
10947,2025-05-15,13,11322,B,75
10948,2025-05-15,14,3307,B,49
10949,2025-05-15,17,3005,A,46
10950,2025-05-15,18,15396,B,60
10951,2025-05-16,1,6363,B,58
10952,2025-05-16,2,9771,C,43
10953,2025-05-16,3,8974,B,43
10954,2025-05-16,4,8114,B,53
10955,2025-05-16,5,9725,A,60
10956,2025-05-16,6,4167,B,53
10957,2025-05-16,7,5824,B,64
10958,2025-05-16,8,7910,C,57
10959,2025-05-16,9,9821,B,72
10960,2025-05-16,10,12808,B,59
10961,2025-05-16,11,4473,C,43
10962,2025-05-16,13,11337,A,74
10963,2025-05-16,14,3760,B,62
10964,2025-05-16,15,10403,C,41
10965,2025-05-16,18,15030,C,39
10966,2025-05-17,1,6891,A,66
10967,2025-05-17,2,11913,C,61
10968,2025-05-17,3,9086,C,58
10969,2025-05-17,4,6127,C,43
10970,2025-05-17,5,8914,A,65
10971,2025-05-17,6,3899,B,49
10972,2025-05-17,8,8301,B,33
10973,2025-05-17,9,9012,B,58
10974,2025-05-17,10,12445,A,63
10975,2025-05-17,11,5308,A,52
10976,2025-05-17,12,10053,B,62
10977,2025-05-17,13,11835,B,65
10978,2025-05-17,14,3641,C,59
10979,2025-05-17,16,4555,C,54
10980,2025-05-17,17,3513,B,54
10981,2025-05-17,18,18849,B,67
10982,2025-05-18,1,6254,A,65
10983,2025-05-18,2,10621,A,68
10984,2025-05-18,3,9202,C,38
10985,2025-05-18,4,5890,B,42
10986,2025-05-18,5,10873,C,42
10987,2025-05-18,7,5234,B,54
10988,2025-05-18,8,8230,B,70
10989,2025-05-18,9,9629,B,70
10990,2025-05-18,10,13950,B,59
10991,2025-05-18,11,5317,A,54
10992,2025-05-18,12,8678,B,47
10993,2025-05-18,13,11930,A,47
10994,2025-05-18,14,3451,A,60
10995,2025-05-18,15,8730,B,48
10996,2025-05-18,16,4907,A,76
10997,2025-05-18,17,3990,A,61
10998,2025-05-18,18,16711,B,49
10999,2025-05-19,2,10721,B,58
11000,2025-05-19,3,8936,C,30
11001,2025-05-19,4,7347,C,44
11002,2025-05-19,5,9079,A,53
11003,2025-05-19,6,4058,A,66
11004,2025-05-19,7,5645,A,51
11005,2025-05-19,10,11710,A,73
11006,2025-05-19,11,4390,C,64
11007,2025-05-19,12,11951,A,60
11008,2025-05-19,13,12485,C,46
11009,2025-05-19,14,3458,B,47
11010,2025-05-19,16,4615,B,57
11011,2025-05-19,17,4208,B,55
11012,2025-05-19,18,15477,A,60
11013,2025-05-20,1,5861,C,44
11014,2025-05-20,2,11312,C,39
11015,2025-05-20,3,9175,A,45
11016,2025-05-20,5,9850,C,58
11017,2025-05-20,6,4393,A,68
11018,2025-05-20,7,6962,A,53
11019,2025-05-20,9,9704,A,72
11020,2025-05-20,10,14257,C,68
11021,2025-05-20,11,5691,B,54
11022,2025-05-20,12,11941,B,81
11023,2025-05-20,13,10239,B,74
11024,2025-05-20,14,3311,A,76
11025,2025-05-20,15,10851,B,43
11026,2025-05-20,16,4286,B,70
11027,2025-05-20,18,15278,A,66
11028,2025-05-21,1,7344,C,46
11029,2025-05-21,2,10905,A,63
11030,2025-05-21,3,10159,B,51
11031,2025-05-21,4,6738,B,59
11032,2025-05-21,5,9996,C,61
11033,2025-05-21,6,4980,B,63
11034,2025-05-21,7,5739,C,45
11035,2025-05-21,8,8502,B,76
11036,2025-05-21,9,7359,C,77
11037,2025-05-21,11,5271,B,63
11038,2025-05-21,13,11429,B,73
11039,2025-05-21,14,3146,A,53
11040,2025-05-21,15,9658,C,62
11041,2025-05-21,17,4101,C,59
11042,2025-05-21,18,16589,A,65
11043,2025-05-22,1,7042,A,48
11044,2025-05-22,3,9731,A,66
11045,2025-05-22,4,6482,A,61
11046,2025-05-22,5,10149,B,55
11047,2025-05-22,6,4919,C,48
11048,2025-05-22,7,6816,C,43
11049,2025-05-22,8,7943,C,43
11050,2025-05-22,9,8358,A,65
11051,2025-05-22,10,14997,B,51
11052,2025-05-22,11,5367,B,49
11053,2025-05-22,12,10397,B,68
11054,2025-05-22,13,10436,B,57
11055,2025-05-22,14,3729,A,72
11056,2025-05-22,15,11570,B,61
11057,2025-05-22,16,5070,C,61
11058,2025-05-22,18,16648,A,71
11059,2025-05-23,1,6924,B,53
11060,2025-05-23,2,10951,B,56
11061,2025-05-23,4,6770,A,62
11062,2025-05-23,5,10769,C,44
11063,2025-05-23,7,6375,C,38
11064,2025-05-23,8,8525,B,69
11065,2025-05-23,9,9813,A,59
11066,2025-05-23,11,4756,C,54
11067,2025-05-23,12,10671,B,57
11068,2025-05-23,13,11364,A,86
11069,2025-05-23,14,3749,A,90
11070,2025-05-23,15,10806,C,35
11071,2025-05-23,16,5000,B,60
11072,2025-05-23,18,11825,A,60
11073,2025-05-24,1,7318,A,70
11074,2025-05-24,2,10181,B,51
11075,2025-05-24,3,8691,C,59
11076,2025-05-24,4,7798,B,49
11077,2025-05-24,5,9648,A,57
11078,2025-05-24,6,4457,C,35
11079,2025-05-24,7,5302,B,42
11080,2025-05-24,8,8285,A,76
11081,2025-05-24,9,8918,B,59
11082,2025-05-24,10,13525,B,90
11083,2025-05-24,11,5315,A,49
11084,2025-05-24,12,9776,B,52
11085,2025-05-24,15,9464,B,45
11086,2025-05-24,17,4205,A,52
11087,2025-05-24,18,16209,B,60
11088,2025-05-25,1,7689,A,72
11089,2025-05-25,2,11015,B,59
11090,2025-05-25,3,8378,A,46
11091,2025-05-25,6,5163,B,74
11092,2025-05-25,7,6514,A,78
11093,2025-05-25,8,8390,B,40
11094,2025-05-25,9,9251,B,52
11095,2025-05-25,10,14983,A,66
11096,2025-05-25,11,5519,B,48
11097,2025-05-25,12,9103,B,67
11098,2025-05-25,13,11368,B,45
11099,2025-05-25,14,3351,A,62
11100,2025-05-25,15,10231,A,71
11101,2025-05-25,16,4621,A,48
11102,2025-05-25,17,3844,B,62
11103,2025-05-25,18,15450,B,67
11104,2025-05-26,2,9726,B,64
11105,2025-05-26,3,9709,B,52
11106,2025-05-26,4,7391,A,53
11107,2025-05-26,5,10194,B,55
11108,2025-05-26,6,4675,C,42
11109,2025-05-26,7,6141,B,50
11110,2025-05-26,8,7962,B,56
11111,2025-05-26,9,8120,B,52
11112,2025-05-26,10,15270,B,51
11113,2025-05-26,11,5023,B,73
11114,2025-05-26,12,10412,A,58
11115,2025-05-26,13,10681,B,55
11116,2025-05-26,15,12228,A,66
11117,2025-05-26,16,4496,C,30
11118,2025-05-26,17,3691,B,56
11119,2025-05-26,18,13799,A,57
11120,2025-05-27,2,10798,A,87
11121,2025-05-27,3,9652,B,47
11122,2025-05-27,4,6131,A,63
11123,2025-05-27,5,10328,A,53
11124,2025-05-27,6,4370,A,45
11125,2025-05-27,7,5973,B,30
11126,2025-05-27,8,7988,A,54
11127,2025-05-27,10,13001,B,50
11128,2025-05-27,11,5874,B,49
11129,2025-05-27,13,10053,B,58
11130,2025-05-27,14,3384,A,82
11131,2025-05-27,15,9191,C,48
11132,2025-05-27,17,3893,A,57
11133,2025-05-27,18,16502,B,50
11134,2025-05-28,1,6090,B,50
11135,2025-05-28,3,10083,C,43
11136,2025-05-28,5,10286,B,56
11137,2025-05-28,6,3976,C,59
11138,2025-05-28,7,6320,B,51
11139,2025-05-28,8,8519,B,68
11140,2025-05-28,9,9967,A,46
11141,2025-05-28,10,13949,A,68
11142,2025-05-28,11,5081,A,54
11143,2025-05-28,12,10261,C,39
11144,2025-05-28,13,9499,A,59
11145,2025-05-28,14,3410,B,55
11146,2025-05-28,15,10637,B,46
11147,2025-05-28,16,5343,A,66
11148,2025-05-28,17,3771,A,48
11149,2025-05-28,18,18186,B,63
11150,2025-05-29,1,6446,C,59
11151,2025-05-29,2,10527,A,76
11152,2025-05-29,3,8584,B,51
11153,2025-05-29,4,5344,B,63
11154,2025-05-29,5,10562,B,51
11155,2025-05-29,6,4629,A,60
11156,2025-05-29,7,6434,B,39
11157,2025-05-29,9,8954,B,77
11158,2025-05-29,10,14073,C,69
11159,2025-05-29,11,5525,A,71
11160,2025-05-29,12,10779,B,49
11161,2025-05-29,13,11291,A,73
11162,2025-05-29,14,3650,A,61
11163,2025-05-29,15,9942,C,30
11164,2025-05-29,16,5518,C,41
11165,2025-05-29,17,3670,C,55
11166,2025-05-30,1,6799,B,60
11167,2025-05-30,2,10595,C,62
11168,2025-05-30,4,6466,B,55
11169,2025-05-30,5,10895,C,40
11170,2025-05-30,6,4786,B,57
11171,2025-05-30,7,6550,B,59
11172,2025-05-30,8,7929,A,80
11173,2025-05-30,9,8805,A,56
11174,2025-05-30,11,5182,A,67
11175,2025-05-30,12,11801,B,67
11176,2025-05-30,13,11018,B,47
11177,2025-05-30,14,3190,A,61
11178,2025-05-30,15,10783,A,76
11179,2025-05-30,16,5200,C,44
11180,2025-05-30,17,3298,B,52
11181,2025-05-30,18,16773,A,57
11182,2025-05-31,2,9093,B,57
11183,2025-05-31,3,7837,B,51
11184,2025-05-31,4,7443,A,63
11185,2025-05-31,7,6783,C,57
11186,2025-05-31,8,7749,B,57
11187,2025-05-31,9,9850,A,90
11188,2025-05-31,10,13460,B,53
11189,2025-05-31,11,5300,C,78
11190,2025-05-31,12,10333,B,45
11191,2025-05-31,13,10794,B,42
11192,2025-05-31,14,3163,B,57
11193,2025-05-31,15,11241,A,58
11194,2025-05-31,16,4900,C,41
11195,2025-05-31,17,3610,A,72
11196,2025-05-31,18,17641,C,41
11197,2025-06-01,1,6391,A,68
11198,2025-06-01,2,10235,B,60
11199,2025-06-01,3,8737,A,54
11200,2025-06-01,5,10576,A,69
11201,2025-06-01,6,4593,B,72
11202,2025-06-01,7,6401,A,59
11203,2025-06-01,8,8737,A,69
11204,2025-06-01,9,10543,B,50
11205,2025-06-01,10,15158,A,62
11206,2025-06-01,11,4386,A,64
11207,2025-06-01,12,10734,B,61
11208,2025-06-01,13,12618,B,65
11209,2025-06-01,14,3729,B,67
11210,2025-06-01,15,9891,A,81
11211,2025-06-01,17,3874,B,38
11212,2025-06-01,18,14392,B,51
11213,2025-06-02,1,6886,A,30
11214,2025-06-02,2,10785,C,43
11215,2025-06-02,3,9739,A,66
11216,2025-06-02,4,6791,A,68
11217,2025-06-02,5,8914,B,73
11218,2025-06-02,6,4357,C,38
11219,2025-06-02,7,5517,A,58
11220,2025-06-02,8,8306,A,57
11221,2025-06-02,10,11670,A,59
11222,2025-06-02,11,5213,C,51
11223,2025-06-02,12,11206,A,63
11224,2025-06-02,13,10626,B,52
11225,2025-06-02,14,3267,B,59
11226,2025-06-02,15,11120,B,56
11227,2025-06-02,16,4894,B,47
11228,2025-06-02,17,3654,A,69
11229,2025-06-02,18,13125,B,52
11230,2025-06-03,1,6375,B,56
11231,2025-06-03,2,10842,C,62
11232,2025-06-03,3,8683,B,52
11233,2025-06-03,5,10247,A,87
11234,2025-06-03,6,4422,C,40
11235,2025-06-03,7,5964,B,54
11236,2025-06-03,8,8881,B,64
11237,2025-06-03,9,10681,C,54
11238,2025-06-03,10,13286,B,47
11239,2025-06-03,11,4765,A,83
11240,2025-06-03,12,11059,B,64
11241,2025-06-03,13,12704,A,87
11242,2025-06-03,15,12020,A,61
11243,2025-06-03,17,3956,C,37
11244,2025-06-03,18,16226,A,46
11245,2025-06-04,1,6453,A,75
11246,2025-06-04,2,9825,C,34
11247,2025-06-04,3,9482,B,42
11248,2025-06-04,4,6533,B,37
11249,2025-06-04,5,10598,B,78
11250,2025-06-04,6,3595,C,57
11251,2025-06-04,7,7659,C,41
11252,2025-06-04,8,7725,C,30
11253,2025-06-04,9,8429,C,48
11254,2025-06-04,10,14242,B,47
11255,2025-06-04,11,4720,A,65
11256,2025-06-04,12,10069,B,65
11257,2025-06-04,13,12893,A,69
11258,2025-06-04,14,3261,C,61
11259,2025-06-04,15,10260,B,69
11260,2025-06-04,16,4899,B,67
11261,2025-06-04,18,15111,A,71
11262,2025-06-05,1,6021,B,53
11263,2025-06-05,2,11789,A,48
11264,2025-06-05,3,8883,A,65
11265,2025-06-05,4,7027,A,46
11266,2025-06-05,5,10801,C,44
11267,2025-06-05,7,6558,B,57
11268,2025-06-05,8,7142,B,53
11269,2025-06-05,9,8503,A,71
11270,2025-06-05,11,5769,C,56
11271,2025-06-05,12,10672,B,66
11272,2025-06-05,14,3303,B,51
11273,2025-06-05,15,10847,A,78
11274,2025-06-05,16,4367,B,60
11275,2025-06-05,17,3431,A,48
11276,2025-06-05,18,13721,A,70
11277,2025-06-06,1,6284,A,72
11278,2025-06-06,2,9963,B,59
11279,2025-06-06,3,9254,B,61
11280,2025-06-06,4,7338,B,71
11281,2025-06-06,5,9641,A,53
11282,2025-06-06,7,7374,A,70
11283,2025-06-06,8,7973,A,68
11284,2025-06-06,9,8234,C,45
11285,2025-06-06,10,15237,C,60
11286,2025-06-06,11,4976,C,59
11287,2025-06-06,12,11054,B,51
11288,2025-06-06,14,3815,A,55
11289,2025-06-06,15,9724,B,64
11290,2025-06-06,16,4840,A,62
11291,2025-06-06,17,3301,A,65
11292,2025-06-06,18,15320,A,74
11293,2025-06-07,1,6051,B,54
11294,2025-06-07,2,11535,A,72
11295,2025-06-07,4,6020,B,56
11296,2025-06-07,5,9668,C,58
11297,2025-06-07,6,4261,C,44
11298,2025-06-07,8,7817,B,61
11299,2025-06-07,9,9422,B,50
11300,2025-06-07,10,15067,C,65
11301,2025-06-07,11,4657,A,60
11302,2025-06-07,12,9634,B,40
11303,2025-06-07,13,11046,A,67
11304,2025-06-07,14,3644,C,65
11305,2025-06-07,15,10222,B,58
11306,2025-06-07,16,5529,A,49
11307,2025-06-07,17,3644,B,57
11308,2025-06-07,18,16313,B,56
11309,2025-06-08,1,6255,B,60
11310,2025-06-08,2,11071,A,75
11311,2025-06-08,3,9081,A,66
11312,2025-06-08,4,7080,B,59
11313,2025-06-08,6,4507,B,77
11314,2025-06-08,7,6319,B,55
11315,2025-06-08,8,8276,B,38
11316,2025-06-08,9,9228,B,65
11317,2025-06-08,10,13435,A,67
11318,2025-06-08,11,4918,A,55
11319,2025-06-08,12,11660,C,48
11320,2025-06-08,13,8753,B,66
11321,2025-06-08,14,3704,C,65
11322,2025-06-08,15,10062,A,58
11323,2025-06-08,16,5211,B,49
11324,2025-06-08,17,3535,C,41
11325,2025-06-08,18,15232,B,53
11326,2025-06-09,1,7357,C,44
11327,2025-06-09,2,10152,A,55
11328,2025-06-09,3,6862,C,63
11329,2025-06-09,4,7430,A,45
11330,2025-06-09,6,4217,B,70
11331,2025-06-09,7,6348,A,56
11332,2025-06-09,8,7904,C,59
11333,2025-06-09,9,8989,A,67
11334,2025-06-09,10,15179,A,76
11335,2025-06-09,12,11803,A,67
11336,2025-06-09,13,10092,C,57
11337,2025-06-09,14,3616,A,73
11338,2025-06-09,15,10857,B,45
11339,2025-06-09,16,4528,A,67
11340,2025-06-09,17,3789,A,74
11341,2025-06-09,18,14446,A,68
11342,2025-06-10,1,6270,B,45
11343,2025-06-10,2,12225,B,60
11344,2025-06-10,3,8885,A,58
11345,2025-06-10,4,6684,A,59
11346,2025-06-10,6,4617,A,73
11347,2025-06-10,7,6181,A,64
11348,2025-06-10,8,8822,A,48
11349,2025-06-10,9,9689,A,41
11350,2025-06-10,10,12964,B,49
11351,2025-06-10,11,5644,A,78
11352,2025-06-10,12,9978,C,44
11353,2025-06-10,13,12118,B,63
11354,2025-06-10,15,11190,B,53
11355,2025-06-10,16,4861,B,69
11356,2025-06-10,17,3478,C,67
11357,2025-06-10,18,15140,A,60
11358,2025-06-11,1,8214,A,67
11359,2025-06-11,2,9683,A,70
11360,2025-06-11,3,7843,A,87
11361,2025-06-11,4,7302,A,46
11362,2025-06-11,5,9873,C,45
11363,2025-06-11,6,4410,A,81
11364,2025-06-11,7,5337,A,76
11365,2025-06-11,8,8136,B,47
11366,2025-06-11,10,14773,A,66
11367,2025-06-11,11,4781,C,58
11368,2025-06-11,12,10754,B,46
11369,2025-06-11,14,3206,A,52
11370,2025-06-11,15,10116,C,59
11371,2025-06-11,18,15392,A,59
11372,2025-06-12,1,7053,B,69
11373,2025-06-12,2,11492,C,42
11374,2025-06-12,3,9890,B,43
11375,2025-06-12,5,10947,A,49
11376,2025-06-12,6,4151,A,59
11377,2025-06-12,7,6208,B,52
11378,2025-06-12,8,8428,C,40
11379,2025-06-12,9,7989,B,60
11380,2025-06-12,11,5277,B,60
11381,2025-06-12,13,12235,C,74
11382,2025-06-12,14,3339,B,60
11383,2025-06-12,15,11458,A,75
11384,2025-06-12,16,4865,B,52
11385,2025-06-12,17,4001,B,50
11386,2025-06-12,18,13036,C,30
11387,2025-06-13,1,6885,B,58
11388,2025-06-13,2,11562,A,63
11389,2025-06-13,3,9581,C,51
11390,2025-06-13,5,10307,A,78
11391,2025-06-13,6,4966,B,46
11392,2025-06-13,8,8433,A,65
11393,2025-06-13,9,8665,B,47
11394,2025-06-13,10,15085,A,54
11395,2025-06-13,11,5612,A,83
11396,2025-06-13,12,10128,C,36
11397,2025-06-13,13,11706,B,30
11398,2025-06-13,14,3124,B,56
11399,2025-06-13,15,11455,B,53
11400,2025-06-13,16,5296,C,53
11401,2025-06-13,17,3734,A,68
11402,2025-06-13,18,15240,A,67
11403,2025-06-14,1,6319,B,43
11404,2025-06-14,3,9357,A,70
11405,2025-06-14,4,7132,A,63
11406,2025-06-14,5,10105,A,51
11407,2025-06-14,6,4822,B,57
11408,2025-06-14,7,5902,A,48
11409,2025-06-14,8,8458,A,71
11410,2025-06-14,9,9697,C,49
11411,2025-06-14,10,13865,A,59
11412,2025-06-14,11,4860,A,50
11413,2025-06-14,12,10998,C,44
11414,2025-06-14,13,11392,C,53
11415,2025-06-14,14,3336,A,45
11416,2025-06-14,15,10897,C,71
11417,2025-06-14,18,13758,A,65
11418,2025-06-15,1,7165,C,59
11419,2025-06-15,2,11898,B,56
11420,2025-06-15,3,10118,B,60
11421,2025-06-15,4,6506,A,65
11422,2025-06-15,5,10033,A,63
11423,2025-06-15,6,4271,A,51
11424,2025-06-15,7,6403,B,62
11425,2025-06-15,8,8312,C,83
11426,2025-06-15,9,8759,B,34
11427,2025-06-15,10,13384,A,55
11428,2025-06-15,11,5278,A,66
11429,2025-06-15,14,3579,A,65
11430,2025-06-15,15,9785,B,57
11431,2025-06-15,17,3695,C,31
11432,2025-06-15,18,16229,C,58
11433,2025-06-16,1,6473,B,73
11434,2025-06-16,2,10491,A,52
11435,2025-06-16,3,8335,A,67
11436,2025-06-16,4,7014,B,65
11437,2025-06-16,5,10816,A,70
11438,2025-06-16,6,4667,B,49
11439,2025-06-16,7,6621,A,70
11440,2025-06-16,10,12068,B,83
11441,2025-06-16,12,9346,A,49
11442,2025-06-16,13,13372,B,52
11443,2025-06-16,14,3430,A,67
11444,2025-06-16,15,9706,B,73
11445,2025-06-16,16,5355,C,34
11446,2025-06-16,18,13491,A,68
11447,2025-06-17,1,6851,B,79
11448,2025-06-17,2,10952,B,63
11449,2025-06-17,3,10281,B,60
11450,2025-06-17,4,7169,C,39
11451,2025-06-17,5,10472,B,64
11452,2025-06-17,6,4681,B,60
11453,2025-06-17,7,5748,B,43
11454,2025-06-17,8,7798,A,67
11455,2025-06-17,9,9841,B,70
11456,2025-06-17,11,6054,A,62
11457,2025-06-17,12,10979,C,37
11458,2025-06-17,13,10875,B,57
11459,2025-06-17,14,3749,B,45
11460,2025-06-17,15,9543,B,66
11461,2025-06-17,16,4969,B,32
11462,2025-06-17,17,3777,B,47
11463,2025-06-17,18,16665,A,65
11464,2025-06-18,1,8175,B,54
11465,2025-06-18,2,10928,A,65
11466,2025-06-18,3,9693,A,74
11467,2025-06-18,5,12064,B,60
11468,2025-06-18,6,4719,B,54
11469,2025-06-18,8,9260,B,68
11470,2025-06-18,9,8161,C,43
11471,2025-06-18,10,12522,A,63
11472,2025-06-18,11,5442,B,60
11473,2025-06-18,12,9658,B,52
11474,2025-06-18,13,9585,C,44
11475,2025-06-18,14,3083,B,54
11476,2025-06-18,15,10981,B,65
11477,2025-06-18,16,5154,C,34
11478,2025-06-18,17,3865,A,49
11479,2025-06-18,18,14911,B,50
11480,2025-06-19,1,6733,C,38
11481,2025-06-19,3,8849,C,46
11482,2025-06-19,6,3880,B,49
11483,2025-06-19,7,5694,B,69
11484,2025-06-19,8,8170,A,51
11485,2025-06-19,9,8880,A,68
11486,2025-06-19,10,12877,A,55
11487,2025-06-19,12,11386,A,64
11488,2025-06-19,13,9496,B,30
11489,2025-06-19,14,3529,C,52
11490,2025-06-19,15,9217,B,70
11491,2025-06-19,16,4810,C,32
11492,2025-06-19,17,3468,B,53
11493,2025-06-19,18,14746,A,55
11494,2025-06-20,1,7409,A,68
11495,2025-06-20,2,11399,B,62
11496,2025-06-20,4,7028,C,40
11497,2025-06-20,6,4849,B,55
11498,2025-06-20,7,5791,A,65
11499,2025-06-20,8,7454,B,47
11500,2025-06-20,9,9339,B,51
11501,2025-06-20,10,12439,B,52
11502,2025-06-20,11,4750,A,72
11503,2025-06-20,12,10021,C,36
11504,2025-06-20,14,3054,C,40
11505,2025-06-20,15,10759,A,68
11506,2025-06-20,16,4448,A,74
11507,2025-06-20,17,3993,B,53
11508,2025-06-21,1,6403,B,55
11509,2025-06-21,4,7723,A,58
11510,2025-06-21,6,4283,A,65
11511,2025-06-21,7,5560,A,70
11512,2025-06-21,9,8682,B,69
11513,2025-06-21,10,13243,C,42
11514,2025-06-21,11,5017,B,51
11515,2025-06-21,12,10453,A,69
11516,2025-06-21,13,11368,A,83
11517,2025-06-21,14,3419,B,58
11518,2025-06-21,15,9323,A,71
11519,2025-06-21,16,5400,B,67
11520,2025-06-21,17,4374,B,50
11521,2025-06-21,18,14348,A,76
11522,2025-06-22,1,6766,A,69
11523,2025-06-22,2,9208,A,80
11524,2025-06-22,3,8425,C,43
11525,2025-06-22,4,7162,A,55
11526,2025-06-22,5,9496,B,64
11527,2025-06-22,7,5752,A,68
11528,2025-06-22,9,9670,B,52
11529,2025-06-22,10,13718,B,71
11530,2025-06-22,12,11753,C,41
11531,2025-06-22,13,11578,C,54
11532,2025-06-22,14,3594,B,44
11533,2025-06-22,15,10878,A,84
11534,2025-06-22,16,5284,C,44
11535,2025-06-22,17,3456,C,33
11536,2025-06-22,18,15760,A,70
11537,2025-06-23,1,7746,B,61
11538,2025-06-23,2,11822,B,40
11539,2025-06-23,4,7446,A,64
11540,2025-06-23,5,10197,B,33
11541,2025-06-23,6,5435,C,39
11542,2025-06-23,7,6903,B,54
11543,2025-06-23,8,8771,B,60
11544,2025-06-23,9,8686,B,54
11545,2025-06-23,10,14050,A,67
11546,2025-06-23,11,5854,A,76
11547,2025-06-23,12,11011,A,53
11548,2025-06-23,13,9776,A,70
11549,2025-06-23,14,3335,B,60
11550,2025-06-23,15,10220,A,77
11551,2025-06-23,16,4795,C,57
11552,2025-06-23,18,14513,C,48
11553,2025-06-24,1,6445,C,47
11554,2025-06-24,3,8638,C,57
11555,2025-06-24,4,6783,B,59
11556,2025-06-24,5,10318,A,75
11557,2025-06-24,6,4596,B,54
11558,2025-06-24,7,5745,B,84
11559,2025-06-24,8,9800,A,74
11560,2025-06-24,9,10125,B,55
11561,2025-06-24,10,13088,C,54
11562,2025-06-24,11,4567,C,55
11563,2025-06-24,12,9675,B,53
11564,2025-06-24,13,10723,A,76
11565,2025-06-24,14,3543,A,61
11566,2025-06-24,16,4996,A,76
11567,2025-06-24,17,3742,B,55
11568,2025-06-24,18,14729,A,65
11569,2025-06-25,1,7769,B,59
11570,2025-06-25,2,11589,C,55
11571,2025-06-25,3,8258,A,51
11572,2025-06-25,4,7329,A,51
11573,2025-06-25,5,12589,A,62
11574,2025-06-25,6,4349,B,56
11575,2025-06-25,7,6262,B,60
11576,2025-06-25,8,7804,A,71
11577,2025-06-25,9,9008,B,50
11578,2025-06-25,10,14925,B,47
11579,2025-06-25,11,5118,A,58
11580,2025-06-25,12,9730,B,51
11581,2025-06-25,13,11141,C,35
11582,2025-06-25,14,3132,C,63
11583,2025-06-25,15,11138,A,53
11584,2025-06-25,16,5374,A,64
11585,2025-06-25,17,3948,C,50
11586,2025-06-25,18,15916,B,61
11587,2025-06-26,2,11670,A,65
11588,2025-06-26,3,9903,B,35
11589,2025-06-26,4,7068,A,69
11590,2025-06-26,5,10056,A,60
11591,2025-06-26,6,3696,C,44
11592,2025-06-26,7,5950,B,30
11593,2025-06-26,10,13520,B,60
11594,2025-06-26,11,5056,B,52
11595,2025-06-26,12,10082,A,57
11596,2025-06-26,13,11601,C,53
11597,2025-06-26,14,2941,A,63
11598,2025-06-26,15,11378,A,62
11599,2025-06-26,16,5220,A,83
11600,2025-06-26,17,3663,A,75
11601,2025-06-26,18,14012,C,50
11602,2025-06-27,1,6480,B,56
11603,2025-06-27,2,9771,C,54
11604,2025-06-27,3,8833,B,46
11605,2025-06-27,4,6388,C,31
11606,2025-06-27,5,9283,B,38
11607,2025-06-27,6,4987,B,57
11608,2025-06-27,7,6784,B,55
11609,2025-06-27,8,7158,B,49
11610,2025-06-27,9,9643,A,69
11611,2025-06-27,10,12883,B,52
11612,2025-06-27,11,5015,A,54
11613,2025-06-27,12,10924,A,67
11614,2025-06-27,14,3544,B,76
11615,2025-06-27,15,11399,B,35
11616,2025-06-27,16,4317,B,57
11617,2025-06-27,17,3379,A,55
11618,2025-06-27,18,13857,C,59
11619,2025-06-28,1,7128,C,46
11620,2025-06-28,2,10353,C,50
11621,2025-06-28,3,9274,A,66
11622,2025-06-28,4,7090,B,57
11623,2025-06-28,5,10429,C,43
11624,2025-06-28,7,6849,B,52
11625,2025-06-28,8,8630,A,74
11626,2025-06-28,9,8643,B,59
11627,2025-06-28,10,13998,B,55
11628,2025-06-28,12,10894,B,58
11629,2025-06-28,13,10464,C,48
11630,2025-06-28,15,10323,A,68
11631,2025-06-28,16,4984,B,50
11632,2025-06-28,17,3658,A,59
11633,2025-06-28,18,15722,A,68
11634,2025-06-29,1,7313,B,39
11635,2025-06-29,2,9758,C,64
11636,2025-06-29,3,8608,A,68
11637,2025-06-29,4,6365,B,37
11638,2025-06-29,5,8512,A,53
11639,2025-06-29,6,4128,C,64
11640,2025-06-29,7,6628,A,68
11641,2025-06-29,8,7738,B,49
11642,2025-06-29,9,7605,A,70
11643,2025-06-29,11,5016,A,67
11644,2025-06-29,12,9876,B,51
11645,2025-06-29,13,10695,B,78
11646,2025-06-29,14,3123,A,49
11647,2025-06-29,15,9260,A,45
11648,2025-06-29,16,4823,A,45
11649,2025-06-29,17,3867,A,68
11650,2025-06-29,18,15383,C,69
11651,2025-06-30,1,7123,A,49
11652,2025-06-30,2,10521,A,71
11653,2025-06-30,3,7706,B,55
11654,2025-06-30,4,6564,B,47
11655,2025-06-30,5,10131,A,68
11656,2025-06-30,6,4369,A,59
11657,2025-06-30,8,7912,B,57
11658,2025-06-30,9,9363,B,38
11659,2025-06-30,10,14118,B,61
11660,2025-06-30,11,5417,B,33
11661,2025-06-30,12,9601,A,63
11662,2025-06-30,13,12514,C,61
11663,2025-06-30,14,3725,A,66
11664,2025-06-30,16,5324,B,58
11665,2025-06-30,17,3570,B,40
11666,2025-06-30,18,15624,B,86
11667,2025-07-01,1,5933,B,53
11668,2025-07-01,3,9215,A,68
11669,2025-07-01,4,7019,A,64
11670,2025-07-01,5,10219,B,33
11671,2025-07-01,6,4997,B,47
11672,2025-07-01,7,6084,C,71
11673,2025-07-01,8,7594,C,38
11674,2025-07-01,10,13350,A,61
11675,2025-07-01,12,10829,A,60
11676,2025-07-01,13,11634,A,67
11677,2025-07-01,15,8502,B,82
11678,2025-07-01,16,5292,A,69
11679,2025-07-01,17,3869,A,58
11680,2025-07-01,18,15820,B,59
11681,2025-07-02,2,11373,C,51
11682,2025-07-02,3,7640,A,69
11683,2025-07-02,4,7078,C,43
11684,2025-07-02,5,10855,A,67
11685,2025-07-02,7,5608,A,65
11686,2025-07-02,8,8816,A,72
11687,2025-07-02,9,9505,B,64
11688,2025-07-02,10,12069,C,71
11689,2025-07-02,11,5233,C,57
11690,2025-07-02,13,11970,C,57
11691,2025-07-02,14,3030,A,72
11692,2025-07-02,16,5405,B,59
11693,2025-07-03,1,6651,A,45
11694,2025-07-03,2,11827,A,90
11695,2025-07-03,3,8970,C,60
11696,2025-07-03,5,11001,C,54
11697,2025-07-03,6,4431,A,68
11698,2025-07-03,7,7163,B,46
11699,2025-07-03,8,8999,B,35
11700,2025-07-03,9,8935,A,67
11701,2025-07-03,10,13508,B,56
11702,2025-07-03,11,3834,B,74
11703,2025-07-03,12,12418,B,59
11704,2025-07-03,13,10590,C,43
11705,2025-07-03,14,3086,A,65
11706,2025-07-03,16,4452,B,54
11707,2025-07-03,17,3761,B,57
11708,2025-07-03,18,16166,A,65
11709,2025-07-04,1,6745,B,77
11710,2025-07-04,2,11900,A,72
11711,2025-07-04,3,8033,B,49
11712,2025-07-04,4,7497,A,87
11713,2025-07-04,6,4599,A,65
11714,2025-07-04,7,5822,B,56
11715,2025-07-04,9,8787,A,61
11716,2025-07-04,11,5184,B,51
11717,2025-07-04,12,10621,C,49
11718,2025-07-04,13,8715,B,66
11719,2025-07-04,14,3397,A,81
11720,2025-07-04,15,9749,B,45
11721,2025-07-04,16,4582,A,73
11722,2025-07-04,18,15536,B,56
11723,2025-07-05,1,7122,C,42
11724,2025-07-05,3,10454,C,63
11725,2025-07-05,4,7230,C,42
11726,2025-07-05,5,10083,B,61
11727,2025-07-05,6,4272,A,70
11728,2025-07-05,7,6528,B,49
11729,2025-07-05,8,7752,A,71
11730,2025-07-05,9,10562,A,35
11731,2025-07-05,10,13323,C,39
11732,2025-07-05,11,4392,B,63
11733,2025-07-05,12,12127,B,48
11734,2025-07-05,13,10933,A,73
11735,2025-07-05,14,3283,B,57
11736,2025-07-05,15,10059,B,37
11737,2025-07-05,16,5325,B,64
11738,2025-07-05,17,3935,B,52
11739,2025-07-05,18,12940,B,51
11740,2025-07-06,1,6881,B,86
11741,2025-07-06,2,10526,B,54
11742,2025-07-06,3,9678,A,64
11743,2025-07-06,4,6524,A,78
11744,2025-07-06,5,9580,B,61
11745,2025-07-06,7,6724,B,60
11746,2025-07-06,8,9387,A,81
11747,2025-07-06,9,8028,A,45
11748,2025-07-06,11,5325,B,57
11749,2025-07-06,12,9598,A,68
11750,2025-07-06,13,10620,B,62
11751,2025-07-06,15,10608,B,57
11752,2025-07-06,16,4658,B,57
11753,2025-07-06,18,13260,B,47
11754,2025-07-07,2,9263,A,50
11755,2025-07-07,3,9096,A,66
11756,2025-07-07,5,9285,B,49
11757,2025-07-07,7,5924,A,49
11758,2025-07-07,9,9634,B,63
11759,2025-07-07,10,12813,A,69
11760,2025-07-07,11,5660,A,69
11761,2025-07-07,12,9257,C,63
11762,2025-07-07,13,11730,C,64
11763,2025-07-07,15,9958,B,66
11764,2025-07-07,16,4294,B,49
11765,2025-07-07,17,3408,C,33
11766,2025-07-08,1,6991,A,60
11767,2025-07-08,2,10015,B,55
11768,2025-07-08,3,9932,A,68
11769,2025-07-08,4,6834,A,52
11770,2025-07-08,6,4836,B,59
11771,2025-07-08,7,6714,C,59
11772,2025-07-08,8,6888,B,57
11773,2025-07-08,9,8682,A,87
11774,2025-07-08,10,15349,B,58
11775,2025-07-08,11,4688,B,63
11776,2025-07-08,13,14410,C,43
11777,2025-07-08,14,3163,B,57
11778,2025-07-08,15,9290,A,67
11779,2025-07-08,16,5097,B,55
11780,2025-07-08,17,3611,B,42
11781,2025-07-08,18,15416,A,67
11782,2025-07-09,1,7116,A,38
11783,2025-07-09,2,11531,C,71
11784,2025-07-09,3,8409,B,42
11785,2025-07-09,4,6667,A,65
11786,2025-07-09,7,6578,B,55
11787,2025-07-09,8,8633,B,69
11788,2025-07-09,11,4957,B,68
11789,2025-07-09,12,11597,A,66
11790,2025-07-09,13,12046,B,66
11791,2025-07-09,14,3446,A,64
11792,2025-07-09,15,10163,B,60
11793,2025-07-09,16,4675,B,64
11794,2025-07-09,17,3545,B,82
11795,2025-07-09,18,16588,C,38
11796,2025-07-10,1,7089,C,57
11797,2025-07-10,3,9412,B,52
11798,2025-07-10,4,6977,A,74
11799,2025-07-10,5,9867,B,53
11800,2025-07-10,6,4665,B,66
11801,2025-07-10,7,7056,B,56
11802,2025-07-10,8,7592,B,61
11803,2025-07-10,9,8869,A,77
11804,2025-07-10,11,4820,B,51
11805,2025-07-10,12,12078,B,47
11806,2025-07-10,13,13909,C,74
11807,2025-07-10,14,3391,A,66
11808,2025-07-10,15,9472,B,38
11809,2025-07-10,16,5589,B,49
11810,2025-07-10,17,3453,B,64
11811,2025-07-11,1,7372,A,53
11812,2025-07-11,2,9648,B,45
11813,2025-07-11,3,9164,C,35
11814,2025-07-11,4,6713,A,44
11815,2025-07-11,7,5966,B,83
11816,2025-07-11,8,8987,C,54
11817,2025-07-11,9,8515,A,62
11818,2025-07-11,10,14489,A,51
11819,2025-07-11,12,9927,B,70
11820,2025-07-11,13,11930,B,63
11821,2025-07-11,14,3257,A,52
11822,2025-07-11,15,9985,B,59
11823,2025-07-11,16,5005,B,43
11824,2025-07-11,17,4230,A,76
11825,2025-07-11,18,15344,A,62
11826,2025-07-12,1,7238,C,43
11827,2025-07-12,2,10198,C,64
11828,2025-07-12,3,9211,A,67
11829,2025-07-12,4,5804,B,52
11830,2025-07-12,5,10655,C,54
11831,2025-07-12,6,4754,A,76
11832,2025-07-12,7,5561,B,54
11833,2025-07-12,8,8074,B,52
11834,2025-07-12,9,9516,B,62
11835,2025-07-12,11,5101,A,62
11836,2025-07-12,12,10200,B,54
11837,2025-07-12,13,10836,B,36
11838,2025-07-12,14,3448,B,46
11839,2025-07-12,15,11302,C,40
11840,2025-07-12,16,4952,A,52
11841,2025-07-12,17,4331,A,68
11842,2025-07-12,18,14857,B,54
11843,2025-07-13,1,7034,A,61
11844,2025-07-13,3,9938,B,55
11845,2025-07-13,5,11677,A,36
11846,2025-07-13,6,4455,A,65
11847,2025-07-13,7,5948,B,35
11848,2025-07-13,10,15294,B,61
11849,2025-07-13,11,5763,B,52
11850,2025-07-13,12,9600,A,69
11851,2025-07-13,13,11729,A,78
11852,2025-07-13,14,3675,B,56
11853,2025-07-13,15,9985,C,41
11854,2025-07-13,16,4745,B,57
11855,2025-07-13,17,3586,B,63
11856,2025-07-13,18,18457,A,84
11857,2025-07-14,2,10945,A,49
11858,2025-07-14,3,9549,B,63
11859,2025-07-14,4,6745,C,61
11860,2025-07-14,5,9143,A,67
11861,2025-07-14,6,4100,A,64
11862,2025-07-14,7,6303,A,70
11863,2025-07-14,8,9262,A,61
11864,2025-07-14,9,9442,A,69
11865,2025-07-14,10,14019,B,40
11866,2025-07-14,11,5231,B,58
11867,2025-07-14,12,9055,B,56
11868,2025-07-14,13,13037,A,47
11869,2025-07-14,14,3500,C,30
11870,2025-07-14,15,11652,A,46
11871,2025-07-14,16,5511,A,74
11872,2025-07-14,17,3717,B,54
11873,2025-07-14,18,15728,C,40
11874,2025-07-15,1,5883,A,49
11875,2025-07-15,2,10012,B,45
11876,2025-07-15,4,7264,B,71
11877,2025-07-15,5,8693,B,43
11878,2025-07-15,6,4343,A,66
11879,2025-07-15,7,6228,B,70
11880,2025-07-15,9,9175,B,57
11881,2025-07-15,10,14794,B,63
11882,2025-07-15,11,5161,A,62
11883,2025-07-15,12,11199,B,62
11884,2025-07-15,13,13081,B,63
11885,2025-07-15,15,11375,A,71
11886,2025-07-15,17,3635,B,63
11887,2025-07-15,18,14756,B,85
11888,2025-07-16,1,7018,A,56
11889,2025-07-16,2,11068,A,75
11890,2025-07-16,3,7826,A,75
11891,2025-07-16,4,6528,B,64
11892,2025-07-16,5,10104,B,57
11893,2025-07-16,7,6004,C,34
11894,2025-07-16,8,7951,B,53
11895,2025-07-16,9,8382,A,66
11896,2025-07-16,10,11863,B,48
11897,2025-07-16,11,5091,A,73
11898,2025-07-16,13,10886,A,69
11899,2025-07-16,14,3645,A,53
11900,2025-07-16,16,4729,B,61
11901,2025-07-16,18,13379,A,75
11902,2025-07-17,1,6898,B,51
11903,2025-07-17,2,10299,B,62
11904,2025-07-17,3,8327,B,44
11905,2025-07-17,4,7843,A,80
11906,2025-07-17,5,10219,A,60
11907,2025-07-17,7,5252,C,50
11908,2025-07-17,9,9476,A,58
11909,2025-07-17,10,14494,B,52
11910,2025-07-17,11,5394,A,67
11911,2025-07-17,12,10599,A,68
11912,2025-07-17,13,11642,A,71
11913,2025-07-17,14,3132,C,68
11914,2025-07-17,15,9299,C,62
11915,2025-07-17,16,4578,C,55
11916,2025-07-17,17,4075,B,68
11917,2025-07-17,18,17850,A,69
11918,2025-07-18,1,6932,A,83
11919,2025-07-18,2,10693,B,42
11920,2025-07-18,3,8931,A,67
11921,2025-07-18,4,5857,C,60
11922,2025-07-18,5,10385,B,58
11923,2025-07-18,6,4422,B,55
11924,2025-07-18,7,6432,A,63
11925,2025-07-18,8,9352,A,47
11926,2025-07-18,9,10670,B,61
11927,2025-07-18,10,13741,A,70
11928,2025-07-18,11,4359,C,50
11929,2025-07-18,12,9404,C,38
11930,2025-07-18,13,10106,B,36
11931,2025-07-18,15,10163,A,48
11932,2025-07-18,16,4860,B,55
11933,2025-07-18,17,3165,B,60
11934,2025-07-18,18,15215,A,75
11935,2025-07-19,1,6092,B,52
11936,2025-07-19,2,11173,C,42
11937,2025-07-19,3,9087,A,59
11938,2025-07-19,4,7639,B,61
11939,2025-07-19,5,9842,A,72
11940,2025-07-19,6,4054,A,74
11941,2025-07-19,9,8823,A,57
11942,2025-07-19,10,14686,A,67
11943,2025-07-19,11,5098,C,44
11944,2025-07-19,13,12164,C,59
11945,2025-07-19,14,3338,B,58
11946,2025-07-19,15,11148,B,53
11947,2025-07-19,16,4507,A,76
11948,2025-07-19,17,3831,C,56
11949,2025-07-19,18,16334,B,63
11950,2025-07-20,1,6198,B,63
11951,2025-07-20,2,10711,A,54
11952,2025-07-20,3,8204,C,56
11953,2025-07-20,4,6790,B,62
11954,2025-07-20,5,10042,B,57
11955,2025-07-20,8,7932,A,69
11956,2025-07-20,9,8826,B,61
11957,2025-07-20,10,14755,A,71
11958,2025-07-20,11,5035,A,78
11959,2025-07-20,12,10164,B,66
11960,2025-07-20,13,12829,A,59
11961,2025-07-20,14,3057,A,77
11962,2025-07-20,15,9806,B,42
11963,2025-07-20,17,3304,A,64
11964,2025-07-20,18,16472,C,38
11965,2025-07-21,1,7357,B,60
11966,2025-07-21,2,10331,A,67
11967,2025-07-21,3,10760,A,55
11968,2025-07-21,4,7389,B,56
11969,2025-07-21,5,10506,B,63
11970,2025-07-21,6,4529,A,66
11971,2025-07-21,7,6501,B,58
11972,2025-07-21,8,8647,B,54
11973,2025-07-21,9,8692,A,70
11974,2025-07-21,10,13821,B,58
11975,2025-07-21,11,5357,B,39
11976,2025-07-21,13,11447,A,75
11977,2025-07-21,14,3279,A,66
11978,2025-07-21,15,10947,A,74
11979,2025-07-21,17,4209,B,52
11980,2025-07-22,1,6764,B,62
11981,2025-07-22,2,10611,B,65
11982,2025-07-22,4,6958,B,68
11983,2025-07-22,5,11055,B,57
11984,2025-07-22,6,4555,C,75
11985,2025-07-22,7,6483,B,47
11986,2025-07-22,8,7943,B,53
11987,2025-07-22,9,8744,C,43
11988,2025-07-22,10,13088,B,69
11989,2025-07-22,11,4987,B,53
11990,2025-07-22,12,9358,B,49
11991,2025-07-22,13,10802,B,64
11992,2025-07-22,14,2830,A,70
11993,2025-07-22,15,11193,A,84
11994,2025-07-22,16,4834,B,69
11995,2025-07-22,17,3820,B,64
11996,2025-07-22,18,16245,B,40
11997,2025-07-23,1,7155,B,63
11998,2025-07-23,2,10629,A,72
11999,2025-07-23,3,9454,A,74
12000,2025-07-23,5,8610,B,65
12001,2025-07-23,6,4818,A,67
12002,2025-07-23,7,6396,B,30
12003,2025-07-23,8,8430,A,48
12004,2025-07-23,10,14607,B,51
12005,2025-07-23,11,4642,A,66
12006,2025-07-23,13,11740,A,75
12007,2025-07-23,14,3912,A,62
12008,2025-07-23,15,9574,A,65
12009,2025-07-23,16,5128,C,68
12010,2025-07-23,17,3447,A,50
12011,2025-07-23,18,14671,A,52
12012,2025-07-24,1,6800,B,69
12013,2025-07-24,4,6700,A,67
12014,2025-07-24,5,9905,A,75
12015,2025-07-24,6,4854,A,69
12016,2025-07-24,7,6661,A,83
12017,2025-07-24,8,7294,A,69
12018,2025-07-24,9,9395,C,63
12019,2025-07-24,12,10837,C,41
12020,2025-07-24,13,11792,A,64
12021,2025-07-24,14,3139,B,38
12022,2025-07-24,15,9654,B,67
12023,2025-07-24,16,5023,A,46
12024,2025-07-24,17,3619,B,54
12025,2025-07-24,18,14195,A,57
12026,2025-07-25,1,6801,B,61
12027,2025-07-25,4,6306,A,69
12028,2025-07-25,5,10381,C,60
12029,2025-07-25,6,4275,C,53
12030,2025-07-25,7,6395,A,46
12031,2025-07-25,8,9803,A,58
12032,2025-07-25,9,8484,A,75
12033,2025-07-25,10,12789,A,54
12034,2025-07-25,12,10867,B,90
12035,2025-07-25,13,11485,A,57
12036,2025-07-25,14,3824,B,60
12037,2025-07-25,18,16852,C,47
12038,2025-07-26,2,12074,B,75
12039,2025-07-26,3,8333,B,53
12040,2025-07-26,4,7700,B,63
12041,2025-07-26,5,9456,B,67
12042,2025-07-26,6,4267,A,76
12043,2025-07-26,7,6044,B,60
12044,2025-07-26,8,7430,B,62
12045,2025-07-26,9,7928,A,78
12046,2025-07-26,10,12737,B,58
12047,2025-07-26,11,4283,C,58
12048,2025-07-26,12,10721,B,74
12049,2025-07-26,13,11574,B,60
12050,2025-07-26,14,3403,B,63
12051,2025-07-26,15,10330,C,39
12052,2025-07-26,16,5147,B,63
12053,2025-07-26,17,3845,C,53
12054,2025-07-26,18,15221,A,69
12055,2025-07-27,1,6505,C,59
12056,2025-07-27,2,11185,A,74
12057,2025-07-27,3,9076,B,60
12058,2025-07-27,4,6851,B,64
12059,2025-07-27,6,4115,A,66
12060,2025-07-27,7,5804,B,56
12061,2025-07-27,8,8114,A,62
12062,2025-07-27,9,9648,A,43
12063,2025-07-27,10,12124,C,43
12064,2025-07-27,11,5358,A,47
12065,2025-07-27,12,11009,A,65
12066,2025-07-27,13,11252,A,76
12067,2025-07-27,14,3546,B,45
12068,2025-07-27,15,9646,A,48
12069,2025-07-27,16,4542,A,58
12070,2025-07-27,17,3998,B,50
12071,2025-07-27,18,16055,A,55
12072,2025-07-28,1,6837,B,56
12073,2025-07-28,2,10452,B,62
12074,2025-07-28,4,7037,A,46
12075,2025-07-28,5,9687,A,74
12076,2025-07-28,6,4739,B,60
12077,2025-07-28,7,6076,B,69
12078,2025-07-28,8,8306,B,54
12079,2025-07-28,10,13188,A,55
12080,2025-07-28,11,5298,B,60
12081,2025-07-28,12,9632,B,59
12082,2025-07-28,13,12320,C,42
12083,2025-07-28,14,3260,A,56
12084,2025-07-28,16,4880,B,52
12085,2025-07-28,17,3351,A,78
12086,2025-07-28,18,15923,B,63
12087,2025-07-29,2,11302,A,86
12088,2025-07-29,3,8124,B,51
12089,2025-07-29,4,7597,A,51
12090,2025-07-29,5,10172,A,53
12091,2025-07-29,6,5008,A,71
12092,2025-07-29,7,6355,A,59
12093,2025-07-29,8,9602,C,44
12094,2025-07-29,9,8853,B,40
12095,2025-07-29,10,14962,A,75
12096,2025-07-29,11,5252,B,44
12097,2025-07-29,12,10757,A,51
12098,2025-07-29,14,3449,A,30
12099,2025-07-29,16,5144,B,71
12100,2025-07-29,17,4233,B,47
12101,2025-07-29,18,16203,B,58
12102,2025-07-30,1,6549,C,57
12103,2025-07-30,2,10419,A,65
12104,2025-07-30,3,9261,A,52
12105,2025-07-30,4,6343,B,68
12106,2025-07-30,5,10660,A,70
12107,2025-07-30,6,4375,A,89
12108,2025-07-30,7,6042,B,60
12109,2025-07-30,8,7445,A,46
12110,2025-07-30,9,10168,A,51
12111,2025-07-30,10,13945,B,45
12112,2025-07-30,11,5591,B,49
12113,2025-07-30,12,10686,C,42
12114,2025-07-30,13,10514,C,50
12115,2025-07-30,14,3570,B,54
12116,2025-07-30,15,8928,A,51
12117,2025-07-30,16,5070,C,51
12118,2025-07-30,17,4164,B,63
12119,2025-07-30,18,13496,B,60
12120,2025-07-31,1,6617,A,61
12121,2025-07-31,2,11710,A,71
12122,2025-07-31,3,8908,C,58
12123,2025-07-31,4,7243,A,75
12124,2025-07-31,5,9723,B,61
12125,2025-07-31,7,6355,C,30
12126,2025-07-31,8,9650,A,72
12127,2025-07-31,11,4794,B,67
12128,2025-07-31,12,10786,B,57
12129,2025-07-31,13,10488,B,48
12130,2025-07-31,14,3573,B,53
12131,2025-07-31,15,10831,A,59
12132,2025-07-31,16,4625,B,63
12133,2025-07-31,17,3432,B,47
12134,2025-07-31,18,14694,B,47
12135,2025-08-01,1,6906,C,63
12136,2025-08-01,2,11022,B,59
12137,2025-08-01,3,7643,C,68
12138,2025-08-01,4,6588,C,35
12139,2025-08-01,6,5015,A,48
12140,2025-08-01,7,6417,B,48
12141,2025-08-01,8,8832,B,49
12142,2025-08-01,10,14634,C,43
12143,2025-08-01,11,4483,B,53
12144,2025-08-01,12,10651,B,48
12145,2025-08-01,13,11179,B,70
12146,2025-08-01,14,3603,A,75
12147,2025-08-01,15,9815,B,48
12148,2025-08-01,16,5357,A,72
12149,2025-08-01,17,3711,C,59
12150,2025-08-01,18,15016,C,44
12151,2025-08-02,1,6525,A,60
12152,2025-08-02,2,10613,B,49
12153,2025-08-02,3,8399,C,42
12154,2025-08-02,4,6841,B,51
12155,2025-08-02,5,9856,A,65
12156,2025-08-02,6,4670,B,90
12157,2025-08-02,7,6612,A,67
12158,2025-08-02,8,8606,B,53
12159,2025-08-02,9,9296,B,54
12160,2025-08-02,10,12833,A,90
12161,2025-08-02,11,5035,A,69
12162,2025-08-02,12,9511,A,48
12163,2025-08-02,13,12084,A,47
12164,2025-08-02,14,3293,C,51
12165,2025-08-02,15,7933,C,84
12166,2025-08-02,16,4923,B,54
12167,2025-08-02,17,4195,B,61
12168,2025-08-02,18,14391,B,56
12169,2025-08-03,1,7467,B,55
12170,2025-08-03,2,11088,C,47
12171,2025-08-03,3,8722,B,64
12172,2025-08-03,5,11047,B,61
12173,2025-08-03,6,4645,B,63
12174,2025-08-03,7,6835,A,66
12175,2025-08-03,8,7672,C,44
12176,2025-08-03,10,13854,A,64
12177,2025-08-03,11,4922,C,56
12178,2025-08-03,12,9474,C,41
12179,2025-08-03,13,11546,B,63
12180,2025-08-03,14,3263,B,55
12181,2025-08-03,15,10187,B,42
12182,2025-08-03,16,5180,C,36
12183,2025-08-03,17,4054,C,36
12184,2025-08-03,18,15945,B,46
12185,2025-08-04,1,6299,C,57
12186,2025-08-04,2,9360,A,60
12187,2025-08-04,4,6084,A,47
12188,2025-08-04,5,9931,A,63
12189,2025-08-04,6,4060,B,60
12190,2025-08-04,7,6238,B,47
12191,2025-08-04,8,8709,C,43
12192,2025-08-04,9,7954,B,48
12193,2025-08-04,11,4722,C,42
12194,2025-08-04,12,8714,A,61
12195,2025-08-04,13,10824,B,52
12196,2025-08-04,14,2960,A,57
12197,2025-08-04,15,9601,A,69
12198,2025-08-04,16,5487,A,53
12199,2025-08-04,17,3591,C,41
12200,2025-08-04,18,16880,A,75
12201,2025-08-05,1,6684,A,51
12202,2025-08-05,2,9740,B,55
12203,2025-08-05,3,9422,B,54
12204,2025-08-05,4,6483,C,48
12205,2025-08-05,5,9515,C,61
12206,2025-08-05,6,4732,B,57
12207,2025-08-05,7,5550,A,39
12208,2025-08-05,8,7846,B,49
12209,2025-08-05,10,14606,B,59
12210,2025-08-05,11,5031,A,72
12211,2025-08-05,12,11283,B,53
12212,2025-08-05,13,11650,C,30
12213,2025-08-05,15,11585,A,55
12214,2025-08-05,16,5326,B,60
12215,2025-08-05,17,3930,B,47
12216,2025-08-05,18,17075,C,41
12217,2025-08-06,1,6546,A,62
12218,2025-08-06,2,9683,A,37
12219,2025-08-06,4,7661,A,64
12220,2025-08-06,5,10962,B,62
12221,2025-08-06,6,4154,C,73
12222,2025-08-06,7,6028,C,60
12223,2025-08-06,8,9172,B,78
12224,2025-08-06,9,9523,B,58
12225,2025-08-06,10,12014,B,61
12226,2025-08-06,11,4815,B,42
12227,2025-08-06,12,11291,B,64
12228,2025-08-06,13,11109,B,64
12229,2025-08-06,14,3687,B,67
12230,2025-08-06,15,9728,A,64
12231,2025-08-06,16,5327,A,70
12232,2025-08-06,17,4575,B,42
12233,2025-08-07,1,7570,B,55
12234,2025-08-07,2,10827,B,46
12235,2025-08-07,3,9371,C,56
12236,2025-08-07,4,7404,B,77
12237,2025-08-07,5,9936,B,56
12238,2025-08-07,6,4081,B,89
12239,2025-08-07,7,6221,C,30
12240,2025-08-07,8,7681,B,66
12241,2025-08-07,9,7601,C,53
12242,2025-08-07,10,12814,B,50
12243,2025-08-07,11,4319,B,51
12244,2025-08-07,12,11305,B,63
12245,2025-08-07,14,3832,C,34
12246,2025-08-07,17,3721,C,59
12247,2025-08-07,18,15776,B,62
12248,2025-08-08,1,6892,B,60
12249,2025-08-08,2,12189,A,54
12250,2025-08-08,3,7903,A,67
12251,2025-08-08,4,6879,C,34
12252,2025-08-08,5,9789,B,55
12253,2025-08-08,6,4363,B,50
12254,2025-08-08,7,5289,C,44
12255,2025-08-08,8,8253,B,52
12256,2025-08-08,9,9681,A,65
12257,2025-08-08,10,11947,B,52
12258,2025-08-08,11,4884,A,56
12259,2025-08-08,13,11715,C,35
12260,2025-08-08,14,3476,A,72
12261,2025-08-08,15,10621,B,60
12262,2025-08-08,17,3503,B,61
12263,2025-08-09,1,7345,A,70
12264,2025-08-09,2,12616,B,67
12265,2025-08-09,3,9801,A,67
12266,2025-08-09,5,10328,A,79
12267,2025-08-09,6,4278,B,57
12268,2025-08-09,7,6888,A,79
12269,2025-08-09,8,7958,B,71
12270,2025-08-09,9,9738,A,69
12271,2025-08-09,10,13463,B,56
12272,2025-08-09,11,4603,A,70
12273,2025-08-09,12,8783,A,90
12274,2025-08-09,13,11123,A,50
12275,2025-08-09,14,3185,B,58
12276,2025-08-09,15,9667,A,44
12277,2025-08-09,18,16182,B,52
12278,2025-08-10,1,5979,B,49
12279,2025-08-10,2,11251,A,58
12280,2025-08-10,3,8680,C,44
12281,2025-08-10,4,6751,B,64
12282,2025-08-10,5,10835,C,64
12283,2025-08-10,6,4408,B,54
12284,2025-08-10,7,6270,C,75
12285,2025-08-10,8,7670,C,56
12286,2025-08-10,11,5157,C,52
12287,2025-08-10,12,9720,A,68
12288,2025-08-10,13,11622,C,36
12289,2025-08-10,14,2932,A,74
12290,2025-08-10,15,9570,C,54
12291,2025-08-10,16,4416,C,60
12292,2025-08-10,17,3763,A,59
12293,2025-08-10,18,14333,A,66
12294,2025-08-11,1,6930,A,65
12295,2025-08-11,2,11134,B,57
12296,2025-08-11,3,8952,B,36
12297,2025-08-11,4,7664,A,67
12298,2025-08-11,6,3971,B,67
12299,2025-08-11,8,8822,A,74
12300,2025-08-11,9,10012,A,55
12301,2025-08-11,10,13193,B,53
12302,2025-08-11,12,10734,C,43
12303,2025-08-11,13,12611,A,67
12304,2025-08-11,14,3676,A,30
12305,2025-08-11,17,3535,A,53
12306,2025-08-12,1,7268,A,58
12307,2025-08-12,3,9977,A,68
12308,2025-08-12,5,10881,B,55
12309,2025-08-12,6,4832,A,73
12310,2025-08-12,7,6876,B,62
12311,2025-08-12,8,8685,C,85
12312,2025-08-12,9,9927,B,71
12313,2025-08-12,10,13187,B,62
12314,2025-08-12,11,5513,B,60
12315,2025-08-12,12,10705,B,64
12316,2025-08-12,14,2905,B,30
12317,2025-08-12,15,9356,B,59
12318,2025-08-12,16,4989,A,74
12319,2025-08-12,17,3820,A,57
12320,2025-08-12,18,16559,C,62
12321,2025-08-13,1,6830,A,82
12322,2025-08-13,2,10240,B,58
12323,2025-08-13,3,8091,C,45
12324,2025-08-13,5,11153,A,71
12325,2025-08-13,6,4893,A,77
12326,2025-08-13,7,5886,C,35
12327,2025-08-13,9,9175,B,59
12328,2025-08-13,10,14708,A,46
12329,2025-08-13,11,5713,B,55
12330,2025-08-13,12,10401,C,57
12331,2025-08-13,13,11779,A,68
12332,2025-08-13,14,3301,B,54
12333,2025-08-13,15,9016,B,46
12334,2025-08-13,16,5117,C,40
12335,2025-08-13,17,3320,A,50
12336,2025-08-13,18,16591,A,68
12337,2025-08-14,1,7363,A,55
12338,2025-08-14,2,10030,A,74
12339,2025-08-14,3,8012,C,38
12340,2025-08-14,4,7548,B,58
12341,2025-08-14,5,9793,C,49
12342,2025-08-14,6,3789,A,67
12343,2025-08-14,7,6484,C,49
12344,2025-08-14,8,7142,A,59
12345,2025-08-14,9,8771,B,51
12346,2025-08-14,10,14924,A,89
12347,2025-08-14,12,10903,C,42
12348,2025-08-14,13,11347,A,70
12349,2025-08-14,14,3332,B,64
12350,2025-08-14,15,11615,A,73
12351,2025-08-14,16,4839,C,63
12352,2025-08-14,17,3494,C,64
12353,2025-08-15,1,6504,A,66
12354,2025-08-15,2,10173,A,60
12355,2025-08-15,3,8599,B,70
12356,2025-08-15,4,6484,A,74
12357,2025-08-15,5,9368,B,40
12358,2025-08-15,6,4839,B,88
12359,2025-08-15,7,6145,A,54
12360,2025-08-15,8,9037,C,66
12361,2025-08-15,9,8392,B,49
12362,2025-08-15,11,4435,B,61
12363,2025-08-15,12,10600,C,41
12364,2025-08-15,13,11801,A,52
12365,2025-08-15,14,3374,B,51
12366,2025-08-15,15,10679,C,30
12367,2025-08-15,16,4591,B,55
12368,2025-08-15,17,3914,B,78
12369,2025-08-15,18,16075,A,73
12370,2025-08-16,1,7550,B,58
12371,2025-08-16,2,10561,C,40
12372,2025-08-16,3,9769,A,46
12373,2025-08-16,4,7776,C,50
12374,2025-08-16,5,10257,B,41
12375,2025-08-16,6,4197,A,51
12376,2025-08-16,8,9997,A,58
12377,2025-08-16,9,9073,C,45
12378,2025-08-16,10,14502,C,43
12379,2025-08-16,12,10692,B,63
12380,2025-08-16,13,10813,A,65
12381,2025-08-16,14,3403,A,65
12382,2025-08-16,15,9990,A,55
12383,2025-08-16,16,5146,A,76
12384,2025-08-16,17,3172,A,67
12385,2025-08-17,1,8033,C,41
12386,2025-08-17,2,10301,C,43
12387,2025-08-17,3,7924,A,49
12388,2025-08-17,4,6067,C,59
12389,2025-08-17,5,10294,C,37
12390,2025-08-17,6,4796,A,48
12391,2025-08-17,7,5816,A,54
12392,2025-08-17,8,8027,C,36
12393,2025-08-17,9,9515,A,49
12394,2025-08-17,10,12564,C,30
12395,2025-08-17,12,10049,A,66
12396,2025-08-17,13,11512,A,58
12397,2025-08-17,14,3430,A,70
12398,2025-08-17,15,10203,A,47
12399,2025-08-17,16,4375,A,48
12400,2025-08-17,17,3957,A,75
12401,2025-08-17,18,15245,C,47
12402,2025-08-18,1,6588,B,52
12403,2025-08-18,3,6976,B,82
12404,2025-08-18,4,7815,C,43
12405,2025-08-18,5,9325,A,42
12406,2025-08-18,7,7025,A,74
12407,2025-08-18,8,9591,C,50
12408,2025-08-18,10,15265,A,50
12409,2025-08-18,11,5071,A,84
12410,2025-08-18,12,11422,C,45
12411,2025-08-18,14,2737,A,66
12412,2025-08-18,15,10619,B,60
12413,2025-08-18,16,5460,B,63
12414,2025-08-18,17,3096,B,41
12415,2025-08-18,18,13380,C,33
12416,2025-08-19,1,6543,A,69
12417,2025-08-19,2,11346,B,55
12418,2025-08-19,3,8694,B,38
12419,2025-08-19,4,6708,A,69
12420,2025-08-19,5,10063,C,44
12421,2025-08-19,6,4498,A,59
12422,2025-08-19,7,6013,C,51
12423,2025-08-19,8,8153,A,47
12424,2025-08-19,9,7500,C,66
12425,2025-08-19,10,16112,C,66
12426,2025-08-19,11,5599,B,59
12427,2025-08-19,12,10225,A,70
12428,2025-08-19,13,10556,A,69
12429,2025-08-19,14,3397,B,59
12430,2025-08-19,15,11001,A,70
12431,2025-08-19,16,4798,C,48
12432,2025-08-20,1,7574,B,53
12433,2025-08-20,2,9786,B,57
12434,2025-08-20,3,9418,C,43
12435,2025-08-20,4,6780,A,57
12436,2025-08-20,6,4422,B,41
12437,2025-08-20,7,6546,B,54
12438,2025-08-20,8,7414,A,50
12439,2025-08-20,9,10024,B,43
12440,2025-08-20,10,14322,A,64
12441,2025-08-20,11,4840,C,60
12442,2025-08-20,12,9463,B,61
12443,2025-08-20,13,10197,A,72
12444,2025-08-20,14,2788,B,59
12445,2025-08-20,15,9589,B,41
12446,2025-08-20,18,15207,B,61
12447,2025-08-21,1,7642,C,31
12448,2025-08-21,2,10910,B,51
12449,2025-08-21,3,9886,B,52
12450,2025-08-21,4,5869,B,62
12451,2025-08-21,6,4923,B,54
12452,2025-08-21,7,5269,A,67
12453,2025-08-21,8,8124,A,80
12454,2025-08-21,10,11456,B,57
12455,2025-08-21,11,4307,A,49
12456,2025-08-21,13,10232,B,53
12457,2025-08-21,14,3592,B,51
12458,2025-08-21,15,10505,A,86
12459,2025-08-21,16,5107,B,54
12460,2025-08-21,18,15366,A,81
12461,2025-08-22,1,6501,B,58
12462,2025-08-22,3,8686,B,55
12463,2025-08-22,4,6662,B,54
12464,2025-08-22,5,10618,B,54
12465,2025-08-22,6,4043,C,61
12466,2025-08-22,7,6784,B,41
12467,2025-08-22,8,9026,B,71
12468,2025-08-22,9,8824,B,45
12469,2025-08-22,10,13135,B,51
12470,2025-08-22,11,4755,A,69
12471,2025-08-22,12,10295,A,71
12472,2025-08-22,13,10342,C,41
12473,2025-08-22,14,3242,A,57
12474,2025-08-22,15,9792,B,60
12475,2025-08-22,18,16901,B,57
12476,2025-08-23,2,9918,A,54
12477,2025-08-23,3,8723,B,47
12478,2025-08-23,4,6339,A,65
12479,2025-08-23,5,10444,C,41
12480,2025-08-23,6,4706,B,50
12481,2025-08-23,7,6721,C,48
12482,2025-08-23,8,7770,B,63
12483,2025-08-23,9,9724,C,49
12484,2025-08-23,10,14423,B,47
12485,2025-08-23,11,5763,A,52
12486,2025-08-23,12,11432,B,56
12487,2025-08-23,13,11954,B,56
12488,2025-08-23,14,2807,B,46
12489,2025-08-23,15,10052,B,63
12490,2025-08-23,16,4338,B,34
12491,2025-08-23,17,3707,B,46
12492,2025-08-23,18,14852,B,62
12493,2025-08-24,1,6632,C,60
12494,2025-08-24,3,9853,C,44
12495,2025-08-24,4,6578,B,63
12496,2025-08-24,5,9792,B,56
12497,2025-08-24,7,6247,B,49
12498,2025-08-24,8,7928,B,68
12499,2025-08-24,9,10210,A,54
12500,2025-08-24,10,13285,B,53
12501,2025-08-24,11,4459,C,30
12502,2025-08-24,13,10128,B,55
12503,2025-08-24,14,3172,B,49
12504,2025-08-24,15,10337,C,41
12505,2025-08-24,16,5211,B,63
12506,2025-08-24,17,3617,B,53
12507,2025-08-24,18,15105,A,67
12508,2025-08-25,1,6055,A,77
12509,2025-08-25,2,10460,A,48
12510,2025-08-25,3,7671,B,76
12511,2025-08-25,4,6838,B,46
12512,2025-08-25,5,9786,B,37
12513,2025-08-25,6,4745,A,56
12514,2025-08-25,7,6086,B,59
12515,2025-08-25,8,8723,B,35
12516,2025-08-25,9,7060,C,72
12517,2025-08-25,10,15148,C,46
12518,2025-08-25,11,5063,B,51
12519,2025-08-25,12,10432,A,45
12520,2025-08-25,13,11139,B,61
12521,2025-08-25,14,3238,B,64
12522,2025-08-25,15,10201,C,57
12523,2025-08-25,16,5008,A,45
12524,2025-08-25,18,15443,B,64
12525,2025-08-26,1,6286,B,67
12526,2025-08-26,2,11648,A,69
12527,2025-08-26,3,8740,A,61
12528,2025-08-26,4,7444,B,47
12529,2025-08-26,5,9227,B,54
12530,2025-08-26,7,6397,B,54
12531,2025-08-26,8,8330,A,67
12532,2025-08-26,10,14396,B,53
12533,2025-08-26,12,9532,B,87
12534,2025-08-26,14,3716,B,52
12535,2025-08-26,15,10807,B,70
12536,2025-08-26,16,4641,B,45
12537,2025-08-26,18,13147,A,68
12538,2025-08-27,1,6240,A,76
12539,2025-08-27,2,12382,B,55
12540,2025-08-27,3,9157,A,65
12541,2025-08-27,6,4298,A,66
12542,2025-08-27,7,7334,B,54
12543,2025-08-27,9,8061,A,78
12544,2025-08-27,10,12972,A,74
12545,2025-08-27,11,4855,A,56
12546,2025-08-27,12,11255,B,47
12547,2025-08-27,13,11791,A,35
12548,2025-08-27,14,3446,A,49
12549,2025-08-27,16,4596,C,39
12550,2025-08-27,17,3731,C,48
12551,2025-08-27,18,15088,C,48
12552,2025-08-28,2,9652,A,65
12553,2025-08-28,3,9344,B,56
12554,2025-08-28,4,7084,A,66
12555,2025-08-28,5,10217,A,66
12556,2025-08-28,6,4832,B,35
12557,2025-08-28,7,5325,B,50
12558,2025-08-28,9,9463,B,38
12559,2025-08-28,10,13784,B,49
12560,2025-08-28,11,4883,B,56
12561,2025-08-28,13,11059,B,50
12562,2025-08-28,14,3486,C,63
12563,2025-08-28,15,8975,B,60
12564,2025-08-28,17,3336,A,55
12565,2025-08-28,18,12350,B,46
12566,2025-08-29,1,6766,A,56
12567,2025-08-29,2,11130,B,44
12568,2025-08-29,3,8652,B,61
12569,2025-08-29,4,6308,A,80
12570,2025-08-29,5,10022,A,55
12571,2025-08-29,6,4450,A,59
12572,2025-08-29,7,6587,A,45
12573,2025-08-29,8,8648,A,67
12574,2025-08-29,9,9193,A,54
12575,2025-08-29,10,12766,A,65
12576,2025-08-29,11,5092,B,50
12577,2025-08-29,12,10505,B,51
12578,2025-08-29,14,3714,B,63
12579,2025-08-29,15,9097,A,57
12580,2025-08-29,17,3714,B,58
12581,2025-08-29,18,14694,B,55
12582,2025-08-30,1,6912,B,45
12583,2025-08-30,4,6427,B,62
12584,2025-08-30,5,9448,C,66
12585,2025-08-30,6,4931,B,64
12586,2025-08-30,7,5747,B,65
12587,2025-08-30,8,8040,B,41
12588,2025-08-30,9,9563,C,67
12589,2025-08-30,10,13548,A,67
12590,2025-08-30,11,4835,B,49
12591,2025-08-30,12,11844,A,53
12592,2025-08-30,13,11509,B,73
12593,2025-08-30,14,3367,C,55
12594,2025-08-30,15,9904,C,41
12595,2025-08-30,16,5563,A,63
12596,2025-08-30,18,16471,B,32
12597,2025-08-31,1,7627,B,50
12598,2025-08-31,2,10614,B,73
12599,2025-08-31,3,7224,B,46
12600,2025-08-31,4,7909,B,70
12601,2025-08-31,6,4485,B,57
12602,2025-08-31,7,6189,B,54
12603,2025-08-31,8,8482,B,34
12604,2025-08-31,9,8737,B,68
12605,2025-08-31,10,13139,A,45
12606,2025-08-31,12,11021,A,90
12607,2025-08-31,17,3453,A,70
12608,2025-08-31,18,15968,B,58
12609,2025-09-01,1,6243,B,47
12610,2025-09-01,2,12970,B,35
12611,2025-09-01,4,6507,C,39
12612,2025-09-01,5,9330,B,48
12613,2025-09-01,6,4349,B,71
12614,2025-09-01,8,7710,B,74
12615,2025-09-01,9,7736,B,54
12616,2025-09-01,10,15041,A,48
12617,2025-09-01,12,9211,C,52
12618,2025-09-01,13,11219,B,52
12619,2025-09-01,15,9511,A,72
12620,2025-09-01,16,5066,B,46
12621,2025-09-01,17,3739,A,53
12622,2025-09-01,18,14682,B,50
12623,2025-09-02,1,7319,A,42
12624,2025-09-02,2,9418,B,48
12625,2025-09-02,3,9347,A,66
12626,2025-09-02,4,7830,A,82
12627,2025-09-02,5,9856,A,78
12628,2025-09-02,6,4957,B,42
12629,2025-09-02,7,5987,B,45
12630,2025-09-02,8,9186,C,46
12631,2025-09-02,9,8772,A,70
12632,2025-09-02,10,16076,A,71
12633,2025-09-02,11,5498,B,35
12634,2025-09-02,12,9091,A,68
12635,2025-09-02,13,13452,A,64
12636,2025-09-02,15,10036,A,69
12637,2025-09-02,16,4802,C,61
12638,2025-09-02,17,3737,B,57
12639,2025-09-02,18,15466,A,62
12640,2025-09-03,1,6669,B,74
12641,2025-09-03,2,10922,A,64
12642,2025-09-03,3,8311,B,77
12643,2025-09-03,4,6780,B,65
12644,2025-09-03,6,4312,B,50
12645,2025-09-03,8,7905,A,49
12646,2025-09-03,9,9396,A,68
12647,2025-09-03,10,12175,B,47
12648,2025-09-03,11,5415,C,59
12649,2025-09-03,12,10536,A,55
12650,2025-09-03,13,12150,C,51
12651,2025-09-03,14,3793,B,60
12652,2025-09-03,15,9768,A,70
12653,2025-09-03,17,4037,B,70
12654,2025-09-03,18,14090,B,55
12655,2025-09-04,1,6758,C,33
12656,2025-09-04,2,11106,B,42
12657,2025-09-04,3,9063,A,81
12658,2025-09-04,4,6915,C,57
12659,2025-09-04,5,10696,A,54
12660,2025-09-04,6,3981,B,54
12661,2025-09-04,7,5637,B,55
12662,2025-09-04,8,9080,A,70
12663,2025-09-04,9,9839,B,50
12664,2025-09-04,10,11634,A,57
12665,2025-09-04,11,4735,A,59
12666,2025-09-04,13,13676,B,58
12667,2025-09-04,14,3007,C,44
12668,2025-09-04,15,9754,C,48
12669,2025-09-04,16,5185,B,69
12670,2025-09-04,17,3216,A,57
12671,2025-09-04,18,15413,A,46
12672,2025-09-05,1,7151,A,74
12673,2025-09-05,2,11635,B,56
12674,2025-09-05,3,9342,B,59
12675,2025-09-05,5,10988,B,62
12676,2025-09-05,6,4302,A,67
12677,2025-09-05,7,6709,B,56
12678,2025-09-05,8,8172,B,54
12679,2025-09-05,9,8247,A,62
12680,2025-09-05,10,13479,A,82
12681,2025-09-05,11,4556,B,69
12682,2025-09-05,13,10957,A,80
12683,2025-09-05,14,3642,B,55
12684,2025-09-05,15,10352,A,56
12685,2025-09-05,17,3668,A,70
12686,2025-09-05,18,19030,B,74
12687,2025-09-06,2,10789,B,63
12688,2025-09-06,3,8773,A,72
12689,2025-09-06,4,7618,B,45
12690,2025-09-06,5,11682,B,47
12691,2025-09-06,6,4710,B,61
12692,2025-09-06,7,5309,B,67
12693,2025-09-06,8,8463,C,56
12694,2025-09-06,9,9848,A,66
12695,2025-09-06,10,12079,A,70
12696,2025-09-06,12,10626,B,61
12697,2025-09-06,13,11333,A,79
12698,2025-09-06,14,2981,A,53
12699,2025-09-06,15,11350,A,73
12700,2025-09-06,17,3466,B,46
12701,2025-09-06,18,17692,B,59
12702,2025-09-07,1,6993,A,64
12703,2025-09-07,2,10969,B,56
12704,2025-09-07,3,9143,B,30
12705,2025-09-07,4,6853,B,48
12706,2025-09-07,5,10619,A,66
12707,2025-09-07,6,4988,B,84
12708,2025-09-07,7,6467,B,53
12709,2025-09-07,8,7998,C,56
12710,2025-09-07,9,8628,B,51
12711,2025-09-07,11,5698,C,44
12712,2025-09-07,12,10730,A,66
12713,2025-09-07,14,3556,A,45
12714,2025-09-07,15,10578,C,43
12715,2025-09-07,16,4452,A,70
12716,2025-09-07,17,3947,B,63
12717,2025-09-07,18,15481,A,68
12718,2025-09-08,1,6875,B,45
12719,2025-09-08,2,10370,B,64
12720,2025-09-08,3,8325,A,77
12721,2025-09-08,4,6699,B,81
12722,2025-09-08,5,9344,A,54
12723,2025-09-08,6,4528,B,48
12724,2025-09-08,7,6037,A,67
12725,2025-09-08,8,7651,B,62
12726,2025-09-08,9,9364,A,78
12727,2025-09-08,10,14573,A,68
12728,2025-09-08,11,5324,B,35
12729,2025-09-08,14,3898,A,64
12730,2025-09-08,15,9550,A,72
12731,2025-09-08,16,5494,B,64
12732,2025-09-08,17,3913,A,68
12733,2025-09-09,1,7052,C,39
12734,2025-09-09,2,10935,B,50
12735,2025-09-09,3,8871,C,49
12736,2025-09-09,4,6883,B,46
12737,2025-09-09,5,9996,B,66
12738,2025-09-09,7,5618,B,62
12739,2025-09-09,8,7166,A,55
12740,2025-09-09,9,8729,B,48
12741,2025-09-09,10,15392,A,57
12742,2025-09-09,11,5348,C,47
12743,2025-09-09,12,12065,B,90
12744,2025-09-09,13,13147,B,51
12745,2025-09-09,15,12454,B,51
12746,2025-09-09,16,4190,C,41
12747,2025-09-09,18,14208,B,64
12748,2025-09-10,1,6942,B,51
12749,2025-09-10,2,10411,C,31
12750,2025-09-10,3,9460,C,55
12751,2025-09-10,4,7101,B,46
12752,2025-09-10,5,10457,B,65
12753,2025-09-10,6,4000,B,79
12754,2025-09-10,9,9233,B,60
12755,2025-09-10,10,13971,B,70
12756,2025-09-10,11,5423,A,63
12757,2025-09-10,12,12998,A,66
12758,2025-09-10,13,10934,C,35
12759,2025-09-10,14,3323,A,67
12760,2025-09-10,16,4495,A,38
12761,2025-09-10,17,3482,A,56
12762,2025-09-10,18,14427,B,42
12763,2025-09-11,1,8118,A,66
12764,2025-09-11,3,9133,B,63
12765,2025-09-11,4,7407,B,50
12766,2025-09-11,6,4329,B,41
12767,2025-09-11,7,5427,A,47
12768,2025-09-11,8,8112,B,52
12769,2025-09-11,9,9749,B,43
12770,2025-09-11,10,13537,B,33
12771,2025-09-11,11,5233,B,75
12772,2025-09-11,12,10354,B,55
12773,2025-09-11,14,3559,B,46
12774,2025-09-11,15,9735,B,58
12775,2025-09-11,16,4792,C,42
12776,2025-09-11,17,3951,B,56
12777,2025-09-11,18,15863,A,73
12778,2025-09-12,1,6439,B,58
12779,2025-09-12,2,10388,A,70
12780,2025-09-12,3,8597,A,56
12781,2025-09-12,4,6916,B,44
12782,2025-09-12,5,9065,A,79
12783,2025-09-12,6,4384,C,66
12784,2025-09-12,7,6219,A,67
12785,2025-09-12,8,8469,C,62
12786,2025-09-12,9,8207,B,59
12787,2025-09-12,10,11573,A,56
12788,2025-09-12,12,10889,B,50
12789,2025-09-12,14,3304,B,60
12790,2025-09-12,15,11359,B,45
12791,2025-09-12,16,4279,B,78
12792,2025-09-12,17,3238,B,61
12793,2025-09-12,18,14769,C,69
12794,2025-09-13,1,6497,A,45
12795,2025-09-13,2,11028,B,88
12796,2025-09-13,3,9182,A,60
12797,2025-09-13,4,7256,A,58
12798,2025-09-13,6,4447,B,46
12799,2025-09-13,7,5493,B,47
12800,2025-09-13,8,9001,A,62
12801,2025-09-13,9,8605,B,45
12802,2025-09-13,10,13778,C,33
12803,2025-09-13,11,5331,B,43
12804,2025-09-13,12,10673,C,59
12805,2025-09-13,13,10449,B,53
12806,2025-09-13,15,9823,B,35
12807,2025-09-13,16,5324,A,46
12808,2025-09-13,17,3178,B,64
12809,2025-09-13,18,16531,A,58
12810,2025-09-14,1,6447,A,72
12811,2025-09-14,2,10680,C,32
12812,2025-09-14,3,9536,B,77
12813,2025-09-14,4,7820,A,71
12814,2025-09-14,5,10353,A,74
12815,2025-09-14,6,4518,C,33
12816,2025-09-14,7,6428,B,58
12817,2025-09-14,8,8031,B,81
12818,2025-09-14,9,9235,B,54
12819,2025-09-14,11,4842,C,47
12820,2025-09-14,12,10370,C,43
12821,2025-09-14,13,11099,B,48
12822,2025-09-14,14,3445,C,62
12823,2025-09-14,16,5224,B,81
12824,2025-09-14,17,3313,B,47
12825,2025-09-14,18,17352,B,61
12826,2025-09-15,1,6483,B,78
12827,2025-09-15,2,11669,B,67
12828,2025-09-15,3,7541,B,53
12829,2025-09-15,4,7125,B,51
12830,2025-09-15,5,10890,A,72
12831,2025-09-15,6,4736,A,54
12832,2025-09-15,8,7740,A,53
12833,2025-09-15,9,10848,B,39
12834,2025-09-15,10,14452,A,55
12835,2025-09-15,11,4490,B,48
12836,2025-09-15,12,9885,A,79
12837,2025-09-15,13,11353,A,55
12838,2025-09-15,14,3306,A,60
12839,2025-09-15,15,9495,A,64
12840,2025-09-15,16,4664,A,45
12841,2025-09-15,17,3680,B,57
12842,2025-09-15,18,15826,A,70
12843,2025-09-16,3,9856,A,45
12844,2025-09-16,4,7086,B,42
12845,2025-09-16,5,10123,B,79
12846,2025-09-16,7,5975,A,56
12847,2025-09-16,8,7367,B,56
12848,2025-09-16,9,8472,A,68
12849,2025-09-16,11,5356,B,53
12850,2025-09-16,12,9671,B,63
12851,2025-09-16,13,12254,B,59
12852,2025-09-16,15,11374,A,73
12853,2025-09-16,16,5389,C,44
12854,2025-09-16,18,15541,B,54
12855,2025-09-17,1,7430,A,59
12856,2025-09-17,2,9187,A,79
12857,2025-09-17,3,8777,A,80
12858,2025-09-17,4,6074,C,62
12859,2025-09-17,5,9518,A,60
12860,2025-09-17,6,4538,C,43
12861,2025-09-17,7,6345,C,53
12862,2025-09-17,8,8648,B,61
12863,2025-09-17,9,10585,A,62
12864,2025-09-17,11,5564,B,71
12865,2025-09-17,12,9628,B,57
12866,2025-09-17,13,11822,C,44
12867,2025-09-17,14,3140,B,56
12868,2025-09-17,17,2811,A,71
12869,2025-09-17,18,13343,C,39
12870,2025-09-18,1,7556,C,40
12871,2025-09-18,2,11786,A,64
12872,2025-09-18,3,9327,B,64
12873,2025-09-18,4,5459,A,57
12874,2025-09-18,5,10819,B,49
12875,2025-09-18,8,9250,A,70
12876,2025-09-18,9,10559,B,71
12877,2025-09-18,10,12123,C,52
12878,2025-09-18,11,4610,A,72
12879,2025-09-18,12,10933,A,71
12880,2025-09-18,13,11031,C,52
12881,2025-09-18,14,3223,A,71
12882,2025-09-18,15,11260,B,82
12883,2025-09-18,16,4845,A,69
12884,2025-09-18,17,4080,A,68
12885,2025-09-18,18,16338,B,54
12886,2025-09-19,1,6475,B,53
12887,2025-09-19,2,9929,B,47
12888,2025-09-19,3,9884,A,81
12889,2025-09-19,4,7129,A,70
12890,2025-09-19,5,10740,B,83
12891,2025-09-19,7,6170,C,39
12892,2025-09-19,8,9172,B,45
12893,2025-09-19,9,9029,B,54
12894,2025-09-19,10,11229,A,53
12895,2025-09-19,11,5396,B,56
12896,2025-09-19,12,10150,A,49
12897,2025-09-19,13,11289,A,70
12898,2025-09-19,14,3298,B,48
12899,2025-09-19,16,4713,A,65
12900,2025-09-19,17,3729,B,56
12901,2025-09-19,18,14006,B,60
12902,2025-09-20,1,6333,B,64
12903,2025-09-20,2,10145,A,67
12904,2025-09-20,3,8030,B,68
12905,2025-09-20,5,11000,A,54
12906,2025-09-20,6,4447,B,43
12907,2025-09-20,7,5448,A,75
12908,2025-09-20,8,8801,B,59
12909,2025-09-20,10,12530,B,63
12910,2025-09-20,11,5744,B,60
12911,2025-09-20,12,8406,C,44
12912,2025-09-20,15,9281,B,67
12913,2025-09-20,16,5773,A,66
12914,2025-09-20,17,3227,B,84
12915,2025-09-20,18,14900,C,58
12916,2025-09-21,1,7041,B,62
12917,2025-09-21,2,10195,B,51
12918,2025-09-21,3,8508,B,42
12919,2025-09-21,4,6629,B,55
12920,2025-09-21,5,10195,B,48
12921,2025-09-21,6,4436,A,55
12922,2025-09-21,7,6512,B,52
12923,2025-09-21,8,8753,B,30
12924,2025-09-21,9,8596,C,58
12925,2025-09-21,10,12022,A,51
12926,2025-09-21,11,5062,B,48
12927,2025-09-21,12,10967,B,56
12928,2025-09-21,13,10576,A,73
12929,2025-09-21,14,3214,B,71
12930,2025-09-21,15,11248,B,64
12931,2025-09-21,16,5171,B,48
12932,2025-09-21,17,3720,B,70
12933,2025-09-21,18,16599,A,74
12934,2025-09-22,2,11882,B,62
12935,2025-09-22,3,8812,B,66
12936,2025-09-22,4,7049,B,56
12937,2025-09-22,5,9716,C,56
12938,2025-09-22,7,7074,A,56
12939,2025-09-22,8,9459,B,55
12940,2025-09-22,9,9050,B,59
12941,2025-09-22,10,14119,C,58
12942,2025-09-22,11,4732,B,37
12943,2025-09-22,12,10558,A,60
12944,2025-09-22,13,10600,B,62
12945,2025-09-22,14,3963,B,48
12946,2025-09-22,15,9056,B,73
12947,2025-09-22,16,4989,A,68
12948,2025-09-22,17,4013,B,58
12949,2025-09-22,18,16686,B,46
12950,2025-09-23,2,8876,A,60
12951,2025-09-23,3,8454,B,46
12952,2025-09-23,4,6881,C,59
12953,2025-09-23,5,8933,A,46
12954,2025-09-23,6,4499,A,66
12955,2025-09-23,7,7584,A,56
12956,2025-09-23,8,8549,B,71
12957,2025-09-23,9,8076,B,83
12958,2025-09-23,10,13179,A,74
12959,2025-09-23,11,5113,A,79
12960,2025-09-23,12,11731,B,64
12961,2025-09-23,13,12349,A,45
12962,2025-09-23,14,3113,B,49
12963,2025-09-23,16,5422,B,61
12964,2025-09-23,17,3867,B,61
12965,2025-09-23,18,14841,B,48
12966,2025-09-24,1,6895,A,53
12967,2025-09-24,3,10272,B,58
12968,2025-09-24,4,7538,B,53
12969,2025-09-24,5,10875,B,64
12970,2025-09-24,6,4515,B,55
12971,2025-09-24,7,6244,A,71
12972,2025-09-24,8,8758,A,49
12973,2025-09-24,9,9044,B,52
12974,2025-09-24,10,13157,A,48
12975,2025-09-24,11,4840,A,30
12976,2025-09-24,12,10906,B,40
12977,2025-09-24,13,9742,C,51
12978,2025-09-24,14,3433,B,67
12979,2025-09-24,15,9550,B,52
12980,2025-09-24,16,5007,A,54
12981,2025-09-24,18,14912,B,45
12982,2025-09-25,1,5962,B,55
12983,2025-09-25,2,11609,A,80
12984,2025-09-25,3,8402,B,57
12985,2025-09-25,4,6962,B,51
12986,2025-09-25,5,10552,B,51
12987,2025-09-25,6,4333,B,63
12988,2025-09-25,7,6590,A,81
12989,2025-09-25,8,8114,B,60
12990,2025-09-25,9,10190,A,73
12991,2025-09-25,10,12666,B,53
12992,2025-09-25,11,4813,B,36
12993,2025-09-25,12,9337,A,53
12994,2025-09-25,13,12887,B,61
12995,2025-09-25,14,3554,A,41
12996,2025-09-25,16,4691,B,59
12997,2025-09-25,17,3287,A,63
12998,2025-09-25,18,14554,A,63
12999,2025-09-26,1,7625,B,63
13000,2025-09-26,2,10896,A,51
13001,2025-09-26,3,8619,C,39
13002,2025-09-26,4,6501,C,36
13003,2025-09-26,7,5316,B,60
13004,2025-09-26,8,7421,C,52
13005,2025-09-26,9,8655,A,64
13006,2025-09-26,10,10193,B,54
13007,2025-09-26,11,5238,B,80
13008,2025-09-26,12,8701,B,30
13009,2025-09-26,13,11098,B,45
13010,2025-09-26,14,3564,A,66
13011,2025-09-26,16,4920,A,71
13012,2025-09-26,17,3568,A,65
13013,2025-09-26,18,13939,C,40
13014,2025-09-27,1,7760,B,34
13015,2025-09-27,2,10658,A,71
13016,2025-09-27,3,9167,B,48
13017,2025-09-27,4,7462,A,51
13018,2025-09-27,5,9766,A,70
13019,2025-09-27,6,4068,A,71
13020,2025-09-27,7,6944,B,56
13021,2025-09-27,8,7872,C,48
13022,2025-09-27,10,15408,B,90
13023,2025-09-27,11,4413,A,58
13024,2025-09-27,12,9980,C,44
13025,2025-09-27,13,10706,C,43
13026,2025-09-27,14,3377,B,52
13027,2025-09-27,15,10070,B,49
13028,2025-09-27,16,5295,B,63
13029,2025-09-27,17,3417,A,66
13030,2025-09-27,18,14633,A,67
13031,2025-09-28,1,6452,B,57
13032,2025-09-28,2,10950,B,62
13033,2025-09-28,3,8153,A,84
13034,2025-09-28,5,9825,A,65
13035,2025-09-28,6,4229,B,71
13036,2025-09-28,7,6584,B,45
13037,2025-09-28,8,8322,B,70
13038,2025-09-28,9,7862,C,42
13039,2025-09-28,10,12649,A,65
13040,2025-09-28,11,4478,B,44
13041,2025-09-28,12,10060,C,67
13042,2025-09-28,13,12086,C,44
13043,2025-09-28,14,3328,B,63
13044,2025-09-28,15,10325,B,90
13045,2025-09-28,16,4110,B,32
13046,2025-09-28,17,4197,A,56
13047,2025-09-28,18,13427,B,47
13048,2025-09-29,1,6575,B,62
13049,2025-09-29,3,8734,C,61
13050,2025-09-29,4,7205,B,68
13051,2025-09-29,5,8995,A,58
13052,2025-09-29,6,5486,B,59
13053,2025-09-29,9,9372,A,46
13054,2025-09-29,10,13295,B,72
13055,2025-09-29,11,5071,A,66
13056,2025-09-29,17,3879,C,40
13057,2025-09-29,18,16258,B,49
13058,2025-09-30,1,6940,A,51
13059,2025-09-30,2,11258,B,50
13060,2025-09-30,3,9249,C,56
13061,2025-09-30,4,6650,B,52
13062,2025-09-30,5,9538,C,60
13063,2025-09-30,6,4115,B,61
13064,2025-09-30,7,6813,C,37
13065,2025-09-30,8,9611,C,62
13066,2025-09-30,9,9293,A,72
13067,2025-09-30,10,12149,A,67
13068,2025-09-30,11,5054,B,67
13069,2025-09-30,12,10582,B,44
13070,2025-09-30,15,10752,A,59
13071,2025-09-30,16,5430,A,68
13072,2025-09-30,17,4530,C,61
13073,2025-09-30,18,15903,A,79
13074,2025-10-01,1,6967,B,52
13075,2025-10-01,2,11181,B,86
13076,2025-10-01,3,8780,A,80
13077,2025-10-01,4,6555,B,74
13078,2025-10-01,6,4002,B,46
13079,2025-10-01,7,6073,A,48
13080,2025-10-01,9,9146,B,79
13081,2025-10-01,11,5202,B,42
13082,2025-10-01,12,11550,B,54
13083,2025-10-01,14,3323,C,43
13084,2025-10-01,15,11099,A,53
13085,2025-10-01,16,4689,B,53
13086,2025-10-01,17,3552,A,66
13087,2025-10-02,1,7142,B,53
13088,2025-10-02,2,10782,B,62
13089,2025-10-02,3,8953,A,53
13090,2025-10-02,4,6961,A,58
13091,2025-10-02,5,9869,B,53
13092,2025-10-02,6,4752,C,42
13093,2025-10-02,7,5972,C,33
13094,2025-10-02,8,9113,B,48
13095,2025-10-02,9,8942,C,59
13096,2025-10-02,10,13907,B,64
13097,2025-10-02,11,5823,B,52
13098,2025-10-02,12,9468,B,58
13099,2025-10-02,13,12403,C,47
13100,2025-10-02,14,2969,A,67
13101,2025-10-02,15,11692,B,52
13102,2025-10-02,16,5494,B,59
13103,2025-10-02,17,3476,C,46
13104,2025-10-02,18,14239,C,59
13105,2025-10-03,1,7876,B,52
13106,2025-10-03,2,10536,A,70
13107,2025-10-03,3,8638,A,57
13108,2025-10-03,4,6921,B,42
13109,2025-10-03,6,3742,A,53
13110,2025-10-03,7,6435,A,71
13111,2025-10-03,8,8038,A,60
13112,2025-10-03,9,8887,B,60
13113,2025-10-03,10,12840,A,62
13114,2025-10-03,11,5105,A,69
13115,2025-10-03,12,11408,A,71
13116,2025-10-03,13,9844,C,30
13117,2025-10-03,14,3266,B,44
13118,2025-10-03,15,10189,B,43
13119,2025-10-03,16,5442,B,59
13120,2025-10-03,17,3648,C,57
13121,2025-10-03,18,13942,C,42
13122,2025-10-04,2,10575,B,55
13123,2025-10-04,5,8878,B,64
13124,2025-10-04,6,4404,A,57
13125,2025-10-04,7,5672,A,63
13126,2025-10-04,9,9465,A,67
13127,2025-10-04,10,13318,B,41
13128,2025-10-04,11,5305,A,48
13129,2025-10-04,13,10935,B,56
13130,2025-10-04,14,3082,A,80
13131,2025-10-04,15,9781,B,43
13132,2025-10-04,16,4863,C,34
13133,2025-10-04,17,4097,A,74
13134,2025-10-05,1,6352,B,60
13135,2025-10-05,2,10538,A,52
13136,2025-10-05,3,9252,C,53
13137,2025-10-05,4,6765,A,73
13138,2025-10-05,6,5258,A,71
13139,2025-10-05,7,6706,B,55
13140,2025-10-05,8,7443,B,64
13141,2025-10-05,9,9079,C,59
13142,2025-10-05,10,15595,B,62
13143,2025-10-05,11,4668,A,61
13144,2025-10-05,12,8880,A,60
13145,2025-10-05,13,10579,C,78
13146,2025-10-05,14,3212,B,57
13147,2025-10-05,15,10707,A,32
13148,2025-10-05,16,4667,B,53
13149,2025-10-05,17,3582,C,44
13150,2025-10-06,1,6036,B,33
13151,2025-10-06,2,11676,B,58
13152,2025-10-06,3,10286,A,49
13153,2025-10-06,4,5898,A,54
13154,2025-10-06,5,11229,B,63
13155,2025-10-06,7,5675,B,71
13156,2025-10-06,9,9329,A,71
13157,2025-10-06,10,13669,B,57
13158,2025-10-06,11,5374,A,75
13159,2025-10-06,12,11711,A,55
13160,2025-10-06,13,12529,A,58
13161,2025-10-06,14,3402,B,81
13162,2025-10-06,15,9272,A,65
13163,2025-10-06,16,4777,B,54
13164,2025-10-06,17,3727,C,55
13165,2025-10-06,18,15234,B,61
13166,2025-10-07,1,6388,A,66
13167,2025-10-07,2,11213,B,55
13168,2025-10-07,3,9033,C,31
13169,2025-10-07,4,6675,A,43
13170,2025-10-07,6,3776,B,60
13171,2025-10-07,7,5678,B,45
13172,2025-10-07,8,8679,B,54
13173,2025-10-07,9,9257,A,61
13174,2025-10-07,10,13549,A,65
13175,2025-10-07,12,10669,C,41
13176,2025-10-07,13,11061,C,42
13177,2025-10-07,14,3490,A,48
13178,2025-10-07,16,5931,B,56
13179,2025-10-07,17,3719,A,76
13180,2025-10-08,2,8187,C,40
13181,2025-10-08,3,9183,B,47
13182,2025-10-08,4,7353,C,31
13183,2025-10-08,5,10428,C,51
13184,2025-10-08,6,3950,A,72
13185,2025-10-08,7,5748,B,48
13186,2025-10-08,8,8333,B,55
13187,2025-10-08,9,9918,B,60
13188,2025-10-08,12,10922,A,59
13189,2025-10-08,13,12183,B,39
13190,2025-10-08,14,3876,A,53
13191,2025-10-08,15,11022,B,81
13192,2025-10-08,16,5622,B,52
13193,2025-10-08,18,17526,C,34
13194,2025-10-09,1,7759,A,81
13195,2025-10-09,2,11267,B,46
13196,2025-10-09,3,9520,B,47
13197,2025-10-09,4,6750,C,53
13198,2025-10-09,5,10547,B,49
13199,2025-10-09,8,8956,B,71
13200,2025-10-09,9,9593,C,50
13201,2025-10-09,10,11665,A,67
13202,2025-10-09,11,5019,B,61
13203,2025-10-09,12,9857,A,83
13204,2025-10-09,13,11900,A,72
13205,2025-10-09,15,10105,C,43
13206,2025-10-09,16,4938,A,66
13207,2025-10-09,17,3497,A,52
13208,2025-10-09,18,15941,B,50
13209,2025-10-10,1,6504,C,44
13210,2025-10-10,2,10872,A,66
13211,2025-10-10,3,8104,B,60
13212,2025-10-10,5,11178,C,51
13213,2025-10-10,6,4892,A,71
13214,2025-10-10,7,5893,A,67
13215,2025-10-10,8,8449,B,60
13216,2025-10-10,9,9240,C,47
13217,2025-10-10,10,13573,A,69
13218,2025-10-10,11,5481,C,36
13219,2025-10-10,12,11670,B,73
13220,2025-10-10,13,10624,B,48
13221,2025-10-10,14,3603,C,41
13222,2025-10-10,15,9220,A,76
13223,2025-10-10,16,4651,B,48
13224,2025-10-10,18,17846,B,57
13225,2025-10-11,3,10249,B,51
13226,2025-10-11,4,7460,B,50
13227,2025-10-11,5,9538,A,73
13228,2025-10-11,6,4304,B,49
13229,2025-10-11,7,5531,B,48
13230,2025-10-11,8,8093,A,69
13231,2025-10-11,9,10205,B,30
13232,2025-10-11,11,4532,A,52
13233,2025-10-11,12,9585,B,60
13234,2025-10-11,13,10875,A,77
13235,2025-10-11,14,3476,A,50
13236,2025-10-11,15,8990,A,77
13237,2025-10-11,16,4935,A,69
13238,2025-10-11,17,3637,A,68
13239,2025-10-11,18,16981,A,60
13240,2025-10-12,2,10372,A,58
13241,2025-10-12,3,9166,A,84
13242,2025-10-12,4,6520,B,45
13243,2025-10-12,5,11098,B,67
13244,2025-10-12,6,4733,A,73
13245,2025-10-12,7,5899,B,58
13246,2025-10-12,8,9759,A,65
13247,2025-10-12,9,9406,A,73
13248,2025-10-12,11,4138,A,71
13249,2025-10-12,12,11295,B,62
13250,2025-10-12,13,12592,A,66
13251,2025-10-12,14,3745,A,64
13252,2025-10-12,15,10246,A,73
13253,2025-10-12,16,4984,A,65
13254,2025-10-12,18,17517,C,42
13255,2025-10-13,1,7430,A,63
13256,2025-10-13,2,11668,B,61
13257,2025-10-13,4,6061,C,51
13258,2025-10-13,5,9759,B,45
13259,2025-10-13,6,4987,A,58
13260,2025-10-13,8,8265,A,65
13261,2025-10-13,9,10050,A,56
13262,2025-10-13,10,11276,C,36
13263,2025-10-13,12,11285,B,50
13264,2025-10-13,15,11138,B,61
13265,2025-10-13,16,4403,A,74
13266,2025-10-13,17,3969,B,65
13267,2025-10-13,18,14091,B,62
13268,2025-10-14,1,8157,B,35
13269,2025-10-14,2,11516,B,62
13270,2025-10-14,3,8491,A,75
13271,2025-10-14,4,6825,A,73
13272,2025-10-14,5,9115,B,63
13273,2025-10-14,6,5130,C,34
13274,2025-10-14,7,5613,A,74
13275,2025-10-14,9,9542,B,53
13276,2025-10-14,10,12511,A,61
13277,2025-10-14,11,5253,C,40
13278,2025-10-14,12,9765,B,54
13279,2025-10-14,13,11525,A,72
13280,2025-10-14,14,3119,B,64
13281,2025-10-14,15,11127,B,54
13282,2025-10-14,16,4920,A,79
13283,2025-10-14,17,4210,A,61
13284,2025-10-14,18,16148,C,58
13285,2025-10-15,1,6497,A,48
13286,2025-10-15,2,10043,A,72
13287,2025-10-15,3,10332,C,61
13288,2025-10-15,5,10797,B,53
13289,2025-10-15,7,5628,A,58
13290,2025-10-15,8,8061,A,70
13291,2025-10-15,9,7759,B,35
13292,2025-10-15,10,13110,B,54
13293,2025-10-15,12,12270,B,60
13294,2025-10-15,14,2925,B,60
13295,2025-10-15,16,5406,A,79
13296,2025-10-15,17,3442,B,62
13297,2025-10-15,18,14884,B,78
13298,2025-10-16,1,6519,B,65
13299,2025-10-16,2,11054,B,45
13300,2025-10-16,3,9579,A,68
13301,2025-10-16,4,6380,C,50
13302,2025-10-16,5,11260,B,50
13303,2025-10-16,8,8801,B,54
13304,2025-10-16,9,10050,C,50
13305,2025-10-16,10,13745,A,74
13306,2025-10-16,11,5562,B,63
13307,2025-10-16,12,10786,B,60
13308,2025-10-16,13,11124,B,41
13309,2025-10-16,14,3477,C,40
13310,2025-10-16,15,11846,B,49
13311,2025-10-16,16,4185,C,44
13312,2025-10-16,17,3574,B,66
13313,2025-10-16,18,13365,A,70
13314,2025-10-17,1,7352,C,47
13315,2025-10-17,3,9419,A,67
13316,2025-10-17,4,6817,A,73
13317,2025-10-17,5,12319,C,40
13318,2025-10-17,7,5772,C,47
13319,2025-10-17,8,8946,B,37
13320,2025-10-17,10,13589,B,60
13321,2025-10-17,11,5240,C,57
13322,2025-10-17,12,11144,A,70
13323,2025-10-17,13,11369,B,48
13324,2025-10-17,14,3250,C,70
13325,2025-10-17,15,10120,B,61
13326,2025-10-17,16,5212,B,62
13327,2025-10-17,17,3446,C,54
13328,2025-10-17,18,17261,B,55
13329,2025-10-18,1,7155,A,74
13330,2025-10-18,2,9523,A,67
13331,2025-10-18,3,9189,C,31
13332,2025-10-18,4,7186,A,64
13333,2025-10-18,5,9226,A,70
13334,2025-10-18,6,4335,C,54
13335,2025-10-18,8,8467,B,55
13336,2025-10-18,10,13615,B,52
13337,2025-10-18,11,4835,B,57
13338,2025-10-18,12,9296,A,70
13339,2025-10-18,13,10696,B,67
13340,2025-10-18,14,3127,B,43
13341,2025-10-18,15,10093,A,57
13342,2025-10-18,17,3745,C,47
13343,2025-10-18,18,15054,C,56
13344,2025-10-19,1,7787,A,53
13345,2025-10-19,2,10168,A,70
13346,2025-10-19,3,8841,C,58
13347,2025-10-19,6,4395,C,56
13348,2025-10-19,7,6017,C,56
13349,2025-10-19,8,6759,B,63
13350,2025-10-19,10,14198,B,69
13351,2025-10-19,11,4121,A,70
13352,2025-10-19,13,10534,B,72
13353,2025-10-19,14,3049,A,67
13354,2025-10-19,15,8110,C,47
13355,2025-10-19,17,3531,B,64
13356,2025-10-19,18,14115,A,70
13357,2025-10-20,1,7102,B,47
13358,2025-10-20,2,11444,C,41
13359,2025-10-20,3,9886,A,55
13360,2025-10-20,4,7084,C,50
13361,2025-10-20,6,4421,C,35
13362,2025-10-20,7,5990,A,59
13363,2025-10-20,8,8340,C,39
13364,2025-10-20,9,8849,A,59
13365,2025-10-20,10,12755,B,54
13366,2025-10-20,11,4967,C,62
13367,2025-10-20,12,9553,B,46
13368,2025-10-20,13,11672,B,53
13369,2025-10-20,14,3437,A,60
13370,2025-10-20,15,9841,C,61
13371,2025-10-20,16,5552,B,65
13372,2025-10-20,17,3761,B,56
13373,2025-10-20,18,14905,C,61
13374,2025-10-21,1,6590,B,65
13375,2025-10-21,2,11521,A,61
13376,2025-10-21,3,9121,B,44
13377,2025-10-21,4,7917,B,58
13378,2025-10-21,5,10846,B,47
13379,2025-10-21,6,4890,C,30
13380,2025-10-21,7,6507,A,53
13381,2025-10-21,8,9148,C,47
13382,2025-10-21,9,9265,C,42
13383,2025-10-21,10,14776,A,52
13384,2025-10-21,11,5479,A,66
13385,2025-10-21,12,11458,B,46
13386,2025-10-21,13,10640,C,36
13387,2025-10-21,15,10902,B,67
13388,2025-10-21,16,4619,A,75
13389,2025-10-21,17,4016,B,53
13390,2025-10-21,18,14434,C,42
13391,2025-10-22,2,11144,A,79
13392,2025-10-22,3,7601,A,64
13393,2025-10-22,4,6724,C,52
13394,2025-10-22,5,9005,A,67
13395,2025-10-22,6,4946,A,74
13396,2025-10-22,7,6669,A,72
13397,2025-10-22,8,8679,B,43
13398,2025-10-22,9,8669,C,42
13399,2025-10-22,11,4904,B,50
13400,2025-10-22,12,9747,A,47
13401,2025-10-22,13,10671,B,39
13402,2025-10-22,14,3282,B,45
13403,2025-10-22,15,11483,A,47
13404,2025-10-22,16,5062,B,63
13405,2025-10-22,17,2944,B,64
13406,2025-10-23,1,7387,B,63
13407,2025-10-23,2,11326,B,57
13408,2025-10-23,3,8214,B,79
13409,2025-10-23,5,9175,C,54
13410,2025-10-23,6,4426,B,48
13411,2025-10-23,7,6047,B,60
13412,2025-10-23,8,8625,A,67
13413,2025-10-23,10,13397,A,77
13414,2025-10-23,11,5074,B,35
13415,2025-10-23,12,10066,B,61
13416,2025-10-23,13,10554,A,45
13417,2025-10-23,14,3553,C,62
13418,2025-10-23,15,9528,B,64
13419,2025-10-23,16,4769,A,30
13420,2025-10-23,18,15143,B,46
13421,2025-10-24,1,7230,A,73
13422,2025-10-24,3,8886,C,30
13423,2025-10-24,4,6632,B,45
13424,2025-10-24,5,9573,B,56
13425,2025-10-24,6,4882,B,80
13426,2025-10-24,7,5586,A,67
13427,2025-10-24,8,7181,A,78
13428,2025-10-24,10,15510,B,68
13429,2025-10-24,12,11258,C,34
13430,2025-10-24,14,3365,B,48
13431,2025-10-24,15,10583,B,31
13432,2025-10-24,17,3554,A,56
13433,2025-10-24,18,17551,A,88
13434,2025-10-25,3,9244,B,52
13435,2025-10-25,4,6446,A,67
13436,2025-10-25,5,10270,B,57
13437,2025-10-25,7,6831,B,62
13438,2025-10-25,8,7848,B,55
13439,2025-10-25,9,8821,A,76
13440,2025-10-25,10,15461,C,65
13441,2025-10-25,11,4652,A,71
13442,2025-10-25,12,11461,A,58
13443,2025-10-25,13,12272,B,61
13444,2025-10-25,14,3043,B,72
13445,2025-10-25,15,11061,A,45
13446,2025-10-25,16,4648,B,50
13447,2025-10-25,17,3826,A,58
13448,2025-10-25,18,14594,A,63
13449,2025-10-26,2,11075,B,46
13450,2025-10-26,3,8979,B,43
13451,2025-10-26,4,6590,B,57
13452,2025-10-26,6,4511,A,77
13453,2025-10-26,7,6152,A,55
13454,2025-10-26,8,8602,B,64
13455,2025-10-26,9,8427,A,48
13456,2025-10-26,10,14775,A,90
13457,2025-10-26,11,5315,A,55
13458,2025-10-26,12,9513,A,75
13459,2025-10-26,13,12786,C,81
13460,2025-10-26,14,3592,B,73
13461,2025-10-26,15,10215,C,53
13462,2025-10-26,16,5162,C,53
13463,2025-10-26,17,3425,C,44
13464,2025-10-26,18,17462,C,50
13465,2025-10-27,1,7420,A,69
13466,2025-10-27,2,11390,B,80
13467,2025-10-27,3,9900,B,59
13468,2025-10-27,4,6649,A,62
13469,2025-10-27,5,10744,B,58
13470,2025-10-27,7,7057,B,69
13471,2025-10-27,9,9296,C,34
13472,2025-10-27,10,10429,C,49
13473,2025-10-27,11,5726,B,69
13474,2025-10-27,12,11514,B,66
13475,2025-10-27,13,10748,A,68
13476,2025-10-27,15,8342,A,62
13477,2025-10-27,16,5221,B,62
13478,2025-10-27,17,4043,B,55
13479,2025-10-27,18,16463,C,30
13480,2025-10-28,1,7535,C,40
13481,2025-10-28,2,11351,A,64
13482,2025-10-28,3,7612,A,54
13483,2025-10-28,4,7113,B,60
13484,2025-10-28,5,11044,A,57
13485,2025-10-28,6,4514,B,39
13486,2025-10-28,7,5085,A,62
13487,2025-10-28,8,9137,A,77
13488,2025-10-28,9,9236,B,60
13489,2025-10-28,10,15486,B,49
13490,2025-10-28,11,4993,B,54
13491,2025-10-28,12,11475,B,54
13492,2025-10-28,13,13374,C,44
13493,2025-10-28,16,4864,B,64
13494,2025-10-28,17,3960,A,61
13495,2025-10-28,18,15905,A,67
13496,2025-10-29,1,7137,B,63
13497,2025-10-29,2,11723,A,64
13498,2025-10-29,4,8213,A,63
13499,2025-10-29,5,10696,B,52
13500,2025-10-29,6,5227,A,45
13501,2025-10-29,7,6296,B,46
13502,2025-10-29,8,8231,C,50
13503,2025-10-29,9,9383,A,59
13504,2025-10-29,10,14623,A,60
13505,2025-10-29,11,4606,A,57
13506,2025-10-29,12,9795,B,50
13507,2025-10-29,13,10494,A,50
13508,2025-10-29,14,3300,B,53
13509,2025-10-29,15,10828,C,59
13510,2025-10-29,16,4357,C,30
13511,2025-10-29,17,3858,A,58
13512,2025-10-29,18,16339,B,39
13513,2025-10-30,1,6694,B,57
13514,2025-10-30,2,11312,C,38
13515,2025-10-30,3,7708,A,66
13516,2025-10-30,4,6518,B,55
13517,2025-10-30,5,11528,B,39
13518,2025-10-30,6,3972,B,53
13519,2025-10-30,7,7150,A,46
13520,2025-10-30,8,8598,B,55
13521,2025-10-30,9,8352,B,62
13522,2025-10-30,11,5036,A,79
13523,2025-10-30,13,12400,C,52
13524,2025-10-30,15,9432,A,65
13525,2025-10-30,16,5047,B,55
13526,2025-10-30,17,3924,B,54
13527,2025-10-30,18,15433,A,62
13528,2025-10-31,1,6865,B,73
13529,2025-10-31,2,11006,A,68
13530,2025-10-31,3,9568,A,78
13531,2025-10-31,4,6684,C,52
13532,2025-10-31,5,10546,B,45
13533,2025-10-31,6,4303,B,30
13534,2025-10-31,7,6024,A,60
13535,2025-10-31,8,8339,B,54
13536,2025-10-31,9,7934,B,67
13537,2025-10-31,10,15110,B,47
13538,2025-10-31,11,4162,B,55
13539,2025-10-31,13,10752,A,63
13540,2025-10-31,14,3106,A,54
13541,2025-10-31,16,5054,B,52
13542,2025-11-01,1,7440,A,72
13543,2025-11-01,2,11621,B,64
13544,2025-11-01,3,8952,B,90
13545,2025-11-01,4,6879,A,48
13546,2025-11-01,5,9212,A,67
13547,2025-11-01,6,4443,A,52
13548,2025-11-01,8,7670,C,59
13549,2025-11-01,9,9555,B,63
13550,2025-11-01,10,15485,A,79
13551,2025-11-01,11,5199,C,54
13552,2025-11-01,12,10061,A,55
13553,2025-11-01,13,10616,A,77
13554,2025-11-01,14,3499,B,61
13555,2025-11-01,17,3507,B,59
13556,2025-11-01,18,16115,C,44
13557,2025-11-02,1,6342,A,65
13558,2025-11-02,2,10682,A,77
13559,2025-11-02,3,9323,C,49
13560,2025-11-02,4,7133,C,41
13561,2025-11-02,5,11319,B,54
13562,2025-11-02,6,4646,B,56
13563,2025-11-02,8,6825,B,88
13564,2025-11-02,9,10181,A,45
13565,2025-11-02,10,14715,C,41
13566,2025-11-02,11,5246,C,36
13567,2025-11-02,12,10996,C,51
13568,2025-11-02,13,10731,A,52
13569,2025-11-02,14,3165,A,63
13570,2025-11-02,15,8108,A,62
13571,2025-11-02,16,5619,C,65
13572,2025-11-02,17,3912,A,89
13573,2025-11-02,18,13363,A,67
13574,2025-11-03,1,6985,C,62
13575,2025-11-03,2,9950,A,54
13576,2025-11-03,4,7060,B,45
13577,2025-11-03,5,9712,A,50
13578,2025-11-03,6,4943,C,42
13579,2025-11-03,7,5922,C,37
13580,2025-11-03,8,8615,A,58
13581,2025-11-03,9,8353,B,62
13582,2025-11-03,10,15232,B,57
13583,2025-11-03,11,5742,A,66
13584,2025-11-03,12,9867,A,59
13585,2025-11-03,13,11363,A,76
13586,2025-11-03,14,3254,A,73
13587,2025-11-03,15,11045,B,52
13588,2025-11-03,16,4277,A,56
13589,2025-11-03,17,3463,A,60
13590,2025-11-03,18,15781,B,48
13591,2025-11-04,2,10565,A,46
13592,2025-11-04,3,9943,B,65
13593,2025-11-04,4,7624,B,54
13594,2025-11-04,5,10949,B,41
13595,2025-11-04,7,6044,B,58
13596,2025-11-04,8,8444,B,48
13597,2025-11-04,9,10257,B,68
13598,2025-11-04,10,15942,B,60
13599,2025-11-04,11,4984,B,49
13600,2025-11-04,12,10814,C,54
13601,2025-11-04,13,11940,A,83
13602,2025-11-04,14,2406,A,58
13603,2025-11-04,15,10203,A,54
13604,2025-11-04,16,4022,B,61
13605,2025-11-04,17,4117,C,30
13606,2025-11-04,18,16383,C,72
13607,2025-11-05,1,6801,B,59
13608,2025-11-05,2,10067,B,50
13609,2025-11-05,3,9772,B,77
13610,2025-11-05,4,5572,C,39
13611,2025-11-05,6,3977,B,55
13612,2025-11-05,7,6031,B,64
13613,2025-11-05,8,7916,C,44
13614,2025-11-05,9,9307,B,49
13615,2025-11-05,10,13987,C,47
13616,2025-11-05,11,5228,B,60
13617,2025-11-05,12,10794,A,67
13618,2025-11-05,13,12023,C,54
13619,2025-11-05,14,3961,B,41
13620,2025-11-05,15,11510,A,65
13621,2025-11-05,16,4603,B,38
13622,2025-11-05,17,3594,B,45
13623,2025-11-06,1,7479,B,57
13624,2025-11-06,2,10127,B,52
13625,2025-11-06,3,9441,A,68
13626,2025-11-06,4,5594,B,41
13627,2025-11-06,5,10579,B,50
13628,2025-11-06,6,4790,B,62
13629,2025-11-06,7,5888,C,62
13630,2025-11-06,8,7249,B,73
13631,2025-11-06,9,9095,B,62
13632,2025-11-06,10,12020,B,51
13633,2025-11-06,11,4714,B,54
13634,2025-11-06,12,10432,A,73
13635,2025-11-06,14,3542,B,53
13636,2025-11-06,15,10906,A,80
13637,2025-11-06,16,5167,A,66
13638,2025-11-06,17,3838,A,64
13639,2025-11-06,18,15572,B,58
13640,2025-11-07,1,6889,B,75
13641,2025-11-07,2,10581,A,45
13642,2025-11-07,3,8927,A,77
13643,2025-11-07,4,6640,A,71
13644,2025-11-07,5,8984,A,69
13645,2025-11-07,6,4759,B,47
13646,2025-11-07,7,6808,A,70
13647,2025-11-07,9,8811,A,51
13648,2025-11-07,10,13411,A,68
13649,2025-11-07,11,4919,B,53
13650,2025-11-07,12,11295,B,42
13651,2025-11-07,13,10508,B,54
13652,2025-11-07,14,3185,B,77
13653,2025-11-07,15,9917,A,72
13654,2025-11-07,16,4476,B,53
13655,2025-11-07,17,4310,C,50
13656,2025-11-07,18,14660,B,72
13657,2025-11-08,1,6810,A,77
13658,2025-11-08,2,10026,A,73
13659,2025-11-08,3,9438,B,55
13660,2025-11-08,4,7521,A,61
13661,2025-11-08,5,9456,A,51
13662,2025-11-08,7,6428,A,66
13663,2025-11-08,8,8151,A,66
13664,2025-11-08,9,8092,A,82
13665,2025-11-08,10,14178,B,75
13666,2025-11-08,12,10397,C,43
13667,2025-11-08,13,10574,B,59
13668,2025-11-08,14,3088,B,39
13669,2025-11-08,15,10138,C,44
13670,2025-11-09,1,6047,B,56
13671,2025-11-09,2,10441,A,74
13672,2025-11-09,3,8510,A,51
13673,2025-11-09,4,6048,C,53
13674,2025-11-09,5,11286,B,63
13675,2025-11-09,6,4487,A,60
13676,2025-11-09,7,6323,B,46
13677,2025-11-09,8,8699,B,50
13678,2025-11-09,9,9819,C,42
13679,2025-11-09,10,13831,C,33
13680,2025-11-09,11,4984,C,58
13681,2025-11-09,12,10786,A,74
13682,2025-11-09,14,3258,B,67
13683,2025-11-09,15,10668,B,44
13684,2025-11-09,16,5261,A,74
13685,2025-11-09,17,3710,C,43
13686,2025-11-09,18,13504,A,48
13687,2025-11-10,2,9083,B,56
13688,2025-11-10,3,9637,A,59
13689,2025-11-10,4,5250,A,85
13690,2025-11-10,5,10068,B,51
13691,2025-11-10,6,3917,B,59
13692,2025-11-10,7,6600,B,46
13693,2025-11-10,8,9570,C,43
13694,2025-11-10,9,8535,A,72
13695,2025-11-10,10,12378,B,60
13696,2025-11-10,11,4939,A,72
13697,2025-11-10,12,11561,C,60
13698,2025-11-10,13,11219,B,69
13699,2025-11-10,14,3588,B,53
13700,2025-11-10,16,5070,B,61
13701,2025-11-10,17,4001,B,52
13702,2025-11-10,18,13520,B,79
13703,2025-11-11,1,7135,C,59
13704,2025-11-11,2,10888,B,53
13705,2025-11-11,3,10210,A,54
13706,2025-11-11,5,10271,A,66
13707,2025-11-11,6,4249,B,50
13708,2025-11-11,7,6068,A,62
13709,2025-11-11,8,6901,B,65
13710,2025-11-11,10,11955,B,57
13711,2025-11-11,11,5184,A,76
13712,2025-11-11,12,11260,C,44
13713,2025-11-11,13,10544,C,39
13714,2025-11-11,14,2879,A,47
13715,2025-11-11,15,10469,A,59
13716,2025-11-11,16,5036,B,50
13717,2025-11-11,17,3971,B,60
13718,2025-11-11,18,16241,C,40
13719,2025-11-12,1,7959,C,39
13720,2025-11-12,2,10706,B,36
13721,2025-11-12,3,9793,A,66
13722,2025-11-12,4,7049,A,70
13723,2025-11-12,5,10826,C,54
13724,2025-11-12,6,4164,C,42
13725,2025-11-12,7,5815,B,70
13726,2025-11-12,8,7862,B,50
13727,2025-11-12,10,12934,A,59
13728,2025-11-12,11,4810,A,66
13729,2025-11-12,13,11657,C,52
13730,2025-11-12,14,3355,A,63
13731,2025-11-12,15,11109,B,59
13732,2025-11-12,16,5195,A,51
13733,2025-11-12,17,3593,B,63
13734,2025-11-12,18,12345,B,61
13735,2025-11-13,1,6618,A,54
13736,2025-11-13,2,10005,A,66
13737,2025-11-13,4,6311,B,57
13738,2025-11-13,5,10775,C,43
13739,2025-11-13,6,4779,A,78
13740,2025-11-13,7,5900,B,60
13741,2025-11-13,8,8189,B,63
13742,2025-11-13,9,7729,B,44
13743,2025-11-13,11,5097,A,73
13744,2025-11-13,13,13476,A,62
13745,2025-11-13,14,3874,B,77
13746,2025-11-13,15,9964,B,73
13747,2025-11-13,16,4723,C,62
13748,2025-11-13,17,3537,B,46
13749,2025-11-13,18,14594,B,48
13750,2025-11-14,1,6904,C,77
13751,2025-11-14,2,11270,A,78
13752,2025-11-14,3,9281,A,71
13753,2025-11-14,4,6369,B,67
13754,2025-11-14,5,10434,B,55
13755,2025-11-14,6,4530,A,66
13756,2025-11-14,7,6200,C,39
13757,2025-11-14,8,9297,C,64
13758,2025-11-14,9,7991,B,60
13759,2025-11-14,10,15487,B,43
13760,2025-11-14,11,4928,C,68
13761,2025-11-14,12,11035,A,84
13762,2025-11-14,13,10950,A,68
13763,2025-11-14,14,3085,B,62
13764,2025-11-14,15,9392,A,74
13765,2025-11-14,16,4741,A,61
13766,2025-11-14,17,3621,B,68
13767,2025-11-14,18,14472,B,40
13768,2025-11-15,2,11508,B,50
13769,2025-11-15,3,8087,B,64
13770,2025-11-15,5,10036,A,80
13771,2025-11-15,6,4026,A,70
13772,2025-11-15,7,5674,B,45
13773,2025-11-15,8,7238,B,65
13774,2025-11-15,9,9087,C,38
13775,2025-11-15,10,14757,A,77
13776,2025-11-15,11,4929,B,64
13777,2025-11-15,13,11015,A,84
13778,2025-11-15,15,10153,B,58
13779,2025-11-15,16,5206,C,58
13780,2025-11-15,17,4117,B,44
13781,2025-11-15,18,15068,C,44
13782,2025-11-16,1,7641,A,83
13783,2025-11-16,3,9433,B,61
13784,2025-11-16,4,6975,B,36
13785,2025-11-16,7,5951,A,66
13786,2025-11-16,8,9618,C,55
13787,2025-11-16,9,9314,B,42
13788,2025-11-16,10,14912,B,72
13789,2025-11-16,11,5096,B,75
13790,2025-11-16,12,9504,A,71
13791,2025-11-16,13,11922,B,43
13792,2025-11-16,14,3991,A,42
13793,2025-11-16,15,10374,C,55
13794,2025-11-16,16,4363,B,44
13795,2025-11-16,17,3608,A,63
13796,2025-11-16,18,13127,B,57
13797,2025-11-17,1,6733,A,72
13798,2025-11-17,2,10052,B,63
13799,2025-11-17,3,9345,A,68
13800,2025-11-17,4,6568,A,59
13801,2025-11-17,5,10906,B,64
13802,2025-11-17,6,3973,C,56
13803,2025-11-17,7,5943,B,54
13804,2025-11-17,8,8419,B,66
13805,2025-11-17,9,9453,A,69
13806,2025-11-17,10,13660,B,57
13807,2025-11-17,11,5079,C,42
13808,2025-11-17,12,10529,C,41
13809,2025-11-17,13,10901,A,50
13810,2025-11-17,14,3565,A,57
13811,2025-11-17,15,9225,B,64
13812,2025-11-17,16,4051,B,45
13813,2025-11-17,17,3713,A,62
13814,2025-11-17,18,15914,B,62
13815,2025-11-18,1,6936,B,63
13816,2025-11-18,2,10046,A,79
13817,2025-11-18,3,7671,B,34
13818,2025-11-18,4,7187,A,62
13819,2025-11-18,5,10658,C,56
13820,2025-11-18,6,4607,C,64
13821,2025-11-18,7,7253,A,59
13822,2025-11-18,8,8264,B,47
13823,2025-11-18,9,8880,A,70
13824,2025-11-18,10,11833,A,52
13825,2025-11-18,12,9824,A,75
13826,2025-11-18,13,12022,C,31
13827,2025-11-18,14,3427,C,42
13828,2025-11-18,16,4720,B,49
13829,2025-11-18,18,13846,A,71
13830,2025-11-19,1,7115,A,65
13831,2025-11-19,2,9900,B,60
13832,2025-11-19,3,8182,C,61
13833,2025-11-19,4,5335,C,32
13834,2025-11-19,5,9996,B,62
13835,2025-11-19,6,4196,C,36
13836,2025-11-19,7,4823,A,71
13837,2025-11-19,8,8196,A,30
13838,2025-11-19,9,10942,A,61
13839,2025-11-19,10,13248,B,51
13840,2025-11-19,11,5014,A,48
13841,2025-11-19,12,11260,B,69
13842,2025-11-19,13,10755,B,45
13843,2025-11-19,14,3531,C,54
13844,2025-11-19,16,5253,B,56
13845,2025-11-19,17,3898,B,45
13846,2025-11-19,18,16813,A,76
13847,2025-11-20,1,6886,A,47
13848,2025-11-20,3,8816,A,59
13849,2025-11-20,5,11090,B,62
13850,2025-11-20,7,6110,A,44
13851,2025-11-20,8,8037,A,66
13852,2025-11-20,9,8934,B,67
13853,2025-11-20,10,13464,C,30
13854,2025-11-20,11,4921,B,54
13855,2025-11-20,12,11280,A,77
13856,2025-11-20,13,13084,C,37
13857,2025-11-20,14,3284,B,57
13858,2025-11-20,15,9874,B,53
13859,2025-11-20,17,3736,B,63
13860,2025-11-20,18,14649,C,61
13861,2025-11-21,3,8803,A,61
13862,2025-11-21,4,6291,A,62
13863,2025-11-21,5,10101,B,58
13864,2025-11-21,6,4669,B,48
13865,2025-11-21,9,8932,A,71
13866,2025-11-21,10,13202,A,62
13867,2025-11-21,11,4990,B,66
13868,2025-11-21,12,8978,A,71
13869,2025-11-21,13,11726,C,52
13870,2025-11-21,14,3746,B,30
13871,2025-11-21,15,10071,A,51
13872,2025-11-21,16,5224,A,56
13873,2025-11-21,17,3394,B,51
13874,2025-11-21,18,15298,B,53
13875,2025-11-22,1,6890,C,75
13876,2025-11-22,2,10478,C,41
13877,2025-11-22,3,8147,A,57
13878,2025-11-22,4,6772,A,66
13879,2025-11-22,6,4675,B,53
13880,2025-11-22,7,6259,C,52
13881,2025-11-22,8,7616,B,51
13882,2025-11-22,10,13809,A,67
13883,2025-11-22,11,4774,A,45
13884,2025-11-22,12,9888,C,57
13885,2025-11-22,13,10845,B,55
13886,2025-11-22,15,9912,A,45
13887,2025-11-22,16,4100,C,57
13888,2025-11-22,17,3404,B,56
13889,2025-11-23,1,7368,A,51
13890,2025-11-23,3,9301,A,63
13891,2025-11-23,4,6616,C,44
13892,2025-11-23,5,9586,B,60
13893,2025-11-23,6,4968,B,47
13894,2025-11-23,7,6573,A,62
13895,2025-11-23,8,8558,B,40
13896,2025-11-23,10,14235,B,60
13897,2025-11-23,11,4917,A,64
13898,2025-11-23,13,10874,B,64
13899,2025-11-23,14,2861,C,43
13900,2025-11-23,15,11448,C,60
13901,2025-11-23,16,5012,B,81
13902,2025-11-23,17,3100,B,66
13903,2025-11-23,18,15717,B,51
13904,2025-11-24,1,6228,B,71
13905,2025-11-24,2,11249,B,48
13906,2025-11-24,3,9201,B,51
13907,2025-11-24,4,7355,A,66
13908,2025-11-24,5,9407,A,54
13909,2025-11-24,8,8072,B,34
13910,2025-11-24,9,9548,A,58
13911,2025-11-24,10,14687,B,57
13912,2025-11-24,11,5886,A,51
13913,2025-11-24,12,10198,B,51
13914,2025-11-24,14,3287,C,56
13915,2025-11-24,15,11236,A,65
13916,2025-11-24,16,5145,A,68
13917,2025-11-24,17,3445,A,64
13918,2025-11-25,1,6857,C,41
13919,2025-11-25,2,9644,A,70
13920,2025-11-25,3,8880,C,72
13921,2025-11-25,4,5886,A,71
13922,2025-11-25,5,9984,C,44
13923,2025-11-25,6,4598,B,59
13924,2025-11-25,7,5868,C,40
13925,2025-11-25,9,9976,C,51
13926,2025-11-25,10,13443,C,60
13927,2025-11-25,14,3131,C,64
13928,2025-11-25,15,9196,A,67
13929,2025-11-25,17,3924,B,47
13930,2025-11-25,18,14889,C,69
13931,2025-11-26,1,6405,C,44
13932,2025-11-26,2,10756,B,54
13933,2025-11-26,3,8475,B,64
13934,2025-11-26,4,6939,C,61
13935,2025-11-26,5,11213,B,52
13936,2025-11-26,6,4331,A,75
13937,2025-11-26,7,5087,B,58
13938,2025-11-26,8,10051,C,78
13939,2025-11-26,9,8016,A,63
13940,2025-11-26,10,11655,C,48
13941,2025-11-26,11,4950,B,60
13942,2025-11-26,12,10385,B,47
13943,2025-11-26,13,10253,A,59
13944,2025-11-26,14,3317,A,74
13945,2025-11-26,15,9771,A,72
13946,2025-11-26,16,5226,A,64
13947,2025-11-26,17,4081,C,57
13948,2025-11-26,18,15839,A,74
13949,2025-11-27,1,7434,A,81
13950,2025-11-27,2,10943,B,52
13951,2025-11-27,3,9777,B,60
13952,2025-11-27,4,7223,B,58
13953,2025-11-27,5,9549,A,68
13954,2025-11-27,6,4553,B,88
13955,2025-11-27,7,6301,A,68
13956,2025-11-27,8,8607,B,56
13957,2025-11-27,9,8921,B,65
13958,2025-11-27,10,13218,B,52
13959,2025-11-27,11,4906,A,78
13960,2025-11-27,12,10090,B,63
13961,2025-11-27,13,10801,A,46
13962,2025-11-27,14,3323,B,48
13963,2025-11-27,15,10900,A,76
13964,2025-11-27,17,3892,B,47
13965,2025-11-27,18,15991,C,48
13966,2025-11-28,1,5958,B,58
13967,2025-11-28,2,11870,C,51
13968,2025-11-28,3,10215,B,50
13969,2025-11-28,4,7941,A,47
13970,2025-11-28,5,10360,C,58
13971,2025-11-28,6,4646,C,43
13972,2025-11-28,7,5814,C,36
13973,2025-11-28,8,8737,A,54
13974,2025-11-28,10,13797,B,56
13975,2025-11-28,12,11692,B,57
13976,2025-11-28,13,10898,B,38
13977,2025-11-28,14,3718,C,30
13978,2025-11-28,16,6090,B,63
13979,2025-11-28,18,14472,A,82
13980,2025-11-29,1,6482,B,52
13981,2025-11-29,2,9584,C,56
13982,2025-11-29,3,8671,A,68
13983,2025-11-29,4,6648,A,55
13984,2025-11-29,5,9670,C,62
13985,2025-11-29,6,4453,A,60
13986,2025-11-29,8,9086,A,58
13987,2025-11-29,9,9527,A,66
13988,2025-11-29,10,15094,A,66
13989,2025-11-29,11,4929,B,57
13990,2025-11-29,12,8637,C,55
13991,2025-11-29,13,11397,B,65
13992,2025-11-29,14,3582,B,71
13993,2025-11-29,15,10172,A,63
13994,2025-11-29,16,4037,B,61
13995,2025-11-29,17,3653,B,76
13996,2025-11-29,18,15942,A,65
13997,2025-11-30,1,6990,B,74
13998,2025-11-30,2,8119,B,78
13999,2025-11-30,4,7093,B,52
14000,2025-11-30,7,5952,B,43
14001,2025-11-30,8,7381,A,84
14002,2025-11-30,9,9105,B,66
14003,2025-11-30,10,13124,A,75
14004,2025-11-30,11,5176,B,45
14005,2025-11-30,13,11164,B,78
14006,2025-11-30,14,3464,B,43
14007,2025-11-30,15,9277,B,63
14008,2025-11-30,16,5424,A,68
14009,2025-11-30,18,16886,B,63
14010,2025-12-01,1,7635,A,73
14011,2025-12-01,2,10862,B,56
14012,2025-12-01,3,9374,B,49
14013,2025-12-01,4,5916,A,65
14014,2025-12-01,5,8973,B,45
14015,2025-12-01,6,4607,C,58
14016,2025-12-01,7,7064,C,50
14017,2025-12-01,8,9495,B,67
14018,2025-12-01,9,9495,A,67
14019,2025-12-01,10,14313,A,55
14020,2025-12-01,11,4370,C,49
14021,2025-12-01,13,10050,A,88
14022,2025-12-01,14,3392,B,62
14023,2025-12-01,15,9649,B,57
14024,2025-12-01,16,4735,A,46
14025,2025-12-01,17,3775,B,58
14026,2025-12-01,18,16287,C,52
14027,2025-12-02,1,6749,A,69
14028,2025-12-02,2,12247,B,49
14029,2025-12-02,3,8762,B,57
14030,2025-12-02,6,4619,C,45
14031,2025-12-02,7,7392,B,30
14032,2025-12-02,8,6656,C,47
14033,2025-12-02,9,8511,A,53
14034,2025-12-02,10,14068,A,45
14035,2025-12-02,11,5483,B,45
14036,2025-12-02,12,10524,A,60
14037,2025-12-02,13,11046,B,69
14038,2025-12-02,14,3106,C,63
14039,2025-12-02,15,9784,B,48
14040,2025-12-02,16,4256,A,67
14041,2025-12-02,17,4223,A,69
14042,2025-12-03,1,6484,A,51
14043,2025-12-03,2,11766,B,58
14044,2025-12-03,3,8919,A,66
14045,2025-12-03,5,10048,B,46
14046,2025-12-03,7,6307,B,75
14047,2025-12-03,9,10234,A,67
14048,2025-12-03,10,13797,A,58
14049,2025-12-03,11,5319,A,61
14050,2025-12-03,12,10143,B,63
14051,2025-12-03,13,11320,A,75
14052,2025-12-03,14,2801,C,30
14053,2025-12-03,15,10432,A,75
14054,2025-12-03,16,4683,C,60
14055,2025-12-03,17,3661,C,58
14056,2025-12-03,18,15628,C,40
14057,2025-12-04,1,7806,B,55
14058,2025-12-04,2,10885,B,79
14059,2025-12-04,3,9554,A,65
14060,2025-12-04,4,6911,B,48
14061,2025-12-04,5,10647,A,45
14062,2025-12-04,6,4027,B,61
14063,2025-12-04,7,5969,B,54
14064,2025-12-04,8,8022,B,62
14065,2025-12-04,9,9823,A,64
14066,2025-12-04,11,4560,A,63
14067,2025-12-04,12,11897,A,46
14068,2025-12-04,13,10838,B,64
14069,2025-12-04,14,3424,C,39
14070,2025-12-04,15,11597,A,51
14071,2025-12-04,16,4998,C,36
14072,2025-12-04,18,14261,B,54
14073,2025-12-05,1,5999,C,62
14074,2025-12-05,3,7642,B,64
14075,2025-12-05,4,7566,B,55
14076,2025-12-05,5,10388,C,72
14077,2025-12-05,6,5018,B,47
14078,2025-12-05,7,5615,B,48
14079,2025-12-05,8,8716,B,45
14080,2025-12-05,9,8121,B,66
14081,2025-12-05,11,4144,A,66
14082,2025-12-05,12,9547,C,52
14083,2025-12-05,14,3609,B,52
14084,2025-12-05,15,9645,B,32
14085,2025-12-05,16,5295,B,59
14086,2025-12-05,17,3948,B,59
14087,2025-12-05,18,14417,B,49
14088,2025-12-06,2,11396,C,44
14089,2025-12-06,3,9971,B,59
14090,2025-12-06,4,6154,A,65
14091,2025-12-06,5,9228,B,53
14092,2025-12-06,6,4664,A,60
14093,2025-12-06,7,6431,B,62
14094,2025-12-06,8,8474,A,67
14095,2025-12-06,9,8317,A,78
14096,2025-12-06,10,13116,A,69
14097,2025-12-06,11,4667,A,49
14098,2025-12-06,13,12250,C,59
14099,2025-12-06,14,3364,C,30
14100,2025-12-06,15,9368,B,58
14101,2025-12-06,16,5562,B,42
14102,2025-12-06,17,3907,C,45
14103,2025-12-06,18,15811,C,42
14104,2025-12-07,1,7024,B,52
14105,2025-12-07,2,9871,A,52
14106,2025-12-07,3,9072,A,70
14107,2025-12-07,4,7202,B,50
14108,2025-12-07,6,4406,A,55
14109,2025-12-07,7,7083,B,45
14110,2025-12-07,8,8217,B,48
14111,2025-12-07,9,8338,B,62
14112,2025-12-07,10,13736,A,74
14113,2025-12-07,11,4965,C,64
14114,2025-12-07,12,11037,B,72
14115,2025-12-07,13,11339,B,57
14116,2025-12-07,16,5445,B,52
14117,2025-12-07,17,3096,B,59
14118,2025-12-07,18,16579,B,68
14119,2025-12-08,2,11113,B,60
14120,2025-12-08,3,8723,B,73
14121,2025-12-08,5,10378,B,77
14122,2025-12-08,6,4080,B,60
14123,2025-12-08,7,6076,C,44
14124,2025-12-08,9,9594,B,51
14125,2025-12-08,10,13045,B,54
14126,2025-12-08,11,6108,B,59
14127,2025-12-08,13,11621,A,65
14128,2025-12-08,14,3519,B,59
14129,2025-12-08,15,11048,A,80
14130,2025-12-08,16,4511,B,56
14131,2025-12-08,17,3964,A,72
14132,2025-12-08,18,18852,B,62
14133,2025-12-09,1,6231,C,61
14134,2025-12-09,2,11138,A,66
14135,2025-12-09,3,8956,A,67
14136,2025-12-09,5,10368,B,68
14137,2025-12-09,6,4193,B,47
14138,2025-12-09,7,5019,A,76
14139,2025-12-09,8,7676,C,59
14140,2025-12-09,9,8165,A,45
14141,2025-12-09,10,14308,B,50
14142,2025-12-09,11,5283,C,57
14143,2025-12-09,12,9811,A,57
14144,2025-12-09,13,9438,A,52
14145,2025-12-09,14,3370,A,57
14146,2025-12-09,15,9025,B,64
14147,2025-12-09,16,5331,C,40
14148,2025-12-09,17,3652,B,62
14149,2025-12-09,18,16627,A,68
14150,2025-12-10,1,7169,A,73
14151,2025-12-10,2,11613,A,70
14152,2025-12-10,3,8993,A,51
14153,2025-12-10,4,7067,A,55
14154,2025-12-10,5,10199,C,54
14155,2025-12-10,6,4956,B,60
14156,2025-12-10,7,6531,A,80
14157,2025-12-10,8,7330,B,57
14158,2025-12-10,9,8859,B,72
14159,2025-12-10,10,12965,A,65
14160,2025-12-10,12,10464,A,75
14161,2025-12-10,13,11027,B,56
14162,2025-12-10,14,3851,B,62
14163,2025-12-10,15,11393,B,54
14164,2025-12-10,16,5042,B,57
14165,2025-12-10,17,3559,A,77
14166,2025-12-10,18,13973,B,55
14167,2025-12-11,1,6917,B,67
14168,2025-12-11,2,13068,B,45
14169,2025-12-11,3,7771,C,45
14170,2025-12-11,4,6919,A,72
14171,2025-12-11,5,9783,B,63
14172,2025-12-11,6,4537,A,47
14173,2025-12-11,8,8812,B,58
14174,2025-12-11,9,9431,B,62
14175,2025-12-11,10,13998,B,62
14176,2025-12-11,11,4784,C,60
14177,2025-12-11,12,9839,B,55
14178,2025-12-11,13,12328,B,44
14179,2025-12-11,14,3728,B,63
14180,2025-12-11,15,10066,B,56
14181,2025-12-11,16,4633,B,59
14182,2025-12-11,18,14470,A,70
14183,2025-12-12,1,6479,C,40
14184,2025-12-12,2,11041,A,47
14185,2025-12-12,3,10099,A,51
14186,2025-12-12,4,6045,B,59
14187,2025-12-12,5,10384,B,55
14188,2025-12-12,6,4290,A,60
14189,2025-12-12,8,8790,C,49
14190,2025-12-12,9,9052,B,78
14191,2025-12-12,10,13639,A,66
14192,2025-12-12,11,5041,C,60
14193,2025-12-12,12,9899,A,55
14194,2025-12-12,13,11024,C,64
14195,2025-12-12,14,3653,C,38
14196,2025-12-12,15,9606,A,55
14197,2025-12-12,16,4806,B,67
14198,2025-12-12,18,18226,B,59
14199,2025-12-13,1,6090,B,55
14200,2025-12-13,2,10269,C,54
14201,2025-12-13,3,9050,A,81
14202,2025-12-13,5,10594,B,50
14203,2025-12-13,6,4671,B,74
14204,2025-12-13,7,6287,B,62
14205,2025-12-13,8,9384,B,50
14206,2025-12-13,9,9288,B,34
14207,2025-12-13,10,13985,A,83
14208,2025-12-13,11,5166,A,59
14209,2025-12-13,13,10738,B,46
14210,2025-12-13,15,8899,A,85
14211,2025-12-13,16,4611,A,53
14212,2025-12-13,17,3700,B,50
14213,2025-12-14,1,7259,B,47
14214,2025-12-14,3,9340,B,61
14215,2025-12-14,5,8780,C,64
14216,2025-12-14,6,4196,A,61
14217,2025-12-14,7,6423,C,41
14218,2025-12-14,8,7802,B,72
14219,2025-12-14,9,8324,B,69
14220,2025-12-14,10,13243,C,60
14221,2025-12-14,11,4530,B,63
14222,2025-12-14,12,11140,B,70
14223,2025-12-14,13,13490,A,58
14224,2025-12-14,14,3043,A,67
14225,2025-12-14,15,10783,A,66
14226,2025-12-14,16,4904,C,61
14227,2025-12-14,17,3305,B,47
14228,2025-12-14,18,15475,C,50
14229,2025-12-15,1,7138,A,65
14230,2025-12-15,2,9190,C,43
14231,2025-12-15,3,9707,A,84
14232,2025-12-15,4,7193,C,55
14233,2025-12-15,5,9766,B,54
14234,2025-12-15,6,5027,A,62
14235,2025-12-15,7,6163,C,47
14236,2025-12-15,8,8790,B,63
14237,2025-12-15,10,13376,A,44
14238,2025-12-15,11,5008,A,66
14239,2025-12-15,12,10300,B,69
14240,2025-12-15,13,13072,B,64
14241,2025-12-15,15,10066,C,41
14242,2025-12-15,16,4604,A,57
14243,2025-12-15,17,3255,A,74
14244,2025-12-15,18,14232,C,34
14245,2025-12-16,1,6731,A,69
14246,2025-12-16,2,10110,A,51
14247,2025-12-16,4,6049,A,66
14248,2025-12-16,5,9998,C,59
14249,2025-12-16,6,4974,A,68
14250,2025-12-16,7,5807,B,77
14251,2025-12-16,8,8139,A,47
14252,2025-12-16,9,8654,A,54
14253,2025-12-16,10,13855,B,59
14254,2025-12-16,12,11504,C,55
14255,2025-12-16,13,11838,A,65
14256,2025-12-16,15,10345,B,55
14257,2025-12-16,16,4487,B,53
14258,2025-12-16,18,17346,A,72
14259,2025-12-17,1,7787,A,59
14260,2025-12-17,2,10354,B,51
14261,2025-12-17,3,9362,C,55
14262,2025-12-17,4,6262,B,50
14263,2025-12-17,5,10415,A,70
14264,2025-12-17,6,4320,B,41
14265,2025-12-17,7,6703,C,41
14266,2025-12-17,8,9121,B,35
14267,2025-12-17,9,8864,A,49
14268,2025-12-17,10,13971,A,61
14269,2025-12-17,11,4616,B,55
14270,2025-12-17,12,9745,A,66
14271,2025-12-17,13,12451,A,67
14272,2025-12-17,14,3558,B,61
14273,2025-12-17,15,9471,A,58
14274,2025-12-17,16,5076,C,38
14275,2025-12-17,18,16033,B,71
14276,2025-12-18,1,6204,B,55
14277,2025-12-18,2,10256,A,69
14278,2025-12-18,3,8827,B,57
14279,2025-12-18,4,7708,B,46
14280,2025-12-18,5,11180,A,69
14281,2025-12-18,7,5999,A,85
14282,2025-12-18,8,9009,C,47
14283,2025-12-18,9,9273,A,69
14284,2025-12-18,10,13744,A,73
14285,2025-12-18,12,9529,A,76
14286,2025-12-18,15,9945,A,45
14287,2025-12-18,18,14461,A,90
14288,2025-12-19,1,5957,B,59
14289,2025-12-19,2,10835,B,64
14290,2025-12-19,3,9631,B,57
14291,2025-12-19,4,6722,B,56
14292,2025-12-19,5,9576,A,51
14293,2025-12-19,6,3548,B,45
14294,2025-12-19,7,5462,B,51
14295,2025-12-19,9,9175,A,65
14296,2025-12-19,10,15625,A,56
14297,2025-12-19,11,5376,C,55
14298,2025-12-19,12,12222,B,57
14299,2025-12-19,13,10692,B,64
14300,2025-12-19,14,3516,A,61
14301,2025-12-19,15,9809,B,37
14302,2025-12-19,16,4816,A,67
14303,2025-12-19,17,4030,C,32
14304,2025-12-19,18,14190,B,54
14305,2025-12-20,1,6409,A,61
14306,2025-12-20,2,10001,B,69
14307,2025-12-20,3,7485,B,49
14308,2025-12-20,4,7718,B,42
14309,2025-12-20,5,9799,A,64
14310,2025-12-20,7,5183,B,77
14311,2025-12-20,8,8102,B,50
14312,2025-12-20,9,9117,B,44
14313,2025-12-20,10,12659,B,53
14314,2025-12-20,11,5404,A,70
14315,2025-12-20,12,10033,A,53
14316,2025-12-20,13,10982,B,52
14317,2025-12-20,14,4126,A,55
14318,2025-12-20,15,10124,B,65
14319,2025-12-20,17,3664,A,74
14320,2025-12-20,18,15795,B,50
14321,2025-12-21,1,6760,B,50
14322,2025-12-21,2,11665,A,74
14323,2025-12-21,3,8948,C,44
14324,2025-12-21,4,6871,B,47
14325,2025-12-21,5,9788,B,44
14326,2025-12-21,6,4007,A,67
14327,2025-12-21,7,6824,A,54
14328,2025-12-21,8,8968,B,49
14329,2025-12-21,10,13678,C,42
14330,2025-12-21,11,5296,B,59
14331,2025-12-21,12,9479,A,73
14332,2025-12-21,14,3372,A,50
14333,2025-12-21,15,9659,B,48
14334,2025-12-21,16,4787,A,55
14335,2025-12-21,18,15471,B,38
14336,2025-12-22,1,6917,C,43
14337,2025-12-22,2,10705,A,54
14338,2025-12-22,4,5895,A,65
14339,2025-12-22,5,9552,A,63
14340,2025-12-22,6,4537,B,47
14341,2025-12-22,7,6505,B,68
14342,2025-12-22,8,8759,B,51
14343,2025-12-22,9,8882,A,66
14344,2025-12-22,10,12018,C,65
14345,2025-12-22,11,4862,C,35
14346,2025-12-22,12,9114,A,83
14347,2025-12-22,13,10964,B,64
14348,2025-12-22,15,8953,A,73
14349,2025-12-22,16,4771,A,57
14350,2025-12-22,17,3419,A,69
14351,2025-12-22,18,16442,A,70
14352,2025-12-23,1,6654,C,33
14353,2025-12-23,2,10697,B,44
14354,2025-12-23,3,9332,A,71
14355,2025-12-23,4,7407,C,52
14356,2025-12-23,7,6243,A,75
14357,2025-12-23,8,7872,B,57
14358,2025-12-23,10,14158,A,90
14359,2025-12-23,11,5352,B,68
14360,2025-12-23,12,11501,B,83
14361,2025-12-23,14,3265,B,59
14362,2025-12-23,15,12434,B,58
14363,2025-12-23,16,5147,A,71
14364,2025-12-23,17,3229,B,63
14365,2025-12-23,18,16091,A,67
14366,2025-12-24,1,6976,A,73
14367,2025-12-24,2,10424,C,44
14368,2025-12-24,3,9359,C,87
14369,2025-12-24,4,6588,B,67
14370,2025-12-24,5,10835,A,63
14371,2025-12-24,6,4005,C,64
14372,2025-12-24,8,7443,A,67
14373,2025-12-24,9,8099,A,71
14374,2025-12-24,10,12522,C,55
14375,2025-12-24,11,5188,C,57
14376,2025-12-24,12,10301,B,54
14377,2025-12-24,13,11763,A,70
14378,2025-12-24,14,3608,B,63
14379,2025-12-24,15,9093,B,52
14380,2025-12-24,16,4837,C,58
14381,2025-12-24,17,4237,B,55
14382,2025-12-24,18,15090,A,77
14383,2025-12-25,1,6106,B,64
14384,2025-12-25,2,10838,C,36
14385,2025-12-25,3,8509,C,53
14386,2025-12-25,4,7300,A,62
14387,2025-12-25,5,9346,B,54
14388,2025-12-25,6,4387,A,81
14389,2025-12-25,7,5937,A,51
14390,2025-12-25,8,8136,A,58
14391,2025-12-25,9,8763,B,55
14392,2025-12-25,10,13443,A,63
14393,2025-12-25,11,5117,C,37
14394,2025-12-25,12,10375,A,55
14395,2025-12-25,13,11907,A,58
14396,2025-12-25,14,3648,B,62
14397,2025-12-25,15,10354,C,30
14398,2025-12-25,16,4922,A,61
14399,2025-12-25,17,4024,B,45
14400,2025-12-25,18,14745,B,47
14401,2025-12-26,1,7569,B,62
14402,2025-12-26,2,11412,B,52
14403,2025-12-26,3,8506,B,54
14404,2025-12-26,4,6928,A,80
14405,2025-12-26,5,10555,B,83
14406,2025-12-26,6,4669,B,60
14407,2025-12-26,7,5666,B,48
14408,2025-12-26,8,9338,A,59
14409,2025-12-26,9,9382,B,31
14410,2025-12-26,10,13340,B,51
14411,2025-12-26,11,4815,B,55
14412,2025-12-26,12,10455,B,46
14413,2025-12-26,13,12873,C,39
14414,2025-12-26,14,3492,A,48
14415,2025-12-26,15,8759,B,73
14416,2025-12-26,16,3903,B,58
14417,2025-12-26,17,3279,A,72
14418,2025-12-26,18,15219,A,67
14419,2025-12-27,1,6740,A,73
14420,2025-12-27,2,9962,B,53
14421,2025-12-27,3,8940,A,49
14422,2025-12-27,4,6060,B,64
14423,2025-12-27,5,8816,A,47
14424,2025-12-27,6,4678,A,57
14425,2025-12-27,7,5985,B,57
14426,2025-12-27,8,9092,A,55
14427,2025-12-27,9,8170,B,60
14428,2025-12-27,10,14058,B,43
14429,2025-12-27,11,4862,B,43
14430,2025-12-27,12,11448,B,59
14431,2025-12-27,13,10691,B,57
14432,2025-12-27,14,3846,A,59
14433,2025-12-27,15,8575,B,62
14434,2025-12-28,1,7391,C,43
14435,2025-12-28,2,10141,A,67
14436,2025-12-28,3,8373,B,72
14437,2025-12-28,4,7005,A,71
14438,2025-12-28,5,9748,A,70
14439,2025-12-28,6,3806,B,52
14440,2025-12-28,7,5148,C,42
14441,2025-12-28,8,7587,A,52
14442,2025-12-28,9,9942,B,60
14443,2025-12-28,10,13141,B,63
14444,2025-12-28,11,5093,A,67
14445,2025-12-28,12,10438,C,45
14446,2025-12-28,13,10617,A,69
14447,2025-12-28,14,3153,B,54
14448,2025-12-28,15,10286,B,53
14449,2025-12-28,16,4174,C,44
14450,2025-12-28,17,3660,B,63
14451,2025-12-28,18,15255,A,74
14452,2025-12-29,1,6971,B,37
14453,2025-12-29,3,9628,A,68
14454,2025-12-29,4,8129,C,63
14455,2025-12-29,5,9937,A,46
14456,2025-12-29,6,4442,B,37
14457,2025-12-29,7,5834,B,61
14458,2025-12-29,8,7550,A,69
14459,2025-12-29,10,13094,A,58
14460,2025-12-29,11,6051,A,58
14461,2025-12-29,12,12576,A,52
14462,2025-12-29,13,8964,B,64
14463,2025-12-29,14,3261,A,54
14464,2025-12-29,15,10348,A,47
14465,2025-12-29,18,15436,C,64
14466,2025-12-30,1,7033,C,63
14467,2025-12-30,3,8754,B,47
14468,2025-12-30,4,7187,A,62
14469,2025-12-30,5,11573,A,64
14470,2025-12-30,6,3991,A,54
14471,2025-12-30,7,6045,B,48
14472,2025-12-30,8,9177,A,67
14473,2025-12-30,9,8194,C,71
14474,2025-12-30,10,15328,C,30
14475,2025-12-30,11,5185,B,47
14476,2025-12-30,12,10703,B,66
14477,2025-12-30,14,3451,B,62
14478,2025-12-30,15,11236,A,77
14479,2025-12-30,17,3569,B,62
14480,2025-12-30,18,14309,B,39
14481,2025-12-31,1,7094,C,62
14482,2025-12-31,2,10003,B,57
14483,2025-12-31,3,6922,B,47
14484,2025-12-31,5,9982,C,65
14485,2025-12-31,6,4812,B,55
14486,2025-12-31,7,6501,B,71
14487,2025-12-31,8,7571,A,83
14488,2025-12-31,9,10088,B,35
14489,2025-12-31,10,14062,A,77
14490,2025-12-31,11,4815,A,68
14491,2025-12-31,12,11490,B,63
14492,2025-12-31,13,12234,A,38
14493,2025-12-31,14,3632,C,47
14494,2025-12-31,15,10532,B,45
14495,2025-12-31,17,3803,B,52
14496,2025-12-31,18,16194,C,56
14497,2026-01-01,1,7028,C,37
14498,2026-01-01,2,10297,B,46
14499,2026-01-01,4,7509,A,66
14500,2026-01-01,5,8409,C,59
14501,2026-01-01,6,4770,A,61
14502,2026-01-01,7,6179,A,51
14503,2026-01-01,8,8667,A,65
14504,2026-01-01,9,8995,A,55
14505,2026-01-01,10,13132,C,63
14506,2026-01-01,11,4726,B,64
14507,2026-01-01,13,10853,B,46
14508,2026-01-01,14,3442,C,44
14509,2026-01-01,16,4674,B,76
14510,2026-01-01,17,3932,C,88
14511,2026-01-01,18,14959,B,35
14512,2026-01-02,1,7134,B,62
14513,2026-01-02,3,8271,B,63
14514,2026-01-02,4,7031,B,61
14515,2026-01-02,5,8574,C,52
14516,2026-01-02,6,4166,C,41
14517,2026-01-02,7,6593,C,37
14518,2026-01-02,8,7918,A,52
14519,2026-01-02,9,9405,B,47
14520,2026-01-02,10,13473,B,59
14521,2026-01-02,11,4864,A,55
14522,2026-01-02,13,13368,B,64
14523,2026-01-02,14,3742,B,64
14524,2026-01-02,15,9431,A,65
14525,2026-01-02,16,4699,A,69
14526,2026-01-02,17,3809,B,55
14527,2026-01-02,18,14378,C,44
14528,2026-01-03,1,7506,B,53
14529,2026-01-03,2,10930,B,49
14530,2026-01-03,3,7843,B,67
14531,2026-01-03,4,7030,A,60
14532,2026-01-03,5,10234,C,60
14533,2026-01-03,7,6868,B,75
14534,2026-01-03,9,8738,C,44
14535,2026-01-03,10,15559,B,53
14536,2026-01-03,11,5945,B,43
14537,2026-01-03,12,10093,A,45
14538,2026-01-03,13,11177,C,38
14539,2026-01-03,14,3213,B,52
14540,2026-01-03,15,11430,A,75
14541,2026-01-03,16,5149,B,73
14542,2026-01-03,17,3654,B,53
14543,2026-01-03,18,14982,A,45
14544,2026-01-04,1,6892,B,48
14545,2026-01-04,2,10871,C,44
14546,2026-01-04,3,8127,A,47
14547,2026-01-04,4,6310,B,64
14548,2026-01-04,5,10707,A,61
14549,2026-01-04,6,4322,A,65
14550,2026-01-04,7,6724,B,60
14551,2026-01-04,8,7815,A,69
14552,2026-01-04,9,9772,B,57
14553,2026-01-04,11,4901,A,48
14554,2026-01-04,12,10871,B,46
14555,2026-01-04,13,11545,B,54
14556,2026-01-04,14,3083,B,54
14557,2026-01-04,15,10964,B,55
14558,2026-01-04,16,4976,C,34
14559,2026-01-04,17,3644,C,71
14560,2026-01-04,18,15715,C,50
14561,2026-01-05,1,7170,B,54
14562,2026-01-05,2,11434,A,68
14563,2026-01-05,3,9099,B,35
14564,2026-01-05,5,10513,B,79
14565,2026-01-05,6,3679,A,66
14566,2026-01-05,7,6432,B,58
14567,2026-01-05,8,9090,C,48
14568,2026-01-05,9,9396,C,66
14569,2026-01-05,10,12991,C,63
14570,2026-01-05,11,5430,B,48
14571,2026-01-05,12,11022,C,43
14572,2026-01-05,13,10167,B,58
14573,2026-01-05,14,3477,C,35
14574,2026-01-05,15,9188,C,49
14575,2026-01-05,16,4145,B,77
14576,2026-01-05,17,3967,B,58
14577,2026-01-05,18,15518,B,55
14578,2026-01-06,1,6736,B,30
14579,2026-01-06,2,10587,B,65
14580,2026-01-06,3,9979,B,48
14581,2026-01-06,4,7487,B,49
14582,2026-01-06,5,10343,B,48
14583,2026-01-06,6,4609,B,36
14584,2026-01-06,8,8451,A,68
14585,2026-01-06,10,12996,C,63
14586,2026-01-06,11,4911,A,67
14587,2026-01-06,12,10105,B,50
14588,2026-01-06,13,11673,A,72
14589,2026-01-06,15,10237,B,57
14590,2026-01-06,16,4922,B,61
14591,2026-01-06,18,15937,A,60
14592,2026-01-07,1,7567,A,51
14593,2026-01-07,2,11039,C,37
14594,2026-01-07,3,9246,A,66
14595,2026-01-07,5,11155,C,51
14596,2026-01-07,6,4390,A,66
14597,2026-01-07,7,5713,A,68
14598,2026-01-07,8,8496,A,49
14599,2026-01-07,10,13145,A,71
14600,2026-01-07,11,5169,C,38
14601,2026-01-07,12,10731,A,47
14602,2026-01-07,13,9604,B,65
14603,2026-01-07,15,10324,A,69
14604,2026-01-07,16,5013,B,63
14605,2026-01-07,17,3711,B,75
14606,2026-01-08,2,10617,A,68
14607,2026-01-08,3,8582,A,83
14608,2026-01-08,4,7702,B,80
14609,2026-01-08,6,4836,B,55
14610,2026-01-08,7,6566,C,49
14611,2026-01-08,8,7015,B,62
14612,2026-01-08,10,13095,C,74
14613,2026-01-08,11,5384,B,57
14614,2026-01-08,12,11637,C,48
14615,2026-01-08,13,12044,B,70
14616,2026-01-08,14,3386,A,66
14617,2026-01-08,16,4760,A,69
14618,2026-01-08,17,3679,A,66
14619,2026-01-08,18,17025,B,58
14620,2026-01-09,1,7763,A,65
14621,2026-01-09,2,10932,A,49
14622,2026-01-09,3,9349,C,53
14623,2026-01-09,4,6863,B,47
14624,2026-01-09,5,10937,B,55
14625,2026-01-09,6,4094,B,56
14626,2026-01-09,9,9237,A,69
14627,2026-01-09,10,12341,A,82
14628,2026-01-09,11,4831,B,55
14629,2026-01-09,12,12344,C,30
14630,2026-01-09,13,12072,B,62
14631,2026-01-09,14,3301,C,63
14632,2026-01-09,15,10836,B,41
14633,2026-01-09,16,4865,C,58
14634,2026-01-09,18,15768,B,62
14635,2026-01-10,1,6763,C,56
14636,2026-01-10,2,10206,B,54
14637,2026-01-10,4,6423,A,50
14638,2026-01-10,5,8873,A,57
14639,2026-01-10,6,4266,C,30
14640,2026-01-10,7,6369,A,45
14641,2026-01-10,8,8181,A,67
14642,2026-01-10,9,9517,A,66
14643,2026-01-10,10,12512,B,48
14644,2026-01-10,12,11314,C,60
14645,2026-01-10,13,12652,B,48
14646,2026-01-10,14,3373,B,40
14647,2026-01-10,15,10885,C,59
14648,2026-01-10,16,4963,A,45
14649,2026-01-10,17,3552,B,41
14650,2026-01-10,18,14097,C,43
14651,2026-01-11,1,6008,A,66
14652,2026-01-11,3,8519,A,68
14653,2026-01-11,4,7466,A,72
14654,2026-01-11,6,3947,A,76
14655,2026-01-11,7,7150,C,40
14656,2026-01-11,8,8492,C,43
14657,2026-01-11,9,9574,B,51
14658,2026-01-11,10,12837,B,51
14659,2026-01-11,11,5735,A,61
14660,2026-01-11,14,3401,B,61
14661,2026-01-11,16,5188,A,75
14662,2026-01-11,17,3933,B,63
14663,2026-01-11,18,15084,B,59
14664,2026-01-12,1,12338,B,30
14665,2026-01-12,2,19062,A,65
14666,2026-01-12,3,14737,A,41
14667,2026-01-12,4,12160,A,64
14668,2026-01-12,5,15715,C,30
14669,2026-01-12,6,7429,A,60
14670,2026-01-12,7,9796,A,65
14671,2026-01-12,8,13641,B,61
14672,2026-01-12,9,16225,B,51
14673,2026-01-12,10,25919,B,62
14674,2026-01-12,11,9831,B,64
14675,2026-01-12,12,18102,A,85
14676,2026-01-12,13,20804,B,47
14677,2026-01-12,14,5958,B,51
14678,2026-01-12,15,17958,B,69
14679,2026-01-12,16,7691,B,49
14680,2026-01-12,17,6070,A,46
14681,2026-01-12,18,25519,B,75
14682,2026-01-13,1,11548,A,48
14683,2026-01-13,2,21462,B,63
14684,2026-01-13,3,13961,B,61
14685,2026-01-13,4,13201,B,66
14686,2026-01-13,6,7315,C,40
14687,2026-01-13,7,10128,B,63
14688,2026-01-13,8,13685,C,56
14689,2026-01-13,10,23993,B,49
14690,2026-01-13,11,9690,B,52
14691,2026-01-13,13,21466,A,65
14692,2026-01-13,14,6008,A,46
14693,2026-01-13,15,20574,A,63
14694,2026-01-13,17,6423,C,53
14695,2026-01-13,18,31516,B,56
14696,2026-01-14,1,13034,A,65
14697,2026-01-14,2,20697,B,57
14698,2026-01-14,3,15730,A,68
14699,2026-01-14,4,12155,A,69
14700,2026-01-14,5,18303,C,37
14701,2026-01-14,6,8722,C,63
14702,2026-01-14,7,11922,A,67
14703,2026-01-14,8,15664,A,59
14704,2026-01-14,10,24338,B,51
14705,2026-01-14,11,9687,A,43
14706,2026-01-14,12,21103,A,52
14707,2026-01-14,13,21267,C,50
14708,2026-01-14,14,5910,C,64
14709,2026-01-14,15,19742,C,47
14710,2026-01-14,16,9862,B,55
14711,2026-01-14,18,32161,A,64
14712,2026-01-15,1,11575,A,54
14713,2026-01-15,2,20757,C,53
14714,2026-01-15,3,16441,C,30
14715,2026-01-15,4,12386,C,55
14716,2026-01-15,5,18538,C,44
14717,2026-01-15,7,11394,A,73
14718,2026-01-15,8,15665,B,53
14719,2026-01-15,9,17890,B,37
14720,2026-01-15,10,27263,B,64
14721,2026-01-15,12,17695,B,44
14722,2026-01-15,13,19118,A,53
14723,2026-01-15,14,6526,C,78
14724,2026-01-15,15,18477,A,76
14725,2026-01-15,16,9798,C,53
14726,2026-01-15,17,6040,A,58
14727,2026-01-15,18,29192,A,63
14728,2026-01-16,1,11777,A,68
14729,2026-01-16,2,21175,B,63
14730,2026-01-16,3,16110,B,66
14731,2026-01-16,4,12937,A,62
14732,2026-01-16,5,18462,A,87
14733,2026-01-16,7,12331,C,67
14734,2026-01-16,8,14825,B,53
14735,2026-01-16,9,15745,A,83
14736,2026-01-16,10,27312,B,69
14737,2026-01-16,12,18321,B,57
14738,2026-01-16,13,16609,B,58
14739,2026-01-16,14,6202,B,76
14740,2026-01-16,15,15976,B,62
14741,2026-01-16,16,9399,A,58
14742,2026-01-16,17,5806,A,66
14743,2026-01-16,18,29654,A,68
14744,2026-01-17,1,10367,B,36
14745,2026-01-17,3,15696,A,72
14746,2026-01-17,4,12735,A,61
14747,2026-01-17,5,17008,A,65
14748,2026-01-17,7,11144,B,68
14749,2026-01-17,8,15926,B,60
14750,2026-01-17,9,16568,B,48
14751,2026-01-17,11,9145,A,67
14752,2026-01-17,12,21712,B,63
14753,2026-01-17,13,21110,A,78
14754,2026-01-17,15,18876,A,61
14755,2026-01-17,17,6676,A,67
14756,2026-01-18,1,11771,A,67
14757,2026-01-18,2,19573,A,80
14758,2026-01-18,3,15008,C,63
14759,2026-01-18,4,10458,C,48
14760,2026-01-18,5,18091,C,69
14761,2026-01-18,6,7258,B,58
14762,2026-01-18,7,10383,C,33
14763,2026-01-18,9,14970,A,71
14764,2026-01-18,10,23499,B,56
14765,2026-01-18,11,9534,A,53
14766,2026-01-18,12,17575,B,52
14767,2026-01-18,13,20289,A,66
14768,2026-01-18,14,6186,B,58
14769,2026-01-18,15,19397,A,56
14770,2026-01-18,16,9965,A,74
14771,2026-01-18,17,5741,A,68
14772,2026-01-18,18,28561,A,68
14773,2026-01-19,1,9845,B,50
14774,2026-01-19,2,18317,A,65
14775,2026-01-19,3,17026,B,57
14776,2026-01-19,5,16170,B,57
14777,2026-01-19,8,14564,B,46
14778,2026-01-19,9,16821,A,80
14779,2026-01-19,11,8056,A,48
14780,2026-01-19,12,17017,B,59
14781,2026-01-19,14,5838,C,55
14782,2026-01-19,15,14323,C,58
14783,2026-01-19,16,10150,B,64
14784,2026-01-19,17,5952,A,42
14785,2026-01-19,18,24203,B,64
14786,2026-01-20,1,10665,C,49
14787,2026-01-20,2,18782,A,47
14788,2026-01-20,3,14525,B,56
14789,2026-01-20,4,13371,B,73
14790,2026-01-20,5,20374,A,67
14791,2026-01-20,6,8466,B,65
14792,2026-01-20,7,9790,A,70
14793,2026-01-20,8,16967,B,54
14794,2026-01-20,9,15780,A,61
14795,2026-01-20,10,26120,C,61
14796,2026-01-20,11,8512,A,45
14797,2026-01-20,12,21392,B,81
14798,2026-01-20,13,21795,B,60
14799,2026-01-20,14,7412,A,47
14800,2026-01-20,15,18741,A,53
14801,2026-01-20,16,8709,B,48
14802,2026-01-20,17,7044,A,86
14803,2026-01-20,18,27585,A,66
14804,2026-01-21,1,12956,A,70
14805,2026-01-21,2,20218,B,52
14806,2026-01-21,3,17244,B,55
14807,2026-01-21,5,17925,C,37
14808,2026-01-21,6,7298,B,49
14809,2026-01-21,7,10151,C,44
14810,2026-01-21,8,15072,C,53
14811,2026-01-21,9,17752,C,57
14812,2026-01-21,10,24343,B,58
14813,2026-01-21,11,8238,C,56
14814,2026-01-21,12,20887,C,53
14815,2026-01-21,13,20466,B,78
14816,2026-01-21,14,6309,B,55
14817,2026-01-21,16,8118,B,49
14818,2026-01-21,17,6533,A,58
14819,2026-01-21,18,25793,B,63
14820,2026-01-22,1,12981,A,72
14821,2026-01-22,2,21125,C,59
14822,2026-01-22,3,14934,C,44
14823,2026-01-22,4,11924,C,60
14824,2026-01-22,5,17652,A,70
14825,2026-01-22,6,8601,B,47
14826,2026-01-22,7,12026,B,59
14827,2026-01-22,8,15142,B,46
14828,2026-01-22,9,17394,C,42
14829,2026-01-22,10,23983,B,48
14830,2026-01-22,11,10042,B,60
14831,2026-01-22,12,19721,C,35
14832,2026-01-22,13,18372,A,65
14833,2026-01-22,14,6591,A,69
14834,2026-01-22,15,18046,B,73
14835,2026-01-22,16,8610,B,53
14836,2026-01-22,17,7325,A,73
14837,2026-01-22,18,28373,A,46
14838,2026-01-23,1,12629,B,70
14839,2026-01-23,2,19054,C,74
14840,2026-01-23,3,15259,A,50
14841,2026-01-23,4,11093,A,60
14842,2026-01-23,5,20706,A,48
14843,2026-01-23,7,11937,B,64
14844,2026-01-23,8,17756,A,69
14845,2026-01-23,9,15730,A,52
14846,2026-01-23,10,23137,B,47
14847,2026-01-23,11,7252,A,76
14848,2026-01-23,12,18992,B,68
14849,2026-01-23,13,17366,B,39
14850,2026-01-23,15,17037,B,52
14851,2026-01-23,17,6002,B,30
14852,2026-01-23,18,27616,C,44
14853,2026-01-24,2,18575,A,75
14854,2026-01-24,3,14331,A,53
14855,2026-01-24,5,16545,A,52
14856,2026-01-24,6,7766,C,43
14857,2026-01-24,7,11482,C,63
14858,2026-01-24,8,13312,B,54
14859,2026-01-24,9,16214,A,77
14860,2026-01-24,10,23224,B,66
14861,2026-01-24,11,8820,A,59
14862,2026-01-24,12,18393,A,62
14863,2026-01-24,13,18685,A,47
14864,2026-01-24,14,6412,C,48
14865,2026-01-24,15,18153,B,52
14866,2026-01-24,16,7695,B,52
14867,2026-01-24,17,6592,B,55
14868,2026-01-24,18,32071,B,54
14869,2026-01-25,2,19270,A,53
14870,2026-01-25,3,15585,A,59
14871,2026-01-25,4,10432,A,66
14872,2026-01-25,5,16717,B,64
14873,2026-01-25,6,8421,B,77
14874,2026-01-25,8,15946,B,55
14875,2026-01-25,9,15658,B,62
14876,2026-01-25,10,25382,A,48
14877,2026-01-25,11,6931,C,65
14878,2026-01-25,12,19492,A,37
14879,2026-01-25,13,24472,B,46
14880,2026-01-25,15,20417,A,56
14881,2026-01-25,16,8469,B,45
14882,2026-01-25,17,6854,B,40
14883,2026-01-25,18,29784,A,77
14884,2026-01-26,1,12209,A,48
14885,2026-01-26,2,20196,B,47
14886,2026-01-26,3,17503,C,51
14887,2026-01-26,4,12344,B,50
14888,2026-01-26,5,16760,B,62
14889,2026-01-26,7,10838,A,65
14890,2026-01-26,9,14520,B,58
14891,2026-01-26,10,22144,C,37
14892,2026-01-26,11,8507,B,49
14893,2026-01-26,12,21471,B,63
14894,2026-01-26,13,21727,A,75
14895,2026-01-26,14,5569,B,52
14896,2026-01-26,15,17715,B,75
14897,2026-01-26,16,7806,B,61
14898,2026-01-26,17,6020,C,48
14899,2026-01-26,18,28380,B,56
14900,2026-01-27,1,11081,A,60
14901,2026-01-27,2,17043,A,45
14902,2026-01-27,3,16906,B,48
14903,2026-01-27,4,11849,A,74
14904,2026-01-27,6,8103,A,53
14905,2026-01-27,7,10065,B,60
14906,2026-01-27,8,14601,A,83
14907,2026-01-27,9,15256,A,74
14908,2026-01-27,10,26718,B,58
14909,2026-01-27,11,8755,B,59
14910,2026-01-27,12,19426,B,46
14911,2026-01-27,13,20850,A,73
14912,2026-01-27,14,6287,A,69
14913,2026-01-27,15,19790,A,72
14914,2026-01-27,16,8888,C,53
14915,2026-01-27,18,27156,A,62
14916,2026-01-28,1,13682,B,54
14917,2026-01-28,2,15729,A,61
14918,2026-01-28,3,17507,B,67
14919,2026-01-28,4,11483,A,66
14920,2026-01-28,6,7875,B,41
14921,2026-01-28,7,12208,C,40
14922,2026-01-28,8,16021,A,87
14923,2026-01-28,9,16640,B,66
14924,2026-01-28,10,23691,A,75
14925,2026-01-28,11,10123,B,60
14926,2026-01-28,12,22367,B,63
14927,2026-01-28,13,20241,B,50
14928,2026-01-28,14,5460,A,83
14929,2026-01-28,15,17186,B,53
14930,2026-01-28,16,7953,B,47
14931,2026-01-28,17,6913,B,54
14932,2026-01-28,18,31469,B,34
14933,2026-01-29,1,13070,A,82
14934,2026-01-29,2,18420,B,86
14935,2026-01-29,3,16914,B,62
14936,2026-01-29,4,12377,C,47
14937,2026-01-29,5,19458,B,59
14938,2026-01-29,6,8162,B,62
14939,2026-01-29,7,10637,A,64
14940,2026-01-29,8,13813,B,49
14941,2026-01-29,9,16806,A,56
14942,2026-01-29,10,24452,C,30
14943,2026-01-29,11,9403,B,56
14944,2026-01-29,12,17693,A,81
14945,2026-01-29,13,20133,A,50
14946,2026-01-29,14,6022,A,74
14947,2026-01-29,15,19486,A,73
14948,2026-01-29,16,8724,B,64
14949,2026-01-29,17,5787,B,74
14950,2026-01-29,18,27682,B,60
14951,2026-01-30,1,11997,A,71
14952,2026-01-30,2,17387,B,64
14953,2026-01-30,3,14802,B,52
14954,2026-01-30,4,12808,A,78
14955,2026-01-30,6,6540,A,52
14956,2026-01-30,7,10189,C,61
14957,2026-01-30,8,14167,A,73
14958,2026-01-30,9,16575,B,61
14959,2026-01-30,10,22101,B,55
14960,2026-01-30,11,8506,C,58
14961,2026-01-30,12,19032,C,56
14962,2026-01-30,13,22458,A,59
14963,2026-01-30,14,5753,A,73
14964,2026-01-30,15,18373,B,59
14965,2026-01-30,16,7427,A,68
14966,2026-01-30,18,28485,C,59
14967,2026-01-31,1,12239,B,56
14968,2026-01-31,3,15806,B,64
14969,2026-01-31,4,14529,A,60
14970,2026-01-31,6,6896,A,72
14971,2026-01-31,7,11185,C,41
14972,2026-01-31,8,15452,B,57
14973,2026-01-31,10,24724,A,66
14974,2026-01-31,12,18493,B,71
14975,2026-01-31,13,19734,B,59
14976,2026-01-31,14,6282,C,48
14977,2026-01-31,15,18888,B,48
14978,2026-01-31,16,9235,A,55
14979,2026-01-31,17,6847,B,46
14980,2026-01-31,18,27843,B,30
14981,2026-02-01,1,12417,B,69
14982,2026-02-01,3,15223,B,53
14983,2026-02-01,4,10940,B,49
14984,2026-02-01,6,8476,A,49
14985,2026-02-01,7,10587,C,75
14986,2026-02-01,8,15948,A,77
14987,2026-02-01,9,17603,A,51
14988,2026-02-01,10,24098,B,36
14989,2026-02-01,12,17407,B,43
14990,2026-02-01,13,21488,A,46
14991,2026-02-01,14,6271,B,48
14992,2026-02-01,15,18381,B,52
14993,2026-02-01,17,6328,B,52
14994,2026-02-02,1,10218,B,43
14995,2026-02-02,2,18570,B,51
14996,2026-02-02,3,17964,C,59
14997,2026-02-02,4,13599,A,71
14998,2026-02-02,5,17552,B,48
14999,2026-02-02,6,8749,A,65
15000,2026-02-02,7,12483,A,64
15001,2026-02-02,8,16335,A,62
15002,2026-02-02,10,24649,C,55
15003,2026-02-02,11,9141,A,72
15004,2026-02-02,13,19967,A,55
15005,2026-02-02,14,6342,C,42
15006,2026-02-02,15,19314,B,74
15007,2026-02-02,16,8530,A,85
15008,2026-02-02,17,5856,A,46
15009,2026-02-02,18,27830,C,38
15010,2026-02-03,1,11971,B,61
15011,2026-02-03,2,21508,B,48
15012,2026-02-03,3,14682,B,70
15013,2026-02-03,5,17509,B,58
15014,2026-02-03,7,10502,B,41
15015,2026-02-03,8,16873,B,59
15016,2026-02-03,9,17302,A,65
15017,2026-02-03,10,27662,C,44
15018,2026-02-03,11,8237,C,31
15019,2026-02-03,12,19698,C,82
15020,2026-02-03,14,6248,B,50
15021,2026-02-03,15,14597,B,83
15022,2026-02-03,16,8705,B,64
15023,2026-02-03,18,23393,B,49
15024,2026-02-04,1,11547,B,47
15025,2026-02-04,2,19773,A,53
15026,2026-02-04,4,11670,B,37
15027,2026-02-04,6,7921,B,50
15028,2026-02-04,7,9909,B,48
15029,2026-02-04,8,14910,B,30
15030,2026-02-04,9,14056,B,43
15031,2026-02-04,11,8392,A,71
15032,2026-02-04,12,19861,B,62
15033,2026-02-04,15,16284,B,62
15034,2026-02-04,16,8685,B,52
15035,2026-02-04,17,7817,C,60
15036,2026-02-04,18,24313,A,70
15037,2026-02-05,1,11234,B,38
15038,2026-02-05,2,19732,B,62
15039,2026-02-05,3,17396,C,44
15040,2026-02-05,4,12648,A,52
15041,2026-02-05,5,17035,B,50
15042,2026-02-05,6,8269,A,61
15043,2026-02-05,7,9236,C,51
15044,2026-02-05,9,11240,B,59
15045,2026-02-05,10,23175,A,53
15046,2026-02-05,11,8512,C,37
15047,2026-02-05,12,22372,A,66
15048,2026-02-05,13,22586,B,37
15049,2026-02-05,14,5980,A,77
15050,2026-02-05,15,18984,B,51
15051,2026-02-05,16,8928,B,61
15052,2026-02-05,17,6436,B,58
15053,2026-02-05,18,28525,A,60
15054,2026-02-06,1,11938,B,67
15055,2026-02-06,5,20846,A,71
15056,2026-02-06,7,11131,B,51
15057,2026-02-06,8,14580,B,58
15058,2026-02-06,9,16752,C,53
15059,2026-02-06,11,9147,A,62
15060,2026-02-06,12,19770,A,72
15061,2026-02-06,13,19580,C,37
15062,2026-02-06,15,15367,B,57
15063,2026-02-06,16,8773,C,43
15064,2026-02-06,17,7476,B,62
15065,2026-02-06,18,31230,B,53
15066,2026-02-07,1,13969,B,69
15067,2026-02-07,2,17513,B,71
15068,2026-02-07,3,15704,B,42
15069,2026-02-07,5,19609,A,82
15070,2026-02-07,7,10657,B,62
15071,2026-02-07,8,16072,B,60
15072,2026-02-07,9,14513,B,47
15073,2026-02-07,11,9170,A,86
15074,2026-02-07,12,20816,B,52
15075,2026-02-07,14,6629,C,55
15076,2026-02-07,16,9341,A,48
15077,2026-02-07,18,28522,A,52
15078,2026-02-08,1,12839,C,63
15079,2026-02-08,2,20871,B,64
15080,2026-02-08,4,13948,C,59
15081,2026-02-08,5,18405,B,60
15082,2026-02-08,6,7506,B,59
15083,2026-02-08,7,9883,B,46
15084,2026-02-08,8,15239,C,43
15085,2026-02-08,9,16102,A,53
15086,2026-02-08,10,27319,B,57
15087,2026-02-08,11,10239,A,57
15088,2026-02-08,12,19163,B,68
15089,2026-02-08,13,20026,B,43
15090,2026-02-08,14,5547,B,45
15091,2026-02-08,15,18291,B,51
15092,2026-02-08,17,6757,C,48
15093,2026-02-08,18,26150,B,53
15094,2026-02-09,1,6475,B,56
15095,2026-02-09,2,10640,B,35
15096,2026-02-09,4,7249,A,60
15097,2026-02-09,5,11309,B,52
15098,2026-02-09,6,4369,B,48
15099,2026-02-09,7,6789,B,72
15100,2026-02-09,8,8625,B,49
15101,2026-02-09,9,8880,B,30
15102,2026-02-09,11,5219,C,60
15103,2026-02-09,12,12012,A,66
15104,2026-02-09,13,11511,B,52
15105,2026-02-09,14,2977,A,57
15106,2026-02-09,15,9530,B,49
15107,2026-02-09,17,3918,B,59
15108,2026-02-10,1,7096,B,43
15109,2026-02-10,2,11279,B,45
15110,2026-02-10,3,8574,B,30
15111,2026-02-10,4,7195,C,44
15112,2026-02-10,6,4740,A,72
15113,2026-02-10,7,6530,A,71
15114,2026-02-10,8,8610,A,65
15115,2026-02-10,9,10256,B,49
15116,2026-02-10,11,3966,A,54
15117,2026-02-10,12,12622,C,42
15118,2026-02-10,13,12904,C,59
15119,2026-02-10,14,3196,B,60
15120,2026-02-10,15,9641,B,57
15121,2026-02-10,16,4768,B,43
15122,2026-02-10,17,3688,A,55
15123,2026-02-11,2,9787,A,56
15124,2026-02-11,3,7912,B,64
15125,2026-02-11,4,6676,B,61
15126,2026-02-11,6,5385,A,71
15127,2026-02-11,7,6185,A,65
15128,2026-02-11,8,7259,B,41
15129,2026-02-11,9,9391,A,45
15130,2026-02-11,10,14420,A,70
15131,2026-02-11,11,5169,A,66
15132,2026-02-11,12,11040,B,76
15133,2026-02-11,14,3677,A,40
15134,2026-02-11,15,10428,A,59
15135,2026-02-11,16,5242,A,65
15136,2026-02-11,17,3602,B,62
15137,2026-02-11,18,14716,A,71
15138,2026-02-12,1,7287,A,46
15139,2026-02-12,2,9374,B,60
15140,2026-02-12,3,7663,A,56
15141,2026-02-12,4,6093,B,58
15142,2026-02-12,6,4406,A,53
15143,2026-02-12,7,6876,A,59
15144,2026-02-12,8,7579,B,60
15145,2026-02-12,9,9221,A,55
15146,2026-02-12,10,15310,A,68
15147,2026-02-12,11,4476,B,62
15148,2026-02-12,12,9749,B,74
15149,2026-02-12,13,11597,B,55
15150,2026-02-12,14,3723,B,69
15151,2026-02-12,15,11030,B,56
15152,2026-02-12,17,3904,B,38
15153,2026-02-12,18,16209,C,44
15154,2026-02-13,1,6817,A,55
15155,2026-02-13,2,11405,B,68
15156,2026-02-13,3,9534,C,72
15157,2026-02-13,4,6799,C,44
15158,2026-02-13,5,9635,A,75
15159,2026-02-13,6,3983,B,57
15160,2026-02-13,8,8396,A,73
15161,2026-02-13,9,9709,B,31
15162,2026-02-13,10,11605,B,50
15163,2026-02-13,11,4672,C,50
15164,2026-02-13,12,10125,C,43
15165,2026-02-13,13,11811,A,79
15166,2026-02-13,15,9423,C,55
15167,2026-02-13,16,4118,B,61
15168,2026-02-13,17,4248,B,60
15169,2026-02-13,18,15897,B,37
15170,2026-02-14,1,6434,A,71
15171,2026-02-14,2,11027,B,59
15172,2026-02-14,3,7661,B,61
15173,2026-02-14,4,7581,C,69
15174,2026-02-14,5,10338,C,58
15175,2026-02-14,6,4632,A,75
15176,2026-02-14,7,5791,B,55
15177,2026-02-14,8,7204,B,63
15178,2026-02-14,9,9368,B,60
15179,2026-02-14,10,14483,A,62
15180,2026-02-14,11,4734,C,57
15181,2026-02-14,12,10829,A,60
15182,2026-02-14,13,11886,B,58
15183,2026-02-14,14,3476,B,68
15184,2026-02-14,16,4978,B,67
15185,2026-02-14,17,3779,C,50
15186,2026-02-14,18,16006,A,70
15187,2026-02-15,1,7164,B,71
15188,2026-02-15,2,9932,C,59
15189,2026-02-15,3,8751,A,67
15190,2026-02-15,4,6069,A,68
15191,2026-02-15,5,10290,B,70
15192,2026-02-15,6,4962,C,44
15193,2026-02-15,7,5684,B,49
15194,2026-02-15,8,8882,B,62
15195,2026-02-15,9,8767,A,69
15196,2026-02-15,10,14831,B,71
15197,2026-02-15,11,4794,C,45
15198,2026-02-15,12,10977,B,55
15199,2026-02-15,14,3891,A,58
15200,2026-02-15,15,9609,B,55
15201,2026-02-15,16,5083,A,72
15202,2026-02-15,17,3538,C,60
15203,2026-02-15,18,15457,A,53
15204,2026-02-16,1,6999,B,38
15205,2026-02-16,2,9960,A,61
15206,2026-02-16,3,9336,C,72
15207,2026-02-16,5,10328,B,57
15208,2026-02-16,6,4527,A,65
15209,2026-02-16,8,8909,C,34
15210,2026-02-16,9,9880,B,57
15211,2026-02-16,11,4506,A,57
15212,2026-02-16,12,11182,A,75
15213,2026-02-16,14,3506,C,62
15214,2026-02-16,15,8229,A,56
15215,2026-02-16,16,4606,B,54
15216,2026-02-16,17,3634,A,69
15217,2026-02-17,2,11669,B,55
15218,2026-02-17,3,9154,A,56
15219,2026-02-17,4,6984,B,56
15220,2026-02-17,5,9054,B,47
15221,2026-02-17,7,6396,B,62
15222,2026-02-17,8,8546,B,48
15223,2026-02-17,9,8292,C,64
15224,2026-02-17,10,12775,B,60
15225,2026-02-17,12,10980,C,41
15226,2026-02-17,13,10229,B,84
15227,2026-02-17,14,3779,B,50
15228,2026-02-17,15,10322,B,56
15229,2026-02-17,16,4663,B,62
15230,2026-02-17,17,4434,A,51
15231,2026-02-17,18,15269,A,66
15232,2026-02-18,1,7130,A,49
15233,2026-02-18,3,9327,B,58
15234,2026-02-18,4,6369,A,67
15235,2026-02-18,6,4832,A,79
15236,2026-02-18,7,6283,B,50
15237,2026-02-18,8,7581,B,83
15238,2026-02-18,9,9335,A,52
15239,2026-02-18,10,12813,A,64
15240,2026-02-18,11,4492,B,60
15241,2026-02-18,12,10596,C,90
15242,2026-02-18,13,12743,A,71
15243,2026-02-18,14,3664,B,54
15244,2026-02-18,18,14632,B,49
15245,2026-02-19,2,12112,A,72
15246,2026-02-19,3,9180,B,39
15247,2026-02-19,4,6476,B,56
15248,2026-02-19,5,10402,A,78
15249,2026-02-19,6,4726,B,59
15250,2026-02-19,7,5779,C,53
15251,2026-02-19,8,9248,B,51
15252,2026-02-19,10,12947,A,88
15253,2026-02-19,11,5207,B,49
15254,2026-02-19,12,10051,A,56
15255,2026-02-19,18,14228,C,60
15256,2026-02-20,1,6494,A,65
15257,2026-02-20,2,9934,C,57
15258,2026-02-20,3,9943,A,73
15259,2026-02-20,4,6680,B,35
15260,2026-02-20,5,10805,A,46
15261,2026-02-20,6,4120,B,73
15262,2026-02-20,7,6500,C,49
15263,2026-02-20,8,9685,A,73
15264,2026-02-20,9,9248,B,58
15265,2026-02-20,10,13219,A,68
15266,2026-02-20,11,5969,B,55
15267,2026-02-20,13,13146,A,66
15268,2026-02-20,14,3341,B,56
15269,2026-02-20,15,9495,A,65
15270,2026-02-20,16,5160,B,67
15271,2026-02-20,17,3352,A,77
15272,2026-02-20,18,12475,B,66
15273,2026-02-21,1,7500,A,55
15274,2026-02-21,2,11252,B,58
15275,2026-02-21,3,8333,A,56
15276,2026-02-21,6,4625,B,49
15277,2026-02-21,7,5824,B,82
15278,2026-02-21,8,8426,A,51
15279,2026-02-21,9,9240,A,66
15280,2026-02-21,11,4525,B,58
15281,2026-02-21,12,12162,A,75
15282,2026-02-21,13,9961,A,55
15283,2026-02-21,15,9184,B,49
15284,2026-02-21,16,4427,A,74
15285,2026-02-21,17,3151,A,73
15286,2026-02-21,18,15193,A,78
15287,2026-02-22,1,6892,A,57
15288,2026-02-22,2,10424,B,58
15289,2026-02-22,3,8531,B,46
15290,2026-02-22,4,6375,C,48
15291,2026-02-22,5,10460,B,58
15292,2026-02-22,6,4846,C,43
15293,2026-02-22,7,6148,B,58
15294,2026-02-22,9,10320,C,42
15295,2026-02-22,10,14701,C,57
15296,2026-02-22,11,4948,A,59
15297,2026-02-22,12,11454,B,56
15298,2026-02-22,13,10618,C,55
15299,2026-02-22,14,3421,A,59
15300,2026-02-22,15,10224,A,62
15301,2026-02-22,16,4785,C,38
15302,2026-02-22,17,3797,A,47
15303,2026-02-22,18,17290,A,52
15304,2026-02-23,1,7911,A,74
15305,2026-02-23,3,8462,B,67
15306,2026-02-23,4,7303,B,53
15307,2026-02-23,5,9236,A,69
15308,2026-02-23,6,4912,B,55
15309,2026-02-23,7,6917,B,60
15310,2026-02-23,8,8462,B,64
15311,2026-02-23,9,7961,B,52
15312,2026-02-23,10,14938,C,45
15313,2026-02-23,11,4041,A,61
15314,2026-02-23,12,11043,B,57
15315,2026-02-23,14,3642,B,63
15316,2026-02-23,15,10883,A,65
15317,2026-02-23,16,4535,B,50
15318,2026-02-23,17,3883,B,47
15319,2026-02-23,18,16316,B,52
15320,2026-02-24,1,6411,A,59
15321,2026-02-24,2,10239,B,45
15322,2026-02-24,3,9619,C,32
15323,2026-02-24,5,9882,B,44
15324,2026-02-24,6,4464,B,61
15325,2026-02-24,7,5871,A,67
15326,2026-02-24,8,8681,B,59
15327,2026-02-24,9,8663,B,55
15328,2026-02-24,10,12827,A,86
15329,2026-02-24,11,4941,B,56
15330,2026-02-24,12,11462,B,52
15331,2026-02-24,13,9697,A,48
15332,2026-02-24,14,3504,A,74
15333,2026-02-24,15,10332,A,71
15334,2026-02-24,16,4320,B,70
15335,2026-02-24,17,3573,C,40
15336,2026-02-24,18,15697,B,65
15337,2026-02-25,2,10566,B,79
15338,2026-02-25,4,6030,A,56
15339,2026-02-25,5,10642,A,61
15340,2026-02-25,6,4359,A,52
15341,2026-02-25,8,8248,A,63
15342,2026-02-25,9,9699,A,90
15343,2026-02-25,10,12820,C,77
15344,2026-02-25,11,5323,C,49
15345,2026-02-25,12,10276,A,47
15346,2026-02-25,13,9944,A,83
15347,2026-02-25,14,2596,A,72
15348,2026-02-25,15,10442,B,53
15349,2026-02-25,17,3686,A,69
15350,2026-02-25,18,14511,B,61
15351,2026-02-26,1,6892,C,65
15352,2026-02-26,2,10740,B,44
15353,2026-02-26,3,9346,A,69
15354,2026-02-26,4,6566,B,58
15355,2026-02-26,5,10280,B,51
15356,2026-02-26,6,4929,A,67
15357,2026-02-26,7,5677,A,71
15358,2026-02-26,8,8305,B,48
15359,2026-02-26,10,15196,A,59
15360,2026-02-26,11,5355,B,59
15361,2026-02-26,12,10159,A,61
15362,2026-02-26,13,10965,C,44
15363,2026-02-26,14,3037,B,57
15364,2026-02-26,15,11138,A,45
15365,2026-02-26,16,4686,B,56
15366,2026-02-26,17,3344,A,54
15367,2026-02-26,18,16646,B,56
15368,2026-02-27,1,6431,A,71
15369,2026-02-27,2,9847,B,50
15370,2026-02-27,3,9874,B,53
15371,2026-02-27,4,7319,A,64
15372,2026-02-27,5,9511,C,66
15373,2026-02-27,7,6692,B,51
15374,2026-02-27,8,8931,B,44
15375,2026-02-27,9,9231,C,35
15376,2026-02-27,10,14460,B,84
15377,2026-02-27,11,5094,A,56
15378,2026-02-27,12,9956,A,56
15379,2026-02-27,13,11586,A,50
15380,2026-02-27,14,2799,B,51
15381,2026-02-27,15,9603,B,49
15382,2026-02-27,16,4963,B,52
15383,2026-02-27,17,3729,C,53
15384,2026-02-27,18,15269,A,77
15385,2026-02-28,1,6522,B,62
15386,2026-02-28,2,11339,A,67
15387,2026-02-28,3,8170,C,49
15388,2026-02-28,4,6805,B,64
15389,2026-02-28,5,10211,B,48
15390,2026-02-28,6,4645,C,33
15391,2026-02-28,7,6325,A,80
15392,2026-02-28,8,9891,B,47
15393,2026-02-28,9,8404,B,32
15394,2026-02-28,10,13840,A,66
15395,2026-02-28,11,5423,B,70
15396,2026-02-28,12,10484,A,52
15397,2026-02-28,14,3441,A,55
15398,2026-02-28,17,3832,B,45
15399,2026-02-28,18,17358,B,38
15400,2026-03-01,1,6611,C,66
15401,2026-03-01,2,10265,A,70
15402,2026-03-01,3,10223,B,53
15403,2026-03-01,4,6657,C,47
15404,2026-03-01,5,8956,A,67
15405,2026-03-01,6,3996,A,65
15406,2026-03-01,7,6135,B,54
15407,2026-03-01,8,7395,A,52
15408,2026-03-01,9,8670,C,67
15409,2026-03-01,10,14270,B,53
15410,2026-03-01,11,6094,A,72
15411,2026-03-01,12,10232,B,53
15412,2026-03-01,13,11242,B,57
15413,2026-03-01,14,3458,B,52
15414,2026-03-01,15,11541,A,83
15415,2026-03-01,17,3532,A,80
15416,2026-03-01,18,14206,C,41
15417,2026-03-02,1,7015,B,56
15418,2026-03-02,3,10119,C,34
15419,2026-03-02,4,6939,B,57
15420,2026-03-02,5,11145,B,56
15421,2026-03-02,6,4871,B,47
15422,2026-03-02,7,5947,A,70
15423,2026-03-02,8,8259,B,55
15424,2026-03-02,10,13716,A,69
15425,2026-03-02,11,5757,C,42
15426,2026-03-02,12,11614,A,65
15427,2026-03-02,13,10856,B,63
15428,2026-03-02,14,3470,C,64
15429,2026-03-02,15,10045,A,68
15430,2026-03-02,18,14491,B,38
15431,2026-03-03,1,7069,A,57
15432,2026-03-03,2,9853,C,45
15433,2026-03-03,3,9551,A,67
15434,2026-03-03,4,5948,B,58
15435,2026-03-03,5,10038,B,47
15436,2026-03-03,6,4395,B,54
15437,2026-03-03,7,6440,C,30
15438,2026-03-03,8,7542,A,70
15439,2026-03-03,9,9063,A,55
15440,2026-03-03,11,4851,A,65
15441,2026-03-03,12,10187,B,48
15442,2026-03-03,13,11695,A,52
15443,2026-03-03,14,3133,A,70
15444,2026-03-03,15,9171,B,43
15445,2026-03-04,1,6474,C,59
15446,2026-03-04,2,8511,B,61
15447,2026-03-04,4,7188,A,61
15448,2026-03-04,5,11119,B,59
15449,2026-03-04,6,4943,C,77
15450,2026-03-04,7,5778,B,44
15451,2026-03-04,8,9389,B,59
15452,2026-03-04,9,9373,A,54
15453,2026-03-04,10,13379,A,68
15454,2026-03-04,11,4475,A,68
15455,2026-03-04,13,11840,B,63
15456,2026-03-04,14,3576,A,73
15457,2026-03-04,15,9659,B,68
15458,2026-03-04,16,4116,B,52
15459,2026-03-04,17,3774,A,61
15460,2026-03-05,1,6772,B,49
15461,2026-03-05,2,10541,B,86
15462,2026-03-05,3,7825,B,55
15463,2026-03-05,4,7126,A,61
15464,2026-03-05,5,9776,B,35
15465,2026-03-05,6,4664,B,79
15466,2026-03-05,7,6351,B,54
15467,2026-03-05,8,7936,C,64
15468,2026-03-05,10,14045,C,42
15469,2026-03-05,11,4898,B,42
15470,2026-03-05,12,12236,A,69
15471,2026-03-05,13,11814,A,72
15472,2026-03-05,14,3587,B,53
15473,2026-03-05,15,9440,B,47
15474,2026-03-05,16,4810,B,64
15475,2026-03-06,1,7948,C,51
15476,2026-03-06,2,12771,B,73
15477,2026-03-06,3,8642,B,55
15478,2026-03-06,4,6688,A,89
15479,2026-03-06,5,9779,B,51
15480,2026-03-06,6,4049,B,51
15481,2026-03-06,8,7366,A,60
15482,2026-03-06,9,8239,A,48
15483,2026-03-06,10,12088,A,48
15484,2026-03-06,11,4679,C,65
15485,2026-03-06,12,10208,C,61
15486,2026-03-06,13,11249,B,73
15487,2026-03-06,14,3052,B,52
15488,2026-03-06,15,10498,B,54
15489,2026-03-06,16,5050,B,53
15490,2026-03-06,17,3667,B,51
15491,2026-03-06,18,15543,A,57
15492,2026-03-07,1,7723,A,75
15493,2026-03-07,2,11377,A,55
15494,2026-03-07,3,8489,B,58
15495,2026-03-07,4,7470,A,44
15496,2026-03-07,5,9582,B,62
15497,2026-03-07,6,4999,A,65
15498,2026-03-07,7,5754,A,65
15499,2026-03-07,8,8753,A,45
15500,2026-03-07,9,9780,C,30
15501,2026-03-07,11,5246,A,69
15502,2026-03-07,13,9626,B,55
15503,2026-03-07,14,2995,A,53
15504,2026-03-07,15,9474,C,60
15505,2026-03-07,16,4648,B,58
15506,2026-03-07,18,14538,B,58
15507,2026-03-08,2,10689,B,30
15508,2026-03-08,3,9541,A,66
15509,2026-03-08,4,6290,A,70
15510,2026-03-08,5,10921,C,37
15511,2026-03-08,6,5045,B,51
15512,2026-03-08,7,5883,C,62
15513,2026-03-08,8,9490,B,58
15514,2026-03-08,9,9466,A,70
15515,2026-03-08,11,4585,B,47
15516,2026-03-08,13,10573,B,65
15517,2026-03-08,14,3393,B,35
15518,2026-03-08,16,5221,A,57
15519,2026-03-08,17,3268,B,65
15520,2026-03-08,18,10660,C,31
15521,2026-03-09,1,6806,B,77
15522,2026-03-09,2,10480,A,59
15523,2026-03-09,3,8262,B,57
15524,2026-03-09,4,7538,A,72
15525,2026-03-09,5,9627,A,30
15526,2026-03-09,6,4805,A,55
15527,2026-03-09,8,8770,B,60
15528,2026-03-09,9,10779,B,51
15529,2026-03-09,10,13337,A,75
15530,2026-03-09,11,5034,B,55
15531,2026-03-09,12,9627,A,63
15532,2026-03-09,14,3879,C,44
15533,2026-03-09,15,9605,B,59
15534,2026-03-09,16,4550,A,67
15535,2026-03-09,18,16741,C,60
15536,2026-03-10,1,6850,C,42
15537,2026-03-10,2,10724,B,62
15538,2026-03-10,3,9567,C,42
15539,2026-03-10,6,4215,C,51
15540,2026-03-10,7,6175,B,58
15541,2026-03-10,9,8361,B,71
15542,2026-03-10,10,12730,C,85
15543,2026-03-10,12,11637,B,70
15544,2026-03-10,13,11582,A,49
15545,2026-03-10,14,3854,B,58
15546,2026-03-10,15,8472,B,51
15547,2026-03-10,16,4949,B,60
15548,2026-03-11,1,7118,C,41
15549,2026-03-11,2,11174,A,53
15550,2026-03-11,3,10009,C,65
15551,2026-03-11,4,6728,B,50
15552,2026-03-11,5,9894,B,74
15553,2026-03-11,7,6316,B,68
15554,2026-03-11,8,8601,A,45
15555,2026-03-11,9,9699,A,49
15556,2026-03-11,10,13162,A,65
15557,2026-03-11,11,5022,A,65
15558,2026-03-11,12,11130,B,49
15559,2026-03-11,13,11117,C,44
15560,2026-03-11,14,3546,B,63
15561,2026-03-11,16,4685,B,35
15562,2026-03-11,17,3849,B,49
15563,2026-03-11,18,16143,A,66
15564,2026-03-12,2,9694,B,48
15565,2026-03-12,3,9522,B,64
15566,2026-03-12,4,6903,A,78
15567,2026-03-12,5,8593,B,57
15568,2026-03-12,6,4540,B,59
15569,2026-03-12,7,4370,B,33
15570,2026-03-12,8,9271,C,34
15571,2026-03-12,9,8145,B,59
15572,2026-03-12,10,12083,B,64
15573,2026-03-12,11,4680,B,46
15574,2026-03-12,12,11910,B,51
15575,2026-03-12,13,12432,B,57
15576,2026-03-12,15,10327,B,52
15577,2026-03-12,16,5366,C,41
15578,2026-03-12,17,3889,B,67
15579,2026-03-12,18,15454,B,44
15580,2026-03-13,2,11659,A,60
15581,2026-03-13,3,9225,B,60
15582,2026-03-13,4,6855,C,32
15583,2026-03-13,5,9740,C,52
15584,2026-03-13,6,4235,C,61
15585,2026-03-13,7,5798,C,43
15586,2026-03-13,8,7746,B,60
15587,2026-03-13,11,5539,B,72
15588,2026-03-13,12,10015,B,50
15589,2026-03-13,13,10379,B,48
15590,2026-03-13,14,3634,A,49
15591,2026-03-13,15,10629,A,73
15592,2026-03-13,17,3505,C,37
15593,2026-03-13,18,18027,B,61
15594,2026-03-14,2,11318,A,47
15595,2026-03-14,3,8307,A,71
15596,2026-03-14,4,7589,A,50
15597,2026-03-14,5,9243,A,69
15598,2026-03-14,6,5096,B,50
15599,2026-03-14,7,6005,B,54
15600,2026-03-14,8,8253,A,62
15601,2026-03-14,9,9811,A,71
15602,2026-03-14,11,4302,B,34
15603,2026-03-14,12,10674,A,50
15604,2026-03-14,13,11205,C,40
15605,2026-03-14,14,3270,B,52
15606,2026-03-14,15,9657,B,42
15607,2026-03-14,16,4751,B,63
15608,2026-03-14,18,16646,A,74
15609,2026-03-15,1,7002,B,51
15610,2026-03-15,2,11320,A,80
15611,2026-03-15,4,6318,A,72
15612,2026-03-15,5,10234,B,53
15613,2026-03-15,6,4540,B,71
15614,2026-03-15,7,6945,A,58
15615,2026-03-15,8,8026,A,56
15616,2026-03-15,9,7591,B,61
15617,2026-03-15,10,11873,C,34
15618,2026-03-15,11,4930,B,74
15619,2026-03-15,13,11537,A,53
15620,2026-03-15,14,3185,B,55
15621,2026-03-15,15,9570,A,61
15622,2026-03-15,16,5259,A,65
15623,2026-03-15,17,4084,B,48
15624,2026-03-15,18,14794,A,70
15625,2026-03-16,1,7136,A,75
15626,2026-03-16,2,11081,A,76
15627,2026-03-16,3,9922,C,71
15628,2026-03-16,4,6492,B,54
15629,2026-03-16,5,9234,B,61
15630,2026-03-16,6,3517,A,53
15631,2026-03-16,7,5663,B,57
15632,2026-03-16,8,7550,C,58
15633,2026-03-16,9,8951,B,60
15634,2026-03-16,10,12831,B,54
15635,2026-03-16,11,5046,A,65
15636,2026-03-16,12,10814,B,65
15637,2026-03-16,13,11008,C,37
15638,2026-03-16,14,2811,B,53
15639,2026-03-16,15,10534,C,43
15640,2026-03-16,16,4487,A,78
15641,2026-03-16,17,3360,B,45
15642,2026-03-16,18,14550,B,64
15643,2026-03-17,2,10722,B,66
15644,2026-03-17,3,9582,A,75
15645,2026-03-17,5,10962,A,58
15646,2026-03-17,6,4610,A,50
15647,2026-03-17,7,6280,A,69
15648,2026-03-17,8,8109,B,69
15649,2026-03-17,10,14119,C,33
15650,2026-03-17,12,9358,B,71
15651,2026-03-17,13,11503,B,74
15652,2026-03-17,14,3421,B,66
15653,2026-03-17,15,11446,A,48
15654,2026-03-17,16,4916,B,46
15655,2026-03-17,17,4318,C,61
15656,2026-03-18,2,11281,C,59
15657,2026-03-18,3,8992,A,65
15658,2026-03-18,4,6585,B,40
15659,2026-03-18,6,4363,A,64
15660,2026-03-18,7,6940,A,64
15661,2026-03-18,8,9066,B,52
15662,2026-03-18,10,13152,A,71
15663,2026-03-18,11,5136,B,68
15664,2026-03-18,12,10684,C,57
15665,2026-03-18,14,3222,C,42
15666,2026-03-18,15,10215,A,52
15667,2026-03-18,16,4176,B,74
15668,2026-03-18,18,13596,B,40
15669,2026-03-19,2,11212,C,50
15670,2026-03-19,3,8718,A,49
15671,2026-03-19,4,7412,B,45
15672,2026-03-19,5,10061,A,62
15673,2026-03-19,6,4461,C,39
15674,2026-03-19,7,5548,A,66
15675,2026-03-19,8,8705,C,55
15676,2026-03-19,9,9380,B,43
15677,2026-03-19,10,12982,C,63
15678,2026-03-19,11,5310,C,45
15679,2026-03-19,12,9381,C,41
15680,2026-03-19,13,10134,B,70
15681,2026-03-19,14,3419,C,44
15682,2026-03-19,16,4463,B,35
15683,2026-03-19,17,3342,C,31
15684,2026-03-19,18,15651,C,53
15685,2026-03-20,1,5990,A,65
15686,2026-03-20,2,10402,A,58
15687,2026-03-20,3,7558,B,56
15688,2026-03-20,4,7854,A,52
15689,2026-03-20,5,10742,A,67
15690,2026-03-20,6,4356,A,69
15691,2026-03-20,7,6394,B,41
15692,2026-03-20,8,8757,A,59
15693,2026-03-20,9,9916,B,43
15694,2026-03-20,10,13667,A,34
15695,2026-03-20,11,5049,B,59
15696,2026-03-20,12,10894,B,66
15697,2026-03-20,13,11577,A,52
15698,2026-03-20,14,2769,A,54
15699,2026-03-20,15,9943,C,74
15700,2026-03-20,16,5038,B,58
15701,2026-03-20,17,3729,B,82
15702,2026-03-20,18,15254,B,55
15703,2026-03-21,1,6907,B,69
15704,2026-03-21,2,10214,A,78
15705,2026-03-21,3,8247,A,73
15706,2026-03-21,4,6692,A,63
15707,2026-03-21,5,10993,B,56
15708,2026-03-21,6,4778,A,53
15709,2026-03-21,7,5801,C,60
15710,2026-03-21,8,8426,B,43
15711,2026-03-21,10,14127,B,56
15712,2026-03-21,11,4914,B,61
15713,2026-03-21,12,8787,A,60
15714,2026-03-21,13,10198,B,44
15715,2026-03-21,14,3439,C,42
15716,2026-03-21,16,4502,A,61
15717,2026-03-21,17,4342,A,60
15718,2026-03-21,18,14993,A,54
15719,2026-03-22,1,7353,B,52
15720,2026-03-22,2,10792,A,68
15721,2026-03-22,3,10399,C,40
15722,2026-03-22,4,7291,B,55
15723,2026-03-22,5,10190,B,52
15724,2026-03-22,6,4890,B,70
15725,2026-03-22,8,8677,B,56
15726,2026-03-22,9,9250,A,67
15727,2026-03-22,10,12169,B,82
15728,2026-03-22,11,4898,B,61
15729,2026-03-22,12,9021,B,59
15730,2026-03-22,13,11562,A,72
15731,2026-03-22,14,2733,C,35
15732,2026-03-22,15,10996,B,58
15733,2026-03-22,16,4676,B,61
15734,2026-03-22,17,3126,B,58
15735,2026-03-22,18,15852,B,40
15736,2026-03-23,1,7699,B,55
15737,2026-03-23,2,12032,A,60
15738,2026-03-23,3,8096,B,53
15739,2026-03-23,5,9576,A,54
15740,2026-03-23,7,5801,A,76
15741,2026-03-23,8,7795,C,57
15742,2026-03-23,9,9183,B,53
15743,2026-03-23,10,14354,C,56
15744,2026-03-23,11,4815,A,48
15745,2026-03-23,13,12665,B,59
15746,2026-03-23,14,3688,C,40
15747,2026-03-23,15,10948,C,60
15748,2026-03-23,16,5082,B,54
15749,2026-03-23,17,3648,A,74
15750,2026-03-24,1,6536,B,51
15751,2026-03-24,2,9644,A,69
15752,2026-03-24,3,9157,C,54
15753,2026-03-24,5,8758,C,30
15754,2026-03-24,6,4366,A,66
15755,2026-03-24,7,5836,B,60
15756,2026-03-24,8,8122,A,78
15757,2026-03-24,9,9101,A,68
15758,2026-03-24,10,12869,B,46
15759,2026-03-24,12,10127,A,56
15760,2026-03-24,13,11154,A,81
15761,2026-03-24,14,3535,B,55
15762,2026-03-24,15,10786,A,73
15763,2026-03-24,16,4662,B,59
15764,2026-03-24,17,3831,A,70
15765,2026-03-24,18,15980,B,44
15766,2026-03-25,2,9448,A,65
15767,2026-03-25,3,9747,C,48
15768,2026-03-25,4,7024,A,76
15769,2026-03-25,5,9646,A,61
15770,2026-03-25,6,4473,B,48
15771,2026-03-25,7,7549,B,50
15772,2026-03-25,8,8456,B,54
15773,2026-03-25,9,8307,A,63
15774,2026-03-25,13,10342,B,52
15775,2026-03-25,14,3317,A,66
15776,2026-03-25,15,10057,A,66
15777,2026-03-25,16,5211,C,43
15778,2026-03-26,1,6764,A,55
15779,2026-03-26,3,8114,B,68
15780,2026-03-26,4,7176,A,53
15781,2026-03-26,5,9702,C,43
15782,2026-03-26,6,4495,C,43
15783,2026-03-26,7,6618,A,68
15784,2026-03-26,8,8513,C,60
15785,2026-03-26,9,9907,A,46
15786,2026-03-26,10,13710,C,37
15787,2026-03-26,11,5406,A,49
15788,2026-03-26,14,3546,A,66
15789,2026-03-26,16,4973,B,68
15790,2026-03-26,17,3803,B,35
15791,2026-03-26,18,15931,B,60
15792,2026-03-27,1,6691,C,54
15793,2026-03-27,2,10749,A,70
15794,2026-03-27,4,6557,B,37
15795,2026-03-27,5,10293,B,66
15796,2026-03-27,6,4200,C,41
15797,2026-03-27,7,6745,A,65
15798,2026-03-27,8,8541,A,69
15799,2026-03-27,9,9315,B,57
15800,2026-03-27,10,13169,B,64
15801,2026-03-27,12,10868,B,53
15802,2026-03-27,13,10652,A,70
15803,2026-03-27,14,3128,A,77
15804,2026-03-27,15,10936,A,76
15805,2026-03-27,16,5059,A,61
15806,2026-03-27,17,3478,A,65
15807,2026-03-27,18,15531,B,70
15808,2026-03-28,3,9697,A,49
15809,2026-03-28,4,5995,B,32
15810,2026-03-28,5,9924,A,57
15811,2026-03-28,6,4696,A,71
15812,2026-03-28,8,8236,A,48
15813,2026-03-28,9,9387,C,53
15814,2026-03-28,10,12623,B,53
15815,2026-03-28,11,4852,A,51
15816,2026-03-28,12,11329,B,52
15817,2026-03-28,13,11954,A,70
15818,2026-03-28,14,3413,B,59
15819,2026-03-28,15,11529,B,68
15820,2026-03-28,16,5374,B,62
15821,2026-03-28,17,3513,A,46
15822,2026-03-29,1,7139,A,66
15823,2026-03-29,2,10914,B,68
15824,2026-03-29,3,9029,B,65
15825,2026-03-29,4,7192,C,61
15826,2026-03-29,5,10768,B,59
15827,2026-03-29,6,4653,B,56
15828,2026-03-29,7,5402,A,54
15829,2026-03-29,8,8077,A,75
15830,2026-03-29,9,8513,B,51
15831,2026-03-29,11,5313,A,70
15832,2026-03-29,12,10449,B,40
15833,2026-03-29,13,11276,C,60
15834,2026-03-29,14,3609,B,61
15835,2026-03-29,17,3646,A,73
15836,2026-03-29,18,15421,A,83
15837,2026-03-30,1,5929,B,64
15838,2026-03-30,2,10514,A,60
15839,2026-03-30,3,11090,B,56
15840,2026-03-30,4,5773,A,66
15841,2026-03-30,5,9706,A,66
15842,2026-03-30,6,5041,A,51
15843,2026-03-30,9,8766,A,69
15844,2026-03-30,10,15537,B,53
15845,2026-03-30,11,4768,A,77
15846,2026-03-30,12,12860,A,70
15847,2026-03-30,13,12972,A,90
15848,2026-03-30,14,2553,B,55
15849,2026-03-30,15,10258,B,52
15850,2026-03-30,17,3356,A,49
15851,2026-03-30,18,14535,C,60
15852,2026-03-31,1,7586,B,66
15853,2026-03-31,2,11981,C,55
15854,2026-03-31,3,7816,A,47
15855,2026-03-31,4,6738,C,59
15856,2026-03-31,6,4939,B,56
15857,2026-03-31,7,6731,A,73
15858,2026-03-31,8,8932,B,58
15859,2026-03-31,9,8972,A,88
15860,2026-03-31,10,12251,B,56
15861,2026-03-31,11,5321,B,54
15862,2026-03-31,12,10078,B,55
15863,2026-03-31,13,12473,C,55
15864,2026-03-31,15,9138,B,51
15865,2026-03-31,16,5245,A,64
15866,2026-03-31,17,3677,B,53
15867,2026-04-01,1,7534,B,49
15868,2026-04-01,2,9334,C,51
15869,2026-04-01,3,9784,B,49
15870,2026-04-01,4,7435,C,57
15871,2026-04-01,5,11173,C,62
15872,2026-04-01,8,8603,A,52
15873,2026-04-01,9,7983,B,71
15874,2026-04-01,10,15610,C,43
15875,2026-04-01,11,5149,A,69
15876,2026-04-01,12,12068,B,59
15877,2026-04-01,13,11271,C,43
15878,2026-04-01,14,3387,A,83
15879,2026-04-01,15,10333,B,54
15880,2026-04-02,1,6445,B,34
15881,2026-04-02,3,8895,A,63
15882,2026-04-02,4,7020,B,48
15883,2026-04-02,5,10485,B,61
15884,2026-04-02,6,4783,B,67
15885,2026-04-02,7,6678,A,67
15886,2026-04-02,8,8173,A,78
15887,2026-04-02,10,13463,B,62
15888,2026-04-02,11,4821,B,55
15889,2026-04-02,12,10538,B,49
15890,2026-04-02,13,12064,A,46
15891,2026-04-02,14,3340,B,61
15892,2026-04-02,15,10415,A,63
15893,2026-04-02,16,5395,C,41
15894,2026-04-02,17,3551,B,43
15895,2026-04-02,18,15269,A,76
15896,2026-04-03,2,10617,C,39
15897,2026-04-03,3,9577,A,69
15898,2026-04-03,4,7992,B,66
15899,2026-04-03,5,10157,B,56
15900,2026-04-03,6,4147,C,63
15901,2026-04-03,8,8027,A,68
15902,2026-04-03,9,8663,A,73
15903,2026-04-03,10,13788,B,41
15904,2026-04-03,12,9188,B,38
15905,2026-04-03,13,11052,B,55
15906,2026-04-03,14,3789,B,62
15907,2026-04-03,15,10785,A,68
15908,2026-04-03,16,4992,B,41
15909,2026-04-03,17,3785,B,57
15910,2026-04-04,2,9298,B,47
15911,2026-04-04,3,9338,A,52
15912,2026-04-04,4,7481,B,78
15913,2026-04-04,6,4738,A,66
15914,2026-04-04,7,7117,C,62
15915,2026-04-04,8,8241,B,59
15916,2026-04-04,9,9480,B,79
15917,2026-04-04,10,12554,C,49
15918,2026-04-04,11,5284,A,53
15919,2026-04-04,12,10999,C,52
15920,2026-04-04,13,11442,A,76
15921,2026-04-04,16,4735,B,61
15922,2026-04-04,17,3153,C,56
15923,2026-04-04,18,16546,B,47
15924,2026-04-05,1,6926,B,47
15925,2026-04-05,2,10554,B,47
15926,2026-04-05,4,6552,B,31
15927,2026-04-05,5,9689,A,65
15928,2026-04-05,6,4303,B,60
15929,2026-04-05,7,5992,A,74
15930,2026-04-05,8,8523,B,75
15931,2026-04-05,9,8625,B,41
15932,2026-04-05,10,12901,B,70
15933,2026-04-05,11,5532,A,59
15934,2026-04-05,12,10857,A,54
15935,2026-04-05,13,11081,B,56
15936,2026-04-05,14,3224,B,63
15937,2026-04-05,15,10128,C,35
15938,2026-04-05,17,3622,C,52
15939,2026-04-05,18,14801,C,61
15940,2026-04-06,1,9729,B,43
15941,2026-04-06,2,18192,B,52
15942,2026-04-06,3,13778,A,77
15943,2026-04-06,4,10394,B,57
15944,2026-04-06,5,14267,A,66
15945,2026-04-06,6,6181,B,62
15946,2026-04-06,7,8482,A,54
15947,2026-04-06,8,10613,A,74
15948,2026-04-06,10,19794,A,63
15949,2026-04-06,11,8181,C,37
15950,2026-04-06,12,14549,B,62
15951,2026-04-06,13,18166,A,77
15952,2026-04-06,14,4309,A,66
15953,2026-04-06,15,17882,A,47
15954,2026-04-06,17,6561,A,83
15955,2026-04-06,18,23488,B,56
15956,2026-04-07,1,9631,A,55
15957,2026-04-07,2,16084,B,77
15958,2026-04-07,3,11519,B,43
15959,2026-04-07,4,10332,A,46
15960,2026-04-07,5,14646,A,59
15961,2026-04-07,6,6883,B,61
15962,2026-04-07,7,9029,C,59
15963,2026-04-07,8,10924,B,54
15964,2026-04-07,9,12760,A,67
15965,2026-04-07,10,18898,B,66
15966,2026-04-07,11,7893,A,66
15967,2026-04-07,13,19079,B,63
15968,2026-04-07,15,13154,A,53
15969,2026-04-07,16,7600,B,58
15970,2026-04-07,17,5054,A,65
15971,2026-04-08,1,10157,A,77
15972,2026-04-08,2,16354,B,56
15973,2026-04-08,4,9058,C,40
15974,2026-04-08,5,16234,A,45
15975,2026-04-08,8,11856,A,61
15976,2026-04-08,9,13153,A,72
15977,2026-04-08,10,20279,A,84
15978,2026-04-08,11,6909,B,59
15979,2026-04-08,13,18210,A,71
15980,2026-04-08,15,15823,B,72
15981,2026-04-08,16,8403,A,65
15982,2026-04-08,18,21998,C,42
15983,2026-04-09,1,11132,B,52
15984,2026-04-09,2,14439,A,61
15985,2026-04-09,3,13853,B,68
15986,2026-04-09,4,9591,B,44
15987,2026-04-09,5,15037,A,52
15988,2026-04-09,6,5789,A,67
15989,2026-04-09,8,12699,B,65
15990,2026-04-09,9,13264,A,68
15991,2026-04-09,10,19952,A,57
15992,2026-04-09,11,9082,A,70
15993,2026-04-09,13,18379,A,63
15994,2026-04-09,15,14331,B,55
15995,2026-04-09,16,7971,A,55
15996,2026-04-09,18,23260,A,57
15997,2026-04-10,1,10620,A,45
15998,2026-04-10,3,14221,B,57
15999,2026-04-10,4,9906,C,63
16000,2026-04-10,5,13656,A,57
16001,2026-04-10,6,6636,B,62
16002,2026-04-10,7,7760,B,54
16003,2026-04-10,8,12253,B,58
16004,2026-04-10,9,16015,B,55
16005,2026-04-10,10,23677,B,58
16006,2026-04-10,12,12745,B,59
16007,2026-04-10,13,18380,B,63
16008,2026-04-10,14,5068,B,56
16009,2026-04-10,15,12973,B,61
16010,2026-04-10,16,7640,A,44
16011,2026-04-10,17,5268,C,68
16012,2026-04-10,18,24979,A,56
16013,2026-04-11,1,9876,B,66
16014,2026-04-11,2,15576,A,77
16015,2026-04-11,3,14675,B,73
16016,2026-04-11,4,8682,B,63
16017,2026-04-11,5,17475,A,66
16018,2026-04-11,6,6776,A,47
16019,2026-04-11,7,9365,B,45
16020,2026-04-11,8,13969,C,41
16021,2026-04-11,9,14802,B,82
16022,2026-04-11,10,18700,A,55
16023,2026-04-11,11,8171,B,59
16024,2026-04-11,12,17223,B,48
16025,2026-04-11,15,15062,B,63
16026,2026-04-11,16,6732,A,49
16027,2026-04-11,17,4950,B,90
16028,2026-04-11,18,23469,A,45
16029,2026-04-12,1,10806,B,60
16030,2026-04-12,2,15649,B,51
16031,2026-04-12,3,13928,B,84
16032,2026-04-12,4,10410,B,76
16033,2026-04-12,5,15701,B,39
16034,2026-04-12,7,8969,A,74
16035,2026-04-12,9,14769,B,62
16036,2026-04-12,10,20793,B,53
16037,2026-04-12,11,7857,A,54
16038,2026-04-12,12,15257,A,74
16039,2026-04-12,13,15556,B,51
16040,2026-04-12,14,5231,B,59
16041,2026-04-12,15,13524,B,46
16042,2026-04-12,16,7228,A,56
16043,2026-04-12,18,23543,A,69
16044,2026-04-13,1,7858,B,33
16045,2026-04-13,2,17704,A,55
16046,2026-04-13,4,10164,A,58
16047,2026-04-13,6,5881,B,61
16048,2026-04-13,8,11741,C,42
16049,2026-04-13,9,14926,B,53
16050,2026-04-13,11,6881,A,76
16051,2026-04-13,12,14193,B,60
16052,2026-04-13,14,6168,A,73
16053,2026-04-13,16,7376,C,43
16054,2026-04-13,17,6179,A,48
16055,2026-04-13,18,21819,B,57
16056,2026-04-14,1,11113,B,66
16057,2026-04-14,2,16774,B,57
16058,2026-04-14,4,8983,C,37
16059,2026-04-14,6,6292,A,65
16060,2026-04-14,7,10002,A,67
16061,2026-04-14,8,14011,B,64
16062,2026-04-14,9,12559,B,64
16063,2026-04-14,10,18858,A,59
16064,2026-04-14,11,7519,A,84
16065,2026-04-14,12,17081,A,65
16066,2026-04-14,13,19587,A,62
16067,2026-04-14,14,5274,A,71
16068,2026-04-14,15,15352,C,50
16069,2026-04-14,16,7742,B,58
16070,2026-04-14,17,5363,B,60
16071,2026-04-14,18,26766,B,56
16072,2026-04-15,1,8761,A,84
16073,2026-04-15,2,14630,A,72
16074,2026-04-15,3,12759,A,70
16075,2026-04-15,5,15445,B,57
16076,2026-04-15,6,6943,A,57
16077,2026-04-15,7,8887,B,60
16078,2026-04-15,8,12623,C,44
16079,2026-04-15,10,21757,A,62
16080,2026-04-15,11,7547,B,54
16081,2026-04-15,12,15855,C,55
16082,2026-04-15,13,16796,B,81
16083,2026-04-15,14,4900,A,67
16084,2026-04-15,15,16679,A,77
16085,2026-04-15,17,5499,B,41
16086,2026-04-15,18,21925,B,48
16087,2026-04-16,1,9882,C,30
16088,2026-04-16,2,16374,A,74
16089,2026-04-16,3,14815,B,68
16090,2026-04-16,4,10965,B,41
16091,2026-04-16,5,17397,C,42
16092,2026-04-16,6,7045,A,68
16093,2026-04-16,7,7905,B,58
16094,2026-04-16,8,13376,C,60
16095,2026-04-16,9,12441,A,59
16096,2026-04-16,10,19966,A,63
16097,2026-04-16,11,8388,C,71
16098,2026-04-16,12,17431,A,60
16099,2026-04-16,14,4861,A,82
16100,2026-04-16,15,13463,A,56
16101,2026-04-16,16,7433,A,54
16102,2026-04-16,17,5982,B,64
16103,2026-04-16,18,20039,B,54
16104,2026-04-17,1,9266,A,43
16105,2026-04-17,2,16698,B,64
16106,2026-04-17,3,15085,C,30
16107,2026-04-17,4,10559,C,44
16108,2026-04-17,5,13952,B,55
16109,2026-04-17,6,6723,B,57
16110,2026-04-17,7,10819,A,76
16111,2026-04-17,8,14542,A,80
16112,2026-04-17,9,15107,B,63
16113,2026-04-17,10,16511,B,59
16114,2026-04-17,11,7161,A,50
16115,2026-04-17,12,16442,B,47
16116,2026-04-17,13,17955,B,34
16117,2026-04-17,14,4930,B,30
16118,2026-04-17,15,16422,A,54
16119,2026-04-17,16,7404,A,61
16120,2026-04-17,17,5686,B,76
16121,2026-04-17,18,24715,C,46
16122,2026-04-18,1,9123,A,30
16123,2026-04-18,3,13272,B,58
16124,2026-04-18,4,10102,A,65
16125,2026-04-18,5,16504,B,54
16126,2026-04-18,6,7355,A,67
16127,2026-04-18,7,8557,C,31
16128,2026-04-18,8,11799,A,75
16129,2026-04-18,9,13052,C,59
16130,2026-04-18,10,21712,A,69
16131,2026-04-18,11,7435,B,51
16132,2026-04-18,12,15883,B,44
16133,2026-04-18,13,17871,B,55
16134,2026-04-18,14,4478,B,52
16135,2026-04-18,15,15429,C,45
16136,2026-04-18,16,7756,C,39
16137,2026-04-18,17,4839,A,50
16138,2026-04-18,18,22912,A,68
16139,2026-04-19,1,11123,B,57
16140,2026-04-19,2,18088,B,60
16141,2026-04-19,3,13580,C,53
16142,2026-04-19,4,10862,A,60
16143,2026-04-19,5,17023,C,46
16144,2026-04-19,7,8511,B,56
16145,2026-04-19,9,12284,B,50
16146,2026-04-19,10,18781,A,58
16147,2026-04-19,11,6175,B,53
16148,2026-04-19,12,15691,B,58
16149,2026-04-19,13,16840,A,70
16150,2026-04-19,14,5106,A,58
16151,2026-04-19,15,16569,A,60
16152,2026-04-19,16,6830,B,47
16153,2026-04-19,17,5579,B,50
16154,2026-04-19,18,22563,A,70
16155,2026-04-20,1,9797,C,70
16156,2026-04-20,2,14754,A,56
16157,2026-04-20,3,12551,A,63
16158,2026-04-20,4,10935,C,65
16159,2026-04-20,6,6329,C,53
16160,2026-04-20,7,10120,A,45
16161,2026-04-20,8,12220,C,43
16162,2026-04-20,10,18895,B,53
16163,2026-04-20,11,8648,B,66
16164,2026-04-20,12,16498,A,65
16165,2026-04-20,13,15405,B,59
16166,2026-04-20,14,5408,C,50
16167,2026-04-20,15,14780,B,85
16168,2026-04-20,16,8328,A,44
16169,2026-04-20,18,22115,A,78
16170,2026-04-21,1,10460,A,59
16171,2026-04-21,2,15016,C,72
16172,2026-04-21,3,14799,A,56
16173,2026-04-21,4,10626,B,54
16174,2026-04-21,5,14969,A,52
16175,2026-04-21,6,6581,B,65
16176,2026-04-21,7,9012,C,34
16177,2026-04-21,8,10539,A,49
16178,2026-04-21,9,13389,A,41
16179,2026-04-21,10,21758,B,47
16180,2026-04-21,11,6944,B,45
16181,2026-04-21,12,15359,C,35
16182,2026-04-21,14,4840,B,47
16183,2026-04-21,15,13677,A,63
16184,2026-04-21,16,6132,B,69
16185,2026-04-21,17,5519,A,52
16186,2026-04-22,1,10139,A,75
16187,2026-04-22,2,14442,B,64
16188,2026-04-22,3,14250,C,57
16189,2026-04-22,4,9687,A,67
16190,2026-04-22,5,14040,B,64
16191,2026-04-22,6,5976,B,54
16192,2026-04-22,9,13943,B,76
16193,2026-04-22,10,20051,C,39
16194,2026-04-22,11,7793,B,77
16195,2026-04-22,12,14802,B,52
16196,2026-04-22,13,17872,B,59
16197,2026-04-22,14,4761,B,37
16198,2026-04-22,15,13818,A,61
16199,2026-04-22,16,8187,A,86
16200,2026-04-22,17,4321,B,40
16201,2026-04-22,18,23780,A,54
16202,2026-04-23,1,10566,A,68
16203,2026-04-23,2,15757,A,49
16204,2026-04-23,3,15631,A,48
16205,2026-04-23,4,10600,B,53
16206,2026-04-23,5,15060,B,47
16207,2026-04-23,6,6674,A,84
16208,2026-04-23,7,9658,B,58
16209,2026-04-23,8,13372,C,38
16210,2026-04-23,9,13924,C,55
16211,2026-04-23,10,22138,A,76
16212,2026-04-23,11,7533,A,69
16213,2026-04-23,12,16660,B,80
16214,2026-04-23,13,18110,B,37
16215,2026-04-23,14,5707,B,54
16216,2026-04-23,15,13727,B,50
16217,2026-04-23,16,7307,A,47
16218,2026-04-23,17,5707,C,53
16219,2026-04-23,18,24141,B,52
16220,2026-04-24,1,10240,A,78
16221,2026-04-24,2,16657,B,70
16222,2026-04-24,3,12579,A,67
16223,2026-04-24,4,11363,A,71
16224,2026-04-24,5,15264,B,59
16225,2026-04-24,6,7331,A,65
16226,2026-04-24,7,10105,C,49
16227,2026-04-24,9,12746,C,30
16228,2026-04-24,10,22620,B,50
16229,2026-04-24,11,7535,A,66
16230,2026-04-24,12,15701,B,64
16231,2026-04-24,13,17595,B,66
16232,2026-04-24,14,4509,A,69
16233,2026-04-24,15,15894,B,65
16234,2026-04-24,16,7922,A,55
16235,2026-04-24,17,5447,A,51
16236,2026-04-24,18,23425,B,64
16237,2026-04-25,1,9133,A,72
16238,2026-04-25,2,17326,A,55
16239,2026-04-25,4,9876,B,62
16240,2026-04-25,5,16117,B,48
16241,2026-04-25,6,7101,C,58
16242,2026-04-25,7,9050,A,69
16243,2026-04-25,8,13111,A,66
16244,2026-04-25,9,14399,A,63
16245,2026-04-25,10,19559,B,47
16246,2026-04-25,11,8087,B,54
16247,2026-04-25,12,15928,A,76
16248,2026-04-25,13,16745,A,54
16249,2026-04-25,14,4248,B,67
16250,2026-04-25,15,17118,B,60
16251,2026-04-25,16,7547,B,50
16252,2026-04-25,17,4725,A,74
16253,2026-04-25,18,23624,B,60
16254,2026-04-26,1,10989,C,53
16255,2026-04-26,2,15960,B,54
16256,2026-04-26,4,12112,B,56
16257,2026-04-26,5,16644,B,51
16258,2026-04-26,6,7487,B,68
16259,2026-04-26,7,10429,A,55
16260,2026-04-26,8,12117,C,69
16261,2026-04-26,9,12952,C,63
16262,2026-04-26,11,8610,B,68
16263,2026-04-26,12,17269,C,50
16264,2026-04-26,13,18478,C,57
16265,2026-04-26,14,4620,A,49
16266,2026-04-26,15,14617,A,57
16267,2026-04-26,17,4791,B,72
16268,2026-04-27,2,15647,A,69
16269,2026-04-27,3,14230,C,41
16270,2026-04-27,4,9935,B,61
16271,2026-04-27,6,6569,A,52
16272,2026-04-27,7,7710,B,54
16273,2026-04-27,8,11836,B,52
16274,2026-04-27,9,13479,A,36
16275,2026-04-27,10,19377,B,55
16276,2026-04-27,11,7747,C,30
16277,2026-04-27,12,15740,C,53
16278,2026-04-27,13,17207,B,63
16279,2026-04-27,14,4462,A,61
16280,2026-04-27,15,16080,C,64
16281,2026-04-27,16,7659,B,51
16282,2026-04-27,18,22660,B,55
16283,2026-04-28,1,8910,A,48
16284,2026-04-28,2,16252,B,57
16285,2026-04-28,4,10398,A,58
16286,2026-04-28,6,7457,B,69
16287,2026-04-28,7,9864,B,54
16288,2026-04-28,8,13760,B,55
16289,2026-04-28,9,14400,B,48
16290,2026-04-28,10,24308,A,78
16291,2026-04-28,11,7992,B,63
16292,2026-04-28,12,15904,A,70
16293,2026-04-28,13,16480,B,60
16294,2026-04-28,14,5247,B,74
16295,2026-04-28,15,13443,B,36
16296,2026-04-28,16,7808,B,61
16297,2026-04-29,1,9829,B,55
16298,2026-04-29,2,14985,C,63
16299,2026-04-29,3,12585,B,58
16300,2026-04-29,5,15283,B,53
16301,2026-04-29,6,6628,A,69
16302,2026-04-29,9,12949,B,47
16303,2026-04-29,10,19480,B,54
16304,2026-04-29,12,15123,A,65
16305,2026-04-29,13,16869,A,52
16306,2026-04-29,14,4943,B,40
16307,2026-04-29,15,15530,B,57
16308,2026-04-29,16,7141,A,66
16309,2026-04-30,1,11399,A,59
16310,2026-04-30,2,18742,A,66
16311,2026-04-30,3,14484,A,72
16312,2026-04-30,4,10556,B,61
16313,2026-04-30,5,15669,B,55
16314,2026-04-30,6,7525,A,73
16315,2026-04-30,7,10319,A,53
16316,2026-04-30,9,13028,B,49
16317,2026-04-30,10,22316,A,90
16318,2026-04-30,11,8213,C,35
16319,2026-04-30,12,16432,B,57
16320,2026-04-30,13,14726,C,70
16321,2026-04-30,14,5000,B,56
16322,2026-04-30,15,16128,C,44
16323,2026-04-30,17,5519,C,48
16324,2026-04-30,18,24043,B,74
16325,2026-05-01,1,10870,A,57
16326,2026-05-01,2,13992,B,49
16327,2026-05-01,3,14311,C,43
16328,2026-05-01,4,8926,B,58
16329,2026-05-01,5,15614,C,41
16330,2026-05-01,6,6720,B,53
16331,2026-05-01,7,9404,B,48
16332,2026-05-01,9,14296,B,73
16333,2026-05-01,10,22016,B,59
16334,2026-05-01,11,7313,B,63
16335,2026-05-01,12,16330,B,43
16336,2026-05-01,13,16867,B,68
16337,2026-05-01,14,5559,B,61
16338,2026-05-01,15,13535,A,58
16339,2026-05-01,16,6697,B,61
16340,2026-05-01,18,23324,B,60
16341,2026-05-02,1,9894,A,74
16342,2026-05-02,2,16295,A,63
16343,2026-05-02,3,12538,B,52
16344,2026-05-02,4,9918,A,55
16345,2026-05-02,5,14909,B,75
16346,2026-05-02,7,8798,A,70
16347,2026-05-02,9,12713,B,56
16348,2026-05-02,10,21145,A,83
16349,2026-05-02,11,8248,B,65
16350,2026-05-02,12,17030,A,72
16351,2026-05-02,13,18059,C,37
16352,2026-05-02,15,15059,B,49
16353,2026-05-02,16,7330,B,36
16354,2026-05-02,18,23995,C,54
16355,2026-05-03,1,9893,C,54
16356,2026-05-03,2,18657,A,74
16357,2026-05-03,3,14997,C,32
16358,2026-05-03,4,9465,A,68
16359,2026-05-03,5,15462,A,66
16360,2026-05-03,9,13230,C,53
16361,2026-05-03,10,19517,A,69
16362,2026-05-03,11,8269,C,36
16363,2026-05-03,12,15149,A,88
16364,2026-05-03,13,17582,C,55
16365,2026-05-03,14,5405,A,68
16366,2026-05-03,15,16186,B,50
16367,2026-05-03,17,5445,C,43
16368,2026-05-04,1,6610,A,47
16369,2026-05-04,2,10711,A,47
16370,2026-05-04,3,9864,A,74
16371,2026-05-04,4,6989,B,66
16372,2026-05-04,5,11443,B,66
16373,2026-05-04,7,6642,B,53
16374,2026-05-04,9,9505,A,71
16375,2026-05-04,10,13582,A,62
16376,2026-05-04,11,5501,B,44
16377,2026-05-04,12,10202,C,39
16378,2026-05-04,14,3803,C,40
16379,2026-05-04,15,7811,C,42
16380,2026-05-04,17,3336,A,47
16381,2026-05-04,18,15442,B,56
16382,2026-05-05,1,7912,C,48
16383,2026-05-05,2,10542,B,63
16384,2026-05-05,3,9117,A,61
16385,2026-05-05,4,7464,C,55
16386,2026-05-05,5,10518,C,39
16387,2026-05-05,6,4566,A,78
16388,2026-05-05,7,6517,B,63
16389,2026-05-05,8,7537,B,76
16390,2026-05-05,9,10595,B,64
16391,2026-05-05,10,11380,A,77
16392,2026-05-05,11,4796,A,83
16393,2026-05-05,12,11261,B,75
16394,2026-05-05,13,11171,C,43
16395,2026-05-05,14,3269,B,46
16396,2026-05-05,15,11296,A,71
16397,2026-05-05,16,5069,C,55
16398,2026-05-05,17,3539,C,43
16399,2026-05-05,18,15254,B,64
16400,2026-05-06,1,6992,A,66
16401,2026-05-06,2,10399,B,48
16402,2026-05-06,3,9077,A,52
16403,2026-05-06,4,7271,C,44
16404,2026-05-06,5,9901,B,51
16405,2026-05-06,6,4951,B,84
16406,2026-05-06,7,5688,A,62
16407,2026-05-06,8,8714,A,50
16408,2026-05-06,9,9541,B,37
16409,2026-05-06,10,13996,A,71
16410,2026-05-06,12,10804,A,52
16411,2026-05-06,13,11856,A,64
16412,2026-05-06,14,3593,A,66
16413,2026-05-06,15,10495,B,50
16414,2026-05-06,16,4735,B,54
16415,2026-05-06,17,3821,C,33
16416,2026-05-06,18,14687,B,53
16417,2026-05-07,1,7018,A,41
16418,2026-05-07,2,10551,A,70
16419,2026-05-07,3,9420,C,42
16420,2026-05-07,4,5602,A,47
16421,2026-05-07,5,9798,C,54
16422,2026-05-07,6,4440,B,62
16423,2026-05-07,7,5959,B,47
16424,2026-05-07,8,8285,A,62
16425,2026-05-07,9,9444,B,51
16426,2026-05-07,11,5160,A,70
16427,2026-05-07,12,9822,B,54
16428,2026-05-07,13,12135,B,53
16429,2026-05-07,14,3327,C,38
16430,2026-05-07,15,10791,B,51
16431,2026-05-07,16,5240,B,52
16432,2026-05-07,18,16883,A,68
16433,2026-05-08,1,7344,C,56
16434,2026-05-08,2,11881,B,70
16435,2026-05-08,3,8398,C,43
16436,2026-05-08,4,8044,B,56
16437,2026-05-08,5,10067,A,35
16438,2026-05-08,6,4014,B,58
16439,2026-05-08,7,6197,A,67
16440,2026-05-08,8,8025,B,35
16441,2026-05-08,9,9486,A,62
16442,2026-05-08,10,13896,A,86
16443,2026-05-08,12,11697,A,61
16444,2026-05-08,13,13550,B,56
16445,2026-05-08,15,9869,A,76
16446,2026-05-08,17,3666,C,43
16447,2026-05-08,18,13674,B,53
16448,2026-05-09,1,6915,A,74
16449,2026-05-09,2,8811,C,54
16450,2026-05-09,3,9042,B,63
16451,2026-05-09,4,7077,A,74
16452,2026-05-09,5,11542,A,69
16453,2026-05-09,6,5257,A,54
16454,2026-05-09,7,6179,C,64
16455,2026-05-09,8,9005,B,58
16456,2026-05-09,9,8319,C,47
16457,2026-05-09,10,10479,C,52
16458,2026-05-09,11,5709,A,63
16459,2026-05-09,12,9151,C,44
16460,2026-05-09,13,11543,B,50
16461,2026-05-09,14,2966,B,63
16462,2026-05-09,15,8799,A,65
16463,2026-05-09,16,5574,C,61
16464,2026-05-09,17,4262,C,49
16465,2026-05-09,18,18328,A,57
16466,2026-05-10,1,6644,B,62
16467,2026-05-10,2,12018,B,85
16468,2026-05-10,3,7467,A,45
16469,2026-05-10,4,6485,B,55
16470,2026-05-10,5,10056,A,75
16471,2026-05-10,6,4319,B,68
16472,2026-05-10,7,6571,A,60
16473,2026-05-10,9,9184,C,82
16474,2026-05-10,10,12357,C,46
16475,2026-05-10,12,11254,A,58
16476,2026-05-10,13,10458,C,62
16477,2026-05-10,14,2946,A,67
16478,2026-05-10,15,10642,B,34
16479,2026-05-10,16,4856,B,61
16480,2026-05-10,17,3906,B,58
16481,2026-05-10,18,16498,C,43
16482,2026-05-11,1,6678,B,57
16483,2026-05-11,2,9486,A,71
16484,2026-05-11,3,9652,A,59
16485,2026-05-11,4,7001,B,51
16486,2026-05-11,5,10190,B,83
16487,2026-05-11,6,4545,A,84
16488,2026-05-11,8,8363,A,60
16489,2026-05-11,9,9078,A,59
16490,2026-05-11,10,12926,C,50
16491,2026-05-11,12,9518,C,39
16492,2026-05-11,13,12185,A,66
16493,2026-05-11,14,3287,C,52
16494,2026-05-11,17,3942,C,56
16495,2026-05-11,18,13223,A,65
16496,2026-05-12,1,6746,A,58
16497,2026-05-12,2,10477,A,66
16498,2026-05-12,4,7011,C,37
16499,2026-05-12,5,9812,A,45
16500,2026-05-12,6,4903,A,79
16501,2026-05-12,7,6365,A,53
16502,2026-05-12,8,8848,B,90
16503,2026-05-12,9,9334,B,49
16504,2026-05-12,10,14070,B,79
16505,2026-05-12,11,4829,A,55
16506,2026-05-12,12,12188,B,64
16507,2026-05-12,13,13114,B,84
16508,2026-05-12,14,3152,B,64
16509,2026-05-12,15,10232,A,78
16510,2026-05-12,16,4422,C,51
16511,2026-05-12,17,3641,A,49
16512,2026-05-12,18,15140,B,55
16513,2026-05-13,1,6765,B,46
16514,2026-05-13,2,10337,A,66
16515,2026-05-13,3,10105,A,54
16516,2026-05-13,4,6545,A,76
16517,2026-05-13,5,11103,B,59
16518,2026-05-13,6,4270,A,72
16519,2026-05-13,7,6055,C,56
16520,2026-05-13,8,8078,B,50
16521,2026-05-13,9,9185,B,45
16522,2026-05-13,10,14067,C,75
16523,2026-05-13,11,4526,B,30
16524,2026-05-13,12,9281,B,85
16525,2026-05-13,13,11117,C,56
16526,2026-05-13,15,11094,B,77
16527,2026-05-13,16,4906,B,71
16528,2026-05-13,17,3755,B,76
16529,2026-05-13,18,15208,A,77
16530,2026-05-14,1,7180,B,48
16531,2026-05-14,2,11209,C,70
16532,2026-05-14,3,8782,A,46
16533,2026-05-14,4,7023,A,65
16534,2026-05-14,5,11806,A,74
16535,2026-05-14,6,4126,A,71
16536,2026-05-14,7,5783,C,43
16537,2026-05-14,8,9373,A,68
16538,2026-05-14,9,9376,A,69
16539,2026-05-14,10,13562,C,52
16540,2026-05-14,11,4818,C,37
16541,2026-05-14,12,11566,A,50
16542,2026-05-14,13,12179,C,41
16543,2026-05-14,14,3333,B,53
16544,2026-05-14,15,10828,A,66
16545,2026-05-14,16,4944,A,76
16546,2026-05-14,18,15899,A,66
16547,2026-05-15,1,6813,A,56
16548,2026-05-15,2,9336,B,46
16549,2026-05-15,3,8867,B,63
16550,2026-05-15,4,6578,B,68
16551,2026-05-15,5,10574,A,55
16552,2026-05-15,6,4579,A,68
16553,2026-05-15,7,5831,C,58
16554,2026-05-15,8,7803,C,64
16555,2026-05-15,9,8873,B,50
16556,2026-05-15,10,14448,B,30
16557,2026-05-15,11,5152,A,51
16558,2026-05-15,12,10521,A,56
16559,2026-05-15,14,3588,B,58
16560,2026-05-15,15,11775,B,45
16561,2026-05-15,17,3920,C,40
16562,2026-05-16,2,11101,B,60
16563,2026-05-16,3,8567,C,43
16564,2026-05-16,4,6690,A,70
16565,2026-05-16,5,10274,C,51
16566,2026-05-16,6,3844,A,57
16567,2026-05-16,7,6093,A,69
16568,2026-05-16,8,8766,B,50
16569,2026-05-16,9,9143,A,63
16570,2026-05-16,10,12620,B,56
16571,2026-05-16,12,10279,A,57
16572,2026-05-16,13,12339,A,68
16573,2026-05-16,14,3282,B,47
16574,2026-05-16,15,10332,C,57
16575,2026-05-16,16,4483,C,60
16576,2026-05-16,18,15455,B,73
16577,2026-05-17,1,6741,A,69
16578,2026-05-17,2,12439,B,63
16579,2026-05-17,3,8812,B,79
16580,2026-05-17,4,6534,B,56
16581,2026-05-17,5,10236,B,36
16582,2026-05-17,6,4385,B,49
16583,2026-05-17,7,4413,A,69
16584,2026-05-17,9,8206,B,44
16585,2026-05-17,10,14420,A,46
16586,2026-05-17,12,10747,A,70
16587,2026-05-17,13,11526,B,49
16588,2026-05-17,14,3169,A,61
16589,2026-05-17,15,9642,B,41
16590,2026-05-17,17,3756,B,50
16591,2026-05-17,18,15267,A,63
16592,2026-05-18,1,6828,A,59
16593,2026-05-18,2,9538,A,53
16594,2026-05-18,4,6122,A,59
16595,2026-05-18,6,4576,B,58
16596,2026-05-18,8,7410,B,56
16597,2026-05-18,9,8867,B,59
16598,2026-05-18,10,14271,B,52
16599,2026-05-18,11,5203,C,58
16600,2026-05-18,13,10773,A,40
16601,2026-05-18,14,3298,B,44
16602,2026-05-18,15,10052,B,48
16603,2026-05-18,16,4475,A,69
16604,2026-05-18,17,3737,B,50
16605,2026-05-18,18,14506,A,70
16606,2026-05-19,1,5700,A,74
16607,2026-05-19,2,10867,C,64
16608,2026-05-19,3,7225,B,56
16609,2026-05-19,4,6995,B,76
16610,2026-05-19,6,4391,A,63
16611,2026-05-19,7,5765,A,71
16612,2026-05-19,8,8099,A,69
16613,2026-05-19,9,10113,A,50
16614,2026-05-19,10,14164,B,45
16615,2026-05-19,12,9824,A,69
16616,2026-05-19,13,11337,B,49
16617,2026-05-19,14,3184,A,61
16618,2026-05-19,15,10545,A,45
16619,2026-05-19,16,4696,A,58
16620,2026-05-19,17,3685,A,45
16621,2026-05-19,18,14335,A,48
16622,2026-05-20,1,7282,B,77
16623,2026-05-20,2,10138,C,73
16624,2026-05-20,3,9941,B,47
16625,2026-05-20,4,7238,B,60
16626,2026-05-20,6,3934,C,41
16627,2026-05-20,7,6463,A,81
16628,2026-05-20,8,9089,A,82
16629,2026-05-20,9,9332,B,54
16630,2026-05-20,11,5264,C,60
16631,2026-05-20,12,9899,C,52
16632,2026-05-20,13,11830,B,52
16633,2026-05-20,15,11035,B,50
16634,2026-05-20,16,5548,B,59
16635,2026-05-20,17,4557,B,62
16636,2026-05-20,18,16549,B,64
16637,2026-05-21,1,6973,A,68
16638,2026-05-21,2,11070,C,53
16639,2026-05-21,4,7199,A,65
16640,2026-05-21,5,10556,B,61
16641,2026-05-21,6,5060,B,56
16642,2026-05-21,7,5800,B,54
16643,2026-05-21,8,9099,B,60
16644,2026-05-21,9,9085,B,48
16645,2026-05-21,10,15763,C,81
16646,2026-05-21,11,5664,C,62
16647,2026-05-21,13,12240,B,45
16648,2026-05-21,14,2955,C,43
16649,2026-05-21,15,9008,B,60
16650,2026-05-21,16,4445,B,64
16651,2026-05-21,17,3493,A,61
16652,2026-05-21,18,13324,A,64
16653,2026-05-22,1,7327,A,73
16654,2026-05-22,2,10721,A,57
16655,2026-05-22,3,8149,A,54
16656,2026-05-22,4,7368,A,68
16657,2026-05-22,6,4525,B,48
16658,2026-05-22,7,6092,A,66
16659,2026-05-22,8,8214,A,55
16660,2026-05-22,9,10480,B,70
16661,2026-05-22,10,14291,A,50
16662,2026-05-22,11,5348,B,46
16663,2026-05-22,14,3412,A,58
16664,2026-05-22,15,10213,B,53
16665,2026-05-22,17,3491,A,59
16666,2026-05-22,18,16005,B,39
16667,2026-05-23,1,5213,C,46
16668,2026-05-23,2,10156,B,48
16669,2026-05-23,3,8244,B,63
16670,2026-05-23,4,7093,A,66
16671,2026-05-23,5,9892,B,60
16672,2026-05-23,6,5002,B,70
16673,2026-05-23,7,6964,C,31
16674,2026-05-23,8,7839,A,71
16675,2026-05-23,9,8109,B,52
16676,2026-05-23,10,12684,A,75
16677,2026-05-23,11,5391,B,49
16678,2026-05-23,12,10095,A,66
16679,2026-05-23,13,11064,A,57
16680,2026-05-23,14,3239,C,39
16681,2026-05-23,15,11520,A,52
16682,2026-05-23,16,5043,A,78
16683,2026-05-23,17,3895,B,51
16684,2026-05-23,18,16400,A,76
16685,2026-05-24,2,11123,C,37
16686,2026-05-24,3,10230,A,70
16687,2026-05-24,6,4395,B,51
16688,2026-05-24,7,6692,B,43
16689,2026-05-24,8,8965,A,75
16690,2026-05-24,9,8292,B,56
16691,2026-05-24,11,5182,A,58
16692,2026-05-24,13,11918,B,67
16693,2026-05-24,14,3655,B,48
16694,2026-05-24,15,10010,B,55
16695,2026-05-24,16,4880,A,64
16696,2026-05-24,17,3514,B,49
16697,2026-05-24,18,15146,C,44
16698,2026-05-25,1,6709,B,64
16699,2026-05-25,2,12250,A,67
16700,2026-05-25,3,8338,A,46
16701,2026-05-25,4,7378,A,58
16702,2026-05-25,5,11040,A,77
16703,2026-05-25,6,4172,C,62
16704,2026-05-25,7,6646,B,59
16705,2026-05-25,8,9117,B,47
16706,2026-05-25,10,14577,C,44
16707,2026-05-25,11,4454,A,58
16708,2026-05-25,12,9770,B,54
16709,2026-05-25,13,12196,B,53
16710,2026-05-25,14,3000,A,66
16711,2026-05-25,15,10966,B,76
16712,2026-05-25,16,5092,A,69
16713,2026-05-26,1,7387,B,42
16714,2026-05-26,3,8188,A,70
16715,2026-05-26,4,6163,A,67
16716,2026-05-26,5,9897,B,56
16717,2026-05-26,6,4585,A,50
16718,2026-05-26,7,5951,B,46
16719,2026-05-26,8,7552,B,53
16720,2026-05-26,9,9133,A,77
16721,2026-05-26,10,13102,B,64
16722,2026-05-26,11,4640,B,45
16723,2026-05-26,12,11562,A,67
16724,2026-05-26,13,11758,A,65
16725,2026-05-26,15,10609,A,84
16726,2026-05-26,16,4435,A,55
16727,2026-05-26,17,3369,A,70
16728,2026-05-26,18,16851,C,30
16729,2026-05-27,1,6221,B,55
16730,2026-05-27,2,11321,B,59
16731,2026-05-27,3,9841,C,65
16732,2026-05-27,4,6416,C,67
16733,2026-05-27,5,11906,B,77
16734,2026-05-27,6,4411,A,77
16735,2026-05-27,7,6468,A,82
16736,2026-05-27,9,8923,C,69
16737,2026-05-27,10,14947,C,53
16738,2026-05-27,11,5247,A,71
16739,2026-05-27,12,10094,C,40
16740,2026-05-27,13,10648,B,52
16741,2026-05-27,14,3885,B,67
16742,2026-05-27,15,10986,A,53
16743,2026-05-27,16,5537,C,57
16744,2026-05-27,17,3835,A,77
16745,2026-05-27,18,14547,B,64
16746,2026-05-28,1,7118,A,67
16747,2026-05-28,2,9597,B,46
16748,2026-05-28,3,9264,B,52
16749,2026-05-28,4,6381,A,72
16750,2026-05-28,5,10558,B,65
16751,2026-05-28,6,4065,C,38
16752,2026-05-28,7,6083,B,65
16753,2026-05-28,8,8478,C,56
16754,2026-05-28,9,8227,A,67
16755,2026-05-28,10,14169,C,56
16756,2026-05-28,11,5059,B,67
16757,2026-05-28,12,11021,C,71
16758,2026-05-28,14,3138,B,62
16759,2026-05-28,15,9545,B,62
16760,2026-05-28,16,5642,A,68
16761,2026-05-28,17,3839,A,71
16762,2026-05-28,18,14674,C,38
16763,2026-05-29,1,6213,B,75
16764,2026-05-29,2,9886,B,56
16765,2026-05-29,3,8343,B,45
16766,2026-05-29,4,7511,A,65
16767,2026-05-29,5,9164,A,62
16768,2026-05-29,6,5016,B,64
16769,2026-05-29,7,6102,B,70
16770,2026-05-29,8,8747,B,47
16771,2026-05-29,10,11172,A,60
16772,2026-05-29,11,5241,B,48
16773,2026-05-29,12,11144,A,57
16774,2026-05-29,13,12276,B,51
16775,2026-05-29,14,3329,C,57
16776,2026-05-29,17,3597,A,64
16777,2026-05-29,18,14805,B,52
16778,2026-05-30,1,6446,A,55
16779,2026-05-30,2,11110,A,71
16780,2026-05-30,3,9176,A,59
16781,2026-05-30,4,7435,B,65
16782,2026-05-30,5,10101,A,57
16783,2026-05-30,6,4265,C,43
16784,2026-05-30,7,6402,B,58
16785,2026-05-30,8,8129,B,64
16786,2026-05-30,9,9496,C,50
16787,2026-05-30,10,14079,B,48
16788,2026-05-30,12,11546,A,75
16789,2026-05-30,13,10148,C,39
16790,2026-05-30,14,3063,B,46
16791,2026-05-30,15,10223,A,67
16792,2026-05-30,16,5837,B,43
16793,2026-05-30,18,16853,B,68
16794,2026-05-31,1,7824,A,50
16795,2026-05-31,2,11976,C,58
16796,2026-05-31,3,8280,A,45
16797,2026-05-31,4,7184,A,53
16798,2026-05-31,5,9674,B,70
16799,2026-05-31,6,3827,A,52
16800,2026-05-31,7,5903,B,46
16801,2026-05-31,8,8781,C,66
16802,2026-05-31,9,8303,A,72
16803,2026-05-31,10,13302,C,39
16804,2026-05-31,11,5357,A,82
16805,2026-05-31,12,10420,B,47
16806,2026-05-31,13,9500,A,79
16807,2026-05-31,14,3027,A,66
16808,2026-05-31,15,8955,A,52
16809,2026-05-31,16,4733,B,60
16810,2026-05-31,17,3141,C,44
16811,2026-05-31,18,17010,A,60
16812,2026-06-01,1,6681,A,62
16813,2026-06-01,2,11010,B,58
16814,2026-06-01,3,9814,A,70
16815,2026-06-01,4,7507,B,51
16816,2026-06-01,5,8414,B,59
16817,2026-06-01,6,4965,B,60
16818,2026-06-01,7,6939,A,52
16819,2026-06-01,8,7855,C,54
16820,2026-06-01,9,8998,C,44
16821,2026-06-01,10,14340,B,57
16822,2026-06-01,11,5573,C,60
16823,2026-06-01,12,12275,C,36
16824,2026-06-01,14,3813,C,62
16825,2026-06-01,16,5046,B,64
16826,2026-06-01,18,13694,A,51
