despacho_id,fecha,venta_id,aerolinea_id,agencia_carga_id,awb,peso_kg
1,2023-06-02,1,2,1.0,940-37497323,33.95
2,2023-06-02,2,5,8.0,822-76269208,981.7
3,2023-06-03,3,2,5.0,533-10346990,1930.02
4,2023-06-02,4,2,8.0,195-34395739,2658.8
5,2023-06-01,5,2,3.0,303-66068615,3260.68
6,2023-06-02,6,1,,309-81853923,744.44
7,2023-06-03,7,1,7.0,254-86011144,1259.24
8,2023-06-03,8,3,2.0,170-16863859,8694.78
9,2023-06-04,9,5,7.0,312-59875124,1711.56
10,2023-06-02,10,1,6.0,702-47656823,413.43
11,2023-06-02,11,3,3.0,615-94116567,1028.1
12,2023-06-04,12,1,1.0,870-57366846,1199.88
13,2023-06-03,13,1,5.0,449-68082429,827.2
14,2023-06-03,14,4,9.0,954-46103397,1704.71
15,2023-06-04,15,1,7.0,119-26912240,7516.36
16,2023-06-03,16,5,3.0,659-45956188,381.22
17,2023-06-04,17,5,7.0,115-81090781,7299.23
18,2023-06-03,18,2,1.0,411-86593094,2390.18
19,2023-06-04,19,5,4.0,513-27846842,1078.66
20,2023-06-05,20,4,7.0,488-54616401,132.14
21,2023-06-06,21,3,6.0,156-33206584,816.74
22,2023-06-05,22,5,4.0,467-74845740,351.5
23,2023-06-06,23,2,7.0,915-90779375,1049.97
24,2023-06-06,24,4,9.0,951-71319180,204.61
25,2023-06-06,25,4,9.0,853-55930676,1797.83
26,2023-06-06,26,3,8.0,249-11992719,407.71
27,2023-06-05,27,1,5.0,159-82817929,144.62
28,2023-06-08,28,2,5.0,692-67344497,280.19
29,2023-06-06,29,2,4.0,231-88452035,814.86
30,2023-06-06,30,5,4.0,620-93917426,667.32
31,2023-06-07,31,5,8.0,608-80403606,291.38
32,2023-06-08,32,3,5.0,602-24154683,67.72
33,2023-06-10,33,1,2.0,662-75881152,2688.67
34,2023-06-08,34,3,8.0,477-89418542,95.59
35,2023-06-09,35,3,6.0,428-22805935,100.34
36,2023-06-12,36,4,5.0,466-34186320,51.85
37,2023-06-12,37,5,6.0,887-62171735,1250.56
38,2023-06-12,38,5,8.0,865-59859178,2095.52
39,2023-06-10,39,4,1.0,862-84162769,1055.8
40,2023-06-10,40,1,6.0,977-75494449,1127.12
41,2023-06-12,41,3,2.0,968-67042718,2961.32
42,2023-06-13,42,4,2.0,820-16516682,173.89
43,2023-06-11,43,4,7.0,601-97999933,315.04
44,2023-06-13,44,4,2.0,152-94281049,5202.81
45,2023-06-11,45,2,7.0,924-59690168,18.39
46,2023-06-13,46,5,3.0,353-93247596,583.71
47,2023-06-14,47,3,9.0,388-24410098,2259.39
48,2023-06-14,48,3,3.0,866-47692168,1582.19
49,2023-06-15,49,4,2.0,474-32736091,1129.97
50,2023-06-15,50,2,8.0,488-98599766,679.51
51,2023-06-16,51,3,2.0,146-80618176,912.97
52,2023-06-15,52,5,1.0,897-97092289,5153.83
53,2023-06-16,53,2,5.0,567-30419677,200.59
54,2023-06-16,54,4,8.0,440-38873017,985.24
55,2023-06-15,55,3,1.0,258-21930260,1354.84
56,2023-06-17,56,3,2.0,573-99496768,201.65
57,2023-06-16,57,4,6.0,622-91369152,362.71
58,2023-06-17,58,1,3.0,461-16243246,118.02
59,2023-06-18,59,3,9.0,673-80274181,4.62
60,2023-06-19,60,2,6.0,312-37010577,716.74
61,2023-06-19,61,5,2.0,167-60989845,26.37
62,2023-06-18,62,1,6.0,467-44847505,865.35
63,2023-06-18,63,2,5.0,826-12141549,238.98
64,2023-06-19,64,1,4.0,475-23790283,126.42
65,2023-06-20,65,2,7.0,891-73114108,1144.43
66,2023-06-18,66,2,4.0,488-75835854,414.61
67,2023-06-21,67,2,8.0,663-86743289,1437.63
68,2023-06-19,68,3,1.0,144-61465590,937.08
69,2023-06-21,69,2,9.0,948-91040740,2420.12
70,2023-06-22,70,3,9.0,479-29997972,2021.67
71,2023-06-21,71,3,3.0,998-10605599,751.53
72,2023-06-22,72,3,,787-73530320,191.11
73,2023-06-21,73,2,2.0,886-43733732,2652.95
74,2023-06-24,74,2,3.0,656-31177942,877.97
75,2023-06-22,75,5,3.0,358-61574693,356.21
76,2023-06-23,76,1,8.0,379-34299863,511.72
77,2023-06-24,77,2,5.0,783-43716118,14769.72
78,2023-06-25,78,1,7.0,987-97969826,2492.18
79,2023-06-23,79,1,8.0,152-13030948,4977.97
80,2023-06-24,80,5,8.0,787-36357257,54.87
81,2023-06-25,81,5,7.0,274-41986409,295.55
82,2023-06-25,82,5,9.0,550-30440897,3983.93
83,2023-06-25,83,3,9.0,135-63902842,2011.7
84,2023-06-25,84,4,1.0,596-79869484,566.24
85,2023-06-26,85,3,6.0,704-75437138,501.48
86,2023-06-25,86,3,6.0,694-65629132,310.4
87,2023-06-25,87,2,7.0,327-85023735,3284.97
88,2023-06-26,88,5,1.0,706-45698454,1059.89
89,2023-06-26,89,5,3.0,375-98662907,905.43
90,2023-06-27,90,3,1.0,323-82123341,103.74
91,2023-06-27,91,3,2.0,340-77215906,650.21
92,2023-06-27,92,3,3.0,824-93391897,816.53
93,2023-06-29,93,1,7.0,846-92723310,43.19
94,2023-06-27,94,3,6.0,727-77181943,1790.58
95,2023-06-28,95,2,8.0,943-67568240,280.4
96,2023-06-27,96,1,6.0,629-78356744,211.17
97,2023-06-29,97,5,3.0,277-84863621,1138.22
98,2023-06-30,98,3,2.0,455-27667864,400.08
99,2023-06-29,99,2,8.0,721-38632772,16.03
100,2023-06-29,100,4,4.0,637-35238671,341.06
101,2023-07-01,101,5,6.0,102-13883755,3779.88
102,2023-07-01,102,3,5.0,629-43654351,322.88
103,2023-06-29,103,4,9.0,354-97430530,688.43
104,2023-06-29,104,2,6.0,435-23438654,1158.83
105,2023-07-01,105,5,9.0,610-84846590,2770.89
106,2023-07-02,106,2,4.0,431-16141092,114.17
107,2023-07-01,107,3,4.0,326-89318571,138.2
108,2023-07-02,108,1,1.0,303-83683773,1184.58
109,2023-07-01,109,1,7.0,860-17560116,3652.98
110,2023-07-01,110,1,,751-13501174,170.57
111,2023-07-03,111,3,8.0,933-60059594,761.69
112,2023-07-04,112,5,4.0,579-56778501,613.97
113,2023-07-04,113,2,1.0,454-44736711,3188.02
114,2023-07-04,114,5,8.0,389-93221304,2694.44
115,2023-07-04,115,4,5.0,426-71864145,455.0
116,2023-07-04,116,1,4.0,967-86388779,1845.66
117,2023-07-02,117,2,,988-57712603,477.18
118,2023-07-02,118,1,1.0,519-17740359,6408.84
119,2023-07-02,119,5,2.0,748-65829843,250.43
120,2023-07-03,120,4,6.0,364-70261917,6786.08
121,2023-07-03,121,3,4.0,860-74169220,1776.88
122,2023-07-03,122,4,2.0,945-63725405,1330.5
123,2023-07-04,123,3,7.0,316-46179145,168.58
124,2023-07-05,124,4,2.0,333-10003212,2319.07
125,2023-07-06,125,2,8.0,156-93132323,4803.35
126,2023-07-06,126,5,7.0,739-94211817,2914.44
127,2023-07-06,127,4,4.0,815-17356505,1187.52
128,2023-07-06,128,2,5.0,707-22042588,565.06
129,2023-07-06,129,3,4.0,345-56858511,79.71
130,2023-07-07,130,4,9.0,629-63126585,127.11
131,2023-07-05,131,4,1.0,851-62075393,658.56
132,2023-07-05,132,5,4.0,717-53689237,413.53
133,2023-07-07,133,1,6.0,368-74505664,182.49
134,2023-07-08,134,4,5.0,178-20698925,2510.74
135,2023-07-08,135,1,5.0,175-47472571,427.7
136,2023-07-06,136,2,7.0,972-39143736,412.92
137,2023-07-07,137,5,2.0,953-83667211,299.87
138,2023-07-09,138,1,1.0,976-32696804,501.98
139,2023-07-07,139,1,5.0,873-51126361,2632.43
140,2023-07-08,140,5,8.0,648-52890759,457.45
141,2023-07-09,141,2,9.0,959-86329913,1821.69
142,2023-07-10,142,2,7.0,387-77030997,1669.04
143,2023-07-08,143,2,1.0,831-18222496,844.74
144,2023-07-10,144,5,4.0,201-83622095,2452.85
145,2023-07-11,145,5,8.0,162-73034454,1079.33
146,2023-07-10,146,2,4.0,510-10674075,33.21
147,2023-07-09,147,4,9.0,832-16416153,159.69
148,2023-07-09,148,3,5.0,608-44610184,1103.01
149,2023-07-11,149,3,9.0,284-80779877,1576.36
150,2023-07-11,150,4,8.0,471-62676239,3968.93
151,2023-07-12,151,3,9.0,372-21266511,349.3
152,2023-07-12,152,1,2.0,177-54396651,1673.29
153,2023-07-11,153,1,9.0,212-58064167,86.65
154,2023-07-12,154,4,,958-80597135,159.12
155,2023-07-13,155,4,1.0,722-89281054,3359.96
156,2023-07-12,156,2,7.0,970-47358719,4263.38
157,2023-07-14,157,2,9.0,570-73812046,38.85
158,2023-07-13,158,5,1.0,179-59307887,655.16
159,2023-07-13,159,4,8.0,899-62311991,77.7
160,2023-07-15,160,4,6.0,411-88971956,979.17
161,2023-07-15,161,2,9.0,895-16588209,353.52
162,2023-07-17,162,3,4.0,193-80710681,781.84
163,2023-07-16,163,4,7.0,703-32978935,0.91
164,2023-07-15,164,3,2.0,396-75619251,76.56
165,2023-07-16,165,2,8.0,745-68992457,1239.29
166,2023-07-17,166,5,2.0,639-22697499,105.94
167,2023-07-19,167,2,2.0,416-56755652,918.71
168,2023-07-19,168,5,7.0,330-10396904,188.51
169,2023-07-18,169,5,6.0,134-73459489,3.72
170,2023-07-19,170,3,4.0,994-49739862,1350.04
171,2023-07-19,171,1,3.0,447-16050485,10577.7
172,2023-07-19,172,1,3.0,787-15366434,1572.26
173,2023-07-19,173,5,6.0,756-20137641,1554.73
174,2023-07-18,174,2,9.0,113-98776632,1333.4
175,2023-07-18,175,2,5.0,288-97669283,198.61
176,2023-07-20,176,1,6.0,734-29641837,115.37
177,2023-07-19,177,4,9.0,182-65615019,1467.54
178,2023-07-22,178,1,8.0,121-54168323,1606.66
179,2023-07-22,179,5,5.0,366-70471690,293.59
180,2023-07-22,180,2,8.0,705-54491145,2290.53
181,2023-07-23,181,2,9.0,107-45318087,3117.66
182,2023-07-21,182,3,6.0,698-82497867,1088.66
183,2023-07-21,183,2,1.0,852-39289370,840.72
184,2023-07-23,184,3,5.0,319-98519250,611.57
185,2023-07-22,185,5,8.0,823-10908573,4548.31
186,2023-07-24,186,1,3.0,288-77733611,830.64
187,2023-07-24,187,3,8.0,445-70528967,5899.89
188,2023-07-23,188,3,4.0,518-40711515,3828.15
189,2023-07-24,189,4,3.0,947-52409036,130.9
190,2023-07-25,190,4,8.0,922-25451876,1610.47
191,2023-07-26,191,2,3.0,477-53481708,270.5
192,2023-07-25,192,2,7.0,488-45039064,629.92
193,2023-07-26,193,3,6.0,405-58152647,1302.96
194,2023-07-26,194,3,7.0,119-25362625,232.09
195,2023-07-28,195,4,6.0,528-30069241,228.69
196,2023-07-28,196,2,7.0,538-75098467,325.76
197,2023-07-29,197,2,9.0,324-21055361,884.74
198,2023-07-29,198,1,2.0,123-82709214,415.35
199,2023-07-29,199,4,9.0,564-20851623,390.41
200,2023-07-29,200,2,1.0,977-43604704,746.85
201,2023-07-28,201,1,2.0,660-90665059,4630.98
202,2023-07-30,202,5,7.0,197-96025543,1682.79
203,2023-07-28,203,4,6.0,801-76708149,3695.03
204,2023-07-30,204,3,3.0,122-61119208,3542.26
205,2023-07-29,205,5,3.0,900-65322192,229.24
206,2023-07-30,206,2,7.0,954-10083576,2947.65
207,2023-07-29,207,3,5.0,117-90929221,2044.02
208,2023-08-01,208,3,8.0,613-77287846,4081.08
209,2023-07-31,209,1,7.0,561-76840631,251.1
210,2023-07-31,210,4,9.0,283-21285878,504.41
211,2023-07-31,211,2,6.0,955-30027831,2562.08
212,2023-08-02,212,4,2.0,808-47174035,639.25
213,2023-08-02,213,4,4.0,219-70996888,1584.73
214,2023-08-01,214,4,8.0,629-47529652,1876.04
215,2023-08-01,215,3,1.0,863-66007567,3248.74
216,2023-08-01,216,4,7.0,860-86725858,2247.49
217,2023-08-03,217,3,8.0,751-32822482,914.94
218,2023-08-04,218,1,2.0,276-62384819,1278.37
219,2023-08-03,219,3,9.0,124-91129921,194.73
220,2023-08-02,220,3,5.0,560-87937757,1332.54
221,2023-08-04,221,2,8.0,789-19172934,1831.39
222,2023-08-04,222,3,7.0,779-47738433,295.54
223,2023-08-04,223,4,3.0,463-11904400,2321.7
224,2023-08-06,224,1,9.0,146-67651007,1479.19
225,2023-08-04,225,1,4.0,245-95795183,230.39
226,2023-08-05,226,5,4.0,619-45007279,4124.31
227,2023-08-04,227,3,3.0,600-64346324,620.54
228,2023-08-06,228,3,8.0,726-27950506,1106.46
229,2023-08-06,229,4,9.0,461-24516676,296.51
230,2023-08-06,230,5,5.0,947-57012070,1710.82
231,2023-08-07,231,2,7.0,660-90375205,3241.37
232,2023-08-05,232,5,4.0,905-19885820,7258.33
233,2023-08-06,233,2,3.0,640-54357198,686.02
234,2023-08-06,234,5,2.0,784-89269717,50.93
235,2023-08-06,235,2,1.0,468-49331066,579.1
236,2023-08-06,236,3,3.0,392-81990042,1255.01
237,2023-08-07,237,4,3.0,543-87823788,853.03
238,2023-08-06,238,1,9.0,757-65081591,400.58
239,2023-08-09,239,2,4.0,490-73775147,6027.24
240,2023-08-10,240,1,4.0,361-52659736,957.46
241,2023-08-10,241,1,2.0,254-76206732,900.11
242,2023-08-10,242,5,2.0,696-22506080,1696.91
243,2023-08-09,243,3,7.0,485-82559350,27.94
244,2023-08-12,244,1,1.0,692-72189583,144.04
245,2023-08-12,245,4,,425-56053730,2301.65
246,2023-08-12,246,4,3.0,712-81172491,614.08
247,2023-08-10,247,4,4.0,541-78637338,1875.3
248,2023-08-10,248,1,6.0,845-52849684,1045.46
249,2023-08-11,249,1,4.0,669-88883510,696.85
250,2023-08-11,250,5,6.0,176-71733080,763.78
251,2023-08-13,251,3,6.0,855-59509069,1646.96
252,2023-08-13,252,4,6.0,432-72456830,5434.24
253,2023-08-13,253,4,1.0,664-50885858,2391.37
254,2023-08-13,254,3,8.0,713-18058630,791.76
255,2023-08-14,255,2,9.0,385-74990969,71.33
256,2023-08-13,256,5,2.0,406-82744363,1011.89
257,2023-08-13,257,1,5.0,596-78443860,13630.4
258,2023-08-15,258,4,5.0,891-49200481,877.33
259,2023-08-15,259,5,6.0,132-24214166,972.9
260,2023-08-13,260,1,6.0,148-26310733,2883.27
261,2023-08-15,261,1,9.0,543-43577305,718.87
262,2023-08-16,262,4,8.0,855-47977233,168.97
263,2023-08-16,263,4,9.0,997-38726098,403.62
264,2023-08-16,264,4,4.0,113-56380165,700.86
265,2023-08-17,265,2,9.0,769-16633381,204.3
266,2023-08-16,266,4,1.0,668-84285049,301.06
267,2023-08-16,267,2,8.0,115-93074391,401.53
268,2023-08-17,268,4,1.0,386-90953409,416.49
269,2023-08-18,269,1,9.0,478-75082317,309.57
270,2023-08-18,270,2,8.0,936-31185637,2171.66
271,2023-08-18,271,3,7.0,521-47705667,1112.67
272,2023-08-19,272,1,6.0,587-44704544,501.88
273,2023-08-19,273,4,6.0,540-20415643,3160.64
274,2023-08-18,274,1,6.0,191-17945982,2688.79
275,2023-08-18,275,3,3.0,994-36695275,160.29
276,2023-08-20,276,4,3.0,293-66132764,4779.55
277,2023-08-20,277,2,6.0,756-58699170,1339.06
278,2023-08-19,278,3,5.0,782-89214100,811.63
279,2023-08-20,279,5,7.0,312-38376747,409.64
280,2023-08-20,280,4,4.0,984-17679124,930.99
281,2023-08-21,281,1,9.0,685-98215346,3491.48
282,2023-08-20,282,3,1.0,649-74142008,701.57
283,2023-08-21,283,4,6.0,942-32744785,298.1
284,2023-08-23,284,1,7.0,565-98076327,8859.29
285,2023-08-21,285,4,4.0,720-52616000,30.84
286,2023-08-21,286,2,7.0,997-43469979,1113.11
287,2023-08-23,287,3,7.0,190-31682565,6.02
288,2023-08-23,288,5,9.0,327-73894877,71.72
289,2023-08-23,289,4,7.0,137-20140380,1775.5
290,2023-08-23,290,4,9.0,871-76017347,726.02
291,2023-08-24,291,3,7.0,878-17046305,4346.26
292,2023-08-24,292,5,6.0,903-12912166,1368.05
293,2023-08-26,293,3,7.0,195-27637729,235.2
294,2023-08-26,294,1,9.0,572-99472631,6042.48
295,2023-08-25,295,3,7.0,245-37624971,2222.76
296,2023-08-24,296,2,2.0,365-18242909,189.19
297,2023-08-25,297,5,6.0,432-95267253,1762.33
298,2023-08-25,298,5,5.0,748-88946494,583.33
299,2023-08-26,299,3,7.0,968-32682696,669.68
300,2023-08-27,300,3,2.0,843-82082080,840.96
301,2023-08-26,301,1,3.0,661-49786670,277.28
302,2023-08-26,302,1,6.0,918-27593689,1522.12
303,2023-08-27,303,1,3.0,894-60193907,103.42
304,2023-08-25,304,5,7.0,534-20024454,471.48
305,2023-08-28,305,1,8.0,168-88157405,865.63
306,2023-08-27,306,2,2.0,781-18820939,6293.42
307,2023-08-27,307,1,4.0,150-48679027,2108.93
308,2023-08-26,308,3,2.0,102-89097085,855.64
309,2023-08-27,309,3,1.0,249-82119783,363.36
310,2023-08-29,310,1,7.0,921-97508536,355.48
311,2023-08-30,311,5,9.0,159-81113032,1443.07
312,2023-08-29,312,1,1.0,666-72543732,46.5
313,2023-08-31,313,1,1.0,528-31437512,70.84
314,2023-08-29,314,4,8.0,108-65619819,114.67
315,2023-08-31,315,2,3.0,745-16709332,80.18
316,2023-08-31,316,3,5.0,289-46536331,892.85
317,2023-08-31,317,5,6.0,824-61014693,195.77
318,2023-09-03,318,4,5.0,279-23343855,2891.64
319,2023-09-01,319,5,6.0,598-10661944,131.47
320,2023-09-04,320,1,4.0,595-92476787,94.38
321,2023-09-02,321,3,5.0,484-45215673,762.06
322,2023-09-05,322,4,3.0,857-23026796,7026.29
323,2023-09-04,323,3,7.0,698-99705690,492.42
324,2023-09-05,324,1,2.0,126-72454561,1144.51
325,2023-09-05,325,5,9.0,450-24801310,426.28
326,2023-09-03,326,5,6.0,492-64487742,710.18
327,2023-09-05,327,3,6.0,573-17169165,1883.52
328,2023-09-05,328,5,8.0,235-36307043,953.85
329,2023-09-05,329,4,6.0,654-43212023,41.48
330,2023-09-06,330,1,2.0,260-26524715,6690.11
331,2023-09-04,331,2,1.0,151-46120868,116.39
332,2023-09-04,332,4,7.0,649-36628962,419.11
333,2023-09-06,333,3,5.0,361-12552387,190.09
334,2023-09-07,334,1,6.0,797-27270712,4478.23
335,2023-09-05,335,4,4.0,542-80823643,184.34
336,2023-09-06,336,5,2.0,669-32203939,1151.72
337,2023-09-06,337,2,2.0,993-31501260,1999.77
338,2023-09-09,338,5,3.0,992-52704694,74.94
339,2023-09-10,339,3,4.0,712-11595428,324.84
340,2023-09-08,340,2,9.0,827-31412211,663.6
341,2023-09-10,341,2,8.0,295-37895885,756.16
342,2023-09-10,342,4,2.0,362-99451071,1122.55
343,2023-09-09,343,5,2.0,530-14866148,3771.35
344,2023-09-08,344,1,4.0,204-31878426,651.29
345,2023-09-10,345,2,1.0,142-50242496,253.57
346,2023-09-09,346,2,6.0,243-50982357,551.15
347,2023-09-10,347,1,2.0,943-26884370,818.06
348,2023-09-12,348,2,7.0,936-84925050,2313.45
349,2023-09-12,349,1,7.0,685-12904814,1015.44
350,2023-09-10,350,2,8.0,210-51628366,609.04
351,2023-09-12,351,2,1.0,480-19957081,275.79
352,2023-09-11,352,5,9.0,817-39608705,534.98
353,2023-09-13,353,1,6.0,787-48823113,975.37
354,2023-09-14,354,3,8.0,339-37518536,477.23
355,2023-09-12,355,3,8.0,180-27172678,948.26
356,2023-09-14,356,4,7.0,191-10148306,47.78
357,2023-09-14,357,1,7.0,553-40823704,280.18
358,2023-09-14,358,2,8.0,852-18367568,95.26
359,2023-09-13,359,4,6.0,528-84892945,977.02
360,2023-09-15,360,3,7.0,869-85585217,16.92
361,2023-09-14,361,4,7.0,856-48445879,5182.48
362,2023-09-15,362,2,4.0,316-44353667,3218.7
363,2023-09-16,363,1,7.0,486-50797952,2155.81
364,2023-09-16,364,2,3.0,147-97080594,7847.23
365,2023-09-16,365,3,9.0,587-23422577,17.39
366,2023-09-17,366,1,8.0,469-61847345,1775.78
367,2023-09-17,367,1,4.0,369-26678093,269.62
368,2023-09-18,368,2,1.0,899-61978321,2225.89
369,2023-09-18,369,2,8.0,288-65053385,831.03
370,2023-09-18,370,1,1.0,544-64133658,2454.56
371,2023-09-19,371,2,7.0,748-47002628,3795.03
372,2023-09-19,372,1,3.0,469-97841624,926.39
373,2023-09-17,373,3,4.0,995-18467351,285.0
374,2023-09-20,374,5,4.0,628-42962212,733.55
375,2023-09-18,375,5,8.0,973-19117535,644.65
376,2023-09-20,376,4,7.0,297-19255211,1090.5
377,2023-09-18,377,2,4.0,248-75997560,138.02
378,2023-09-18,378,2,5.0,563-20621840,332.07
379,2023-09-18,379,1,8.0,849-69311700,2785.93
380,2023-09-19,380,5,1.0,972-85310183,2575.76
381,2023-09-21,381,1,1.0,479-34823750,6582.98
382,2023-09-19,382,2,2.0,476-56425925,3703.58
383,2023-09-21,383,5,5.0,835-25943416,759.74
384,2023-09-22,384,5,4.0,303-69040354,840.05
385,2023-09-20,385,2,3.0,399-74285097,513.32
386,2023-09-20,386,1,6.0,558-83004746,2641.12
387,2023-09-22,387,1,4.0,605-15330605,2097.69
388,2023-09-23,388,5,9.0,120-91769929,424.39
389,2023-09-21,389,3,1.0,675-39350724,170.0
390,2023-09-21,390,4,5.0,205-75318009,386.16
391,2023-09-21,391,5,6.0,505-42070617,5769.38
392,2023-09-24,392,2,3.0,237-16228462,372.61
393,2023-09-23,393,4,5.0,934-19349313,4213.39
394,2023-09-24,394,3,3.0,605-64255896,1521.71
395,2023-09-23,395,3,5.0,538-73744714,549.08
396,2023-09-24,396,4,4.0,615-17479602,257.63
397,2023-09-24,397,2,6.0,748-52783311,86.09
398,2023-09-24,398,5,9.0,551-89446074,250.56
399,2023-09-25,399,5,3.0,216-12107154,990.24
400,2023-09-24,400,1,7.0,984-86028401,1232.84
401,2023-09-25,401,2,8.0,745-37902387,929.73
402,2023-09-24,402,5,6.0,963-54353138,488.54
403,2023-09-26,403,2,2.0,234-70526385,4975.4
404,2023-09-26,404,5,9.0,881-14163121,226.49
405,2023-09-25,405,5,5.0,488-56054858,4463.79
406,2023-09-25,406,4,3.0,985-50506207,348.11
407,2023-09-26,407,1,9.0,773-71830104,578.31
408,2023-09-26,408,5,8.0,598-85398545,770.7
409,2023-09-26,409,1,,157-45235345,4004.9
410,2023-09-27,410,5,5.0,943-27058313,391.38
411,2023-09-27,411,3,6.0,182-63740587,589.98
412,2023-09-27,412,3,2.0,743-91293804,684.41
413,2023-09-26,413,4,8.0,393-37713487,247.83
414,2023-09-30,414,3,8.0,271-35417266,385.31
415,2023-09-28,415,2,2.0,165-65224460,658.21
416,2023-09-29,416,4,1.0,345-64930263,2884.15
417,2023-09-28,417,3,7.0,852-39991761,622.2
418,2023-09-28,418,1,7.0,827-60350158,429.53
419,2023-09-29,419,1,7.0,871-33759876,191.68
420,2023-09-28,420,3,8.0,456-58320330,29.83
421,2023-09-28,421,2,3.0,610-26805885,1687.81
422,2023-09-29,422,2,2.0,621-91561339,2251.52
423,2023-09-30,423,4,4.0,129-62931665,171.78
424,2023-09-29,424,2,1.0,469-82837654,658.22
425,2023-09-30,425,5,4.0,326-35687139,18.18
426,2023-10-01,426,5,7.0,294-72678143,981.34
427,2023-09-30,427,2,4.0,952-55544667,51.1
428,2023-09-30,428,1,7.0,909-33300461,157.45
429,2023-10-01,429,3,2.0,430-60124417,7212.24
430,2023-10-02,430,3,9.0,518-26196494,170.68
431,2023-09-30,431,4,1.0,430-45782098,488.62
432,2023-10-03,432,2,2.0,808-73978441,1683.5
433,2023-10-02,433,3,5.0,629-94986700,130.57
434,2023-10-03,434,2,2.0,738-95505610,561.24
435,2023-10-04,435,4,6.0,777-15343926,1895.57
436,2023-10-05,436,3,3.0,948-48928917,135.25
437,2023-10-03,437,2,4.0,519-21459705,1239.19
438,2023-10-05,438,1,5.0,519-31962053,1029.6
439,2023-10-04,439,4,9.0,349-90039901,1826.6
440,2023-10-04,440,5,3.0,168-96424389,2353.55
441,2023-10-06,441,4,9.0,107-33489800,820.92
442,2023-10-05,442,3,5.0,874-77409631,405.01
443,2023-10-07,443,3,3.0,906-16807173,410.37
444,2023-10-05,444,2,3.0,703-75594704,705.03
445,2023-10-07,445,2,7.0,290-68139466,831.69
446,2023-10-07,446,2,9.0,161-95066114,4309.05
447,2023-10-07,447,2,9.0,759-93737948,354.01
448,2023-10-07,448,4,7.0,586-82593044,22.21
449,2023-10-06,449,4,4.0,314-56195678,97.34
450,2023-10-05,450,5,5.0,351-90371650,1134.1
451,2023-10-07,451,1,6.0,935-11786936,59.43
452,2023-10-08,452,1,7.0,246-98219307,940.41
453,2023-10-08,453,4,6.0,720-60458393,66.24
454,2023-10-06,454,4,4.0,319-84429837,565.54
455,2023-10-09,455,2,4.0,265-61232442,564.64
456,2023-10-09,456,2,7.0,288-31057640,267.18
457,2023-10-08,457,5,1.0,988-48775659,3108.85
458,2023-10-09,458,1,2.0,434-62120735,383.34
459,2023-10-08,459,1,5.0,576-44781535,82.14
460,2023-10-09,460,2,4.0,595-93552126,94.95
461,2023-10-09,461,1,6.0,104-71850768,4190.28
462,2023-10-09,462,5,2.0,889-84304782,1207.92
463,2023-10-10,463,5,7.0,252-93157044,5066.82
464,2023-10-10,464,1,5.0,549-14714714,838.06
465,2023-10-12,465,4,2.0,317-36694369,86.39
466,2023-10-12,466,5,3.0,876-37158173,582.01
467,2023-10-11,467,1,7.0,306-38437165,27207.56
468,2023-10-12,468,3,2.0,135-16377844,8592.51
469,2023-10-13,469,5,7.0,122-14841712,551.28
470,2023-10-11,470,3,3.0,815-47637372,975.77
471,2023-10-12,471,3,4.0,107-57447108,2327.77
472,2023-10-12,472,1,6.0,507-81393797,97.12
473,2023-10-13,473,3,3.0,306-25608476,167.81
474,2023-10-13,474,3,1.0,469-93507119,2527.44
475,2023-10-14,475,4,8.0,239-40115768,127.47
476,2023-10-12,476,5,5.0,963-26335839,45.37
477,2023-10-12,477,3,5.0,978-49633979,2860.66
478,2023-10-15,478,1,1.0,481-81284980,5.73
479,2023-10-14,479,1,6.0,689-42350597,99.17
480,2023-10-14,480,2,6.0,667-59289474,2377.34
481,2023-10-14,481,5,2.0,290-35682067,309.46
482,2023-10-14,482,2,7.0,578-28888793,941.89
483,2023-10-14,483,4,1.0,937-29217558,325.35
484,2023-10-14,484,1,2.0,227-96833572,128.53
485,2023-10-14,485,1,5.0,271-71109746,613.57
486,2023-10-16,486,3,5.0,271-50419953,487.63
487,2023-10-16,487,4,1.0,853-37798828,28.49
488,2023-10-16,488,2,8.0,882-61129282,571.36
489,2023-10-15,489,1,5.0,185-86588685,38.74
490,2023-10-16,490,2,1.0,211-14007374,3515.2
491,2023-10-17,491,2,4.0,602-35627657,1871.83
492,2023-10-15,492,5,9.0,450-45309173,68.59
493,2023-10-18,493,1,4.0,433-31701522,137.39
494,2023-10-16,494,3,6.0,345-42593753,5065.46
495,2023-10-18,495,4,4.0,812-69586553,7622.0
496,2023-10-16,496,4,5.0,484-15034971,541.57
497,2023-10-18,497,2,4.0,360-92936497,353.43
498,2023-10-17,498,1,6.0,360-64579485,17.4
499,2023-10-18,499,3,8.0,529-44723396,1761.0
500,2023-10-17,500,5,4.0,448-32614427,5181.68
501,2023-10-18,501,5,1.0,773-64639028,41.39
502,2023-10-18,502,2,8.0,275-60181268,341.96
503,2023-10-19,503,1,2.0,322-30059394,1148.46
504,2023-10-19,504,4,8.0,701-48338309,3324.57
505,2023-10-20,505,5,8.0,865-76405817,91.43
506,2023-10-21,506,2,1.0,713-83276188,421.47
507,2023-10-19,507,5,3.0,842-21737018,1928.49
508,2023-10-21,508,2,3.0,850-15168394,153.0
509,2023-10-21,509,5,9.0,166-18644157,1074.78
510,2023-10-23,510,3,5.0,816-30926501,486.02
511,2023-10-21,511,1,9.0,801-21814957,64.48
512,2023-10-21,512,5,1.0,820-14668710,779.61
513,2023-10-21,513,5,3.0,606-99330424,907.08
514,2023-10-21,514,3,7.0,374-89729131,1515.47
515,2023-10-22,515,4,5.0,946-10203811,170.11
516,2023-10-22,516,5,7.0,531-72246429,917.88
517,2023-10-23,517,5,7.0,346-90661548,263.18
518,2023-10-24,518,2,2.0,306-28233314,327.48
519,2023-10-24,519,5,8.0,401-85594847,168.57
520,2023-10-24,520,4,2.0,669-52023334,940.86
521,2023-10-24,521,3,6.0,306-91484339,706.27
522,2023-10-23,522,5,2.0,312-37241537,24.57
523,2023-10-25,523,1,9.0,816-58100671,131.86
524,2023-10-24,524,1,2.0,746-44764712,1850.91
525,2023-10-25,525,2,8.0,131-42838499,147.85
526,2023-10-25,526,4,9.0,342-14793485,138.87
527,2023-10-25,527,4,5.0,660-84243719,677.68
528,2023-10-26,528,5,8.0,515-87033991,292.34
529,2023-10-25,529,1,2.0,382-41505511,885.0
530,2023-10-27,530,5,1.0,212-44724147,6527.19
531,2023-10-26,531,5,5.0,468-81178481,459.71
532,2023-10-25,532,2,3.0,332-93205729,80.5
533,2023-10-27,533,1,6.0,158-99721602,4962.48
534,2023-10-27,534,5,4.0,996-75648637,1225.32
535,2023-10-26,535,4,2.0,964-46164752,758.35
536,2023-10-27,536,3,2.0,747-15846945,1181.95
537,2023-10-28,537,2,8.0,254-55633295,981.27
538,2023-10-27,538,4,3.0,627-93895370,329.24
539,2023-10-27,539,4,9.0,382-47833922,1055.51
540,2023-10-27,540,5,1.0,544-91278261,199.75
541,2023-10-28,541,3,8.0,916-26660146,811.49
542,2023-10-29,542,2,7.0,178-13368410,407.09
543,2023-10-29,543,3,6.0,693-85025027,20.82
544,2023-10-30,544,1,1.0,946-54081070,1779.61
545,2023-10-28,545,2,6.0,340-76475033,249.06
546,2023-10-29,546,4,4.0,397-53928283,235.92
547,2023-10-28,547,5,4.0,753-44254498,415.21
548,2023-10-30,548,2,1.0,143-46347585,401.84
549,2023-10-31,549,3,5.0,885-89663893,30.03
550,2023-10-30,550,4,9.0,315-13538236,1.43
551,2023-10-31,551,2,3.0,770-61940638,2154.93
552,2023-10-30,552,4,7.0,557-88723836,428.15
553,2023-11-02,553,4,8.0,509-12078850,1074.84
554,2023-10-31,554,2,9.0,394-74701559,530.88
555,2023-11-01,555,5,,242-29371705,2453.08
556,2023-11-02,556,1,4.0,353-74268616,1139.56
557,2023-11-01,557,4,6.0,545-53973529,101.64
558,2023-11-02,558,1,8.0,524-92487488,1619.67
559,2023-11-04,559,3,3.0,362-87392200,955.18
560,2023-11-03,560,5,1.0,879-80854914,446.92
561,2023-11-03,561,2,7.0,670-41305989,113.94
562,2023-11-03,562,3,4.0,800-84997187,1683.46
563,2023-11-03,563,4,4.0,328-59305277,722.07
564,2023-11-03,564,2,1.0,826-34098028,1106.02
565,2023-11-04,565,2,4.0,932-43432821,647.22
566,2023-11-05,566,3,6.0,136-32003263,1957.15
567,2023-11-06,567,3,1.0,488-32107169,1172.31
568,2023-11-05,568,3,7.0,955-92205847,30.17
569,2023-11-04,569,5,2.0,859-86040002,123.55
570,2023-11-04,570,4,4.0,941-83917671,495.0
571,2023-11-05,571,4,7.0,837-85591648,861.89
572,2023-11-04,572,1,5.0,643-78008185,1038.28
573,2023-11-07,573,3,4.0,432-96033929,319.73
574,2023-11-07,574,4,4.0,319-54158120,270.41
575,2023-11-05,575,5,1.0,682-19904283,303.09
576,2023-11-07,576,5,8.0,903-70657883,817.11
577,2023-11-07,577,4,4.0,231-93107041,571.22
578,2023-11-06,578,5,7.0,605-22095284,173.38
579,2023-11-06,579,3,9.0,277-85691540,5193.91
580,2023-11-08,580,5,1.0,992-86826001,2219.05
581,2023-11-07,581,4,4.0,462-58985459,3161.27
582,2023-11-09,582,2,6.0,537-59466069,432.93
583,2023-11-08,583,3,7.0,349-21955962,80.39
584,2023-11-09,584,3,4.0,293-57545509,4249.05
585,2023-11-10,585,4,7.0,479-23536066,124.87
586,2023-11-09,586,2,2.0,212-86787500,2501.6
587,2023-11-09,587,3,8.0,821-37821433,2073.03
588,2023-11-11,588,4,4.0,916-63973712,2173.93
589,2023-11-11,589,2,3.0,619-17940012,1784.4
590,2023-11-11,590,4,2.0,589-10018179,1235.02
591,2023-11-12,591,2,9.0,567-98679639,1587.07
592,2023-11-12,592,4,1.0,285-63799406,2174.6
593,2023-11-11,593,3,4.0,307-60475140,99.2
594,2023-11-12,594,1,4.0,381-77334512,30.47
595,2023-11-12,595,1,5.0,723-66574518,37.49
596,2023-11-12,596,4,8.0,738-49284340,74.97
597,2023-11-13,597,1,3.0,248-43580728,63.64
598,2023-11-11,598,4,3.0,925-75481221,4299.02
599,2023-11-11,599,5,7.0,591-12778550,323.11
600,2023-11-12,600,4,3.0,347-33232550,1287.93
601,2023-11-14,601,1,2.0,902-21997945,5268.58
602,2023-11-14,602,2,7.0,151-75376411,375.82
603,2023-11-15,603,2,4.0,450-72508194,5280.98
604,2023-11-14,604,4,8.0,162-92911740,431.99
605,2023-11-14,605,1,5.0,920-45997845,1859.15
606,2023-11-17,606,5,8.0,909-34630512,309.77
607,2023-11-15,607,5,4.0,206-77883290,127.55
608,2023-11-18,608,3,6.0,172-43035460,1768.22
609,2023-11-18,609,3,6.0,358-56027924,91.02
610,2023-11-17,610,3,6.0,801-14599000,1800.65
611,2023-11-18,611,2,7.0,419-36791837,115.66
612,2023-11-17,612,4,8.0,802-42360984,1648.5
613,2023-11-20,613,5,7.0,541-55069869,105.23
614,2023-11-19,614,2,,387-63809563,27.76
615,2023-11-19,615,3,6.0,563-96283511,691.78
616,2023-11-18,616,5,9.0,801-36239356,99.55
617,2023-11-19,617,2,1.0,575-65619116,1301.23
618,2023-11-19,618,3,8.0,131-52739591,1270.96
619,2023-11-20,619,2,4.0,722-43780838,2704.98
620,2023-11-19,620,3,9.0,863-31201009,1457.65
621,2023-11-20,621,5,2.0,438-86957933,472.25
622,2023-11-20,622,5,1.0,600-74156209,1449.04
623,2023-11-21,623,4,5.0,766-15694696,2625.83
624,2023-11-22,624,5,6.0,413-69660200,657.66
625,2023-11-22,625,1,3.0,519-98291379,1286.86
626,2023-11-23,626,1,1.0,608-49286988,1121.58
627,2023-11-21,627,2,6.0,244-34237745,270.99
628,2023-11-23,628,2,,286-79655810,927.0
629,2023-11-21,629,2,,736-44321345,708.16
630,2023-11-22,630,4,5.0,450-20864648,24.73
631,2023-11-22,631,1,9.0,892-36077355,90.91
632,2023-11-24,632,1,5.0,801-75516953,334.63
633,2023-11-22,633,1,,431-53462163,25.29
634,2023-11-24,634,3,4.0,970-60854940,3579.88
635,2023-11-24,635,5,3.0,590-16175002,673.9
636,2023-11-22,636,2,7.0,554-65273109,4258.24
637,2023-11-24,637,5,4.0,961-57417953,2118.66
638,2023-11-24,638,1,2.0,923-11035670,11208.27
639,2023-11-24,639,1,2.0,967-78261602,472.66
640,2023-11-25,640,1,9.0,796-90433868,1094.21
641,2023-11-25,641,5,5.0,549-43960929,2252.05
642,2023-11-24,642,4,3.0,605-99803964,211.94
643,2023-11-25,643,5,5.0,279-39775633,2145.6
644,2023-11-24,644,1,6.0,894-18831593,855.92
645,2023-11-26,645,5,5.0,261-14745150,330.82
646,2023-11-24,646,3,4.0,885-60901012,95.87
647,2023-11-25,647,5,9.0,565-26893043,191.77
648,2023-11-25,648,4,3.0,865-52233754,8179.15
649,2023-11-26,649,4,1.0,932-79526354,2714.16
650,2023-11-26,650,2,7.0,632-34026709,363.22
651,2023-11-29,651,4,4.0,515-18968387,681.37
652,2023-11-27,652,2,6.0,964-43905344,974.83
653,2023-11-29,653,2,9.0,274-24896261,577.0
654,2023-11-27,654,3,3.0,378-87525749,333.66
655,2023-11-29,655,3,1.0,764-48871631,900.41
656,2023-11-28,656,4,1.0,254-53954062,453.96
657,2023-11-29,657,2,2.0,424-84064719,197.04
658,2023-11-29,658,5,4.0,338-43386237,218.79
659,2023-11-27,659,4,7.0,509-49148245,468.41
660,2023-11-28,660,4,9.0,624-38106480,2077.18
661,2023-11-28,661,1,4.0,763-67330795,622.37
662,2023-11-29,662,5,1.0,975-82096072,1698.49
663,2023-11-29,663,3,3.0,455-70210450,59.36
664,2023-11-29,664,3,2.0,911-48878111,1093.6
665,2023-11-30,665,1,1.0,992-96227139,493.17
666,2023-11-30,666,5,4.0,523-57109805,7.6
667,2023-12-01,667,3,8.0,674-41004434,2151.49
668,2023-12-02,668,4,4.0,471-91356054,8274.42
669,2023-12-02,669,1,5.0,933-23937356,41.65
670,2023-12-02,670,4,6.0,199-78209775,106.62
671,2023-12-03,671,5,5.0,647-24033007,510.87
672,2023-12-03,672,2,2.0,189-46468710,829.57
673,2023-12-02,673,2,7.0,717-67039853,2436.43
674,2023-12-02,674,1,2.0,765-48785220,238.41
675,2023-12-01,675,2,1.0,764-26978919,37.89
676,2023-12-03,676,1,8.0,434-71904718,2477.96
677,2023-12-04,677,1,8.0,183-16735714,3943.29
678,2023-12-04,678,5,4.0,739-71438319,912.28
679,2023-12-04,679,4,6.0,693-14645399,232.4
680,2023-12-03,680,5,1.0,475-16224984,362.53
681,2023-12-03,681,5,1.0,549-56087711,26.69
682,2023-12-05,682,5,2.0,359-28759383,2759.91
683,2023-12-03,683,3,1.0,641-88012563,440.85
684,2023-12-04,684,1,7.0,669-18609707,377.2
685,2023-12-07,685,1,2.0,996-59155936,416.12
686,2023-12-05,686,4,4.0,285-63643432,423.1
687,2023-12-06,687,1,1.0,746-35397768,114.31
688,2023-12-06,688,2,5.0,601-93815529,49.03
689,2023-12-08,689,1,1.0,582-17832728,4183.34
690,2023-12-07,690,4,4.0,287-29447938,308.78
691,2023-12-09,691,2,8.0,575-33092486,66.74
692,2023-12-09,692,4,7.0,877-19473660,443.71
693,2023-12-10,693,5,8.0,534-60457907,13.54
694,2023-12-09,694,5,5.0,913-97218379,315.84
695,2023-12-10,695,2,2.0,479-48191844,4482.52
696,2023-12-10,696,4,7.0,328-29670846,717.35
697,2023-12-09,697,5,9.0,353-55218748,264.21
698,2023-12-09,698,5,1.0,487-47152989,1273.68
699,2023-12-09,699,2,3.0,539-65418030,74.78
700,2023-12-10,700,5,5.0,820-23242015,3381.65
701,2023-12-11,701,2,6.0,141-82525164,818.14
702,2023-12-12,702,5,4.0,580-58478844,697.0
703,2023-12-13,703,5,8.0,460-29909306,2335.85
704,2023-12-11,704,3,3.0,569-38221020,56.29
705,2023-12-11,705,5,4.0,614-21161667,2818.06
706,2023-12-11,706,2,5.0,451-80358814,722.71
707,2023-12-11,707,3,5.0,766-47433411,33.12
708,2023-12-13,708,1,5.0,207-36979567,1454.1
709,2023-12-13,709,2,2.0,660-15311344,1796.83
710,2023-12-14,710,1,2.0,546-18085898,374.06
711,2023-12-13,711,5,5.0,936-43410131,105.47
712,2023-12-12,712,4,8.0,575-82279292,972.6
713,2023-12-14,713,5,,440-32216450,8456.01
714,2023-12-13,714,4,7.0,106-92030779,726.22
715,2023-12-13,715,5,6.0,224-96769633,1404.09
716,2023-12-15,716,2,6.0,459-85531583,656.61
717,2023-12-14,717,3,5.0,255-84468179,749.78
718,2023-12-15,718,1,,498-64810791,786.47
719,2023-12-15,719,3,1.0,850-59200708,439.46
720,2023-12-16,720,2,2.0,673-56916814,721.75
721,2023-12-15,721,3,2.0,100-86621704,762.77
722,2023-12-16,722,2,5.0,393-87026750,1032.2
723,2023-12-15,723,3,2.0,302-53544709,215.74
724,2023-12-18,724,3,2.0,558-46027733,3540.6
725,2023-12-18,725,4,5.0,260-40115712,175.12
726,2023-12-19,726,3,3.0,585-62801967,128.71
727,2023-12-18,727,2,5.0,195-93069121,1134.38
728,2023-12-19,728,3,3.0,963-57416234,1322.4
729,2023-12-18,729,3,9.0,654-72240239,1130.33
730,2023-12-18,730,2,3.0,472-72003006,65.28
731,2023-12-19,731,4,9.0,801-40042249,108.83
732,2023-12-18,732,2,6.0,922-42445411,993.0
733,2023-12-18,733,3,2.0,637-60438596,3829.25
734,2023-12-20,734,3,1.0,684-19000050,1553.11
735,2023-12-19,735,3,2.0,782-91149707,823.69
736,2023-12-19,736,3,7.0,949-34764204,5383.94
737,2023-12-20,737,4,4.0,876-71084310,748.12
738,2023-12-19,738,1,8.0,853-26088423,145.4
739,2023-12-19,739,1,7.0,589-12532230,1990.34
740,2023-12-20,740,3,3.0,635-60813185,251.11
741,2023-12-19,741,2,5.0,248-22978292,198.63
742,2023-12-20,742,3,5.0,144-49471077,8235.03
743,2023-12-20,743,3,5.0,474-89685556,2201.04
744,2023-12-19,744,5,2.0,494-89629785,558.49
745,2023-12-21,745,2,3.0,356-92117261,1576.65
746,2023-12-22,746,4,1.0,543-44498977,232.05
747,2023-12-22,747,4,6.0,440-81535583,814.22
748,2023-12-24,748,1,2.0,199-85212838,66.82
749,2023-12-22,749,3,4.0,429-28404471,1034.89
750,2023-12-23,750,5,1.0,686-80236677,50.08
751,2023-12-24,751,2,3.0,714-74627543,1070.74
752,2023-12-23,752,3,,462-97292900,1000.78
753,2023-12-22,753,2,6.0,763-71810365,1463.28
754,2023-12-23,754,1,6.0,621-67701953,1058.35
755,2023-12-25,755,4,1.0,222-65213885,860.33
756,2023-12-24,756,5,,166-40631816,903.02
757,2023-12-24,757,2,5.0,493-73061643,199.31
758,2023-12-23,758,5,9.0,548-77245186,22123.29
759,2023-12-24,759,1,9.0,419-74039088,1043.31
760,2023-12-25,760,5,7.0,724-83385703,3525.72
761,2023-12-26,761,3,,210-83622502,545.27
762,2023-12-24,762,2,7.0,895-68668750,940.75
763,2023-12-26,763,2,1.0,441-17815157,87.16
764,2023-12-27,764,5,4.0,230-63368747,171.58
765,2023-12-25,765,5,4.0,371-83465551,156.05
766,2023-12-25,766,2,6.0,905-89641573,807.94
767,2023-12-27,767,1,3.0,667-26356670,300.06
768,2023-12-27,768,1,8.0,994-67526838,495.62
769,2023-12-28,769,3,5.0,487-22476500,2224.46
770,2023-12-27,770,3,3.0,392-53732016,784.17
771,2023-12-26,771,1,7.0,128-70751190,242.4
772,2023-12-26,772,2,6.0,762-16120632,21.85
773,2023-12-26,773,5,5.0,633-45480067,1144.57
774,2023-12-26,774,1,5.0,317-13104490,353.08
775,2023-12-27,775,5,9.0,971-64084854,415.85
776,2023-12-28,776,3,4.0,674-44690015,59.18
777,2023-12-27,777,2,3.0,642-73424518,2216.22
778,2023-12-30,778,1,2.0,854-88143031,98.03
779,2023-12-29,779,1,6.0,786-43606144,152.85
780,2023-12-29,780,2,1.0,690-56646616,245.04
781,2023-12-30,781,1,8.0,283-25136834,209.62
782,2023-12-29,782,1,9.0,907-91799888,1298.66
783,2023-12-29,783,4,5.0,572-94009074,612.34
784,2023-12-30,784,3,4.0,444-28659676,593.26
785,2023-12-31,785,4,7.0,401-62764481,1559.06
786,2023-12-31,786,4,8.0,435-46063080,314.67
787,2023-12-31,787,1,3.0,228-56203390,268.22
788,2024-01-01,788,1,6.0,924-26422892,665.45
789,2023-12-31,789,4,9.0,793-92582019,624.55
790,2023-12-30,790,3,7.0,600-67512521,760.47
791,2023-12-30,791,1,2.0,559-35802304,401.65
792,2024-01-01,792,2,9.0,421-41462677,322.55
793,2023-12-30,793,3,6.0,194-94342515,175.37
794,2023-12-31,794,1,8.0,772-23109318,428.22
795,2024-01-01,795,2,3.0,467-91877042,258.04
796,2024-01-01,796,2,6.0,266-74903427,730.01
797,2023-12-31,797,3,1.0,257-91133301,139.56
798,2024-01-02,798,5,5.0,301-27556089,379.08
799,2024-01-01,799,2,1.0,589-37566658,1525.29
800,2024-01-02,800,4,8.0,885-18240786,417.85
801,2024-01-01,801,3,6.0,251-13229198,1687.62
802,2024-01-03,802,4,9.0,527-69213722,1148.05
803,2024-01-01,803,2,7.0,408-83665913,412.37
804,2024-01-03,804,5,5.0,913-15924381,306.25
805,2024-01-04,805,2,5.0,634-12897596,287.97
806,2024-01-05,806,1,8.0,562-91551441,2088.62
807,2024-01-05,807,4,3.0,504-75814017,9177.73
808,2024-01-06,808,5,7.0,693-40621620,4655.12
809,2024-01-05,809,2,6.0,151-25405230,1235.97
810,2024-01-05,810,4,1.0,490-14242546,12831.73
811,2024-01-07,811,2,7.0,859-12125542,5823.85
812,2024-01-08,812,1,8.0,130-29456844,1558.35
813,2024-01-07,813,1,2.0,310-43785792,63.73
814,2024-01-07,814,5,9.0,771-47358811,1446.16
815,2024-01-09,815,1,3.0,341-19506954,3444.68
816,2024-01-10,816,2,7.0,156-73099945,1689.66
817,2024-01-12,817,3,6.0,791-89791105,594.39
818,2024-01-11,818,2,9.0,716-46625919,2652.25
819,2024-01-12,819,4,2.0,364-74161479,375.28
820,2024-01-10,820,5,8.0,204-71592296,144.79
821,2024-01-13,821,5,3.0,376-34601348,285.32
822,2024-01-11,822,1,4.0,551-25248752,279.39
823,2024-01-14,823,2,9.0,809-73238638,2024.65
824,2024-01-14,824,1,1.0,361-96931393,729.93
825,2024-01-12,825,4,8.0,639-26324963,1124.32
826,2024-01-13,826,1,9.0,317-23817258,529.25
827,2024-01-14,827,5,8.0,559-24433704,5663.93
828,2024-01-13,828,2,1.0,552-28364798,1467.48
829,2024-01-15,829,3,2.0,218-31377600,436.24
830,2024-01-14,830,4,3.0,135-19821646,3887.93
831,2024-01-16,831,5,4.0,653-19974890,1885.03
832,2024-01-16,832,4,2.0,815-84728573,1432.01
833,2024-01-14,833,3,2.0,918-15646319,482.47
834,2024-01-14,834,5,9.0,148-23050513,111.34
835,2024-01-14,835,5,6.0,208-50474647,486.77
836,2024-01-15,836,2,8.0,109-85636438,3470.96
837,2024-01-17,837,4,5.0,725-12219540,250.36
838,2024-01-16,838,4,8.0,828-19013678,807.13
839,2024-01-17,839,2,4.0,801-75401572,2956.61
840,2024-01-18,840,1,1.0,880-66772816,196.32
841,2024-01-19,841,2,4.0,879-58424164,5676.52
842,2024-01-18,842,4,2.0,135-12028366,2282.1
843,2024-01-20,843,1,2.0,119-72489251,28.79
844,2024-01-19,844,3,5.0,230-15645916,407.67
845,2024-01-21,845,3,6.0,539-89336350,649.63
846,2024-01-21,846,1,3.0,297-14407577,16370.21
847,2024-01-21,847,1,2.0,431-60037971,242.45
848,2024-01-19,848,4,1.0,246-73548661,9003.52
849,2024-01-20,849,2,7.0,222-84776007,220.55
850,2024-01-21,850,2,4.0,501-14296271,6627.33
851,2024-01-22,851,2,3.0,475-43713053,3950.74
852,2024-01-21,852,5,2.0,540-92809596,437.81
853,2024-01-23,853,2,2.0,923-94116179,10675.04
854,2024-01-22,854,4,2.0,667-60133558,719.24
855,2024-01-21,855,5,7.0,439-16979736,5320.97
856,2024-01-22,856,3,6.0,357-13261365,970.59
857,2024-01-22,857,2,8.0,993-96788530,156.37
858,2024-01-24,858,1,5.0,769-97763876,1662.23
859,2024-01-24,859,5,2.0,750-17334806,34.68
860,2024-01-22,860,4,1.0,794-45662518,747.61
861,2024-01-23,861,5,2.0,416-79447646,6213.26
862,2024-01-25,862,5,7.0,218-15169501,3228.63
863,2024-01-23,863,1,4.0,807-83657796,5663.9
864,2024-01-23,864,5,4.0,784-33687412,555.61
865,2024-01-24,865,5,6.0,282-49612346,663.01
866,2024-01-26,866,2,5.0,991-74509701,68.51
867,2024-01-25,867,4,7.0,960-15455500,7852.27
868,2024-01-25,868,5,4.0,504-45026034,48.82
869,2024-01-27,869,3,5.0,125-52905257,1851.83
870,2024-01-26,870,3,3.0,480-37165194,174.73
871,2024-01-27,871,5,1.0,649-31092438,89.42
872,2024-01-28,872,4,6.0,767-55598093,120.44
873,2024-01-26,873,1,1.0,468-91640078,501.56
874,2024-01-28,874,5,9.0,387-13108958,425.28
875,2024-01-29,875,3,8.0,912-31178124,2180.7
876,2024-01-29,876,3,5.0,765-41467060,1978.37
877,2024-01-27,877,4,6.0,866-38320731,1580.4
878,2024-01-29,878,5,8.0,342-68295391,3273.38
879,2024-01-29,879,5,8.0,731-20823042,1523.12
880,2024-01-30,880,5,2.0,269-78186270,4802.76
881,2024-01-29,881,4,1.0,181-10889912,1332.97
882,2024-01-30,882,4,4.0,995-66906754,3022.89
883,2024-01-29,883,3,1.0,108-68686439,1065.31
884,2024-01-28,884,3,3.0,708-76237875,370.63
885,2024-01-30,885,1,1.0,619-93458645,8318.92
886,2024-01-30,886,4,5.0,345-69764160,3402.5
887,2024-02-01,887,4,6.0,507-33286216,695.27
888,2024-01-31,888,3,4.0,364-23471379,383.82
889,2024-01-31,889,1,6.0,647-47521406,18398.18
890,2024-01-31,890,5,6.0,168-64170568,1649.39
891,2024-02-02,891,3,4.0,171-50940521,198.52
892,2024-02-02,892,2,9.0,847-46965668,6150.83
893,2024-01-31,893,5,,315-34255718,3586.76
894,2024-01-31,894,2,4.0,428-45599913,64.73
895,2024-01-31,895,5,5.0,625-17072368,712.42
896,2024-02-02,896,2,9.0,565-35318847,579.26
897,2024-02-03,897,2,3.0,260-28790707,9564.95
898,2024-02-03,898,2,4.0,188-43693676,2856.06
899,2024-02-02,899,5,6.0,470-10489922,1590.17
900,2024-02-02,900,1,8.0,800-89668266,1230.73
901,2024-02-02,901,2,6.0,130-49975604,2887.24
902,2024-02-02,902,2,3.0,968-93981699,5877.83
903,2024-02-03,903,5,5.0,859-67157741,291.27
904,2024-02-03,904,3,7.0,977-53259708,3268.96
905,2024-02-05,905,1,,592-20512005,617.23
906,2024-02-04,906,3,3.0,131-81607829,298.49
907,2024-02-04,907,4,9.0,831-89731689,3343.21
908,2024-02-03,908,5,4.0,133-12817422,363.97
909,2024-02-04,909,3,9.0,319-61389810,359.58
910,2024-02-06,910,1,2.0,717-29427463,836.41
911,2024-02-06,911,3,6.0,142-42539138,234.52
912,2024-02-07,912,2,6.0,241-76188166,3136.77
913,2024-02-07,913,5,1.0,862-52136114,39.82
914,2024-02-09,914,1,5.0,995-92738108,4654.77
915,2024-02-07,915,3,5.0,540-41634462,3814.06
916,2024-02-09,916,1,2.0,701-78885169,458.57
917,2024-02-09,917,2,9.0,635-73136098,1131.38
918,2024-02-09,918,2,8.0,421-42757618,470.22
919,2024-02-07,919,5,1.0,808-34201114,758.49
920,2024-02-08,920,2,8.0,756-70083053,594.49
921,2024-02-09,921,1,1.0,996-82824142,1282.57
922,2024-02-10,922,5,4.0,730-44654532,1848.09
923,2024-02-08,923,2,8.0,407-68339981,374.73
924,2024-02-09,924,5,4.0,459-94169472,491.52
925,2024-02-11,925,5,5.0,264-68495708,103.12
926,2024-02-11,926,1,7.0,623-47588019,1842.21
927,2024-02-10,927,3,7.0,226-76202337,2224.06
928,2024-02-10,928,5,6.0,286-92846722,2168.76
929,2024-02-12,929,2,2.0,409-36342876,623.58
930,2024-02-12,930,5,8.0,333-88082884,1058.4
931,2024-02-12,931,4,7.0,345-22020116,5139.38
932,2024-02-11,932,1,3.0,120-72505216,1463.13
933,2024-02-13,933,2,2.0,369-84760786,5873.26
934,2024-02-13,934,5,6.0,464-87767728,428.71
935,2024-02-12,935,5,3.0,874-41760224,2379.36
936,2024-02-13,936,3,7.0,740-62832938,649.5
937,2024-02-14,937,5,5.0,925-29739152,215.75
938,2024-02-14,938,3,8.0,795-19904053,294.94
939,2024-02-13,939,3,6.0,201-74581754,1167.12
940,2024-02-13,940,2,7.0,715-86198444,76.05
941,2024-02-15,941,5,3.0,775-41093436,1390.39
942,2024-02-15,942,4,1.0,360-68728365,125.97
943,2024-02-14,943,1,4.0,478-43754505,1648.4
944,2024-02-14,944,2,6.0,498-45212459,2610.66
945,2024-02-15,945,4,7.0,663-12135621,261.51
946,2024-02-14,946,4,4.0,566-11530732,1032.91
947,2024-02-17,947,2,3.0,255-64125378,374.4
948,2024-02-15,948,1,3.0,671-54026953,616.05
949,2024-02-15,949,1,5.0,807-31676210,1905.28
950,2024-02-15,950,2,1.0,920-51836702,388.91
951,2024-02-17,951,1,3.0,618-17937115,468.46
952,2024-02-17,952,3,1.0,674-97567326,1327.38
953,2024-02-17,953,5,3.0,757-26442940,1259.86
954,2024-02-18,954,4,8.0,651-50208727,5640.05
955,2024-02-16,955,3,7.0,910-10077332,2885.01
956,2024-02-18,956,1,1.0,126-40011464,55.39
957,2024-02-16,957,3,5.0,445-99543979,51.43
958,2024-02-17,958,1,2.0,311-53187275,469.91
959,2024-02-18,959,2,9.0,947-32089219,1661.41
960,2024-02-19,960,1,9.0,127-96707585,1254.42
961,2024-02-20,961,3,1.0,549-79391447,1891.71
962,2024-02-20,962,4,6.0,557-32482929,96.06
963,2024-02-20,963,2,1.0,597-92680051,422.99
964,2024-02-21,964,2,5.0,306-99752499,29.66
965,2024-02-19,965,2,8.0,626-82751821,916.96
966,2024-02-19,966,5,9.0,911-19525030,237.98
967,2024-02-20,967,4,9.0,732-93698265,657.61
968,2024-02-19,968,2,3.0,749-72975176,208.84
969,2024-02-21,969,3,6.0,159-13791838,6545.03
970,2024-02-20,970,5,5.0,320-98493996,84.55
971,2024-02-20,971,4,3.0,161-93714091,2469.93
972,2024-02-22,972,1,9.0,958-63652275,512.2
973,2024-02-21,973,4,2.0,675-52366070,103.72
974,2024-02-22,974,3,5.0,931-29998619,1055.98
975,2024-02-21,975,5,6.0,527-68552745,3888.57
976,2024-02-20,976,1,9.0,658-77975627,685.27
977,2024-02-22,977,4,9.0,655-75895438,2213.68
978,2024-02-23,978,4,8.0,408-44378785,2052.37
979,2024-02-23,979,5,1.0,304-39559523,1289.07
980,2024-02-23,980,1,7.0,234-92439257,13388.65
981,2024-02-23,981,5,8.0,460-74143182,1646.56
982,2024-02-22,982,3,7.0,245-58815105,929.3
983,2024-02-24,983,1,6.0,276-24046464,2494.54
984,2024-02-23,984,4,5.0,497-27569263,485.66
985,2024-02-23,985,1,5.0,835-29771893,498.76
986,2024-02-24,986,1,2.0,359-62217986,1438.63
987,2024-02-27,987,3,8.0,119-21897046,1996.7
988,2024-02-26,988,4,2.0,508-70869902,291.04
989,2024-02-25,989,3,6.0,412-20491593,444.44
990,2024-02-27,990,1,4.0,113-80981730,7736.63
991,2024-02-26,991,2,4.0,133-33232151,3194.39
992,2024-02-26,992,1,7.0,925-61383711,1043.77
993,2024-02-28,993,4,8.0,678-53601011,5037.86
994,2024-02-28,994,3,9.0,545-17117753,6044.12
995,2024-02-28,995,5,3.0,787-80583240,265.19
996,2024-02-28,996,5,9.0,368-31056747,402.9
997,2024-02-27,997,4,5.0,374-47863215,5699.77
998,2024-02-28,998,4,2.0,130-77827818,1397.39
999,2024-03-01,999,2,2.0,697-47665323,774.95
1000,2024-03-01,1000,1,6.0,932-54166004,531.57
1001,2024-03-01,1001,1,3.0,596-56150792,2120.38
1002,2024-02-28,1002,1,4.0,919-42671889,1984.58
1003,2024-03-01,1003,1,8.0,942-79232563,155.87
1004,2024-02-28,1004,1,9.0,687-94683198,583.59
1005,2024-03-01,1005,5,8.0,269-20627199,570.55
1006,2024-03-02,1006,2,3.0,678-81812021,551.82
1007,2024-03-03,1007,3,4.0,159-15288486,750.55
1008,2024-03-01,1008,2,4.0,985-75706799,769.85
1009,2024-03-02,1009,2,6.0,573-71607316,4825.8
1010,2024-03-04,1010,5,5.0,514-46274203,197.06
1011,2024-03-02,1011,1,8.0,987-90016888,205.83
1012,2024-03-03,1012,4,2.0,543-39235633,72.16
1013,2024-03-03,1013,4,7.0,461-32365378,3951.65
1014,2024-03-04,1014,4,3.0,246-63902681,694.49
1015,2024-03-04,1015,1,7.0,704-44687867,9544.43
1016,2024-03-05,1016,5,3.0,433-39520915,4912.19
1017,2024-03-04,1017,1,8.0,288-32279169,1757.71
1018,2024-03-04,1018,2,2.0,976-84394179,340.56
1019,2024-03-05,1019,2,1.0,536-23143868,49.3
1020,2024-03-06,1020,3,7.0,713-21986978,104.33
1021,2024-03-05,1021,1,3.0,176-13498352,6269.12
1022,2024-03-06,1022,2,4.0,379-55209152,136.84
1023,2024-03-05,1023,2,8.0,241-58085603,1201.88
1024,2024-03-07,1024,3,,710-62169641,3639.46
1025,2024-03-07,1025,1,7.0,946-98382792,410.33
1026,2024-03-07,1026,4,7.0,818-20089617,765.52
1027,2024-03-06,1027,2,8.0,353-17043135,1715.05
1028,2024-03-07,1028,5,1.0,261-34522881,623.67
1029,2024-03-07,1029,5,3.0,679-11361349,635.02
1030,2024-03-09,1030,5,1.0,720-76772070,733.78
1031,2024-03-08,1031,3,4.0,298-83727855,43.28
1032,2024-03-09,1032,2,9.0,581-39344255,548.46
1033,2024-03-10,1033,3,4.0,915-61409648,1917.54
1034,2024-03-09,1034,2,6.0,116-39632222,1183.13
1035,2024-03-10,1035,4,4.0,318-70245893,550.27
1036,2024-03-09,1036,3,1.0,211-86734453,103.94
1037,2024-03-09,1037,2,2.0,547-95986668,2764.98
1038,2024-03-11,1038,3,3.0,112-13736029,434.39
1039,2024-03-10,1039,5,8.0,251-48795320,373.41
1040,2024-03-11,1040,3,7.0,232-17632034,3016.29
1041,2024-03-10,1041,1,1.0,936-17694379,41.29
1042,2024-03-11,1042,5,6.0,336-27939324,261.79
1043,2024-03-11,1043,3,9.0,276-93082459,341.31
1044,2024-03-12,1044,5,6.0,547-37138731,224.08
1045,2024-03-12,1045,4,2.0,892-27210127,2115.39
1046,2024-03-12,1046,5,1.0,742-64303440,1406.89
1047,2024-03-13,1047,2,7.0,802-63422848,1003.75
1048,2024-03-14,1048,3,7.0,151-14334965,186.26
1049,2024-03-14,1049,3,9.0,880-91148505,1413.86
1050,2024-03-13,1050,4,6.0,140-38146991,216.37
1051,2024-03-14,1051,1,3.0,261-14188851,1940.86
1052,2024-03-14,1052,1,5.0,997-59570574,1001.17
1053,2024-03-15,1053,4,8.0,237-35252552,209.96
1054,2024-03-16,1054,3,2.0,324-34109635,213.09
1055,2024-03-17,1055,5,2.0,695-76081925,247.58
1056,2024-03-17,1056,2,2.0,641-95724122,8512.27
1057,2024-03-16,1057,4,2.0,244-36348956,976.6
1058,2024-03-18,1058,5,3.0,788-79489096,117.14
1059,2024-03-17,1059,2,8.0,145-72430224,171.69
1060,2024-03-16,1060,1,6.0,222-42926332,2611.73
1061,2024-03-20,1061,3,2.0,490-53311091,1534.25
1062,2024-03-19,1062,4,7.0,921-77630155,182.79
1063,2024-03-19,1063,3,3.0,578-23544712,1198.42
1064,2024-03-19,1064,3,3.0,284-38216259,1172.65
1065,2024-03-20,1065,2,2.0,910-95481244,1686.05
1066,2024-03-18,1066,2,3.0,914-42462935,3012.49
1067,2024-03-20,1067,2,4.0,558-45461705,236.63
1068,2024-03-18,1068,3,5.0,993-54090140,2835.38
1069,2024-03-18,1069,5,4.0,732-52054355,768.46
1070,2024-03-19,1070,5,8.0,464-93272717,630.52
1071,2024-03-20,1071,2,2.0,854-77240917,470.35
1072,2024-03-20,1072,2,9.0,843-58578306,2024.15
1073,2024-03-18,1073,2,5.0,980-29092790,1040.43
1074,2024-03-20,1074,1,6.0,924-32245973,328.4
1075,2024-03-20,1075,2,4.0,615-99952989,216.87
1076,2024-03-19,1076,1,8.0,352-58723459,5612.16
1077,2024-03-21,1077,1,2.0,997-14793480,0.48
1078,2024-03-20,1078,1,4.0,653-85215818,671.09
1079,2024-03-21,1079,3,9.0,390-48391205,239.42
1080,2024-03-22,1080,5,7.0,405-94876135,1752.85
1081,2024-03-22,1081,1,1.0,587-41849577,121.29
1082,2024-03-21,1082,5,9.0,576-15979212,353.47
1083,2024-03-22,1083,2,9.0,617-65002308,1780.28
1084,2024-03-22,1084,2,8.0,267-76251947,664.66
1085,2024-03-23,1085,2,1.0,368-47358610,489.03
1086,2024-03-22,1086,5,5.0,257-51066561,528.32
1087,2024-03-22,1087,1,4.0,770-38025614,1245.56
1088,2024-03-22,1088,3,2.0,746-52004241,421.94
1089,2024-03-24,1089,2,2.0,968-63330459,1659.69
1090,2024-03-23,1090,2,8.0,123-44418428,274.72
1091,2024-03-23,1091,2,4.0,986-48568668,192.14
1092,2024-03-24,1092,2,9.0,994-67325744,1146.83
1093,2024-03-23,1093,5,5.0,378-15049025,733.76
1094,2024-03-24,1094,2,6.0,163-29179537,685.05
1095,2024-03-26,1095,4,5.0,116-68438963,2209.16
1096,2024-03-25,1096,1,3.0,901-86698198,243.67
1097,2024-03-24,1097,2,8.0,941-97673232,1232.65
1098,2024-03-27,1098,4,4.0,524-41148937,150.15
1099,2024-03-27,1099,4,9.0,932-81082233,351.48
1100,2024-03-26,1100,4,3.0,914-86064080,103.79
1101,2024-03-25,1101,4,5.0,991-62741401,4527.2
1102,2024-03-25,1102,5,2.0,868-87617460,278.94
1103,2024-03-25,1103,3,5.0,344-57470842,2902.77
1104,2024-03-27,1104,5,5.0,780-30111282,691.16
1105,2024-03-27,1105,3,2.0,926-20699587,1170.88
1106,2024-03-26,1106,4,2.0,365-21789964,122.82
1107,2024-03-27,1107,2,6.0,626-79115320,1174.2
1108,2024-03-26,1108,5,6.0,688-98572820,1947.31
1109,2024-03-27,1109,3,8.0,452-65953196,1378.56
1110,2024-03-27,1110,1,3.0,513-92006717,236.78
1111,2024-03-27,1111,3,9.0,397-94061828,3557.86
1112,2024-03-28,1112,5,2.0,131-47098119,721.63
1113,2024-03-28,1113,2,5.0,242-91327849,970.87
1114,2024-03-29,1114,3,2.0,127-25866875,1257.28
1115,2024-03-29,1115,3,8.0,681-92599542,3442.2
1116,2024-03-27,1116,3,3.0,523-14608903,382.98
1117,2024-03-27,1117,5,8.0,993-84493794,7514.79
1118,2024-03-27,1118,4,9.0,325-44878091,264.2
1119,2024-03-29,1119,4,9.0,703-19412812,2625.49
1120,2024-03-31,1120,1,5.0,813-20740503,2439.39
1121,2024-03-29,1121,2,,255-51952337,736.59
1122,2024-03-31,1122,3,2.0,337-40803527,1021.25
1123,2024-03-30,1123,1,3.0,689-83613378,3220.59
1124,2024-03-31,1124,1,7.0,291-10419794,3777.09
1125,2024-04-01,1125,1,5.0,840-32825905,3648.6
1126,2024-04-02,1126,1,1.0,492-21043587,398.26
1127,2024-04-02,1127,5,3.0,693-20166247,1945.23
1128,2024-04-02,1128,1,8.0,283-10700662,3077.96
1129,2024-04-04,1129,2,6.0,423-55467713,6849.03
1130,2024-04-04,1130,2,4.0,655-58261093,920.98
1131,2024-04-04,1131,5,7.0,190-33019219,2828.61
1132,2024-04-04,1132,3,2.0,316-89111902,470.62
1133,2024-04-05,1133,4,4.0,908-41533593,3328.35
1134,2024-04-05,1134,2,9.0,179-27969765,962.94
1135,2024-04-05,1135,4,3.0,199-90035705,93.56
1136,2024-04-05,1136,1,4.0,431-48662796,9.27
1137,2024-04-04,1137,2,5.0,703-12339326,701.34
1138,2024-04-06,1138,5,6.0,488-76242666,252.41
1139,2024-04-06,1139,1,6.0,917-67811449,3460.1
1140,2024-04-05,1140,1,9.0,819-87833586,437.09
1141,2024-04-06,1141,1,3.0,974-96121380,1266.68
1142,2024-04-06,1142,5,1.0,550-28580353,2170.91
1143,2024-04-06,1143,4,3.0,836-81742436,145.98
1144,2024-04-07,1144,5,7.0,567-64408020,126.53
1145,2024-04-08,1145,4,6.0,565-59669894,617.93
1146,2024-04-08,1146,3,7.0,847-96899513,5687.48
1147,2024-04-08,1147,4,8.0,662-38294486,4927.85
1148,2024-04-08,1148,4,8.0,229-78284335,654.46
1149,2024-04-06,1149,2,4.0,594-83179757,325.62
1150,2024-04-08,1150,2,1.0,177-70675025,264.16
1151,2024-04-08,1151,3,7.0,396-67824936,4881.49
1152,2024-04-08,1152,4,7.0,271-49048002,1134.28
1153,2024-04-08,1153,3,3.0,780-59660819,116.51
1154,2024-04-09,1154,5,6.0,862-17405106,730.42
1155,2024-04-09,1155,1,3.0,491-25935736,4366.1
1156,2024-04-12,1156,5,3.0,516-53275500,7761.71
1157,2024-04-11,1157,3,8.0,549-82002728,6229.23
1158,2024-04-10,1158,2,5.0,854-68284858,127.49
1159,2024-04-10,1159,4,8.0,495-70369184,1714.12
1160,2024-04-10,1160,4,6.0,120-86386619,4750.26
1161,2024-04-13,1161,3,4.0,332-78288432,105.08
1162,2024-04-12,1162,2,8.0,938-45240582,598.48
1163,2024-04-13,1163,4,4.0,747-89789588,497.38
1164,2024-04-12,1164,2,5.0,546-85235855,224.87
1165,2024-04-14,1165,3,4.0,768-55837804,66.85
1166,2024-04-13,1166,2,3.0,159-92054395,1561.47
1167,2024-04-13,1167,5,1.0,660-61462171,887.28
1168,2024-04-12,1168,4,8.0,275-76515927,840.38
1169,2024-04-12,1169,3,7.0,768-38726073,192.76
1170,2024-04-13,1170,4,2.0,793-75089644,65.38
1171,2024-04-14,1171,5,5.0,506-51979720,87.88
1172,2024-04-13,1172,1,2.0,497-95092173,1477.98
1173,2024-04-14,1173,2,9.0,657-25229785,5456.15
1174,2024-04-17,1174,3,1.0,765-66140929,429.89
1175,2024-04-16,1175,2,5.0,758-22878118,477.4
1176,2024-04-16,1176,5,8.0,634-72946681,4639.42
1177,2024-04-17,1177,4,1.0,562-57354624,4539.35
1178,2024-04-17,1178,2,2.0,658-62910317,6340.43
1179,2024-04-18,1179,1,5.0,770-50232645,4376.91
1180,2024-04-18,1180,4,5.0,392-27765710,2228.05
1181,2024-04-16,1181,2,7.0,654-90715205,1716.0
1182,2024-04-17,1182,3,4.0,684-75845863,920.26
1183,2024-04-18,1183,3,6.0,720-17875904,2228.84
1184,2024-04-20,1184,3,2.0,990-17794833,167.28
1185,2024-04-19,1185,5,6.0,788-88463220,3016.35
1186,2024-04-18,1186,5,9.0,913-54745183,4843.14
1187,2024-04-19,1187,3,1.0,672-91723570,2682.78
1188,2024-04-20,1188,4,8.0,269-88973301,761.44
1189,2024-04-20,1189,5,5.0,526-27145622,1070.7
1190,2024-04-20,1190,2,6.0,580-13774150,196.7
1191,2024-04-20,1191,3,2.0,315-34568603,1761.43
1192,2024-04-21,1192,3,6.0,979-96498785,6521.18
1193,2024-04-20,1193,2,2.0,142-32567153,65.22
1194,2024-04-21,1194,3,7.0,287-43694080,2142.15
1195,2024-04-22,1195,5,9.0,224-65543894,145.29
1196,2024-04-22,1196,2,6.0,756-13123544,1400.45
1197,2024-04-23,1197,5,7.0,808-94201191,137.8
1198,2024-04-21,1198,2,3.0,624-17348227,9178.27
1199,2024-04-21,1199,2,1.0,894-66661354,55.9
1200,2024-04-24,1200,3,3.0,372-51402657,1666.04
1201,2024-04-23,1201,2,2.0,333-34232343,46.45
1202,2024-04-23,1202,1,7.0,531-26234016,1765.67
1203,2024-04-22,1203,3,1.0,510-38364628,9191.81
1204,2024-04-24,1204,1,4.0,322-22170987,3946.34
1205,2024-04-23,1205,4,2.0,421-11149302,30.18
1206,2024-04-24,1206,2,2.0,753-48301297,522.95
1207,2024-04-25,1207,4,9.0,968-59935896,3971.8
1208,2024-04-25,1208,5,5.0,898-99941325,2650.07
1209,2024-04-26,1209,3,2.0,777-19641647,1582.31
1210,2024-04-26,1210,2,4.0,961-35782888,234.18
1211,2024-04-26,1211,4,9.0,790-67302033,1491.62
1212,2024-04-25,1212,2,3.0,755-32506047,445.43
1213,2024-04-26,1213,1,7.0,511-41797603,1240.96
1214,2024-04-26,1214,1,1.0,180-76649133,1732.9
1215,2024-04-27,1215,1,3.0,506-48956314,49.66
1216,2024-04-26,1216,4,3.0,102-23464891,1912.28
1217,2024-04-28,1217,3,7.0,756-23491953,233.14
1218,2024-04-27,1218,5,3.0,157-10058791,587.45
1219,2024-04-27,1219,5,7.0,978-73443782,5706.4
1220,2024-04-29,1220,5,7.0,429-32639736,236.61
1221,2024-04-29,1221,3,2.0,652-51970464,4299.98
1222,2024-04-28,1222,5,8.0,886-22928708,685.67
1223,2024-04-29,1223,5,5.0,219-26653946,1288.42
1224,2024-04-29,1224,3,6.0,157-66239231,2554.34
1225,2024-04-30,1225,3,5.0,304-88076544,3204.54
1226,2024-04-28,1226,3,8.0,110-19545529,43.77
1227,2024-04-30,1227,4,7.0,854-41236613,3575.74
1228,2024-04-29,1228,4,1.0,461-64672053,4515.03
1229,2024-04-30,1229,4,1.0,364-83553353,1860.11
1230,2024-04-30,1230,4,2.0,446-33582744,355.99
1231,2024-04-29,1231,3,2.0,614-22837078,334.28
1232,2024-05-02,1232,3,2.0,527-26982748,873.58
1233,2024-04-30,1233,4,8.0,315-71894364,829.41
1234,2024-05-02,1234,3,8.0,357-80131352,300.55
1235,2024-05-02,1235,3,6.0,164-31416125,2741.02
1236,2024-05-01,1236,4,1.0,858-86488447,386.31
1237,2024-05-04,1237,4,1.0,680-46114341,1709.45
1238,2024-05-03,1238,3,2.0,312-50090223,73.23
1239,2024-05-02,1239,5,6.0,242-88157681,2166.32
1240,2024-05-02,1240,5,6.0,915-79777950,48.73
1241,2024-05-03,1241,1,7.0,733-92583823,950.54
1242,2024-05-03,1242,4,9.0,905-67472088,1299.8
1243,2024-05-03,1243,3,1.0,688-58519009,249.77
1244,2024-05-03,1244,2,7.0,897-95808324,1218.51
1245,2024-05-04,1245,3,3.0,471-39883471,639.79
1246,2024-05-05,1246,5,8.0,671-35130420,29.0
1247,2024-05-03,1247,3,5.0,737-84145832,1215.08
1248,2024-05-03,1248,2,8.0,696-92415192,1854.88
1249,2024-05-05,1249,4,9.0,558-73991840,385.33
1250,2024-05-05,1250,1,4.0,715-92597387,105.22
1251,2024-05-06,1251,5,5.0,918-62538458,129.47
1252,2024-05-05,1252,2,4.0,319-70068218,1716.79
1253,2024-05-06,1253,2,6.0,332-43358745,223.64
1254,2024-05-07,1254,3,,580-48434364,275.97
1255,2024-05-06,1255,2,3.0,610-35076830,750.76
1256,2024-05-05,1256,2,7.0,915-24808927,343.94
1257,2024-05-05,1257,1,3.0,234-51170002,2978.29
1258,2024-05-06,1258,3,4.0,703-69798437,82.46
1259,2024-05-06,1259,4,5.0,482-57114946,232.76
1260,2024-05-07,1260,4,6.0,701-34709383,276.73
1261,2024-05-07,1261,3,2.0,670-91664194,11675.11
1262,2024-05-08,1262,1,6.0,395-49364473,620.3
1263,2024-05-08,1263,4,3.0,176-12991992,2917.67
1264,2024-05-07,1264,2,1.0,760-33569518,1462.12
1265,2024-05-07,1265,1,7.0,777-76457001,8887.4
1266,2024-05-08,1266,2,2.0,622-92911814,850.61
1267,2024-05-08,1267,5,3.0,713-98090756,49.11
1268,2024-05-10,1268,2,7.0,777-28663996,6563.83
1269,2024-05-09,1269,4,1.0,724-18052546,1645.29
1270,2024-05-09,1270,1,3.0,998-95625284,2.46
1271,2024-05-10,1271,1,6.0,929-46389944,69.13
1272,2024-05-09,1272,3,2.0,543-94160324,7051.95
1273,2024-05-09,1273,1,6.0,196-98696313,797.49
1274,2024-05-11,1274,3,,172-19433341,973.43
1275,2024-05-12,1275,4,1.0,615-76013932,88.96
1276,2024-05-13,1276,1,5.0,520-92889149,1120.68
1277,2024-05-11,1277,5,5.0,708-61915398,214.27
1278,2024-05-12,1278,2,2.0,444-78442673,392.12
1279,2024-05-11,1279,5,2.0,566-31222003,325.44
1280,2024-05-14,1280,1,6.0,460-45440438,191.03
1281,2024-05-13,1281,2,5.0,911-99075646,1235.49
1282,2024-05-14,1282,4,4.0,820-41786606,103.69
1283,2024-05-13,1283,3,2.0,454-44629523,630.25
1284,2024-05-15,1284,3,6.0,676-93209239,1349.73
1285,2024-05-15,1285,5,1.0,688-11505859,1874.03
1286,2024-05-16,1286,4,8.0,964-53199364,158.9
1287,2024-05-15,1287,4,3.0,149-28247782,179.17
1288,2024-05-17,1288,1,9.0,367-72055820,59.9
1289,2024-05-16,1289,2,4.0,689-80290671,145.3
1290,2024-05-16,1290,5,2.0,742-36718147,220.0
1291,2024-05-18,1291,3,5.0,493-29255978,1410.35
1292,2024-05-18,1292,4,8.0,127-77746964,3383.37
1293,2024-05-17,1293,3,6.0,265-15363728,1832.24
1294,2024-05-17,1294,2,1.0,288-83923644,2911.16
1295,2024-05-18,1295,5,4.0,514-75655586,644.13
1296,2024-05-18,1296,2,9.0,519-55034919,95.55
1297,2024-05-16,1297,5,4.0,370-12762660,429.84
1298,2024-05-17,1298,1,8.0,820-46853712,980.58
1299,2024-05-18,1299,4,3.0,957-21942223,463.23
1300,2024-05-18,1300,2,5.0,807-85973585,552.92
1301,2024-05-19,1301,3,5.0,524-58638538,203.63
1302,2024-05-20,1302,3,9.0,573-11650024,936.7
1303,2024-05-20,1303,4,9.0,157-66994888,1250.2
1304,2024-05-20,1304,2,,370-66184306,2113.54
1305,2024-05-19,1305,1,4.0,418-76206738,5805.21
1306,2024-05-19,1306,2,1.0,773-40416016,694.67
1307,2024-05-20,1307,3,9.0,534-41735616,65.23
1308,2024-05-20,1308,5,8.0,392-70916399,458.76
1309,2024-05-21,1309,3,9.0,303-62047774,286.24
1310,2024-05-20,1310,5,9.0,626-77860111,384.39
1311,2024-05-20,1311,1,7.0,920-73537591,1019.83
1312,2024-05-21,1312,1,7.0,651-10804069,992.23
1313,2024-05-22,1313,4,4.0,775-71345239,927.01
1314,2024-05-21,1314,1,4.0,707-69324986,3983.46
1315,2024-05-23,1315,3,3.0,737-31487586,91.86
1316,2024-05-22,1316,1,8.0,967-71848013,251.36
1317,2024-05-24,1317,4,6.0,962-67233936,2032.05
1318,2024-05-24,1318,4,2.0,610-13274073,92.82
1319,2024-05-25,1319,5,9.0,465-94857468,2800.74
1320,2024-05-24,1320,3,6.0,922-94285265,91.35
1321,2024-05-23,1321,3,6.0,758-69249581,5357.14
1322,2024-05-24,1322,4,9.0,102-11107666,6854.61
1323,2024-05-25,1323,1,1.0,608-94376247,876.79
1324,2024-05-26,1324,3,,262-96342605,101.46
1325,2024-05-26,1325,3,2.0,796-31410898,1821.42
1326,2024-05-25,1326,3,5.0,212-17408040,127.74
1327,2024-05-24,1327,5,2.0,386-84801306,1842.99
1328,2024-05-26,1328,3,4.0,338-62599432,838.43
1329,2024-05-26,1329,5,7.0,286-51991207,130.64
1330,2024-05-27,1330,4,6.0,359-67688718,908.68
1331,2024-05-26,1331,4,3.0,299-26446150,185.97
1332,2024-05-27,1332,1,3.0,426-66747913,391.84
1333,2024-05-28,1333,5,8.0,157-58245656,2507.07
1334,2024-05-28,1334,4,4.0,466-51841575,1274.78
1335,2024-05-27,1335,5,9.0,351-93175799,463.33
1336,2024-05-28,1336,3,4.0,587-77959126,520.03
1337,2024-05-26,1337,3,7.0,403-38084338,1994.88
1338,2024-05-29,1338,2,9.0,688-85302032,4063.36
1339,2024-05-28,1339,4,7.0,496-76935164,113.89
1340,2024-05-27,1340,3,8.0,772-30099315,14955.62
1341,2024-05-28,1341,4,4.0,396-64834128,1394.19
1342,2024-05-30,1342,1,,906-17903232,1150.18
1343,2024-05-28,1343,2,8.0,699-61364321,200.53
1344,2024-05-30,1344,1,7.0,609-58593230,2004.75
1345,2024-05-28,1345,2,1.0,710-48641302,885.91
1346,2024-05-29,1346,2,1.0,835-35229298,8279.35
1347,2024-05-29,1347,2,5.0,166-15294512,1327.63
1348,2024-05-31,1348,5,8.0,214-40265838,194.51
1349,2024-05-31,1349,1,9.0,921-82784073,6252.14
1350,2024-05-30,1350,3,4.0,684-12283997,347.46
1351,2024-06-01,1351,2,8.0,711-22633945,329.48
1352,2024-05-30,1352,5,4.0,736-24329569,4.57
1353,2024-06-02,1353,1,8.0,321-61249277,0.91
1354,2024-06-01,1354,3,2.0,474-43123321,172.2
1355,2024-06-01,1355,1,1.0,975-97465974,813.67
1356,2024-06-03,1356,1,4.0,550-27914701,420.72
1357,2024-06-02,1357,4,7.0,107-96443225,950.29
1358,2024-06-03,1358,4,8.0,566-87570016,426.58
1359,2024-06-02,1359,2,4.0,407-18247729,1154.9
1360,2024-06-04,1360,2,7.0,416-96459363,6894.59
1361,2024-06-06,1361,3,8.0,953-45025706,1829.24
1362,2024-06-04,1362,2,5.0,518-72309700,30.99
1363,2024-06-06,1363,1,1.0,669-48788946,956.05
1364,2024-06-05,1364,1,3.0,921-82434734,14350.03
1365,2024-06-06,1365,5,8.0,322-67889439,212.04
1366,2024-06-05,1366,2,2.0,714-43154725,2102.41
1367,2024-06-07,1367,4,5.0,878-83373114,1332.18
1368,2024-06-05,1368,5,8.0,969-29950354,1726.08
1369,2024-06-05,1369,1,1.0,490-18624138,87.15
1370,2024-06-07,1370,3,4.0,908-82460290,1389.97
1371,2024-06-09,1371,4,9.0,863-34717510,1476.02
1372,2024-06-07,1372,5,4.0,390-97887255,14.35
1373,2024-06-09,1373,4,1.0,679-99382076,993.9
1374,2024-06-07,1374,2,6.0,673-12470352,1175.63
1375,2024-06-09,1375,1,7.0,430-49731409,1181.72
1376,2024-06-09,1376,4,9.0,435-13930174,2565.78
1377,2024-06-08,1377,5,3.0,890-34939988,154.62
1378,2024-06-08,1378,3,7.0,400-75368292,19.18
1379,2024-06-09,1379,5,5.0,700-40449133,351.93
1380,2024-06-11,1380,4,3.0,160-48080363,3438.18
1381,2024-06-10,1381,4,7.0,623-85547046,1345.28
1382,2024-06-12,1382,1,2.0,305-66605981,138.96
1383,2024-06-12,1383,3,2.0,787-29772958,769.63
1384,2024-06-12,1384,3,4.0,764-53204081,331.91
1385,2024-06-12,1385,2,6.0,483-90053757,2222.42
1386,2024-06-11,1386,2,8.0,422-91838927,643.33
1387,2024-06-13,1387,1,5.0,374-91596333,1195.26
1388,2024-06-11,1388,4,5.0,809-73608858,2662.87
1389,2024-06-12,1389,4,2.0,232-98360840,5446.57
1390,2024-06-11,1390,2,9.0,930-11129429,490.05
1391,2024-06-13,1391,2,5.0,641-48081660,576.4
1392,2024-06-12,1392,5,6.0,602-14016284,3168.25
1393,2024-06-13,1393,2,6.0,694-88748119,406.12
1394,2024-06-14,1394,2,2.0,870-74559404,1406.89
1395,2024-06-15,1395,4,5.0,520-62243598,2147.79
1396,2024-06-14,1396,4,7.0,835-68430449,2257.46
1397,2024-06-16,1397,5,9.0,136-33821608,2296.67
1398,2024-06-14,1398,5,6.0,380-98863268,421.01
1399,2024-06-15,1399,5,9.0,118-36640196,4017.43
1400,2024-06-16,1400,4,7.0,502-43478301,138.37
1401,2024-06-17,1401,1,3.0,283-74244116,285.44
1402,2024-06-18,1402,1,7.0,892-18775412,136.61
1403,2024-06-18,1403,1,1.0,235-34088202,225.21
1404,2024-06-18,1404,2,4.0,652-11710525,6051.94
1405,2024-06-17,1405,4,1.0,295-69514865,835.22
1406,2024-06-18,1406,5,4.0,422-25265703,3538.11
1407,2024-06-16,1407,5,6.0,761-47304949,632.17
1408,2024-06-17,1408,4,3.0,280-98222796,550.11
1409,2024-06-17,1409,3,5.0,191-69524853,1332.71
1410,2024-06-17,1410,1,1.0,884-77168653,2594.61
1411,2024-06-18,1411,5,9.0,748-98969292,115.31
1412,2024-06-17,1412,2,3.0,584-29086333,380.34
1413,2024-06-17,1413,3,6.0,583-35297965,579.27
1414,2024-06-20,1414,1,2.0,103-35554655,414.28
1415,2024-06-18,1415,4,2.0,876-40195262,155.64
1416,2024-06-19,1416,1,8.0,609-18919983,123.65
1417,2024-06-18,1417,2,9.0,333-47145438,787.15
1418,2024-06-20,1418,4,3.0,837-27244369,444.24
1419,2024-06-21,1419,1,4.0,588-98633944,5175.27
1420,2024-06-19,1420,1,2.0,850-88813310,620.2
1421,2024-06-21,1421,3,7.0,944-75232853,553.89
1422,2024-06-21,1422,1,3.0,216-27981923,430.6
1423,2024-06-21,1423,2,9.0,924-51553029,1243.06
1424,2024-06-22,1424,4,3.0,464-38512713,633.6
1425,2024-06-22,1425,1,8.0,619-97860116,1336.31
1426,2024-06-21,1426,1,9.0,971-25246163,1341.32
1427,2024-06-22,1427,2,2.0,500-87041210,1278.37
1428,2024-06-20,1428,4,8.0,510-45122169,106.29
1429,2024-06-22,1429,3,3.0,736-71048732,6429.33
1430,2024-06-22,1430,1,9.0,869-79254560,1347.51
1431,2024-06-24,1431,4,7.0,395-16774760,1317.23
1432,2024-06-22,1432,4,7.0,696-48151861,302.32
1433,2024-06-24,1433,3,1.0,853-15664109,2473.84
1434,2024-06-23,1434,2,3.0,541-87359806,245.06
1435,2024-06-24,1435,5,5.0,749-65584629,1835.34
1436,2024-06-25,1436,5,9.0,957-77094028,142.91
1437,2024-06-25,1437,5,5.0,527-40252839,2699.78
1438,2024-06-25,1438,4,8.0,371-80920510,1014.17
1439,2024-06-25,1439,3,4.0,748-43306944,277.61
1440,2024-06-24,1440,2,1.0,730-61982789,3063.71
1441,2024-06-25,1441,2,2.0,182-75266206,598.81
1442,2024-06-25,1442,5,1.0,639-73621955,5378.46
1443,2024-06-26,1443,5,2.0,589-33062385,1500.13
1444,2024-06-25,1444,2,1.0,394-55956810,362.55
1445,2024-06-27,1445,3,6.0,443-44916493,734.82
1446,2024-06-27,1446,3,3.0,997-97482278,2117.38
1447,2024-06-27,1447,3,5.0,426-11677003,1088.7
1448,2024-06-28,1448,2,8.0,288-21962723,55.65
1449,2024-06-28,1449,1,6.0,687-61578953,2661.44
1450,2024-06-28,1450,1,9.0,680-62993088,1443.9
1451,2024-06-28,1451,3,3.0,631-22467440,148.57
1452,2024-06-28,1452,5,8.0,673-57030890,44.41
1453,2024-06-27,1453,5,1.0,301-20103457,437.23
1454,2024-06-29,1454,5,2.0,197-60730967,2179.26
1455,2024-06-28,1455,4,9.0,584-47626652,417.2
1456,2024-06-29,1456,2,,122-25582146,55.56
1457,2024-06-28,1457,5,9.0,901-11627295,292.26
1458,2024-06-29,1458,5,8.0,796-53741990,888.07
1459,2024-07-01,1459,2,1.0,473-49079781,1155.95
1460,2024-06-29,1460,2,4.0,848-91591433,420.88
1461,2024-07-01,1461,5,7.0,235-71039982,610.56
1462,2024-07-01,1462,1,8.0,675-25445128,1022.31
1463,2024-07-01,1463,5,9.0,425-77943039,286.28
1464,2024-06-29,1464,1,9.0,432-44978990,523.73
1465,2024-07-01,1465,4,6.0,793-34600794,534.09
1466,2024-06-30,1466,3,2.0,694-50391590,881.33
1467,2024-07-02,1467,5,9.0,151-77313254,1054.61
1468,2024-07-02,1468,4,9.0,418-71019334,143.55
1469,2024-07-02,1469,2,1.0,604-75064475,816.47
1470,2024-07-03,1470,5,2.0,535-75121667,792.69
1471,2024-07-04,1471,1,9.0,470-12755748,1361.91
1472,2024-07-04,1472,5,1.0,613-33430987,203.25
1473,2024-07-03,1473,1,9.0,910-95174980,330.97
1474,2024-07-04,1474,4,7.0,287-29616830,1061.52
1475,2024-07-05,1475,4,5.0,270-51272822,622.21
1476,2024-07-06,1476,2,7.0,300-75884431,302.04
1477,2024-07-06,1477,3,1.0,220-17340100,409.19
1478,2024-07-07,1478,2,8.0,595-28316187,2908.66
1479,2024-07-05,1479,5,6.0,580-48858633,3511.13
1480,2024-07-08,1480,3,7.0,369-19670026,1949.86
1481,2024-07-08,1481,4,8.0,799-61869324,110.59
1482,2024-07-08,1482,4,4.0,982-11359871,3201.41
1483,2024-07-07,1483,1,4.0,751-65966516,570.73
1484,2024-07-09,1484,2,6.0,439-67837209,3979.52
1485,2024-07-08,1485,2,2.0,680-72312624,776.53
1486,2024-07-08,1486,4,4.0,218-91102342,1232.78
1487,2024-07-09,1487,2,3.0,513-59332810,782.61
1488,2024-07-10,1488,1,4.0,549-60121218,232.16
1489,2024-07-10,1489,2,1.0,467-95284996,696.83
1490,2024-07-10,1490,5,3.0,672-99124716,6707.52
1491,2024-07-11,1491,3,9.0,542-30173871,82.58
1492,2024-07-11,1492,1,8.0,931-58172500,52.53
1493,2024-07-10,1493,5,1.0,470-87644981,285.76
1494,2024-07-09,1494,1,1.0,689-57632614,930.21
1495,2024-07-11,1495,5,5.0,779-65728405,4155.86
1496,2024-07-09,1496,3,2.0,109-66770193,2350.41
1497,2024-07-09,1497,3,7.0,682-25468701,7.13
1498,2024-07-12,1498,2,9.0,820-49984148,792.78
1499,2024-07-12,1499,3,4.0,516-60854695,4895.4
1500,2024-07-12,1500,1,8.0,941-69196811,1496.96
1501,2024-07-11,1501,4,4.0,252-11271028,449.56
1502,2024-07-11,1502,2,7.0,242-68363383,3396.17
1503,2024-07-13,1503,1,8.0,791-71354622,94.91
1504,2024-07-11,1504,4,2.0,451-65739730,16259.74
1505,2024-07-12,1505,4,6.0,192-65852823,1076.49
1506,2024-07-11,1506,1,4.0,654-55870113,2058.7
1507,2024-07-12,1507,4,4.0,257-94805364,1070.24
1508,2024-07-12,1508,2,,434-51475654,589.65
1509,2024-07-12,1509,1,5.0,517-12534867,4991.72
1510,2024-07-12,1510,5,9.0,419-58173267,1894.49
1511,2024-07-13,1511,5,7.0,463-95521623,197.87
1512,2024-07-15,1512,5,6.0,689-50111939,2264.29
1513,2024-07-14,1513,5,9.0,577-28723914,115.43
1514,2024-07-14,1514,2,6.0,241-57377997,1486.86
1515,2024-07-14,1515,2,6.0,806-35784989,4938.19
1516,2024-07-14,1516,4,4.0,920-63068175,279.66
1517,2024-07-16,1517,1,6.0,410-68340622,3091.53
1518,2024-07-14,1518,5,7.0,692-59633476,503.35
1519,2024-07-14,1519,1,4.0,591-48017187,689.47
1520,2024-07-17,1520,5,6.0,120-95674814,44.94
1521,2024-07-17,1521,4,2.0,962-72530557,492.3
1522,2024-07-17,1522,1,5.0,438-53086811,27.5
1523,2024-07-15,1523,5,1.0,361-90774722,1601.96
1524,2024-07-17,1524,4,1.0,221-49061652,674.56
1525,2024-07-17,1525,5,,210-34100496,98.14
1526,2024-07-17,1526,2,5.0,829-64365979,333.43
1527,2024-07-16,1527,5,6.0,252-95200061,1331.62
1528,2024-07-19,1528,1,9.0,257-73585219,705.87
1529,2024-07-19,1529,1,9.0,328-68448023,114.09
1530,2024-07-17,1530,4,1.0,742-85090279,1.89
1531,2024-07-18,1531,5,6.0,100-45672741,291.59
1532,2024-07-20,1532,2,6.0,557-95854411,1069.37
1533,2024-07-20,1533,5,4.0,891-90615701,1844.5
1534,2024-07-21,1534,3,3.0,698-12483277,1286.78
1535,2024-07-21,1535,5,1.0,796-97671232,6070.85
1536,2024-07-20,1536,4,3.0,214-75207058,868.97
1537,2024-07-22,1537,1,8.0,479-13783287,185.23
1538,2024-07-23,1538,1,9.0,174-53381488,68.63
1539,2024-07-23,1539,1,2.0,850-94018588,362.85
1540,2024-07-23,1540,1,4.0,873-60416051,120.2
1541,2024-07-23,1541,1,5.0,846-53444036,569.12
1542,2024-07-24,1542,3,4.0,238-53034466,1240.69
1543,2024-07-25,1543,1,8.0,714-63175397,1207.71
1544,2024-07-27,1544,3,3.0,260-22215528,2206.38
1545,2024-07-26,1545,3,1.0,410-96736522,908.26
1546,2024-07-26,1546,3,5.0,416-14859778,81.86
1547,2024-07-25,1547,4,7.0,970-43953536,925.95
1548,2024-07-26,1548,3,5.0,666-32694755,261.89
1549,2024-07-28,1549,2,4.0,529-22958563,1156.5
1550,2024-07-28,1550,2,1.0,499-72146114,2182.12
1551,2024-07-27,1551,3,7.0,100-79704037,1796.61
1552,2024-07-26,1552,2,1.0,703-36921233,593.27
1553,2024-07-27,1553,1,1.0,684-77464624,1197.27
1554,2024-07-29,1554,5,7.0,295-23187867,3090.34
1555,2024-07-28,1555,2,8.0,881-61424291,978.69
1556,2024-07-28,1556,5,9.0,115-64921960,938.89
1557,2024-07-30,1557,4,4.0,892-14895869,97.0
1558,2024-07-29,1558,3,2.0,501-13602147,1777.32
1559,2024-07-30,1559,3,6.0,587-61218449,1337.19
1560,2024-07-29,1560,5,8.0,893-94532948,467.96
1561,2024-07-31,1561,5,7.0,446-88033803,80.4
1562,2024-07-30,1562,2,7.0,766-39511202,1435.74
1563,2024-07-29,1563,5,2.0,573-43525122,1583.9
1564,2024-07-31,1564,2,1.0,519-46180618,1185.89
1565,2024-07-31,1565,2,6.0,975-46447149,697.74
1566,2024-07-29,1566,5,5.0,671-59573941,491.6
1567,2024-07-31,1567,5,6.0,557-37390216,3415.76
1568,2024-08-01,1568,1,4.0,807-25181881,1022.01
1569,2024-07-31,1569,1,8.0,973-94239206,1810.39
1570,2024-08-01,1570,2,8.0,964-79217415,3398.67
1571,2024-08-01,1571,5,2.0,205-81231052,1216.74
1572,2024-08-01,1572,1,9.0,288-65230827,702.11
1573,2024-08-03,1573,5,6.0,491-44395152,787.12
1574,2024-08-03,1574,5,6.0,245-95475294,265.65
1575,2024-08-01,1575,5,3.0,946-82493040,173.19
1576,2024-08-01,1576,1,7.0,241-13170064,288.34
1577,2024-08-01,1577,5,2.0,152-27260190,2425.41
1578,2024-08-01,1578,5,3.0,117-38391266,1092.61
1579,2024-08-02,1579,3,2.0,598-46415811,338.88
1580,2024-08-02,1580,1,4.0,265-36152178,3553.61
1581,2024-08-04,1581,2,7.0,930-70127110,1516.12
1582,2024-08-04,1582,5,7.0,307-45617071,878.82
1583,2024-08-03,1583,2,,528-69516907,58.16
1584,2024-08-03,1584,5,2.0,165-84904998,14.82
1585,2024-08-05,1585,3,5.0,484-98185278,522.64
1586,2024-08-04,1586,3,6.0,223-21456413,1080.39
1587,2024-08-06,1587,1,3.0,480-26060216,377.43
1588,2024-08-05,1588,5,4.0,827-38384127,68.59
1589,2024-08-06,1589,4,2.0,217-61105727,588.17
1590,2024-08-06,1590,3,4.0,770-50061724,561.66
1591,2024-08-05,1591,5,3.0,460-71475400,1168.96
1592,2024-08-07,1592,3,4.0,700-18177372,203.36
1593,2024-08-07,1593,5,8.0,340-17844505,762.33
1594,2024-08-06,1594,4,4.0,130-31369054,925.82
1595,2024-08-06,1595,1,9.0,655-15941309,170.84
1596,2024-08-08,1596,4,4.0,701-35519639,66.0
1597,2024-08-07,1597,5,3.0,825-69365903,1208.94
1598,2024-08-09,1598,4,3.0,390-57725620,559.51
1599,2024-08-08,1599,5,9.0,582-13414057,239.19
1600,2024-08-08,1600,5,5.0,978-95214223,4947.15
1601,2024-08-07,1601,1,7.0,873-30962682,212.4
1602,2024-08-09,1602,1,4.0,360-56519129,445.39
1603,2024-08-10,1603,5,1.0,408-49455446,349.16
1604,2024-08-08,1604,2,2.0,280-84529121,5014.84
1605,2024-08-08,1605,4,5.0,381-81885058,265.27
1606,2024-08-09,1606,1,9.0,695-59997886,630.82
1607,2024-08-09,1607,4,3.0,881-94201130,1504.65
1608,2024-08-09,1608,3,6.0,525-99873939,2245.42
1609,2024-08-11,1609,2,9.0,238-19925557,840.2
1610,2024-08-10,1610,2,4.0,884-13586203,2909.25
1611,2024-08-11,1611,2,2.0,556-69725972,973.31
1612,2024-08-11,1612,3,1.0,576-70345450,363.21
1613,2024-08-10,1613,1,5.0,657-96102461,293.82
1614,2024-08-10,1614,1,8.0,547-33835896,817.76
1615,2024-08-10,1615,4,1.0,376-98037141,1730.74
1616,2024-08-12,1616,4,4.0,301-67275966,105.71
1617,2024-08-11,1617,3,9.0,279-12133916,589.4
1618,2024-08-11,1618,5,9.0,908-39453248,421.65
1619,2024-08-11,1619,2,2.0,339-38401711,221.24
1620,2024-08-11,1620,3,1.0,324-58219279,1064.42
1621,2024-08-12,1621,3,9.0,935-71835936,7939.75
1622,2024-08-14,1622,4,3.0,724-93113584,244.13
1623,2024-08-14,1623,1,9.0,340-95962459,803.95
1624,2024-08-14,1624,1,5.0,610-69604504,3050.29
1625,2024-08-13,1625,2,,442-60221896,293.2
1626,2024-08-15,1626,1,8.0,236-18089410,8862.93
1627,2024-08-16,1627,2,6.0,448-70574571,304.69
1628,2024-08-17,1628,2,5.0,570-24512058,1029.23
1629,2024-08-18,1629,2,3.0,202-56487238,18.86
1630,2024-08-18,1630,1,6.0,165-66552366,4163.34
1631,2024-08-17,1631,4,8.0,752-64988393,971.05
1632,2024-08-17,1632,1,7.0,425-13103781,521.18
1633,2024-08-18,1633,4,7.0,173-65532600,56.61
1634,2024-08-16,1634,1,8.0,866-95488893,1841.3
1635,2024-08-18,1635,2,6.0,881-73129040,738.36
1636,2024-08-16,1636,1,8.0,337-14709042,256.47
1637,2024-08-16,1637,5,9.0,838-50184551,1201.7
1638,2024-08-17,1638,5,2.0,749-83730450,525.32
1639,2024-08-19,1639,3,9.0,775-65875459,71.91
1640,2024-08-17,1640,1,9.0,383-79577183,1038.84
1641,2024-08-20,1641,3,6.0,478-81434032,1067.11
1642,2024-08-18,1642,5,5.0,504-67868983,1254.2
1643,2024-08-20,1643,4,9.0,885-70220590,112.62
1644,2024-08-19,1644,2,7.0,998-14468298,473.37
1645,2024-08-21,1645,2,6.0,260-74987014,39.17
1646,2024-08-21,1646,5,8.0,345-90117961,1886.56
1647,2024-08-21,1647,4,6.0,358-62700046,222.92
1648,2024-08-20,1648,2,6.0,653-61270705,954.79
1649,2024-08-22,1649,5,7.0,596-43934877,218.47
1650,2024-08-22,1650,4,8.0,158-85953227,277.16
1651,2024-08-22,1651,3,6.0,915-51858352,116.11
1652,2024-08-23,1652,5,9.0,432-35595784,145.44
1653,2024-08-22,1653,3,3.0,883-80219919,5498.33
1654,2024-08-22,1654,4,6.0,465-89694131,224.6
1655,2024-08-22,1655,1,2.0,659-23932158,614.71
1656,2024-08-24,1656,2,4.0,448-60836546,561.53
1657,2024-08-24,1657,2,8.0,254-25912095,77.57
1658,2024-08-23,1658,1,6.0,285-13736437,621.94
1659,2024-08-25,1659,1,4.0,885-19224007,506.47
1660,2024-08-23,1660,1,7.0,203-22571435,134.61
1661,2024-08-25,1661,1,7.0,853-83974976,10.37
1662,2024-08-24,1662,2,6.0,791-13775092,915.06
1663,2024-08-26,1663,1,2.0,173-46841909,14582.39
1664,2024-08-26,1664,4,9.0,407-75505627,5960.42
1665,2024-08-25,1665,1,7.0,924-63436337,968.43
1666,2024-08-24,1666,2,9.0,281-25265729,347.86
1667,2024-08-25,1667,3,3.0,930-65951431,343.15
1668,2024-08-25,1668,1,,880-23640584,448.76
1669,2024-08-27,1669,5,5.0,218-36924270,2046.46
1670,2024-08-26,1670,1,9.0,930-71789790,1467.38
1671,2024-08-27,1671,2,1.0,502-14725805,3435.52
1672,2024-08-27,1672,4,1.0,331-78085137,252.78
1673,2024-08-29,1673,1,6.0,673-33803146,489.77
1674,2024-08-28,1674,1,1.0,154-91511576,1416.36
1675,2024-08-30,1675,1,4.0,767-41423177,12072.55
1676,2024-08-29,1676,1,8.0,149-37872264,124.65
1677,2024-08-31,1677,3,1.0,408-28660177,10481.78
1678,2024-08-29,1678,3,6.0,511-84080369,573.25
1679,2024-08-30,1679,1,4.0,146-42316335,267.6
1680,2024-08-29,1680,4,5.0,814-68031233,1187.36
1681,2024-08-31,1681,2,8.0,731-21070741,457.82
1682,2024-08-30,1682,4,7.0,721-84231853,1473.83
1683,2024-09-01,1683,1,9.0,484-72172828,4526.52
1684,2024-09-01,1684,2,8.0,867-28043582,456.1
1685,2024-09-01,1685,5,1.0,425-93068086,246.99
1686,2024-09-02,1686,2,1.0,562-10951712,789.09
1687,2024-09-02,1687,4,7.0,832-70036112,1629.36
1688,2024-09-02,1688,5,6.0,143-75888204,356.27
1689,2024-09-02,1689,4,4.0,362-83904693,1535.78
1690,2024-09-03,1690,3,6.0,508-82393174,3522.31
1691,2024-09-03,1691,5,3.0,210-97182823,4206.26
1692,2024-09-04,1692,1,8.0,112-56058657,2432.47
1693,2024-09-04,1693,4,2.0,876-88867355,462.47
1694,2024-09-03,1694,2,9.0,908-91117924,3154.8
1695,2024-09-02,1695,4,1.0,409-74174806,605.44
1696,2024-09-03,1696,1,7.0,453-66863843,953.71
1697,2024-09-05,1697,1,9.0,485-80862562,2018.36
1698,2024-09-04,1698,3,9.0,630-52214735,1556.39
1699,2024-09-03,1699,2,3.0,229-11990170,725.48
1700,2024-09-05,1700,5,2.0,374-11758185,2527.28
1701,2024-09-05,1701,1,7.0,706-69895980,1341.53
1702,2024-09-04,1702,1,2.0,538-82788983,1347.18
1703,2024-09-06,1703,1,3.0,268-60290513,2074.26
1704,2024-09-07,1704,2,4.0,616-10636984,403.02
1705,2024-09-06,1705,4,3.0,600-38147823,275.1
1706,2024-09-07,1706,1,6.0,155-38158915,4141.92
1707,2024-09-07,1707,4,4.0,822-39502452,1722.2
1708,2024-09-08,1708,4,4.0,822-20817558,706.48
1709,2024-09-07,1709,5,1.0,799-40959633,1564.25
1710,2024-09-10,1710,2,6.0,726-47629656,825.46
1711,2024-09-10,1711,1,3.0,664-88580683,2070.84
1712,2024-09-08,1712,3,2.0,232-90560576,1264.81
1713,2024-09-10,1713,5,7.0,990-56327240,3294.87
1714,2024-09-09,1714,5,1.0,996-15886813,122.95
1715,2024-09-12,1715,1,4.0,889-25851281,2996.54
1716,2024-09-12,1716,2,1.0,897-92692175,805.24
1717,2024-09-12,1717,3,9.0,298-82558835,3596.45
1718,2024-09-12,1718,1,9.0,545-39403984,1543.08
1719,2024-09-11,1719,1,2.0,906-99917319,1997.19
1720,2024-09-12,1720,3,6.0,472-24486679,230.43
1721,2024-09-12,1721,5,3.0,771-43188015,803.1
1722,2024-09-11,1722,1,1.0,283-88612389,6864.66
1723,2024-09-14,1723,2,8.0,901-98878661,120.52
1724,2024-09-14,1724,1,,638-84659893,1398.22
1725,2024-09-13,1725,2,8.0,542-53043698,1849.61
1726,2024-09-13,1726,3,8.0,669-13935377,145.24
1727,2024-09-13,1727,3,8.0,361-66029714,154.51
1728,2024-09-13,1728,5,4.0,684-25182638,451.22
1729,2024-09-13,1729,4,2.0,628-43552417,382.98
1730,2024-09-16,1730,3,9.0,621-93897437,1652.17
1731,2024-09-16,1731,3,9.0,540-37842413,993.24
1732,2024-09-16,1732,3,8.0,183-28401488,1296.78
1733,2024-09-16,1733,3,9.0,493-23076897,1604.7
1734,2024-09-16,1734,5,2.0,178-46411236,924.25
1735,2024-09-17,1735,2,4.0,869-31179742,5973.11
1736,2024-09-17,1736,5,5.0,715-22165901,210.62
1737,2024-09-15,1737,2,8.0,375-93200226,666.5
1738,2024-09-16,1738,4,9.0,668-54964495,1777.17
1739,2024-09-18,1739,1,3.0,374-23860333,2110.66
1740,2024-09-17,1740,3,3.0,799-82171683,1593.9
1741,2024-09-18,1741,1,8.0,691-39977782,4225.92
1742,2024-09-17,1742,3,5.0,915-58693587,29.67
1743,2024-09-17,1743,2,1.0,739-12153619,1251.21
1744,2024-09-17,1744,1,3.0,738-29865117,1224.91
1745,2024-09-19,1745,5,2.0,455-86200879,425.67
1746,2024-09-19,1746,3,9.0,554-82933336,191.19
1747,2024-09-20,1747,1,7.0,435-36229730,290.68
1748,2024-09-19,1748,2,9.0,284-62917939,2297.08
1749,2024-09-19,1749,3,2.0,614-99731975,1246.75
1750,2024-09-21,1750,3,2.0,470-45835752,2495.51
1751,2024-09-21,1751,4,9.0,801-47260150,265.72
1752,2024-09-20,1752,4,5.0,190-97495255,57.24
1753,2024-09-20,1753,4,1.0,400-72481518,2766.13
1754,2024-09-19,1754,1,3.0,313-39938741,111.09
1755,2024-09-21,1755,4,6.0,517-58692709,476.42
1756,2024-09-22,1756,3,4.0,872-15592811,66.65
1757,2024-09-21,1757,5,4.0,315-55732548,629.11
1758,2024-09-21,1758,4,1.0,743-86580169,1731.8
1759,2024-09-21,1759,5,3.0,779-15284326,224.71
1760,2024-09-24,1760,5,7.0,514-25440592,948.25
1761,2024-09-22,1761,3,4.0,914-82448410,566.84
1762,2024-09-23,1762,4,8.0,624-55478334,584.67
1763,2024-09-23,1763,3,3.0,474-83619688,801.13
1764,2024-09-24,1764,5,1.0,846-38600505,2465.06
1765,2024-09-24,1765,1,8.0,293-17285862,813.85
1766,2024-09-26,1766,3,5.0,935-69098593,22.59
1767,2024-09-24,1767,3,9.0,635-70116445,12271.34
1768,2024-09-25,1768,4,8.0,790-81273769,29.65
1769,2024-09-24,1769,4,2.0,439-71706213,2381.66
1770,2024-09-27,1770,3,6.0,360-79280991,282.96
1771,2024-09-26,1771,3,6.0,305-39944893,303.82
1772,2024-09-26,1772,2,4.0,623-15931143,1919.92
1773,2024-09-26,1773,5,4.0,235-56456296,436.08
1774,2024-09-25,1774,4,1.0,500-38394342,281.35
1775,2024-09-27,1775,1,2.0,727-10361116,977.69
1776,2024-09-28,1776,1,5.0,418-60799853,546.55
1777,2024-09-28,1777,5,5.0,822-11136045,1673.62
1778,2024-09-26,1778,4,,664-77911581,645.96
1779,2024-09-26,1779,2,4.0,973-70257049,2278.99
1780,2024-09-27,1780,5,1.0,567-45755833,3699.53
1781,2024-09-27,1781,4,1.0,938-82601152,532.47
1782,2024-09-28,1782,5,4.0,103-34542035,4463.62
1783,2024-09-27,1783,3,6.0,322-79009051,1060.13
1784,2024-09-27,1784,5,4.0,634-66908678,11.08
1785,2024-09-27,1785,5,3.0,745-74413719,1344.16
1786,2024-09-28,1786,5,9.0,674-73623196,3265.43
1787,2024-09-28,1787,1,4.0,390-82530486,140.18
1788,2024-09-30,1788,1,1.0,957-52289808,38.43
1789,2024-09-30,1789,4,9.0,716-31976756,1880.38
1790,2024-09-29,1790,4,3.0,325-21159922,6352.45
1791,2024-09-29,1791,2,6.0,432-87214178,1160.35
1792,2024-10-02,1792,2,6.0,137-58435653,1452.39
1793,2024-10-02,1793,5,7.0,793-73498444,333.09
1794,2024-10-01,1794,4,9.0,495-40275488,495.12
1795,2024-10-04,1795,2,4.0,821-52428725,5435.6
1796,2024-10-03,1796,2,2.0,319-62241880,765.99
1797,2024-10-03,1797,5,5.0,705-21767036,389.21
1798,2024-10-04,1798,3,6.0,479-36521434,1256.36
1799,2024-10-03,1799,2,6.0,627-32387603,425.36
1800,2024-10-03,1800,2,5.0,719-66830486,1826.95
1801,2024-10-04,1801,1,6.0,264-24778517,1396.01
1802,2024-10-04,1802,5,1.0,392-84844848,268.63
1803,2024-10-04,1803,5,6.0,688-30029855,2081.52
1804,2024-10-04,1804,3,9.0,497-98475535,447.01
1805,2024-10-07,1805,4,7.0,440-53997789,79.49
1806,2024-10-07,1806,5,7.0,228-75766648,21.91
1807,2024-10-07,1807,3,7.0,839-28904752,2244.92
1808,2024-10-07,1808,5,2.0,165-34835903,1013.73
1809,2024-10-07,1809,2,4.0,914-71397738,66.95
1810,2024-10-06,1810,1,7.0,836-72557778,661.14
1811,2024-10-06,1811,1,9.0,345-97556653,104.29
1812,2024-10-06,1812,5,6.0,204-56253392,211.89
1813,2024-10-08,1813,2,8.0,677-48121503,834.49
1814,2024-10-07,1814,2,6.0,828-32915025,28033.34
1815,2024-10-09,1815,3,5.0,905-41000810,195.5
1816,2024-10-08,1816,4,1.0,901-31595887,2.8
1817,2024-10-08,1817,2,6.0,307-25219555,872.6
1818,2024-10-09,1818,3,9.0,319-78066081,2765.72
1819,2024-10-08,1819,5,9.0,354-16058435,59.32
1820,2024-10-10,1820,3,3.0,235-50750734,156.25
1821,2024-10-11,1821,4,2.0,622-29114643,1075.29
1822,2024-10-10,1822,1,1.0,541-42328192,3197.55
1823,2024-10-12,1823,1,2.0,480-88621499,503.39
1824,2024-10-10,1824,2,2.0,131-21952672,65.71
1825,2024-10-10,1825,2,3.0,652-14347320,1446.58
1826,2024-10-11,1826,4,6.0,297-38965662,1037.57
1827,2024-10-12,1827,4,2.0,818-50368274,111.72
1828,2024-10-12,1828,5,8.0,750-14011179,438.98
1829,2024-10-12,1829,4,9.0,974-41423273,1306.86
1830,2024-10-12,1830,1,5.0,286-78107908,1753.99
1831,2024-10-13,1831,5,2.0,200-89898084,837.67
1832,2024-10-12,1832,2,8.0,489-98006196,168.41
1833,2024-10-13,1833,4,3.0,622-73458969,1831.13
1834,2024-10-12,1834,3,4.0,464-37935514,197.44
1835,2024-10-15,1835,4,8.0,243-12162790,828.15
1836,2024-10-16,1836,2,3.0,128-42058356,2889.38
1837,2024-10-16,1837,3,4.0,903-57996982,248.1
1838,2024-10-14,1838,4,5.0,311-48233020,792.22
1839,2024-10-14,1839,4,9.0,186-27585560,397.14
1840,2024-10-15,1840,3,4.0,834-84826821,429.09
1841,2024-10-17,1841,1,6.0,843-68960147,335.87
1842,2024-10-15,1842,2,7.0,189-26611041,863.15
1843,2024-10-17,1843,5,7.0,724-15693847,776.55
1844,2024-10-16,1844,3,2.0,836-90121357,1464.9
1845,2024-10-15,1845,3,8.0,504-92066527,446.04
1846,2024-10-17,1846,1,9.0,765-27371711,1188.35
1847,2024-10-18,1847,2,3.0,825-40416488,958.0
1848,2024-10-17,1848,2,4.0,949-98331812,1492.11
1849,2024-10-19,1849,3,5.0,654-89425434,1777.75
1850,2024-10-18,1850,1,4.0,698-54472887,331.22
1851,2024-10-20,1851,2,9.0,963-32101547,650.8
1852,2024-10-20,1852,3,6.0,293-55403116,166.42
1853,2024-10-20,1853,5,5.0,829-41998335,669.47
1854,2024-10-19,1854,2,9.0,171-42969856,18.45
1855,2024-10-20,1855,4,1.0,850-65276502,96.16
1856,2024-10-19,1856,3,,111-63255765,1598.37
1857,2024-10-20,1857,4,9.0,815-54959221,697.7
1858,2024-10-19,1858,2,9.0,728-24124295,22.75
1859,2024-10-21,1859,1,5.0,654-22904572,1120.54
1860,2024-10-22,1860,4,2.0,844-97697887,8097.78
1861,2024-10-22,1861,4,1.0,580-46316160,1292.04
1862,2024-10-21,1862,2,8.0,736-96378886,32.13
1863,2024-10-22,1863,2,8.0,727-96978350,2486.81
1864,2024-10-21,1864,3,4.0,141-45215282,159.35
1865,2024-10-22,1865,1,6.0,652-70420219,973.61
1866,2024-10-23,1866,4,7.0,707-79286279,270.31
1867,2024-10-22,1867,5,5.0,577-71303272,461.9
1868,2024-10-23,1868,1,8.0,980-63200080,1235.1
1869,2024-10-23,1869,2,3.0,816-43750416,458.37
1870,2024-10-23,1870,2,2.0,351-12488322,3594.79
1871,2024-10-23,1871,1,,682-72621699,2664.44
1872,2024-10-24,1872,1,4.0,970-70772819,3303.37
1873,2024-10-25,1873,4,5.0,391-73626393,901.83
1874,2024-10-25,1874,1,1.0,685-67756945,1223.14
1875,2024-10-23,1875,4,1.0,392-58619879,1674.34
1876,2024-10-25,1876,2,6.0,864-31332012,587.3
1877,2024-10-23,1877,5,2.0,269-68903248,726.29
1878,2024-10-23,1878,1,5.0,807-71540230,834.38
1879,2024-10-26,1879,3,9.0,940-12309842,2618.34
1880,2024-10-26,1880,4,1.0,706-14399775,712.52
1881,2024-10-26,1881,3,5.0,925-14054613,35.47
1882,2024-10-26,1882,2,6.0,715-13521188,1436.18
1883,2024-10-25,1883,1,3.0,411-28550495,1400.26
1884,2024-10-24,1884,2,8.0,418-46927717,295.48
1885,2024-10-25,1885,5,8.0,302-48522122,963.63
1886,2024-10-27,1886,5,6.0,527-45947510,79.53
1887,2024-10-26,1887,2,4.0,779-55024505,1438.77
1888,2024-10-27,1888,2,5.0,300-55289925,532.22
1889,2024-10-26,1889,4,1.0,643-66456400,273.86
1890,2024-10-28,1890,1,2.0,979-21378794,2875.64
1891,2024-10-28,1891,2,4.0,278-70214493,825.18
1892,2024-10-28,1892,4,3.0,762-37299368,1395.59
1893,2024-10-28,1893,2,5.0,601-92293049,264.06
1894,2024-10-27,1894,4,3.0,314-85999142,285.16
1895,2024-10-27,1895,5,8.0,467-36697277,164.42
1896,2024-10-28,1896,1,2.0,125-54185010,1194.09
1897,2024-10-30,1897,4,1.0,982-66460027,69.27
1898,2024-10-30,1898,1,8.0,199-37151683,315.95
1899,2024-10-29,1899,3,4.0,320-77778326,1551.59
1900,2024-10-30,1900,1,2.0,209-79808276,2070.76
1901,2024-10-31,1901,4,5.0,509-95573091,3869.91
1902,2024-10-29,1902,4,2.0,546-16630293,249.72
1903,2024-10-29,1903,3,1.0,739-46515319,28.64
1904,2024-10-31,1904,2,1.0,931-19691582,2663.13
1905,2024-10-31,1905,4,1.0,469-78875827,228.5
1906,2024-10-30,1906,5,3.0,788-33618325,411.12
1907,2024-10-30,1907,4,4.0,431-75521303,101.44
1908,2024-10-31,1908,2,6.0,426-94386921,782.87
1909,2024-10-31,1909,4,1.0,543-55043824,545.41
1910,2024-11-01,1910,3,2.0,949-82298541,4001.87
1911,2024-10-31,1911,3,4.0,452-28724065,390.02
1912,2024-10-31,1912,3,1.0,695-37036487,5215.93
1913,2024-11-01,1913,1,5.0,416-41055652,1032.77
1914,2024-10-31,1914,5,2.0,744-91907777,27.03
1915,2024-11-02,1915,5,8.0,764-93045035,475.81
1916,2024-11-02,1916,4,4.0,279-87474625,1282.68
1917,2024-11-04,1917,3,6.0,428-68294473,134.31
1918,2024-11-04,1918,5,6.0,141-15151701,1186.82
1919,2024-11-02,1919,4,5.0,632-68950325,1120.06
1920,2024-11-05,1920,4,6.0,797-56907199,1249.21
1921,2024-11-04,1921,3,3.0,343-80170683,2598.64
1922,2024-11-04,1922,1,6.0,117-79060117,6401.16
1923,2024-11-05,1923,2,2.0,387-63095097,473.38
1924,2024-11-07,1924,2,5.0,880-16117984,298.89
1925,2024-11-07,1925,3,4.0,100-90623398,763.23
1926,2024-11-06,1926,1,1.0,498-68837534,466.53
1927,2024-11-07,1927,1,3.0,249-84605155,435.44
1928,2024-11-06,1928,3,1.0,830-35570044,10801.65
1929,2024-11-07,1929,2,9.0,108-17805956,1901.71
1930,2024-11-07,1930,5,6.0,831-93195927,590.98
1931,2024-11-09,1931,5,4.0,159-15411582,531.65
1932,2024-11-09,1932,2,9.0,695-12506953,1795.35
1933,2024-11-08,1933,5,6.0,219-24096539,70.28
1934,2024-11-10,1934,1,2.0,579-42125514,3.29
1935,2024-11-10,1935,4,5.0,370-19277375,77.73
1936,2024-11-11,1936,1,2.0,398-94931529,290.47
1937,2024-11-10,1937,3,5.0,215-85657538,1348.69
1938,2024-11-11,1938,4,7.0,459-67441284,973.47
1939,2024-11-11,1939,4,3.0,968-90582343,690.27
1940,2024-11-11,1940,2,8.0,657-31213927,738.35
1941,2024-11-11,1941,4,7.0,797-80338290,918.47
1942,2024-11-12,1942,3,6.0,532-78108661,1993.13
1943,2024-11-11,1943,3,4.0,207-47201714,154.38
1944,2024-11-10,1944,2,2.0,887-41163913,343.11
1945,2024-11-11,1945,4,4.0,711-30624570,301.73
1946,2024-11-12,1946,2,9.0,378-50429222,103.61
1947,2024-11-12,1947,2,3.0,124-24191120,468.48
1948,2024-11-11,1948,2,7.0,412-73853837,911.2
1949,2024-11-12,1949,4,5.0,322-94080741,442.56
1950,2024-11-12,1950,4,4.0,984-97083180,341.12
1951,2024-11-14,1951,2,1.0,759-88358922,1157.4
1952,2024-11-13,1952,4,2.0,266-30473824,148.18
1953,2024-11-14,1953,1,7.0,258-77365925,628.84
1954,2024-11-12,1954,4,6.0,720-69875398,691.24
1955,2024-11-13,1955,3,4.0,113-73270258,1723.39
1956,2024-11-12,1956,3,6.0,268-26415607,1349.61
1957,2024-11-13,1957,2,7.0,948-76173170,3576.79
1958,2024-11-15,1958,4,6.0,629-93908178,213.93
1959,2024-11-13,1959,4,4.0,778-46744440,4040.47
1960,2024-11-15,1960,1,7.0,963-29517481,1113.15
1961,2024-11-14,1961,1,9.0,405-25185135,578.93
1962,2024-11-15,1962,3,8.0,232-39756110,721.77
1963,2024-11-14,1963,4,6.0,622-23258493,330.14
1964,2024-11-15,1964,4,6.0,966-66583562,590.19
1965,2024-11-14,1965,3,8.0,657-92619633,887.29
1966,2024-11-16,1966,2,6.0,614-98399501,39.99
1967,2024-11-15,1967,1,7.0,401-43643689,553.78
1968,2024-11-15,1968,5,9.0,837-62448877,298.82
1969,2024-11-17,1969,2,5.0,156-31307002,837.1
1970,2024-11-17,1970,3,4.0,852-22715233,893.8
1971,2024-11-18,1971,1,5.0,556-47679798,1366.22
1972,2024-11-18,1972,5,9.0,543-68456099,2753.46
1973,2024-11-18,1973,3,3.0,519-41970487,1945.81
1974,2024-11-16,1974,2,1.0,540-51905108,1172.88
1975,2024-11-19,1975,3,3.0,474-26338494,2046.25
1976,2024-11-19,1976,1,7.0,926-35385112,107.51
1977,2024-11-18,1977,2,7.0,447-68772938,1089.1
1978,2024-11-19,1978,1,4.0,699-42636368,4947.8
1979,2024-11-20,1979,4,9.0,681-51603449,2854.28
1980,2024-11-19,1980,5,7.0,791-30692376,2911.06
1981,2024-11-21,1981,1,9.0,422-36022130,524.53
1982,2024-11-20,1982,4,3.0,649-27850211,352.21
1983,2024-11-20,1983,2,3.0,421-63147600,715.54
1984,2024-11-20,1984,1,1.0,903-42728117,263.08
1985,2024-11-21,1985,3,9.0,103-30381110,1259.67
1986,2024-11-22,1986,2,9.0,703-16808052,656.78
1987,2024-11-20,1987,4,4.0,670-43661112,788.17
1988,2024-11-20,1988,1,7.0,992-66550671,185.04
1989,2024-11-21,1989,5,8.0,962-40623566,234.41
1990,2024-11-23,1990,2,9.0,376-59146601,1835.22
1991,2024-11-23,1991,3,3.0,460-84654947,445.92
1992,2024-11-22,1992,3,8.0,949-88702317,6632.24
1993,2024-11-22,1993,2,7.0,926-94059777,41.21
1994,2024-11-24,1994,1,7.0,729-73627857,60.53
1995,2024-11-23,1995,2,8.0,261-21475087,1154.06
1996,2024-11-24,1996,3,4.0,554-97349571,234.63
1997,2024-11-25,1997,5,4.0,373-91066864,1117.15
1998,2024-11-25,1998,4,3.0,562-71894385,1515.0
1999,2024-11-25,1999,1,9.0,505-64990145,163.62
2000,2024-11-24,2000,1,6.0,230-71373828,4203.0
2001,2024-11-26,2001,4,,324-28253417,1556.49
2002,2024-11-25,2002,5,2.0,325-19886607,1019.71
2003,2024-11-25,2003,2,3.0,454-98229320,273.23
2004,2024-11-26,2004,3,1.0,295-68922821,8261.87
2005,2024-11-26,2005,2,7.0,761-65085091,5682.48
2006,2024-11-27,2006,4,5.0,765-63797372,2137.3
2007,2024-11-26,2007,1,2.0,265-43746365,3568.39
2008,2024-11-26,2008,4,6.0,492-77176187,122.5
2009,2024-11-27,2009,5,2.0,232-11801708,510.97
2010,2024-11-27,2010,3,4.0,869-52268556,106.93
2011,2024-11-28,2011,2,9.0,345-11186737,2908.08
2012,2024-11-28,2012,3,7.0,784-88387178,2898.45
2013,2024-11-29,2013,5,2.0,528-48022934,541.26
2014,2024-11-29,2014,1,6.0,720-41485362,611.08
2015,2024-11-28,2015,1,2.0,808-53640405,682.76
2016,2024-11-27,2016,5,2.0,789-51639680,1216.84
2017,2024-11-29,2017,3,3.0,670-94000963,1650.66
2018,2024-11-28,2018,2,7.0,493-17697691,927.76
2019,2024-11-30,2019,2,8.0,350-53745618,1599.09
2020,2024-11-30,2020,3,7.0,327-67711210,2566.36
2021,2024-11-29,2021,4,6.0,426-94067473,4290.06
2022,2024-12-01,2022,3,1.0,192-93140232,1444.35
2023,2024-12-01,2023,5,8.0,711-58709043,1153.71
2024,2024-11-30,2024,5,7.0,925-34531485,224.89
2025,2024-12-01,2025,4,2.0,355-59368102,671.73
2026,2024-11-30,2026,1,1.0,217-50880497,791.0
2027,2024-11-30,2027,4,9.0,967-54199523,556.77
2028,2024-11-30,2028,1,3.0,543-16745755,3328.27
2029,2024-12-03,2029,3,4.0,747-45082097,6373.64
2030,2024-12-01,2030,5,9.0,669-40202460,770.6
2031,2024-12-02,2031,1,6.0,404-11847634,268.52
2032,2024-12-04,2032,5,8.0,404-91358261,875.12
2033,2024-12-03,2033,4,5.0,709-57230855,405.16
2034,2024-12-03,2034,4,,151-32579854,4635.29
2035,2024-12-03,2035,4,6.0,610-11718478,704.82
2036,2024-12-03,2036,4,5.0,300-18347234,1343.36
2037,2024-12-05,2037,3,5.0,236-59811585,1358.47
2038,2024-12-03,2038,5,8.0,557-16400334,21.52
2039,2024-12-04,2039,1,3.0,308-14127901,164.99
2040,2024-12-03,2040,1,9.0,340-82224825,2086.45
2041,2024-12-04,2041,1,3.0,828-84872166,1324.65
2042,2024-12-04,2042,2,6.0,244-72319482,519.27
2043,2024-12-06,2043,2,2.0,828-32400932,841.23
2044,2024-12-06,2044,3,7.0,660-51465399,322.71
2045,2024-12-06,2045,4,2.0,952-55721106,2437.82
2046,2024-12-06,2046,1,7.0,951-69951246,3128.11
2047,2024-12-07,2047,3,1.0,439-58401308,1824.3
2048,2024-12-07,2048,2,7.0,723-20106171,398.2
2049,2024-12-06,2049,4,5.0,573-27035545,641.65
2050,2024-12-07,2050,2,6.0,687-43418335,363.51
2051,2024-12-05,2051,2,1.0,311-33962858,1289.1
2052,2024-12-07,2052,4,8.0,649-24208564,831.14
2053,2024-12-07,2053,2,2.0,530-18923820,1487.11
2054,2024-12-06,2054,5,3.0,276-13774764,796.88
2055,2024-12-08,2055,5,4.0,448-45167223,4002.19
2056,2024-12-08,2056,2,2.0,579-62225466,2658.86
2057,2024-12-08,2057,3,6.0,232-96571407,2198.15
2058,2024-12-09,2058,2,7.0,211-67679562,3910.8
2059,2024-12-09,2059,1,2.0,709-45486959,3317.94
2060,2024-12-10,2060,3,4.0,893-84464258,583.7
2061,2024-12-10,2061,1,9.0,997-44999778,892.98
2062,2024-12-09,2062,4,9.0,709-10177367,405.38
2063,2024-12-09,2063,2,5.0,989-48578154,558.92
2064,2024-12-09,2064,4,2.0,126-70794532,243.02
2065,2024-12-11,2065,3,7.0,589-83941952,629.03
2066,2024-12-11,2066,1,5.0,963-39755213,104.21
2067,2024-12-11,2067,4,5.0,338-24405881,268.71
2068,2024-12-10,2068,2,3.0,562-20622864,470.42
2069,2024-12-11,2069,3,5.0,817-81839926,85.1
2070,2024-12-11,2070,3,7.0,487-79477118,249.69
2071,2024-12-11,2071,4,6.0,847-66368699,635.39
2072,2024-12-12,2072,5,3.0,438-17161778,35.06
2073,2024-12-11,2073,5,9.0,771-36128257,5263.92
2074,2024-12-10,2074,3,4.0,866-22428557,931.6
2075,2024-12-12,2075,5,2.0,645-39981816,62.41
2076,2024-12-12,2076,5,2.0,457-10259718,1592.89
2077,2024-12-14,2077,1,3.0,340-44101958,268.38
2078,2024-12-13,2078,4,8.0,586-20727579,3846.15
2079,2024-12-13,2079,2,7.0,762-78655539,209.55
2080,2024-12-14,2080,1,7.0,661-70451327,321.56
2081,2024-12-15,2081,2,5.0,495-42540643,575.9
2082,2024-12-14,2082,4,9.0,268-92290953,63.75
2083,2024-12-14,2083,1,7.0,614-22663224,1340.38
2084,2024-12-15,2084,2,6.0,659-29235069,881.32
2085,2024-12-15,2085,1,2.0,569-13225045,975.83
2086,2024-12-14,2086,2,5.0,793-74621408,702.08
2087,2024-12-14,2087,2,7.0,296-63149641,43.22
2088,2024-12-15,2088,3,1.0,764-96550043,741.68
2089,2024-12-16,2089,3,8.0,409-59256721,328.88
2090,2024-12-17,2090,2,9.0,558-33753436,251.28
2091,2024-12-17,2091,5,6.0,168-53103662,10.54
2092,2024-12-18,2092,1,6.0,720-45514208,834.62
2093,2024-12-17,2093,4,2.0,780-25804663,377.53
2094,2024-12-16,2094,4,9.0,875-79981485,1462.1
2095,2024-12-16,2095,1,9.0,581-27615164,14.76
2096,2024-12-17,2096,5,8.0,267-74045181,2833.4
2097,2024-12-16,2097,4,9.0,289-94618872,174.65
2098,2024-12-18,2098,1,6.0,591-73742986,1626.85
2099,2024-12-16,2099,4,7.0,133-26540666,2466.05
2100,2024-12-17,2100,3,4.0,673-49015224,178.78
2101,2024-12-17,2101,4,5.0,943-46612514,1426.39
2102,2024-12-17,2102,2,4.0,129-86552136,990.78
2103,2024-12-18,2103,4,1.0,547-66655800,93.01
2104,2024-12-18,2104,3,5.0,176-66989304,1296.16
2105,2024-12-20,2105,1,2.0,191-47132114,162.58
2106,2024-12-19,2106,2,9.0,988-35791527,1416.75
2107,2024-12-18,2107,2,1.0,653-36939164,348.84
2108,2024-12-18,2108,4,4.0,731-61116140,879.12
2109,2024-12-21,2109,3,3.0,671-88981981,3357.08
2110,2024-12-20,2110,4,3.0,625-50077017,775.79
2111,2024-12-21,2111,4,3.0,309-18913042,221.97
2112,2024-12-22,2112,5,6.0,411-13566375,1035.5
2113,2024-12-20,2113,2,3.0,535-77079447,113.42
2114,2024-12-23,2114,4,4.0,942-88336522,1000.93
2115,2024-12-23,2115,5,8.0,179-96584510,509.98
2116,2024-12-22,2116,5,1.0,513-95094767,601.2
2117,2024-12-22,2117,2,5.0,761-58973672,12156.9
2118,2024-12-22,2118,3,6.0,345-62951322,126.89
2119,2024-12-23,2119,4,5.0,899-33702863,202.21
2120,2024-12-24,2120,3,4.0,788-31574653,620.46
2121,2024-12-24,2121,3,8.0,758-84984321,585.52
2122,2024-12-24,2122,1,5.0,894-53735691,9835.24
2123,2024-12-25,2123,1,8.0,246-48412957,90.53
2124,2024-12-25,2124,3,3.0,994-58009153,2929.64
2125,2024-12-24,2125,3,1.0,426-72519622,203.73
2126,2024-12-26,2126,5,2.0,282-77555782,1397.22
2127,2024-12-27,2127,3,2.0,150-10320956,4228.23
2128,2024-12-25,2128,2,3.0,739-56157285,309.85
2129,2024-12-26,2129,4,3.0,681-21604758,363.02
2130,2024-12-28,2130,2,1.0,747-49221816,1060.64
2131,2024-12-28,2131,5,1.0,598-34895487,244.17
2132,2024-12-28,2132,5,6.0,903-94872006,1352.81
2133,2024-12-27,2133,1,2.0,733-27988865,995.1
2134,2024-12-27,2134,1,3.0,479-38442257,2983.77
2135,2024-12-27,2135,5,5.0,778-20086528,883.53
2136,2024-12-26,2136,2,1.0,231-63488607,393.09
2137,2024-12-26,2137,1,7.0,785-91027758,379.37
2138,2024-12-29,2138,3,2.0,150-94497910,1796.66
2139,2024-12-28,2139,2,3.0,642-88601571,717.38
2140,2024-12-29,2140,2,8.0,255-36028624,375.08
2141,2024-12-28,2141,2,7.0,456-59182178,1235.32
2142,2024-12-28,2142,2,5.0,174-51076670,938.58
2143,2024-12-29,2143,5,1.0,195-87257471,82.47
2144,2024-12-29,2144,5,7.0,883-40899698,3543.53
2145,2024-12-29,2145,3,2.0,762-37434787,873.16
2146,2024-12-29,2146,5,9.0,941-80639184,623.41
2147,2024-12-29,2147,3,2.0,641-34956681,548.9
2148,2024-12-29,2148,5,3.0,822-57729958,658.95
2149,2024-12-29,2149,2,5.0,602-67366521,2619.51
2150,2024-12-31,2150,2,2.0,780-12792199,274.63
2151,2025-01-01,2151,4,2.0,932-70390275,827.7
2152,2025-01-01,2152,1,6.0,928-66433666,36.89
2153,2025-01-01,2153,4,1.0,563-64130946,58.0
2154,2024-12-31,2154,3,7.0,741-86143614,727.19
2155,2024-12-31,2155,1,7.0,397-29988840,408.93
2156,2025-01-02,2156,3,4.0,695-18152629,757.92
2157,2025-01-03,2157,2,2.0,362-88482279,4511.98
2158,2025-01-02,2158,4,5.0,629-45115535,686.51
2159,2025-01-03,2159,2,1.0,439-33789462,2098.84
2160,2025-01-03,2160,1,3.0,304-46196300,1475.9
2161,2025-01-04,2161,3,6.0,227-47697481,581.58
2162,2025-01-03,2162,4,7.0,297-17301126,7984.59
2163,2025-01-04,2163,1,2.0,415-31042176,409.52
2164,2025-01-06,2164,3,5.0,470-57287093,5374.68
2165,2025-01-06,2165,1,8.0,709-27817607,916.75
2166,2025-01-04,2166,2,8.0,459-46640714,3963.99
2167,2025-01-05,2167,5,8.0,207-80903283,805.98
2168,2025-01-07,2168,5,1.0,105-41398334,27.02
2169,2025-01-07,2169,1,5.0,973-85366232,1881.84
2170,2025-01-08,2170,1,2.0,777-57678276,541.67
2171,2025-01-06,2171,4,9.0,609-19743147,4137.35
2172,2025-01-09,2172,2,7.0,292-99755374,2561.07
2173,2025-01-08,2173,3,1.0,904-64887475,351.07
2174,2025-01-07,2174,3,1.0,489-36317156,1349.11
2175,2025-01-07,2175,1,5.0,105-40935412,1504.13
2176,2025-01-09,2176,3,2.0,180-68845082,1340.67
2177,2025-01-08,2177,2,1.0,660-69666724,4039.73
2178,2025-01-09,2178,2,4.0,356-53878330,1862.25
2179,2025-01-10,2179,2,2.0,497-90177517,1676.3
2180,2025-01-08,2180,5,6.0,408-58131535,131.14
2181,2025-01-09,2181,4,7.0,627-75893275,319.14
2182,2025-01-10,2182,1,2.0,859-19655749,4420.58
2183,2025-01-11,2183,2,7.0,472-81840107,458.53
2184,2025-01-09,2184,3,2.0,559-25555848,657.07
2185,2025-01-09,2185,3,5.0,807-20409275,3987.18
2186,2025-01-11,2186,1,3.0,276-29729537,1058.82
2187,2025-01-11,2187,2,2.0,737-24506454,2813.82
2188,2025-01-13,2188,1,3.0,699-76669630,551.86
2189,2025-01-11,2189,2,8.0,447-26811851,1294.74
2190,2025-01-12,2190,3,7.0,653-65046626,735.54
2191,2025-01-13,2191,3,5.0,719-68632165,328.5
2192,2025-01-15,2192,4,4.0,987-26231612,616.03
2193,2025-01-14,2193,2,3.0,685-22804959,3046.13
2194,2025-01-13,2194,2,9.0,657-29662373,810.04
2195,2025-01-14,2195,2,3.0,719-43632132,4953.07
2196,2025-01-16,2196,2,4.0,650-36161598,1647.72
2197,2025-01-15,2197,3,8.0,707-63374866,11810.02
2198,2025-01-14,2198,1,7.0,219-56327435,5421.09
2199,2025-01-16,2199,4,7.0,547-72871439,44.76
2200,2025-01-16,2200,5,7.0,522-82683040,2760.73
2201,2025-01-15,2201,2,7.0,183-51068768,562.96
2202,2025-01-17,2202,1,5.0,996-49220564,255.24
2203,2025-01-17,2203,2,3.0,785-66527981,2458.08
2204,2025-01-17,2204,4,4.0,864-71457480,4022.49
2205,2025-01-19,2205,3,5.0,267-21344646,3490.87
2206,2025-01-18,2206,5,8.0,850-82023826,6459.8
2207,2025-01-18,2207,5,9.0,611-36915501,1114.15
2208,2025-01-20,2208,3,2.0,427-74420443,15242.49
2209,2025-01-18,2209,5,5.0,817-22426803,598.96
2210,2025-01-21,2210,4,6.0,914-84005952,2297.29
2211,2025-01-21,2211,2,4.0,661-97162114,217.03
2212,2025-01-21,2212,1,8.0,644-39019400,1082.48
2213,2025-01-21,2213,4,4.0,919-44162959,1133.16
2214,2025-01-22,2214,1,2.0,114-74372325,2431.62
2215,2025-01-23,2215,5,1.0,334-92674818,7586.67
2216,2025-01-22,2216,1,7.0,925-71158253,271.68
2217,2025-01-24,2217,4,8.0,945-94452793,7558.38
2218,2025-01-22,2218,5,5.0,773-74534829,4038.2
2219,2025-01-23,2219,5,2.0,855-67964061,1019.73
2220,2025-01-24,2220,5,3.0,872-26424682,5904.41
2221,2025-01-23,2221,4,2.0,444-51604657,355.26
2222,2025-01-24,2222,4,1.0,183-42521286,5678.67
2223,2025-01-25,2223,5,2.0,965-86930138,163.02
2224,2025-01-23,2224,4,1.0,743-92625466,389.22
2225,2025-01-23,2225,4,9.0,340-88486205,2177.76
2226,2025-01-27,2226,3,9.0,562-37204384,5044.85
2227,2025-01-27,2227,4,6.0,140-90085199,1563.1
2228,2025-01-27,2228,2,4.0,259-88225804,563.57
2229,2025-01-25,2229,1,5.0,232-93550640,40.52
2230,2025-01-25,2230,2,6.0,682-95275055,3663.05
2231,2025-01-26,2231,2,5.0,738-66591564,73.42
2232,2025-01-28,2232,2,8.0,893-51896084,1194.46
2233,2025-01-27,2233,1,5.0,278-78514256,1968.09
2234,2025-01-27,2234,4,4.0,379-62054514,5909.69
2235,2025-01-29,2235,1,2.0,927-21642742,90.35
2236,2025-01-29,2236,1,4.0,379-90671200,6405.18
2237,2025-01-29,2237,4,2.0,518-78584649,5901.92
2238,2025-01-28,2238,1,8.0,877-49309201,606.23
2239,2025-01-28,2239,5,5.0,198-60968552,2658.1
2240,2025-01-27,2240,3,9.0,473-40243782,1077.99
2241,2025-01-28,2241,1,9.0,211-12843408,2007.8
2242,2025-01-28,2242,4,4.0,842-97583107,1823.82
2243,2025-01-28,2243,2,7.0,761-16248227,245.1
2244,2025-01-30,2244,1,2.0,124-88969927,2254.0
2245,2025-01-29,2245,1,9.0,669-81304523,4035.28
2246,2025-01-29,2246,4,3.0,826-85219774,1179.33
2247,2025-01-31,2247,3,1.0,828-86735335,1704.05
2248,2025-01-29,2248,1,,144-87595593,1195.28
2249,2025-02-01,2249,3,4.0,166-87135852,0.57
2250,2025-01-31,2250,2,5.0,483-71019369,9829.97
2251,2025-01-31,2251,3,9.0,873-76203686,11396.84
2252,2025-02-02,2252,2,5.0,922-49032915,21.55
2253,2025-02-03,2253,1,5.0,576-65911004,94.66
2254,2025-02-01,2254,2,3.0,826-32394511,525.3
2255,2025-02-02,2255,2,3.0,237-94884171,917.2
2256,2025-02-02,2256,5,5.0,392-15205871,217.52
2257,2025-02-02,2257,1,3.0,741-56917675,4.15
2258,2025-02-03,2258,1,6.0,915-13257030,803.45
2259,2025-02-02,2259,2,9.0,900-31555872,353.34
2260,2025-02-03,2260,4,2.0,521-64480549,2426.68
2261,2025-02-03,2261,1,1.0,902-15244258,338.73
2262,2025-02-03,2262,5,4.0,818-87459096,573.0
2263,2025-02-02,2263,1,4.0,302-72046924,139.72
2264,2025-02-03,2264,4,5.0,781-18791475,1164.64
2265,2025-02-04,2265,3,3.0,734-16456645,2763.75
2266,2025-02-05,2266,5,2.0,174-22152364,759.19
2267,2025-02-06,2267,4,4.0,821-84659566,407.0
2268,2025-02-07,2268,4,9.0,340-74631036,705.45
2269,2025-02-06,2269,4,6.0,128-23386221,3082.11
2270,2025-02-06,2270,3,1.0,330-76795621,6560.65
2271,2025-02-06,2271,2,9.0,331-25407115,509.26
2272,2025-02-07,2272,3,8.0,234-32110964,2340.8
2273,2025-02-08,2273,5,1.0,203-95455278,1165.4
2274,2025-02-06,2274,1,3.0,306-99334406,94.72
2275,2025-02-07,2275,4,4.0,221-43499597,509.11
2276,2025-02-08,2276,3,8.0,744-70894488,3276.03
2277,2025-02-08,2277,1,2.0,421-61194095,3257.16
2278,2025-02-09,2278,4,6.0,264-71140948,4946.89
2279,2025-02-07,2279,5,1.0,608-94966474,1824.95
2280,2025-02-07,2280,3,9.0,274-64515360,800.72
2281,2025-02-08,2281,4,4.0,506-49119995,2649.04
2282,2025-02-09,2282,3,1.0,964-49867057,242.97
2283,2025-02-08,2283,4,1.0,537-87419334,5093.95
2284,2025-02-08,2284,5,1.0,561-49986117,581.61
2285,2025-02-10,2285,5,9.0,364-88399893,1284.52
2286,2025-02-10,2286,2,3.0,947-67293283,1574.11
2287,2025-02-10,2287,3,8.0,627-71819995,1520.44
2288,2025-02-10,2288,3,5.0,487-88494621,909.1
2289,2025-02-09,2289,3,4.0,492-16891068,1568.45
2290,2025-02-09,2290,1,3.0,500-40429701,41.22
2291,2025-02-11,2291,3,1.0,264-76498271,3807.8
2292,2025-02-10,2292,3,5.0,733-85662329,1493.19
2293,2025-02-11,2293,3,4.0,687-87781607,662.46
2294,2025-02-10,2294,5,4.0,704-90149135,2399.56
2295,2025-02-11,2295,3,9.0,971-24447413,283.73
2296,2025-02-13,2296,3,2.0,208-83149108,1035.48
2297,2025-02-13,2297,3,2.0,915-21712686,652.08
2298,2025-02-12,2298,2,1.0,738-42591405,592.94
2299,2025-02-13,2299,5,1.0,689-93738825,357.07
2300,2025-02-13,2300,1,8.0,161-28249483,1823.33
2301,2025-02-13,2301,5,1.0,872-18597682,385.69
2302,2025-02-13,2302,1,9.0,671-31418947,1123.55
2303,2025-02-13,2303,4,2.0,368-34737131,737.27
2304,2025-02-15,2304,4,1.0,724-83491250,2489.14
2305,2025-02-15,2305,3,8.0,389-15075759,3376.44
2306,2025-02-13,2306,3,6.0,637-68526349,1292.37
2307,2025-02-15,2307,5,2.0,156-10670712,1202.38
2308,2025-02-14,2308,2,6.0,821-55068269,605.01
2309,2025-02-15,2309,3,4.0,358-42945847,176.34
2310,2025-02-14,2310,1,4.0,699-23704560,2604.71
2311,2025-02-15,2311,4,8.0,185-81188956,891.19
2312,2025-02-15,2312,1,6.0,561-65737805,658.62
2313,2025-02-16,2313,2,3.0,658-66077078,624.18
2314,2025-02-17,2314,3,4.0,848-57098194,92.98
2315,2025-02-16,2315,5,3.0,896-84062908,1567.14
2316,2025-02-16,2316,5,7.0,104-89503435,4928.57
2317,2025-02-15,2317,2,6.0,741-76011608,922.2
2318,2025-02-16,2318,2,9.0,702-79043362,1061.47
2319,2025-02-15,2319,1,6.0,774-65778468,629.88
2320,2025-02-18,2320,1,8.0,250-91231645,669.91
2321,2025-02-18,2321,2,1.0,767-26277719,3501.02
2322,2025-02-18,2322,5,2.0,709-85524606,1334.73
2323,2025-02-17,2323,2,3.0,279-91131822,2432.87
2324,2025-02-17,2324,3,6.0,863-40527607,228.17
2325,2025-02-17,2325,1,6.0,760-95216437,149.98
2326,2025-02-18,2326,5,4.0,888-63050100,923.56
2327,2025-02-19,2327,4,8.0,248-64177285,83.08
2328,2025-02-17,2328,4,8.0,277-82457610,1908.7
2329,2025-02-19,2329,1,9.0,204-45136034,976.15
2330,2025-02-18,2330,1,7.0,454-60397672,1641.6
2331,2025-02-19,2331,1,8.0,186-98119598,955.23
2332,2025-02-19,2332,2,3.0,480-51393817,191.29
2333,2025-02-19,2333,1,8.0,939-34522880,482.45
2334,2025-02-20,2334,5,3.0,183-88463197,52.42
2335,2025-02-18,2335,4,7.0,544-28319882,102.96
2336,2025-02-20,2336,1,1.0,970-13267568,792.25
2337,2025-02-19,2337,5,1.0,309-57087075,311.91
2338,2025-02-19,2338,1,9.0,295-42374531,2351.36
2339,2025-02-19,2339,4,5.0,312-56157078,497.96
2340,2025-02-20,2340,4,1.0,550-49059206,4641.99
2341,2025-02-19,2341,1,9.0,263-76670197,15463.62
2342,2025-02-20,2342,5,3.0,866-82957019,418.53
2343,2025-02-22,2343,1,7.0,306-18322037,2503.19
2344,2025-02-22,2344,1,1.0,691-57601046,4985.7
2345,2025-02-22,2345,2,,348-88642225,407.17
2346,2025-02-22,2346,1,4.0,650-55142716,2119.59
2347,2025-02-22,2347,3,5.0,329-69691672,135.06
2348,2025-02-21,2348,1,3.0,462-74099438,589.99
2349,2025-02-23,2349,2,4.0,814-70144329,136.82
2350,2025-02-21,2350,5,8.0,570-55235480,1204.56
2351,2025-02-22,2351,2,8.0,210-78554079,6254.77
2352,2025-02-22,2352,3,9.0,738-23568284,671.6
2353,2025-02-24,2353,1,,644-65863236,589.83
2354,2025-02-23,2354,3,3.0,162-41976637,2078.9
2355,2025-02-22,2355,1,5.0,152-98247219,2037.28
2356,2025-02-23,2356,4,6.0,490-71375184,473.62
2357,2025-02-25,2357,2,3.0,380-41035322,664.09
2358,2025-02-24,2358,3,7.0,960-50796132,866.75
2359,2025-02-26,2359,5,6.0,447-76675110,6122.47
2360,2025-02-25,2360,4,8.0,366-43403195,544.71
2361,2025-02-24,2361,3,4.0,997-23247416,199.46
2362,2025-02-25,2362,4,8.0,483-78620390,1182.16
2363,2025-02-24,2363,1,8.0,209-35759289,12.9
2364,2025-02-25,2364,3,5.0,769-59077323,497.59
2365,2025-02-26,2365,3,6.0,861-86155239,656.85
2366,2025-02-27,2366,5,5.0,695-31189622,128.88
2367,2025-02-26,2367,4,8.0,641-55998871,422.7
2368,2025-02-25,2368,5,,521-92814044,381.19
2369,2025-02-27,2369,3,4.0,493-64418372,917.95
2370,2025-02-26,2370,4,5.0,262-15356465,4253.95
2371,2025-02-27,2371,3,4.0,824-58442159,1024.63
2372,2025-02-26,2372,4,4.0,292-88566652,550.76
2373,2025-03-01,2373,2,4.0,369-15254162,660.53
2374,2025-02-27,2374,2,1.0,910-33383716,1302.74
2375,2025-02-27,2375,4,4.0,984-33727749,2408.5
2376,2025-03-02,2376,3,1.0,422-33011815,1047.83
2377,2025-03-02,2377,5,5.0,112-71245332,494.96
2378,2025-02-28,2378,1,1.0,743-77813854,1197.1
2379,2025-02-28,2379,1,3.0,920-67299300,1626.85
2380,2025-03-01,2380,3,2.0,640-69889082,774.21
2381,2025-03-04,2381,5,2.0,135-54988878,1250.56
2382,2025-03-02,2382,1,3.0,245-34930683,4002.32
2383,2025-03-04,2383,5,2.0,253-11493488,1440.95
2384,2025-03-05,2384,2,2.0,659-41602493,2782.48
2385,2025-03-05,2385,3,6.0,361-93499494,862.27
2386,2025-03-05,2386,5,9.0,204-78798439,2000.95
2387,2025-03-04,2387,4,4.0,442-11363990,269.45
2388,2025-03-04,2388,4,5.0,618-83738492,237.51
2389,2025-03-06,2389,3,1.0,717-39141536,16569.69
2390,2025-03-07,2390,2,8.0,427-55895464,452.44
2391,2025-03-06,2391,2,8.0,393-15272098,861.46
2392,2025-03-06,2392,4,2.0,935-47198120,623.97
2393,2025-03-07,2393,5,5.0,758-85677341,5.93
2394,2025-03-08,2394,5,8.0,801-53731703,1360.5
2395,2025-03-06,2395,1,3.0,995-98266032,122.78
2396,2025-03-07,2396,5,7.0,112-77940517,1369.9
2397,2025-03-07,2397,1,7.0,817-78171331,702.43
2398,2025-03-07,2398,3,8.0,336-75580739,303.77
2399,2025-03-07,2399,4,6.0,980-20230661,92.49
2400,2025-03-09,2400,3,6.0,428-19817103,5602.68
2401,2025-03-08,2401,3,1.0,373-66570379,432.66
2402,2025-03-10,2402,5,1.0,210-33574490,571.9
2403,2025-03-10,2403,4,7.0,550-22825995,1536.18
2404,2025-03-10,2404,2,1.0,578-71657758,1261.11
2405,2025-03-10,2405,3,9.0,867-31038318,187.53
2406,2025-03-12,2406,4,6.0,496-67783858,2010.75
2407,2025-03-12,2407,4,4.0,413-77174947,1065.28
2408,2025-03-13,2408,5,9.0,605-21326949,9319.62
2409,2025-03-11,2409,1,3.0,390-37759964,3656.95
2410,2025-03-11,2410,2,4.0,687-16037240,521.9
2411,2025-03-13,2411,1,3.0,821-56444701,691.59
2412,2025-03-12,2412,4,5.0,834-95187192,829.97
2413,2025-03-13,2413,4,9.0,206-84713522,614.56
2414,2025-03-13,2414,3,2.0,632-78365783,3698.75
2415,2025-03-14,2415,4,5.0,668-24714486,1662.93
2416,2025-03-14,2416,4,7.0,675-72401583,830.31
2417,2025-03-14,2417,5,4.0,359-69948418,2059.87
2418,2025-03-14,2418,4,9.0,495-52333345,582.2
2419,2025-03-16,2419,2,1.0,170-23565365,5524.5
2420,2025-03-16,2420,4,9.0,234-30465842,939.2
2421,2025-03-17,2421,3,2.0,436-77787658,1384.12
2422,2025-03-18,2422,5,9.0,802-32079729,458.39
2423,2025-03-18,2423,5,1.0,552-19314502,872.59
2424,2025-03-16,2424,5,6.0,706-18304860,67.98
2425,2025-03-16,2425,4,2.0,259-19049919,923.79
2426,2025-03-18,2426,2,5.0,653-86164999,1594.68
2427,2025-03-19,2427,3,3.0,681-27665796,2740.77
2428,2025-03-17,2428,3,2.0,646-20215762,879.17
2429,2025-03-19,2429,4,1.0,109-74793801,1673.25
2430,2025-03-18,2430,2,6.0,792-39292026,2459.39
2431,2025-03-18,2431,3,6.0,678-76688588,294.02
2432,2025-03-20,2432,1,5.0,679-48056189,140.21
2433,2025-03-18,2433,5,8.0,924-53775399,2769.5
2434,2025-03-19,2434,4,7.0,106-63075440,12447.82
2435,2025-03-21,2435,2,6.0,758-97112616,247.42
2436,2025-03-21,2436,1,2.0,318-67745516,233.89
2437,2025-03-20,2437,5,6.0,301-46951833,99.77
2438,2025-03-21,2438,2,1.0,965-94324678,524.37
2439,2025-03-21,2439,4,8.0,920-76641201,815.69
2440,2025-03-20,2440,4,6.0,855-47003220,611.99
2441,2025-03-22,2441,4,1.0,968-36229613,351.83
2442,2025-03-22,2442,4,2.0,754-28332485,139.42
2443,2025-03-21,2443,3,1.0,412-13991755,5818.15
2444,2025-03-22,2444,3,1.0,603-19571472,314.24
2445,2025-03-23,2445,2,3.0,878-87695551,2237.22
2446,2025-03-22,2446,1,9.0,144-73606999,2487.34
2447,2025-03-23,2447,5,9.0,539-55867624,636.38
2448,2025-03-23,2448,3,1.0,719-81864725,1647.05
2449,2025-03-24,2449,3,7.0,651-69924505,303.01
2450,2025-03-22,2450,3,6.0,893-12706501,1429.48
2451,2025-03-24,2451,5,9.0,624-26738366,1310.39
2452,2025-03-22,2452,5,4.0,996-62262652,3172.36
2453,2025-03-23,2453,1,5.0,748-74090988,443.78
2454,2025-03-25,2454,2,9.0,558-42233240,61.05
2455,2025-03-27,2455,4,4.0,699-79655152,1144.47
2456,2025-03-25,2456,4,1.0,486-97141614,12894.8
2457,2025-03-27,2457,4,4.0,238-59482374,294.57
2458,2025-03-25,2458,2,5.0,521-22078274,1517.2
2459,2025-03-26,2459,3,5.0,967-66533676,194.93
2460,2025-03-28,2460,1,5.0,158-48219665,3717.9
2461,2025-03-27,2461,4,6.0,895-47252463,441.82
2462,2025-03-31,2462,4,4.0,979-11937536,84.47
2463,2025-03-30,2463,4,3.0,453-51067245,693.96
2464,2025-04-01,2464,3,8.0,180-56192794,1007.36
2465,2025-04-01,2465,3,4.0,496-19191571,585.39
2466,2025-03-31,2466,1,4.0,167-63519163,6246.0
2467,2025-03-31,2467,5,6.0,996-64201888,1115.83
2468,2025-04-01,2468,1,6.0,259-69938552,372.5
2469,2025-03-31,2469,4,3.0,651-52343647,445.53
2470,2025-04-01,2470,4,1.0,568-12732467,272.03
2471,2025-04-01,2471,4,2.0,376-23944561,4860.51
2472,2025-04-03,2472,1,5.0,474-45498387,1970.95
2473,2025-04-02,2473,1,1.0,594-51794150,89.45
2474,2025-04-03,2474,1,2.0,414-96778815,980.25
2475,2025-04-03,2475,3,7.0,983-87980746,1024.4
2476,2025-04-03,2476,4,2.0,144-30323796,2063.26
2477,2025-04-04,2477,5,7.0,681-36111683,3749.24
2478,2025-04-04,2478,4,3.0,779-82883476,1289.62
2479,2025-04-06,2479,5,2.0,299-31903634,7029.94
2480,2025-04-05,2480,4,4.0,797-23550555,701.57
2481,2025-04-04,2481,5,5.0,555-74393554,543.73
2482,2025-04-05,2482,1,9.0,876-73989763,3130.7
2483,2025-04-05,2483,2,6.0,172-48892680,181.65
2484,2025-04-05,2484,2,7.0,307-65591171,383.88
2485,2025-04-07,2485,3,4.0,604-25853093,843.19
2486,2025-04-05,2486,3,5.0,455-75474054,1082.14
2487,2025-04-08,2487,5,8.0,241-90427044,1898.97
2488,2025-04-07,2488,5,2.0,751-41222324,167.76
2489,2025-04-06,2489,2,7.0,890-77886141,507.99
2490,2025-04-06,2490,2,8.0,341-52884859,809.88
2491,2025-04-09,2491,4,7.0,170-30883868,145.13
2492,2025-04-07,2492,1,4.0,730-95289488,2074.37
2493,2025-04-08,2493,5,,657-75287032,4754.71
2494,2025-04-08,2494,2,4.0,116-92719534,1471.04
2495,2025-04-10,2495,4,9.0,825-97138293,53.24
2496,2025-04-09,2496,4,4.0,324-27986272,420.84
2497,2025-04-09,2497,3,3.0,380-14493291,672.3
2498,2025-04-11,2498,1,8.0,568-24898793,1008.93
2499,2025-04-11,2499,1,6.0,241-53021774,18635.48
2500,2025-04-10,2500,5,4.0,962-89475490,1047.11
2501,2025-04-12,2501,3,8.0,537-27648459,8446.69
2502,2025-04-11,2502,2,8.0,501-75837792,581.84
2503,2025-04-10,2503,5,,287-13921076,38.71
2504,2025-04-12,2504,2,3.0,650-45733432,2570.09
2505,2025-04-11,2505,3,1.0,913-39397653,578.58
2506,2025-04-11,2506,2,9.0,630-84815459,1705.22
2507,2025-04-14,2507,3,7.0,206-40149263,4052.48
2508,2025-04-12,2508,3,7.0,823-69449384,4144.28
2509,2025-04-12,2509,3,1.0,707-69084641,9.29
2510,2025-04-12,2510,5,6.0,785-61177947,2095.66
2511,2025-04-13,2511,3,9.0,508-30424232,43.28
2512,2025-04-13,2512,2,5.0,194-19881960,5705.06
2513,2025-04-15,2513,4,5.0,261-71075920,7190.74
2514,2025-04-14,2514,4,8.0,286-87450999,4886.6
2515,2025-04-16,2515,5,3.0,495-16135599,443.55
2516,2025-04-16,2516,3,8.0,243-84715116,2041.64
2517,2025-04-14,2517,2,3.0,800-59633835,570.73
2518,2025-04-15,2518,2,4.0,602-90738265,6384.98
2519,2025-04-15,2519,1,7.0,338-43136196,6181.15
2520,2025-04-17,2520,3,2.0,762-41974794,709.95
2521,2025-04-17,2521,5,5.0,722-34239388,278.24
2522,2025-04-17,2522,2,4.0,717-61123541,2687.99
2523,2025-04-15,2523,3,7.0,787-16848861,654.88
2524,2025-04-15,2524,3,1.0,860-34589899,845.06
2525,2025-04-15,2525,2,7.0,387-39320165,1093.13
2526,2025-04-18,2526,2,3.0,476-56471973,121.76
2527,2025-04-16,2527,4,8.0,945-20372802,618.01
2528,2025-04-17,2528,3,2.0,812-25060013,590.34
2529,2025-04-17,2529,2,7.0,672-41540226,1991.39
2530,2025-04-18,2530,5,3.0,420-19526878,1793.29
2531,2025-04-17,2531,5,3.0,902-34994574,403.96
2532,2025-04-17,2532,3,7.0,240-31576654,442.64
2533,2025-04-19,2533,2,9.0,449-30330625,1585.64
2534,2025-04-20,2534,1,1.0,356-48042415,200.94
2535,2025-04-19,2535,5,9.0,518-82884333,19.83
2536,2025-04-19,2536,3,1.0,387-87215563,1369.41
2537,2025-04-20,2537,3,7.0,233-64824422,3079.14
2538,2025-04-18,2538,1,3.0,784-96658260,3128.73
2539,2025-04-20,2539,3,5.0,218-93361052,4279.94
2540,2025-04-19,2540,3,3.0,586-66830174,328.38
2541,2025-04-21,2541,1,4.0,336-48777877,123.9
2542,2025-04-21,2542,2,1.0,227-92486874,1238.52
2543,2025-04-19,2543,4,5.0,285-23952621,1455.3
2544,2025-04-19,2544,3,7.0,774-55367230,1222.98
2545,2025-04-20,2545,3,1.0,460-48343966,1757.83
2546,2025-04-22,2546,5,1.0,413-93781652,561.12
2547,2025-04-22,2547,5,5.0,223-28252388,298.95
2548,2025-04-23,2548,5,3.0,576-95089214,2047.36
2549,2025-04-23,2549,5,9.0,229-38279536,1567.54
2550,2025-04-23,2550,1,7.0,488-10390056,3696.61
2551,2025-04-22,2551,4,1.0,711-41944657,891.68
2552,2025-04-22,2552,3,6.0,711-70284347,3118.13
2553,2025-04-22,2553,2,2.0,474-65555720,3524.96
2554,2025-04-23,2554,3,,503-32993214,1444.45
2555,2025-04-22,2555,3,1.0,552-63072069,389.59
2556,2025-04-23,2556,3,6.0,379-73453681,1539.79
2557,2025-04-24,2557,5,3.0,393-31153617,1108.37
2558,2025-04-22,2558,5,1.0,569-85602263,1947.97
2559,2025-04-23,2559,1,6.0,377-84927458,3047.26
2560,2025-04-22,2560,5,1.0,416-13823448,6104.91
2561,2025-04-24,2561,5,4.0,244-14640166,1413.86
2562,2025-04-25,2562,5,8.0,433-91667068,52.38
2563,2025-04-25,2563,2,7.0,171-51424430,247.69
2564,2025-04-24,2564,3,8.0,982-35656424,537.78
2565,2025-04-24,2565,2,4.0,431-97411234,108.97
2566,2025-04-25,2566,4,,830-85762320,567.11
2567,2025-04-24,2567,2,9.0,705-16279763,1304.04
2568,2025-04-26,2568,2,8.0,501-24385276,2593.69
2569,2025-04-28,2569,2,4.0,749-88636825,2133.47
2570,2025-04-28,2570,3,5.0,494-37237527,171.85
2571,2025-04-27,2571,5,5.0,485-94978571,246.38
2572,2025-04-28,2572,3,6.0,547-46625987,1063.05
2573,2025-04-26,2573,5,9.0,711-60637690,1712.48
2574,2025-04-27,2574,4,3.0,851-30351904,216.9
2575,2025-04-28,2575,1,1.0,218-87580808,4559.01
2576,2025-04-29,2576,1,4.0,973-85761808,3278.98
2577,2025-04-27,2577,1,5.0,977-30497116,1597.57
2578,2025-04-28,2578,1,7.0,612-47259903,1419.25
2579,2025-04-29,2579,3,8.0,498-27335551,835.54
2580,2025-04-30,2580,5,9.0,144-12392918,3170.3
2581,2025-04-29,2581,3,5.0,149-62059196,440.82
2582,2025-05-01,2582,3,7.0,107-63694231,6031.36
2583,2025-04-29,2583,4,1.0,909-69952782,3214.26
2584,2025-05-01,2584,3,3.0,961-28743332,4324.77
2585,2025-04-30,2585,4,5.0,554-39936876,795.6
2586,2025-04-30,2586,2,4.0,707-59920360,1016.1
2587,2025-05-03,2587,2,1.0,628-98162535,75.89
2588,2025-05-02,2588,4,9.0,671-96951090,3215.75
2589,2025-05-03,2589,2,6.0,115-52998225,929.26
2590,2025-05-02,2590,5,2.0,270-31763103,72.34
2591,2025-05-03,2591,2,5.0,907-98617805,4086.63
2592,2025-05-02,2592,2,6.0,281-22832248,338.63
2593,2025-05-02,2593,1,1.0,701-68732777,8558.85
2594,2025-05-02,2594,4,2.0,903-68348126,1202.95
2595,2025-05-04,2595,4,3.0,543-95949670,95.09
2596,2025-05-02,2596,5,1.0,565-77072078,231.4
2597,2025-05-02,2597,1,4.0,381-15741218,28.54
2598,2025-05-05,2598,1,6.0,141-15163509,34.36
2599,2025-05-05,2599,5,3.0,849-20363621,1350.24
2600,2025-05-04,2600,2,7.0,790-56126042,358.91
2601,2025-05-04,2601,2,7.0,918-94269718,2715.92
2602,2025-05-05,2602,5,7.0,108-76105773,4441.66
2603,2025-05-05,2603,3,9.0,324-67574065,717.1
2604,2025-05-03,2604,5,2.0,776-28361846,606.28
2605,2025-05-05,2605,2,3.0,340-57131078,3679.8
2606,2025-05-06,2606,1,4.0,870-99713909,4690.71
2607,2025-05-05,2607,4,3.0,660-29957019,46.64
2608,2025-05-04,2608,4,6.0,391-73508070,57.92
2609,2025-05-05,2609,2,6.0,698-94943425,913.75
2610,2025-05-06,2610,4,6.0,704-26064958,1962.5
2611,2025-05-05,2611,2,2.0,631-50662816,1044.97
2612,2025-05-06,2612,3,8.0,690-59946682,1091.53
2613,2025-05-07,2613,5,4.0,888-26513127,1364.87
2614,2025-05-06,2614,1,3.0,591-65022675,3840.98
2615,2025-05-08,2615,3,3.0,527-26914774,1641.15
2616,2025-05-06,2616,3,4.0,195-36500350,1493.32
2617,2025-05-07,2617,4,7.0,585-12626961,156.06
2618,2025-05-07,2618,4,9.0,798-31858427,190.54
2619,2025-05-06,2619,2,7.0,976-24146670,2131.29
2620,2025-05-07,2620,1,,362-24922527,5.8
2621,2025-05-08,2621,2,5.0,338-80554788,119.56
2622,2025-05-09,2622,4,5.0,393-47401052,1654.6
2623,2025-05-09,2623,1,2.0,433-59640695,255.39
2624,2025-05-10,2624,3,3.0,784-82978992,13431.57
2625,2025-05-09,2625,4,7.0,939-41916447,2446.4
2626,2025-05-10,2626,5,1.0,531-56813530,378.01
2627,2025-05-10,2627,2,8.0,634-61960580,1062.55
2628,2025-05-10,2628,5,2.0,126-58630295,4190.61
2629,2025-05-11,2629,5,4.0,739-88745455,1709.34
2630,2025-05-09,2630,2,3.0,817-37832311,40.39
2631,2025-05-10,2631,3,9.0,359-79204180,550.68
2632,2025-05-11,2632,3,4.0,669-41958446,972.72
2633,2025-05-11,2633,5,,194-75653159,286.54
2634,2025-05-12,2634,5,1.0,615-24210473,330.78
2635,2025-05-10,2635,3,3.0,141-86569316,2593.99
2636,2025-05-12,2636,1,5.0,435-61586948,25.33
2637,2025-05-12,2637,5,2.0,840-31724565,849.12
2638,2025-05-12,2638,4,1.0,853-44829564,80.52
2639,2025-05-13,2639,2,7.0,564-24425858,1558.36
2640,2025-05-14,2640,5,,511-31699051,182.55
2641,2025-05-14,2641,3,1.0,319-13351555,160.3
2642,2025-05-14,2642,4,3.0,479-28395013,135.55
2643,2025-05-15,2643,3,1.0,179-45741761,390.78
2644,2025-05-16,2644,2,1.0,877-87072902,249.64
2645,2025-05-14,2645,3,3.0,879-48895694,496.65
2646,2025-05-15,2646,2,5.0,561-80276721,19.39
2647,2025-05-14,2647,4,7.0,201-97165553,1768.44
2648,2025-05-15,2648,3,1.0,304-35799018,943.04
2649,2025-05-16,2649,5,4.0,636-25617257,3435.9
2650,2025-05-17,2650,4,4.0,402-82814459,1262.54
2651,2025-05-16,2651,1,4.0,879-24225007,1070.52
2652,2025-05-18,2652,2,6.0,825-34696819,880.94
2653,2025-05-18,2653,5,8.0,903-13030490,1052.27
2654,2025-05-18,2654,2,5.0,214-76813086,728.77
2655,2025-05-17,2655,4,3.0,189-10726844,1092.78
2656,2025-05-18,2656,2,2.0,369-57118544,1150.47
2657,2025-05-19,2657,3,3.0,456-43411065,1039.44
2658,2025-05-19,2658,5,2.0,227-36580743,1320.55
2659,2025-05-17,2659,3,5.0,343-82021896,2622.64
2660,2025-05-18,2660,2,1.0,380-45908140,2856.8
2661,2025-05-19,2661,4,2.0,260-98547430,579.75
2662,2025-05-19,2662,5,4.0,516-45303273,325.86
2663,2025-05-20,2663,2,1.0,536-46402991,3132.15
2664,2025-05-20,2664,3,2.0,526-79363515,6600.26
2665,2025-05-20,2665,3,1.0,172-86741333,2029.72
2666,2025-05-18,2666,3,9.0,417-99620710,142.51
2667,2025-05-21,2667,1,2.0,379-36932008,167.86
2668,2025-05-19,2668,2,7.0,273-57940387,494.44
2669,2025-05-20,2669,5,5.0,746-90727691,935.65
2670,2025-05-21,2670,3,1.0,671-40412236,1809.09
2671,2025-05-20,2671,5,8.0,389-72935123,7832.27
2672,2025-05-21,2672,5,6.0,318-95034900,703.61
2673,2025-05-20,2673,2,6.0,555-81447378,702.87
2674,2025-05-20,2674,3,2.0,130-65311530,338.07
2675,2025-05-22,2675,5,4.0,210-14609091,3430.01
2676,2025-05-21,2676,4,5.0,786-77756293,195.6
2677,2025-05-23,2677,4,3.0,134-77514214,208.68
2678,2025-05-22,2678,5,6.0,515-41710183,128.93
2679,2025-05-22,2679,4,5.0,126-20045666,369.54
2680,2025-05-21,2680,1,2.0,667-70765551,3216.84
2681,2025-05-21,2681,2,6.0,142-47038168,1563.04
2682,2025-05-21,2682,5,2.0,847-19290883,190.27
2683,2025-05-23,2683,2,2.0,231-81798187,480.61
2684,2025-05-21,2684,4,6.0,541-93680513,1759.28
2685,2025-05-21,2685,4,,762-66439654,700.78
2686,2025-05-21,2686,3,3.0,913-86484687,1083.66
2687,2025-05-22,2687,3,7.0,609-35014841,1023.91
2688,2025-05-23,2688,2,4.0,268-68166605,3882.81
2689,2025-05-24,2689,5,7.0,687-39983540,1359.17
2690,2025-05-23,2690,1,6.0,684-10957527,610.92
2691,2025-05-24,2691,5,7.0,498-69560456,447.07
2692,2025-05-23,2692,1,4.0,492-10498909,7.66
2693,2025-05-26,2693,4,9.0,252-83477998,447.59
2694,2025-05-24,2694,3,5.0,327-17327065,17.15
2695,2025-05-26,2695,4,6.0,718-28817912,254.07
2696,2025-05-26,2696,5,5.0,246-77094196,557.66
2697,2025-05-24,2697,4,4.0,339-70410657,683.24
2698,2025-05-26,2698,1,8.0,894-33395078,33.86
2699,2025-05-25,2699,4,7.0,402-53169011,516.27
2700,2025-05-28,2700,5,9.0,577-67422869,686.1
2701,2025-05-27,2701,3,7.0,357-65048846,21.26
2702,2025-05-28,2702,3,9.0,496-49886992,684.07
2703,2025-05-27,2703,1,7.0,561-63341860,4816.22
2704,2025-05-28,2704,4,7.0,426-81757096,44.96
2705,2025-05-30,2705,5,9.0,183-28626705,532.53
2706,2025-05-29,2706,5,1.0,523-63402932,232.69
2707,2025-05-30,2707,2,8.0,668-19329965,239.55
2708,2025-05-29,2708,4,8.0,781-66009317,365.47
2709,2025-05-31,2709,4,3.0,941-25253997,224.91
2710,2025-06-01,2710,1,5.0,896-34039713,1657.45
2711,2025-06-01,2711,5,1.0,428-66270892,1011.2
2712,2025-05-30,2712,4,7.0,428-98120999,83.05
2713,2025-05-31,2713,5,1.0,458-31608421,3703.24
2714,2025-06-01,2714,3,8.0,484-76616784,49.9
2715,2025-06-01,2715,5,8.0,226-25226342,135.5
2716,2025-06-02,2716,3,2.0,411-99423291,362.04
2717,2025-06-02,2717,4,1.0,163-51375740,317.55
2718,2025-06-01,2718,2,9.0,378-49034208,71.92
2719,2025-06-01,2719,2,7.0,897-63175004,383.64
2720,2025-06-03,2720,1,2.0,554-60192244,395.69
2721,2025-06-02,2721,3,1.0,219-31067643,663.88
2722,2025-06-01,2722,5,3.0,399-13368173,202.5
2723,2025-06-03,2723,3,8.0,135-24592255,4788.2
2724,2025-06-03,2724,5,1.0,341-89621476,985.96
2725,2025-06-02,2725,4,2.0,867-85816101,339.9
2726,2025-06-03,2726,1,5.0,163-43229451,259.62
2727,2025-06-04,2727,4,7.0,308-61268050,3381.12
2728,2025-06-03,2728,2,8.0,491-16552728,582.64
2729,2025-06-03,2729,4,9.0,815-29849758,157.88
2730,2025-06-05,2730,5,5.0,751-30657197,5715.15
2731,2025-06-04,2731,1,8.0,148-52820386,3257.77
2732,2025-06-06,2732,2,6.0,478-42376841,469.77
2733,2025-06-04,2733,3,4.0,640-87380909,3159.81
2734,2025-06-05,2734,5,9.0,517-22781162,82.99
2735,2025-06-05,2735,4,2.0,482-89004683,969.11
2736,2025-06-07,2736,5,4.0,744-61763131,561.2
2737,2025-06-06,2737,2,4.0,844-34727605,5063.01
2738,2025-06-06,2738,1,1.0,902-13563863,1536.86
2739,2025-06-09,2739,3,9.0,802-38195342,505.23
2740,2025-06-09,2740,2,7.0,260-71772164,14.14
2741,2025-06-08,2741,2,8.0,171-38718037,744.48
2742,2025-06-09,2742,4,8.0,135-27396910,71.07
2743,2025-06-10,2743,2,9.0,319-79096314,824.0
2744,2025-06-09,2744,1,3.0,730-82347769,2429.73
2745,2025-06-09,2745,1,9.0,520-58016982,952.48
2746,2025-06-08,2746,3,7.0,304-15408091,1239.45
2747,2025-06-09,2747,4,9.0,139-83777334,1000.42
2748,2025-06-08,2748,5,3.0,596-72513748,239.67
2749,2025-06-10,2749,1,2.0,784-28658902,1650.63
2750,2025-06-11,2750,4,9.0,654-14482459,34.21
2751,2025-06-09,2751,2,7.0,328-94771544,2473.22
2752,2025-06-09,2752,3,9.0,451-16153657,348.75
2753,2025-06-11,2753,3,2.0,469-69003891,274.46
2754,2025-06-09,2754,4,8.0,296-54242779,2571.43
2755,2025-06-11,2755,2,1.0,819-64851096,4857.29
2756,2025-06-09,2756,2,3.0,197-77679961,333.56
2757,2025-06-12,2757,4,6.0,455-37913465,1506.7
2758,2025-06-11,2758,5,8.0,164-25498897,810.0
2759,2025-06-12,2759,1,2.0,874-18600553,46.35
2760,2025-06-11,2760,2,7.0,258-33241693,2528.32
2761,2025-06-11,2761,5,1.0,505-16450147,170.92
2762,2025-06-12,2762,2,3.0,359-49874492,55.32
2763,2025-06-12,2763,4,3.0,313-14389102,1856.62
2764,2025-06-14,2764,5,1.0,416-67157396,4203.12
2765,2025-06-12,2765,4,4.0,347-49695646,38.77
2766,2025-06-14,2766,3,9.0,629-95246014,133.36
2767,2025-06-14,2767,5,3.0,394-12764978,503.51
2768,2025-06-14,2768,3,3.0,791-47940619,2041.33
2769,2025-06-16,2769,5,7.0,235-10838361,1065.71
2770,2025-06-16,2770,2,3.0,629-55522763,2170.03
2771,2025-06-15,2771,4,8.0,682-30595260,2376.62
2772,2025-06-16,2772,3,6.0,368-23544971,438.55
2773,2025-06-16,2773,2,1.0,662-71454051,1090.9
2774,2025-06-16,2774,5,9.0,650-89655535,1846.71
2775,2025-06-17,2775,3,7.0,978-92592865,1374.65
2776,2025-06-16,2776,5,2.0,155-87588188,416.63
2777,2025-06-15,2777,2,4.0,359-20556032,7275.56
2778,2025-06-17,2778,3,2.0,503-51040403,721.09
2779,2025-06-16,2779,5,3.0,751-73140553,1071.61
2780,2025-06-17,2780,3,8.0,145-75693400,352.07
2781,2025-06-18,2781,5,2.0,210-99621518,520.83
2782,2025-06-19,2782,3,9.0,593-46015479,2013.28
2783,2025-06-17,2783,5,2.0,643-54021480,1518.82
2784,2025-06-21,2784,4,8.0,750-82936906,1450.81
2785,2025-06-19,2785,5,4.0,898-81373568,1552.1
2786,2025-06-21,2786,3,5.0,798-51191234,67.37
2787,2025-06-20,2787,1,5.0,361-86944693,374.59
2788,2025-06-21,2788,5,9.0,925-42546315,3262.09
2789,2025-06-20,2789,3,3.0,411-93440197,2624.98
2790,2025-06-22,2790,3,8.0,127-46548462,508.74
2791,2025-06-20,2791,5,7.0,479-76553433,229.75
2792,2025-06-22,2792,3,5.0,748-31129442,415.63
2793,2025-06-21,2793,2,2.0,718-86787420,1431.88
2794,2025-06-21,2794,2,8.0,702-46381367,1712.59
2795,2025-06-21,2795,3,1.0,133-73217910,11368.41
2796,2025-06-23,2796,3,7.0,279-67728394,178.36
2797,2025-06-22,2797,3,3.0,463-43584406,142.74
2798,2025-06-23,2798,4,7.0,928-18337455,662.94
2799,2025-06-24,2799,4,6.0,520-98977375,251.78
2800,2025-06-23,2800,1,6.0,873-43052935,2819.77
2801,2025-06-24,2801,2,4.0,817-97842117,133.67
2802,2025-06-25,2802,1,5.0,264-26888357,1912.16
2803,2025-06-25,2803,2,4.0,297-35779573,837.09
2804,2025-06-24,2804,1,1.0,513-14578683,34.38
2805,2025-06-26,2805,2,6.0,115-82968848,68.43
2806,2025-06-25,2806,3,4.0,606-56745186,2714.04
2807,2025-06-25,2807,1,6.0,858-24335491,6.2
2808,2025-06-25,2808,1,8.0,380-44509150,914.49
2809,2025-06-27,2809,2,8.0,922-39238685,4979.51
2810,2025-06-28,2810,4,6.0,441-55420742,2437.24
2811,2025-06-26,2811,1,7.0,391-98439441,479.07
2812,2025-06-28,2812,5,6.0,215-36862733,1879.53
2813,2025-06-28,2813,5,4.0,175-95719139,1777.76
2814,2025-06-27,2814,2,5.0,391-95024892,592.33
2815,2025-06-28,2815,3,6.0,981-81673595,2140.4
2816,2025-06-29,2816,2,9.0,408-65377491,2968.63
2817,2025-06-30,2817,4,7.0,515-85915405,299.78
2818,2025-06-30,2818,1,6.0,628-88237208,590.89
2819,2025-06-30,2819,3,5.0,848-69763375,1802.25
2820,2025-06-30,2820,5,9.0,767-12130304,1600.18
2821,2025-07-01,2821,5,5.0,468-41312572,1031.01
2822,2025-07-01,2822,2,7.0,107-48058875,1485.83
2823,2025-06-30,2823,1,3.0,200-27657839,77.56
2824,2025-06-29,2824,1,2.0,848-72626182,2678.5
2825,2025-06-30,2825,1,1.0,195-73321599,1329.3
2826,2025-06-30,2826,5,5.0,774-44374333,418.58
2827,2025-07-01,2827,1,5.0,293-37335348,290.14
2828,2025-07-02,2828,2,7.0,814-40443721,4369.61
2829,2025-07-02,2829,2,5.0,409-38215799,1672.64
2830,2025-07-02,2830,2,7.0,362-30701655,402.75
2831,2025-07-03,2831,2,2.0,512-55264536,460.57
2832,2025-07-04,2832,2,3.0,786-62075292,7.79
2833,2025-07-02,2833,3,1.0,131-51959069,168.43
2834,2025-07-03,2834,4,8.0,855-97269456,260.08
2835,2025-07-05,2835,2,9.0,778-58449312,347.55
2836,2025-07-04,2836,3,,915-21127249,851.88
2837,2025-07-05,2837,3,3.0,742-68761540,194.97
2838,2025-07-05,2838,4,9.0,776-11063892,1990.24
2839,2025-07-03,2839,3,9.0,161-40034576,2314.71
2840,2025-07-03,2840,4,9.0,103-55055041,1530.99
2841,2025-07-04,2841,5,4.0,898-72786392,49.41
2842,2025-07-05,2842,5,2.0,168-60674327,567.05
2843,2025-07-03,2843,3,7.0,322-52180537,234.0
2844,2025-07-05,2844,5,1.0,674-12628465,810.95
2845,2025-07-06,2845,1,1.0,491-13959323,1942.25
2846,2025-07-05,2846,4,2.0,863-65406629,185.44
2847,2025-07-05,2847,5,7.0,705-12396611,182.35
2848,2025-07-07,2848,4,5.0,934-19879501,1648.18
2849,2025-07-07,2849,3,7.0,246-85029511,1662.56
2850,2025-07-08,2850,3,3.0,734-24290366,328.45
2851,2025-07-07,2851,4,4.0,400-28112996,204.57
2852,2025-07-08,2852,1,3.0,414-15945233,25.17
2853,2025-07-06,2853,2,7.0,208-84543281,1004.77
2854,2025-07-09,2854,1,9.0,190-87964925,1205.86
2855,2025-07-09,2855,4,4.0,616-46990574,74.49
2856,2025-07-10,2856,5,5.0,237-25019035,39.17
2857,2025-07-08,2857,2,1.0,662-43589673,599.42
2858,2025-07-08,2858,5,9.0,366-99188489,90.15
2859,2025-07-10,2859,2,4.0,622-55652496,9742.2
2860,2025-07-11,2860,3,9.0,597-63532116,486.92
2861,2025-07-11,2861,2,9.0,230-32726625,419.04
2862,2025-07-10,2862,1,2.0,342-66179037,646.66
2863,2025-07-12,2863,2,7.0,981-66959338,1808.26
2864,2025-07-12,2864,3,4.0,624-29288894,7621.46
2865,2025-07-11,2865,1,9.0,232-82603661,586.77
2866,2025-07-12,2866,5,5.0,495-25595964,1460.59
2867,2025-07-12,2867,3,2.0,729-69044160,195.63
2868,2025-07-12,2868,5,3.0,135-98213809,2223.66
2869,2025-07-11,2869,5,3.0,843-47332378,879.01
2870,2025-07-11,2870,5,2.0,662-45686307,7038.51
2871,2025-07-11,2871,3,7.0,700-83566489,5090.62
2872,2025-07-12,2872,4,9.0,960-75799155,275.81
2873,2025-07-13,2873,5,5.0,776-64410109,28.0
2874,2025-07-13,2874,3,2.0,826-96006768,162.0
2875,2025-07-14,2875,2,2.0,893-57570429,1425.12
2876,2025-07-14,2876,3,3.0,887-50149874,935.65
2877,2025-07-12,2877,4,7.0,464-39273923,2003.5
2878,2025-07-12,2878,3,1.0,591-54673089,739.82
2879,2025-07-12,2879,1,1.0,328-27575929,3383.1
2880,2025-07-13,2880,5,8.0,751-59237176,318.75
2881,2025-07-15,2881,2,6.0,770-26519909,962.03
2882,2025-07-14,2882,2,3.0,247-42022484,100.54
2883,2025-07-16,2883,5,8.0,637-88474822,891.73
2884,2025-07-14,2884,4,2.0,737-50418930,5436.04
2885,2025-07-16,2885,3,1.0,299-63197940,1929.02
2886,2025-07-17,2886,2,4.0,391-96592463,1341.51
2887,2025-07-15,2887,4,4.0,413-21002472,684.09
2888,2025-07-16,2888,1,4.0,227-63539228,5246.16
2889,2025-07-17,2889,5,8.0,329-86852215,693.81
2890,2025-07-15,2890,1,3.0,240-50044435,765.84
2891,2025-07-17,2891,1,3.0,666-37460944,1666.13
2892,2025-07-17,2892,4,6.0,830-34996747,521.7
2893,2025-07-16,2893,3,6.0,487-22411148,939.75
2894,2025-07-15,2894,3,3.0,574-64892485,409.53
2895,2025-07-16,2895,2,3.0,452-45333513,5465.88
2896,2025-07-17,2896,5,,422-41255734,514.4
2897,2025-07-18,2897,3,6.0,972-99896662,319.34
2898,2025-07-18,2898,5,7.0,804-53797464,4044.01
2899,2025-07-18,2899,2,3.0,561-96325328,2494.19
2900,2025-07-18,2900,3,8.0,959-10363688,368.06
2901,2025-07-19,2901,2,9.0,249-90521879,175.82
2902,2025-07-17,2902,2,3.0,374-34516200,418.93
2903,2025-07-18,2903,4,8.0,249-70165261,14.12
2904,2025-07-18,2904,1,2.0,528-34849237,4129.61
2905,2025-07-18,2905,1,9.0,377-55993255,880.17
2906,2025-07-20,2906,4,1.0,679-62813396,1432.75
2907,2025-07-21,2907,3,9.0,352-97890329,251.08
2908,2025-07-19,2908,5,3.0,663-64559303,980.04
2909,2025-07-20,2909,5,8.0,274-68601297,1082.21
2910,2025-07-19,2910,5,2.0,292-69104827,1767.61
2911,2025-07-21,2911,3,8.0,643-42580085,128.03
2912,2025-07-20,2912,4,9.0,486-23235545,1044.54
2913,2025-07-21,2913,5,5.0,593-40982496,2207.59
2914,2025-07-22,2914,2,7.0,378-97629381,1032.53
2915,2025-07-21,2915,4,2.0,658-18019446,769.56
2916,2025-07-22,2916,2,1.0,858-75763502,735.48
2917,2025-07-23,2917,5,8.0,668-98427712,643.17
2918,2025-07-22,2918,2,4.0,345-56802774,1292.84
2919,2025-07-22,2919,4,2.0,332-15863077,351.91
2920,2025-07-23,2920,4,9.0,225-84550584,37.84
2921,2025-07-23,2921,5,8.0,382-91312394,107.49
2922,2025-07-24,2922,4,4.0,481-71733079,2580.87
2923,2025-07-24,2923,3,4.0,539-77093527,484.82
2924,2025-07-22,2924,4,8.0,914-16309401,252.35
2925,2025-07-23,2925,4,5.0,744-65285902,2284.94
2926,2025-07-25,2926,1,7.0,704-45041754,279.0
2927,2025-07-23,2927,1,5.0,128-90093714,207.08
2928,2025-07-24,2928,1,9.0,857-12599392,1964.81
2929,2025-07-24,2929,5,4.0,423-74816068,317.77
2930,2025-07-24,2930,4,3.0,484-12839025,1373.75
2931,2025-07-25,2931,2,7.0,595-52182225,2618.68
2932,2025-07-26,2932,2,9.0,333-86756434,853.76
2933,2025-07-27,2933,3,6.0,824-29441362,126.97
2934,2025-07-25,2934,3,1.0,318-93499241,125.24
2935,2025-07-25,2935,5,2.0,671-82016897,626.49
2936,2025-07-25,2936,2,7.0,526-99516844,65.09
2937,2025-07-26,2937,2,2.0,850-70817376,487.05
2938,2025-07-27,2938,3,2.0,970-31673601,266.58
2939,2025-07-27,2939,4,2.0,991-49713156,2064.85
2940,2025-07-27,2940,2,8.0,870-36752424,990.64
2941,2025-07-27,2941,5,5.0,860-63817300,358.03
2942,2025-07-29,2942,4,5.0,554-71817232,1125.7
2943,2025-07-29,2943,2,1.0,990-64445089,396.32
2944,2025-07-29,2944,3,6.0,126-80228463,1244.83
2945,2025-07-30,2945,3,9.0,810-33357815,295.01
2946,2025-07-28,2946,4,3.0,882-73327058,365.6
2947,2025-07-30,2947,5,4.0,622-18390330,1215.42
2948,2025-07-30,2948,2,7.0,202-97983858,327.51
2949,2025-07-31,2949,2,4.0,291-18342038,133.17
2950,2025-07-31,2950,5,3.0,472-20602119,284.43
2951,2025-07-30,2951,4,,889-30591173,668.08
2952,2025-07-29,2952,3,9.0,121-59035765,195.21
2953,2025-07-29,2953,2,3.0,834-73156630,5867.77
2954,2025-07-30,2954,5,4.0,483-25083795,1242.22
2955,2025-08-01,2955,2,6.0,303-26945496,418.9
2956,2025-08-01,2956,5,7.0,635-15482177,722.06
2957,2025-07-30,2957,1,9.0,854-24785428,550.49
2958,2025-08-01,2958,4,9.0,258-57162227,1470.73
2959,2025-07-31,2959,3,5.0,136-43447548,194.5
2960,2025-07-31,2960,2,6.0,642-57142077,240.64
2961,2025-07-31,2961,2,9.0,238-22961398,1005.14
2962,2025-08-02,2962,4,7.0,589-76912253,565.5
2963,2025-08-02,2963,2,4.0,176-12212669,785.22
2964,2025-08-02,2964,3,5.0,920-76227114,448.88
2965,2025-08-03,2965,5,5.0,818-27294319,1545.99
2966,2025-08-02,2966,1,9.0,276-44776754,969.92
2967,2025-08-01,2967,4,5.0,760-71247757,716.64
2968,2025-08-01,2968,2,4.0,698-62208522,538.87
2969,2025-08-03,2969,3,8.0,188-11813028,810.63
2970,2025-08-04,2970,3,5.0,623-99085421,351.57
2971,2025-08-03,2971,4,3.0,844-21758419,519.43
2972,2025-08-02,2972,1,4.0,722-51498459,2613.81
2973,2025-08-03,2973,4,3.0,245-20605564,484.84
2974,2025-08-04,2974,1,1.0,626-25480079,308.58
2975,2025-08-04,2975,1,4.0,361-71470806,779.73
2976,2025-08-03,2976,5,4.0,669-24902636,498.27
2977,2025-08-03,2977,1,5.0,849-17727853,2391.91
2978,2025-08-05,2978,3,2.0,514-59878074,35.1
2979,2025-08-03,2979,2,1.0,707-96316586,4277.58
2980,2025-08-03,2980,3,7.0,288-12972290,1749.25
2981,2025-08-04,2981,2,8.0,236-84044445,447.87
2982,2025-08-05,2982,1,7.0,567-26746469,586.65
2983,2025-08-06,2983,2,,290-36079702,2144.02
2984,2025-08-05,2984,2,3.0,850-91692672,909.92
2985,2025-08-08,2985,4,5.0,993-17206633,1350.77
2986,2025-08-07,2986,5,8.0,628-44616621,127.07
2987,2025-08-07,2987,3,4.0,333-98372150,1846.92
2988,2025-08-07,2988,4,6.0,809-19909100,589.11
2989,2025-08-09,2989,3,4.0,933-11546376,2415.48
2990,2025-08-09,2990,4,6.0,842-60659109,418.12
2991,2025-08-09,2991,3,1.0,794-86531973,19.82
2992,2025-08-08,2992,5,7.0,728-77319446,1812.26
2993,2025-08-08,2993,2,4.0,564-14303313,2637.01
2994,2025-08-09,2994,2,7.0,892-76167806,1723.73
2995,2025-08-09,2995,3,1.0,266-63311627,659.5
2996,2025-08-10,2996,4,8.0,102-59629554,6842.83
2997,2025-08-09,2997,4,4.0,311-54817623,15638.66
2998,2025-08-10,2998,5,5.0,424-83651083,142.44
2999,2025-08-09,2999,2,4.0,116-75275502,2229.93
3000,2025-08-09,3000,1,3.0,865-69720207,452.72
3001,2025-08-11,3001,4,4.0,569-12183544,268.47
3002,2025-08-10,3002,3,8.0,635-49648018,172.32
3003,2025-08-10,3003,5,2.0,651-55796413,854.43
3004,2025-08-10,3004,4,8.0,693-15871804,11.38
3005,2025-08-12,3005,3,1.0,745-41690071,240.06
3006,2025-08-10,3006,2,9.0,473-39708111,1131.97
3007,2025-08-10,3007,3,9.0,920-98820167,1246.61
3008,2025-08-12,3008,4,2.0,669-39117443,87.23
3009,2025-08-13,3009,5,3.0,647-33964438,902.2
3010,2025-08-12,3010,4,8.0,974-89306257,761.8
3011,2025-08-12,3011,4,2.0,612-97587389,814.75
3012,2025-08-13,3012,4,3.0,891-96612065,1196.86
3013,2025-08-15,3013,3,9.0,997-94030455,285.3
3014,2025-08-14,3014,4,5.0,572-96102194,247.74
3015,2025-08-14,3015,1,8.0,333-31634671,273.11
3016,2025-08-15,3016,5,5.0,437-77593052,1385.95
3017,2025-08-14,3017,5,1.0,547-69295738,3071.44
3018,2025-08-15,3018,1,4.0,801-16410532,138.22
3019,2025-08-14,3019,4,2.0,249-64614811,748.28
3020,2025-08-14,3020,3,3.0,209-88150448,588.86
3021,2025-08-16,3021,2,8.0,493-51258218,624.56
3022,2025-08-15,3022,4,4.0,250-68214011,290.55
3023,2025-08-16,3023,4,,735-39126555,251.13
3024,2025-08-16,3024,5,6.0,687-37478587,149.31
3025,2025-08-16,3025,5,9.0,378-37212279,760.48
3026,2025-08-16,3026,5,1.0,938-34735723,1095.38
3027,2025-08-15,3027,4,9.0,425-46275371,724.89
3028,2025-08-16,3028,3,1.0,643-50189345,657.38
3029,2025-08-17,3029,4,9.0,213-31718252,34.3
3030,2025-08-17,3030,5,9.0,648-14136925,9024.37
3031,2025-08-17,3031,1,3.0,415-31096703,1101.51
3032,2025-08-18,3032,3,9.0,223-74915711,55.35
3033,2025-08-19,3033,1,8.0,562-52289182,826.28
3034,2025-08-18,3034,5,5.0,135-20401677,56.24
3035,2025-08-18,3035,4,2.0,647-89236349,2185.89
3036,2025-08-17,3036,1,,905-61279946,3668.17
3037,2025-08-19,3037,2,5.0,559-24538711,300.98
3038,2025-08-19,3038,3,6.0,219-10739316,824.84
3039,2025-08-17,3039,2,3.0,820-16106023,1132.45
3040,2025-08-20,3040,1,7.0,754-62405767,124.56
3041,2025-08-19,3041,5,7.0,111-23439324,8674.18
3042,2025-08-20,3042,2,9.0,623-50541240,11.17
3043,2025-08-20,3043,4,8.0,129-71312825,1067.5
3044,2025-08-19,3044,5,9.0,246-63493334,1028.64
3045,2025-08-19,3045,4,4.0,542-61430111,740.5
3046,2025-08-19,3046,5,3.0,723-33151296,1006.02
3047,2025-08-20,3047,1,4.0,544-77250270,617.98
3048,2025-08-21,3048,1,4.0,889-38083349,612.61
3049,2025-08-20,3049,3,2.0,369-35690972,423.25
3050,2025-08-20,3050,3,8.0,850-60365045,199.66
3051,2025-08-22,3051,1,1.0,621-68348056,1660.92
3052,2025-08-23,3052,2,3.0,712-28034566,205.81
3053,2025-08-22,3053,5,7.0,589-87261144,1096.16
3054,2025-08-23,3054,4,8.0,700-19326606,543.18
3055,2025-08-23,3055,2,9.0,564-37814420,1418.3
3056,2025-08-24,3056,3,8.0,462-45137486,1485.53
3057,2025-08-23,3057,5,5.0,278-80466805,352.77
3058,2025-08-24,3058,1,,181-38252737,319.94
3059,2025-08-24,3059,4,5.0,620-63673356,31.15
3060,2025-08-25,3060,2,9.0,769-67281054,2484.93
3061,2025-08-25,3061,4,7.0,893-84915856,386.35
3062,2025-08-27,3062,1,5.0,558-13814859,1571.09
3063,2025-08-25,3063,1,3.0,502-13263818,455.08
3064,2025-08-26,3064,1,9.0,126-42532876,1606.29
3065,2025-08-26,3065,4,6.0,191-14313939,2070.83
3066,2025-08-25,3066,3,6.0,187-34331881,1268.62
3067,2025-08-28,3067,3,9.0,352-49297574,6319.06
3068,2025-08-27,3068,5,2.0,134-93533860,572.62
3069,2025-08-26,3069,1,9.0,620-60924818,638.8
3070,2025-08-28,3070,1,1.0,395-31172292,1189.1
3071,2025-08-28,3071,4,1.0,419-83470708,129.88
3072,2025-08-28,3072,4,1.0,302-28041318,1444.09
3073,2025-08-28,3073,2,5.0,900-78468762,4.33
3074,2025-08-29,3074,2,9.0,163-54875847,1687.81
3075,2025-08-28,3075,4,5.0,194-28494308,71.59
3076,2025-08-27,3076,2,4.0,889-86022336,304.8
3077,2025-08-27,3077,4,4.0,831-94320435,567.74
3078,2025-08-29,3078,5,9.0,972-25987340,883.56
3079,2025-08-29,3079,1,2.0,666-38410975,1946.86
3080,2025-08-27,3080,5,7.0,987-38298069,12.25
3081,2025-08-30,3081,1,3.0,514-21882213,461.78
3082,2025-08-29,3082,5,8.0,352-79869388,2084.96
3083,2025-08-29,3083,5,7.0,746-70206418,258.6
3084,2025-08-31,3084,3,7.0,199-56205469,421.1
3085,2025-08-29,3085,4,6.0,550-55426197,1493.47
3086,2025-08-30,3086,3,7.0,837-64352668,589.79
3087,2025-08-29,3087,4,4.0,554-31598409,1788.68
3088,2025-08-31,3088,4,4.0,707-64862677,753.24
3089,2025-08-31,3089,2,6.0,940-33608908,44.69
3090,2025-08-31,3090,5,8.0,264-31990133,455.58
3091,2025-09-02,3091,1,7.0,150-91773032,217.26
3092,2025-09-01,3092,5,1.0,172-18802160,2602.96
3093,2025-09-02,3093,2,4.0,164-35047975,601.48
3094,2025-09-02,3094,1,4.0,665-62357694,1538.69
3095,2025-08-31,3095,4,4.0,108-18947157,244.25
3096,2025-09-01,3096,3,2.0,923-34644782,137.74
3097,2025-09-01,3097,1,3.0,392-67231262,97.35
3098,2025-09-02,3098,2,4.0,608-50671599,183.19
3099,2025-09-02,3099,5,9.0,755-46599131,490.4
3100,2025-09-02,3100,2,5.0,754-65069245,73.14
3101,2025-09-01,3101,1,3.0,208-45298620,610.5
3102,2025-09-03,3102,5,7.0,198-10131777,99.59
3103,2025-09-01,3103,3,9.0,796-21593614,839.92
3104,2025-09-02,3104,1,6.0,309-79604066,683.49
3105,2025-09-04,3105,2,7.0,990-73320804,3081.59
3106,2025-09-03,3106,2,6.0,798-95978254,1456.54
3107,2025-09-03,3107,4,1.0,635-16942959,761.86
3108,2025-09-04,3108,3,6.0,659-44754400,634.46
3109,2025-09-04,3109,4,8.0,679-16883853,584.14
3110,2025-09-05,3110,4,4.0,421-19400292,851.09
3111,2025-09-04,3111,2,4.0,966-12036991,1493.06
3112,2025-09-04,3112,2,4.0,318-27705436,373.43
3113,2025-09-06,3113,5,9.0,789-43923631,365.45
3114,2025-09-08,3114,2,3.0,579-36175248,216.34
3115,2025-09-08,3115,2,1.0,278-69570596,1050.86
3116,2025-09-08,3116,5,5.0,866-51555997,1117.86
3117,2025-09-07,3117,4,5.0,645-39389233,808.54
3118,2025-09-07,3118,5,4.0,951-10694961,4.2
3119,2025-09-09,3119,2,1.0,879-55312424,2808.76
3120,2025-09-09,3120,3,2.0,548-31762611,1349.4
3121,2025-09-07,3121,4,8.0,141-34771550,1335.46
3122,2025-09-10,3122,4,2.0,668-40922784,1714.43
3123,2025-09-09,3123,4,4.0,607-50120375,1128.31
3124,2025-09-08,3124,4,1.0,645-91865997,1053.8
3125,2025-09-11,3125,3,1.0,841-40550152,72.57
3126,2025-09-11,3126,4,5.0,405-39840694,6928.3
3127,2025-09-10,3127,5,9.0,648-89093938,32.33
3128,2025-09-10,3128,1,4.0,153-15960445,2054.74
3129,2025-09-12,3129,4,9.0,669-78482580,228.27
3130,2025-09-12,3130,4,4.0,598-18668117,317.9
3131,2025-09-12,3131,4,6.0,692-68596718,623.58
3132,2025-09-11,3132,5,7.0,190-63532156,121.44
3133,2025-09-10,3133,1,9.0,188-48733406,953.38
3134,2025-09-11,3134,4,3.0,897-45374839,197.25
3135,2025-09-12,3135,3,5.0,657-97505874,1603.3
3136,2025-09-13,3136,2,7.0,912-81773627,89.52
3137,2025-09-11,3137,1,4.0,947-24844959,1319.08
3138,2025-09-12,3138,4,4.0,456-30189189,3906.72
3139,2025-09-13,3139,4,7.0,439-63623457,21.6
3140,2025-09-11,3140,5,9.0,242-97764211,974.57
3141,2025-09-11,3141,2,9.0,533-39566818,1611.62
3142,2025-09-13,3142,3,1.0,819-58685997,607.93
3143,2025-09-14,3143,5,3.0,250-72033974,4047.73
3144,2025-09-12,3144,3,6.0,218-29498180,1513.68
3145,2025-09-14,3145,5,1.0,977-77869533,58.2
3146,2025-09-15,3146,1,4.0,804-14826761,640.84
3147,2025-09-14,3147,2,2.0,900-25290586,133.38
3148,2025-09-13,3148,4,7.0,476-27398048,603.27
3149,2025-09-13,3149,2,1.0,183-17853987,261.35
3150,2025-09-14,3150,2,7.0,753-24227757,263.08
3151,2025-09-15,3151,4,8.0,155-17746550,313.96
3152,2025-09-15,3152,5,6.0,556-15664899,384.8
3153,2025-09-14,3153,3,6.0,959-29246375,2617.56
3154,2025-09-13,3154,1,7.0,872-70183652,1936.74
3155,2025-09-13,3155,5,6.0,978-47276680,204.37
3156,2025-09-15,3156,2,5.0,665-48110899,252.64
3157,2025-09-14,3157,2,1.0,909-54251405,115.08
3158,2025-09-16,3158,5,5.0,965-18992355,2400.28
3159,2025-09-17,3159,4,5.0,333-57563664,4481.24
3160,2025-09-18,3160,4,4.0,650-63233366,987.57
3161,2025-09-17,3161,3,5.0,456-44123242,584.19
3162,2025-09-16,3162,5,5.0,235-60827559,2386.15
3163,2025-09-19,3163,2,1.0,693-68299496,150.66
3164,2025-09-18,3164,5,6.0,838-17430672,690.14
3165,2025-09-17,3165,1,5.0,864-28059195,890.17
3166,2025-09-19,3166,1,6.0,122-20644299,899.32
3167,2025-09-18,3167,1,5.0,938-43611114,1918.32
3168,2025-09-20,3168,4,5.0,504-11411897,1741.13
3169,2025-09-21,3169,4,2.0,134-89491448,1111.85
3170,2025-09-19,3170,1,8.0,616-66650069,1422.07
3171,2025-09-19,3171,3,6.0,430-85161280,1287.67
3172,2025-09-20,3172,1,6.0,859-59204900,4919.85
3173,2025-09-20,3173,2,8.0,894-61933288,731.1
3174,2025-09-21,3174,3,7.0,489-34184019,241.96
3175,2025-09-19,3175,5,4.0,221-38204284,3421.41
3176,2025-09-20,3176,5,6.0,931-82215704,50.35
3177,2025-09-19,3177,3,,628-24308647,617.61
3178,2025-09-20,3178,2,8.0,680-43765972,2568.23
3179,2025-09-20,3179,5,8.0,195-93877625,183.75
3180,2025-09-20,3180,1,9.0,912-37612944,1622.89
3181,2025-09-21,3181,5,7.0,958-78410473,1714.19
3182,2025-09-22,3182,1,3.0,891-89695176,509.29
3183,2025-09-21,3183,5,2.0,372-18155531,7562.35
3184,2025-09-22,3184,4,3.0,635-63895972,1804.71
3185,2025-09-21,3185,4,3.0,666-15392922,619.2
3186,2025-09-24,3186,2,4.0,613-65288387,3776.6
3187,2025-09-22,3187,2,3.0,930-63058375,2783.76
3188,2025-09-23,3188,5,9.0,255-53355804,16.37
3189,2025-09-24,3189,1,4.0,606-88048388,403.09
3190,2025-09-24,3190,4,5.0,392-37700136,197.91
3191,2025-09-23,3191,1,2.0,951-12299963,531.78
3192,2025-09-26,3192,4,2.0,737-95866578,747.95
3193,2025-09-25,3193,3,5.0,862-91680059,132.22
3194,2025-09-26,3194,1,,937-79698146,12.11
3195,2025-09-26,3195,4,7.0,550-81906485,325.29
3196,2025-09-25,3196,2,4.0,754-24745802,836.63
3197,2025-09-27,3197,3,2.0,745-95500793,7927.03
3198,2025-09-27,3198,1,2.0,934-62957072,1150.65
3199,2025-09-26,3199,1,8.0,502-63422076,1137.6
3200,2025-09-27,3200,5,7.0,286-95775768,181.39
3201,2025-09-26,3201,3,4.0,207-31571760,1157.7
3202,2025-09-28,3202,1,8.0,933-81752097,6283.0
3203,2025-09-26,3203,2,7.0,537-82193792,307.33
3204,2025-09-28,3204,1,7.0,482-42273364,959.74
3205,2025-09-26,3205,4,2.0,165-95126061,4516.52
3206,2025-09-27,3206,2,1.0,293-97782081,178.69
3207,2025-09-27,3207,2,5.0,683-61952993,867.41
3208,2025-09-27,3208,4,2.0,575-39271055,877.34
3209,2025-09-27,3209,1,4.0,231-72078515,5237.71
3210,2025-09-30,3210,1,3.0,509-15761178,2014.2
3211,2025-09-29,3211,3,8.0,194-29994287,7.94
3212,2025-10-01,3212,5,8.0,144-94720417,929.13
3213,2025-10-01,3213,5,9.0,355-81766263,3006.02
3214,2025-10-01,3214,4,3.0,889-59251604,357.37
3215,2025-10-02,3215,4,7.0,369-70198472,438.05
3216,2025-10-02,3216,1,6.0,894-11128298,289.92
3217,2025-09-30,3217,1,3.0,261-71138290,129.06
3218,2025-10-02,3218,1,8.0,100-22971990,110.27
3219,2025-10-02,3219,5,4.0,509-96838669,1202.68
3220,2025-10-03,3220,3,9.0,693-45754637,999.27
3221,2025-10-04,3221,2,8.0,102-91550051,2137.2
3222,2025-10-03,3222,1,9.0,987-12412712,2518.75
3223,2025-10-02,3223,1,9.0,305-78839268,899.38
3224,2025-10-03,3224,3,8.0,445-77594543,22.59
3225,2025-10-05,3225,4,2.0,194-87632230,544.96
3226,2025-10-04,3226,5,2.0,885-19773007,77.52
3227,2025-10-05,3227,5,7.0,423-55102177,1455.13
3228,2025-10-05,3228,3,1.0,587-46921286,527.65
3229,2025-10-06,3229,3,6.0,698-78050924,880.29
3230,2025-10-06,3230,4,4.0,404-40629353,2151.53
3231,2025-10-06,3231,1,8.0,750-19350996,1148.33
3232,2025-10-05,3232,1,3.0,691-11184169,412.35
3233,2025-10-05,3233,5,6.0,133-16474056,528.87
3234,2025-10-07,3234,2,3.0,575-91641994,66.29
3235,2025-10-06,3235,3,3.0,412-59191398,1715.9
3236,2025-10-07,3236,4,2.0,679-36792653,751.06
3237,2025-10-08,3237,5,1.0,505-48199572,5969.04
3238,2025-10-08,3238,2,2.0,200-10846677,4329.23
3239,2025-10-10,3239,5,3.0,851-53694585,309.8
3240,2025-10-08,3240,2,,888-34988375,486.06
3241,2025-10-08,3241,3,1.0,475-95949451,1054.06
3242,2025-10-09,3242,3,9.0,882-50033932,54.83
3243,2025-10-08,3243,3,9.0,819-97098994,3884.18
3244,2025-10-10,3244,2,8.0,442-56078100,2023.77
3245,2025-10-09,3245,5,4.0,899-41674698,1339.88
3246,2025-10-09,3246,5,4.0,189-54507757,797.0
3247,2025-10-09,3247,2,2.0,547-32305485,1092.74
3248,2025-10-11,3248,2,8.0,454-91220116,3128.05
3249,2025-10-11,3249,1,6.0,611-86741969,950.31
3250,2025-10-11,3250,3,5.0,193-53251843,61.31
3251,2025-10-11,3251,5,,739-54924115,472.77
3252,2025-10-14,3252,5,9.0,603-10528878,2076.74
3253,2025-10-14,3253,4,4.0,816-90173244,1524.5
3254,2025-10-13,3254,5,1.0,768-25035484,1017.03
3255,2025-10-15,3255,1,2.0,273-20426684,64.82
3256,2025-10-14,3256,3,5.0,466-16132062,3158.84
3257,2025-10-14,3257,4,5.0,970-17451715,1185.77
3258,2025-10-13,3258,4,7.0,263-12890653,7201.21
3259,2025-10-14,3259,4,6.0,621-56177219,96.47
3260,2025-10-13,3260,4,7.0,824-45825895,14.04
3261,2025-10-15,3261,5,7.0,659-94659460,1705.11
3262,2025-10-15,3262,5,2.0,701-89933719,1041.15
3263,2025-10-15,3263,2,4.0,951-48659958,1896.02
3264,2025-10-14,3264,4,6.0,693-81710053,272.94
3265,2025-10-15,3265,1,9.0,796-66723195,402.76
3266,2025-10-14,3266,3,9.0,614-55256043,6732.19
3267,2025-10-17,3267,5,6.0,429-48625970,54.37
3268,2025-10-15,3268,4,7.0,452-71880663,1191.86
3269,2025-10-16,3269,3,5.0,178-89389491,3684.87
3270,2025-10-16,3270,5,2.0,993-13526814,2051.52
3271,2025-10-18,3271,3,2.0,656-37781320,1412.04
3272,2025-10-16,3272,1,3.0,337-91839252,446.46
3273,2025-10-18,3273,4,3.0,332-39927268,1593.62
3274,2025-10-17,3274,4,7.0,176-28092957,5002.64
3275,2025-10-17,3275,2,1.0,512-60858567,71.18
3276,2025-10-18,3276,5,5.0,375-15269724,281.25
3277,2025-10-16,3277,2,,228-67414898,187.74
3278,2025-10-19,3278,5,3.0,579-25426412,514.35
3279,2025-10-19,3279,1,6.0,123-51228784,315.97
3280,2025-10-18,3280,5,9.0,905-84344576,549.36
3281,2025-10-20,3281,5,7.0,135-59653685,1087.64
3282,2025-10-20,3282,1,5.0,867-88609308,4690.47
3283,2025-10-20,3283,5,6.0,285-26985561,15.3
3284,2025-10-22,3284,1,7.0,928-87394060,1354.8
3285,2025-10-22,3285,4,6.0,593-70283934,542.42
3286,2025-10-21,3286,3,7.0,609-21267983,2264.75
3287,2025-10-22,3287,4,7.0,103-43576751,109.59
3288,2025-10-21,3288,5,1.0,993-69180364,1602.33
3289,2025-10-22,3289,2,8.0,369-63909066,2106.92
3290,2025-10-22,3290,1,2.0,434-69782381,817.4
3291,2025-10-25,3291,1,4.0,907-54756698,1422.55
3292,2025-10-23,3292,3,1.0,817-47377754,2508.27
3293,2025-10-25,3293,5,7.0,444-83687040,6204.97
3294,2025-10-23,3294,5,5.0,997-64055184,4768.74
3295,2025-10-25,3295,5,2.0,300-88228671,8083.54
3296,2025-10-24,3296,5,2.0,459-65355383,3203.0
3297,2025-10-26,3297,3,8.0,433-64278660,1079.38
3298,2025-10-24,3298,1,1.0,791-59866447,504.41
3299,2025-10-25,3299,3,6.0,978-48432944,1151.3
3300,2025-10-26,3300,1,2.0,647-53482039,1954.58
3301,2025-10-27,3301,2,1.0,710-40557454,562.6
3302,2025-10-28,3302,5,,129-91480473,212.15
3303,2025-10-27,3303,5,1.0,590-82248952,68.2
3304,2025-10-27,3304,2,1.0,965-94131197,423.11
3305,2025-10-29,3305,3,6.0,997-52663330,471.71
3306,2025-10-28,3306,2,3.0,242-29596266,1557.85
3307,2025-10-30,3307,2,5.0,780-38366904,304.31
3308,2025-10-30,3308,3,7.0,220-18509239,987.94
3309,2025-10-28,3309,1,6.0,440-11329492,685.33
3310,2025-10-28,3310,3,6.0,363-25467729,3192.41
3311,2025-10-31,3311,3,1.0,237-98063193,44.37
3312,2025-10-31,3312,4,5.0,909-93654948,188.94
3313,2025-10-31,3313,5,5.0,763-82394907,120.12
3314,2025-10-29,3314,3,1.0,485-29936740,191.45
3315,2025-11-01,3315,3,9.0,383-33349809,1773.23
3316,2025-11-01,3316,5,9.0,487-91606327,643.38
3317,2025-11-01,3317,2,7.0,915-33140181,2290.92
3318,2025-10-30,3318,5,6.0,602-60158907,11110.44
3319,2025-10-31,3319,2,4.0,339-21936430,2652.38
3320,2025-10-31,3320,3,1.0,586-13287804,595.94
3321,2025-11-02,3321,1,8.0,151-47886684,701.76
3322,2025-11-03,3322,1,5.0,217-68977703,637.68
3323,2025-11-03,3323,2,6.0,321-87101132,1440.84
3324,2025-11-02,3324,3,7.0,949-28187152,9220.76
3325,2025-11-02,3325,5,8.0,391-93555598,365.26
3326,2025-11-02,3326,1,2.0,700-12757647,820.83
3327,2025-11-03,3327,3,6.0,715-45461419,8347.56
3328,2025-11-04,3328,4,3.0,373-54692718,6376.68
3329,2025-11-03,3329,1,2.0,973-97271829,682.41
3330,2025-11-04,3330,1,6.0,358-38381583,3490.21
3331,2025-11-05,3331,2,7.0,741-77916662,1193.07
3332,2025-11-04,3332,2,4.0,604-54058980,397.5
3333,2025-11-05,3333,2,2.0,585-99789979,45.43
3334,2025-11-04,3334,5,7.0,506-64489036,995.37
3335,2025-11-04,3335,1,3.0,413-86141816,2271.79
3336,2025-11-06,3336,2,3.0,743-75332782,1781.6
3337,2025-11-06,3337,2,9.0,427-37925080,448.47
3338,2025-11-04,3338,1,9.0,401-90404632,2625.04
3339,2025-11-06,3339,2,8.0,114-22334185,113.13
3340,2025-11-06,3340,5,8.0,384-75824293,733.07
3341,2025-11-07,3341,4,9.0,785-74573232,187.38
3342,2025-11-06,3342,2,4.0,252-18845602,20734.7
3343,2025-11-07,3343,2,1.0,867-16029957,749.76
3344,2025-11-09,3344,5,6.0,155-11480996,174.06
3345,2025-11-07,3345,5,2.0,200-54135203,1311.6
3346,2025-11-08,3346,4,7.0,677-10166416,599.45
3347,2025-11-10,3347,2,3.0,321-98885135,1753.49
3348,2025-11-08,3348,4,8.0,386-16715775,11495.18
3349,2025-11-09,3349,1,1.0,825-86049137,115.03
3350,2025-11-10,3350,1,3.0,961-80180168,661.98
3351,2025-11-10,3351,4,4.0,274-63313806,646.43
3352,2025-11-09,3352,5,4.0,260-91140771,611.51
3353,2025-11-11,3353,4,9.0,555-96828300,2064.19
3354,2025-11-09,3354,1,7.0,556-54491929,1337.7
3355,2025-11-10,3355,1,1.0,855-62529724,189.85
3356,2025-11-10,3356,4,5.0,297-57985939,3568.11
3357,2025-11-12,3357,4,8.0,653-83506492,243.76
3358,2025-11-12,3358,5,6.0,725-21810176,357.44
3359,2025-11-11,3359,3,4.0,395-67296254,48.14
3360,2025-11-11,3360,5,8.0,455-19697699,32.8
3361,2025-11-11,3361,4,2.0,491-36262050,1828.94
3362,2025-11-14,3362,1,,764-18483565,220.07
3363,2025-11-12,3363,3,5.0,736-92746222,42.05
3364,2025-11-15,3364,4,3.0,960-98347944,65.78
3365,2025-11-16,3365,5,9.0,440-91507788,378.52
3366,2025-11-16,3366,1,5.0,520-35086332,3613.37
3367,2025-11-15,3367,3,3.0,415-71028149,82.03
3368,2025-11-15,3368,3,4.0,761-89208128,3904.12
3369,2025-11-17,3369,4,6.0,448-42614118,168.03
3370,2025-11-15,3370,5,6.0,861-57803470,606.71
3371,2025-11-15,3371,1,4.0,370-59391365,1046.79
3372,2025-11-15,3372,2,3.0,229-24926661,860.78
3373,2025-11-17,3373,1,6.0,951-43990384,3982.53
3374,2025-11-15,3374,1,6.0,726-41460228,1538.89
3375,2025-11-17,3375,1,1.0,418-81366144,304.18
3376,2025-11-17,3376,1,5.0,242-97832260,1023.6
3377,2025-11-16,3377,3,1.0,154-86392918,424.54
3378,2025-11-17,3378,4,8.0,164-59361444,505.95
3379,2025-11-19,3379,4,4.0,865-27430528,1845.82
3380,2025-11-20,3380,1,1.0,879-65754389,931.56
3381,2025-11-21,3381,5,5.0,728-59097675,32.99
3382,2025-11-19,3382,1,7.0,565-22538784,3871.8
3383,2025-11-20,3383,3,1.0,893-51588069,3821.33
3384,2025-11-22,3384,1,4.0,711-30511635,873.8
3385,2025-11-22,3385,1,4.0,838-50770921,4721.88
3386,2025-11-23,3386,3,4.0,641-15326127,1281.65
3387,2025-11-21,3387,2,6.0,505-52724145,16.98
3388,2025-11-21,3388,5,2.0,318-98164772,269.67
3389,2025-11-21,3389,5,,403-65000152,683.66
3390,2025-11-22,3390,1,4.0,135-34937698,3217.13
3391,2025-11-24,3391,5,5.0,638-63683177,37.23
3392,2025-11-24,3392,2,8.0,703-24112317,45.08
3393,2025-11-24,3393,5,7.0,865-70680637,825.57
3394,2025-11-25,3394,1,1.0,438-97616950,1835.87
3395,2025-11-23,3395,2,2.0,521-96868661,858.71
3396,2025-11-26,3396,4,2.0,737-36802594,1506.93
3397,2025-11-26,3397,1,6.0,695-74971602,3403.71
3398,2025-11-24,3398,4,6.0,192-61914219,205.38
3399,2025-11-24,3399,5,4.0,862-12938340,3052.42
3400,2025-11-27,3400,5,4.0,239-90387075,441.0
3401,2025-11-26,3401,3,4.0,611-68105643,314.55
3402,2025-11-27,3402,5,8.0,545-88895340,1103.06
3403,2025-11-27,3403,2,5.0,865-96849436,291.82
3404,2025-11-27,3404,2,8.0,868-49484274,889.45
3405,2025-11-28,3405,5,3.0,567-55582027,1926.78
3406,2025-11-28,3406,5,4.0,766-91407725,1204.94
3407,2025-11-28,3407,4,1.0,724-89607917,1059.94
3408,2025-11-29,3408,3,1.0,367-79692447,416.66
3409,2025-11-28,3409,3,7.0,300-64908714,1810.28
3410,2025-11-28,3410,3,5.0,866-67289300,121.63
3411,2025-11-29,3411,1,8.0,570-12226086,1997.97
3412,2025-12-01,3412,2,2.0,696-56016628,65.98
3413,2025-12-01,3413,4,5.0,716-79283112,646.63
3414,2025-12-02,3414,3,8.0,866-45427558,294.05
3415,2025-12-01,3415,1,1.0,495-98408419,568.85
3416,2025-11-30,3416,5,3.0,986-25198436,825.41
3417,2025-12-02,3417,1,1.0,954-60179743,712.03
3418,2025-12-01,3418,5,7.0,660-10146451,247.69
3419,2025-11-30,3419,1,1.0,528-38687534,77.92
3420,2025-12-02,3420,2,7.0,630-85755625,438.25
3421,2025-12-03,3421,3,6.0,778-64989872,102.77
3422,2025-12-03,3422,5,3.0,608-99652424,2529.61
3423,2025-12-01,3423,5,6.0,289-25917243,689.26
3424,2025-12-02,3424,5,4.0,983-23586350,1351.75
3425,2025-12-02,3425,2,6.0,759-66501965,79.36
3426,2025-12-03,3426,1,3.0,331-46118152,1111.96
3427,2025-12-04,3427,1,2.0,404-16485351,391.66
3428,2025-12-04,3428,5,1.0,881-60418615,210.18
3429,2025-12-04,3429,4,4.0,317-23694769,1594.28
3430,2025-12-06,3430,5,3.0,421-33306470,733.51
3431,2025-12-05,3431,4,1.0,383-44821605,434.75
3432,2025-12-04,3432,1,7.0,821-45793111,207.7
3433,2025-12-05,3433,2,9.0,893-18461714,38.71
3434,2025-12-06,3434,4,3.0,422-23956071,893.55
3435,2025-12-08,3435,4,1.0,977-71412006,558.72
3436,2025-12-08,3436,3,1.0,200-71692475,546.32
3437,2025-12-09,3437,1,3.0,720-99433692,448.39
3438,2025-12-09,3438,3,7.0,333-41340447,258.67
3439,2025-12-09,3439,2,5.0,697-60943925,471.22
3440,2025-12-10,3440,5,5.0,310-72861117,595.52
3441,2025-12-08,3441,5,3.0,503-31666881,5577.08
3442,2025-12-10,3442,4,4.0,534-12989283,973.52
3443,2025-12-08,3443,3,7.0,522-25240547,529.45
3444,2025-12-08,3444,4,9.0,230-56496292,1338.19
3445,2025-12-08,3445,2,1.0,861-37954417,1625.48
3446,2025-12-11,3446,1,6.0,462-23791832,958.44
3447,2025-12-11,3447,3,9.0,914-74275302,255.06
3448,2025-12-11,3448,1,9.0,457-78366312,343.29
3449,2025-12-10,3449,5,1.0,915-32684218,25.66
3450,2025-12-10,3450,5,1.0,169-70147641,2842.87
3451,2025-12-09,3451,5,,995-37704225,1830.09
3452,2025-12-10,3452,2,5.0,630-33895871,91.62
3453,2025-12-09,3453,2,8.0,143-90493067,274.16
3454,2025-12-12,3454,1,4.0,549-93363072,396.36
3455,2025-12-10,3455,4,6.0,862-51689530,5428.83
3456,2025-12-11,3456,2,4.0,256-22197976,469.25
3457,2025-12-11,3457,5,6.0,580-14352708,3866.92
3458,2025-12-11,3458,4,5.0,479-24766480,359.78
3459,2025-12-11,3459,5,4.0,766-92107028,69.85
3460,2025-12-12,3460,1,7.0,993-75580690,2201.17
3461,2025-12-11,3461,2,3.0,884-12459082,115.83
3462,2025-12-11,3462,3,9.0,689-85452238,326.97
3463,2025-12-13,3463,4,3.0,215-94852790,22.89
3464,2025-12-14,3464,4,,884-66326397,5941.35
3465,2025-12-13,3465,3,1.0,672-79981152,144.46
3466,2025-12-15,3466,5,7.0,324-31108733,720.08
3467,2025-12-15,3467,1,6.0,147-89839968,445.43
3468,2025-12-15,3468,2,9.0,327-23220846,800.64
3469,2025-12-14,3469,2,4.0,598-10385468,528.11
3470,2025-12-15,3470,3,7.0,256-54026511,700.75
3471,2025-12-15,3471,3,3.0,284-69687709,1.16
3472,2025-12-14,3472,2,5.0,456-75211084,516.95
3473,2025-12-15,3473,2,1.0,902-34033887,1698.7
3474,2025-12-16,3474,4,1.0,573-52129333,766.87
3475,2025-12-16,3475,1,1.0,788-75167469,972.17
3476,2025-12-15,3476,3,9.0,970-87169800,237.21
3477,2025-12-15,3477,3,8.0,562-12908003,5589.77
3478,2025-12-16,3478,1,3.0,250-39730681,1826.87
3479,2025-12-17,3479,2,7.0,166-26374337,105.85
3480,2025-12-17,3480,3,8.0,579-23742190,33.5
3481,2025-12-16,3481,3,7.0,867-22499217,1995.98
3482,2025-12-18,3482,1,2.0,444-33216006,496.2
3483,2025-12-17,3483,4,8.0,744-86891939,3522.51
3484,2025-12-16,3484,5,9.0,730-28699004,234.03
3485,2025-12-17,3485,3,5.0,759-88233367,1366.87
3486,2025-12-19,3486,2,3.0,208-86959878,866.13
3487,2025-12-19,3487,1,5.0,901-14767334,1507.08
3488,2025-12-18,3488,2,5.0,128-47476364,152.03
3489,2025-12-17,3489,5,3.0,323-33838158,192.56
3490,2025-12-19,3490,1,1.0,832-27285586,61.62
3491,2025-12-18,3491,4,2.0,574-86489321,631.57
3492,2025-12-19,3492,1,1.0,739-79768404,159.78
3493,2025-12-19,3493,1,1.0,637-52285582,411.19
3494,2025-12-21,3494,5,2.0,120-15629414,81.94
3495,2025-12-19,3495,5,9.0,207-82597655,4082.62
3496,2025-12-19,3496,4,1.0,220-63079311,1247.87
3497,2025-12-19,3497,3,5.0,257-21915896,829.07
3498,2025-12-19,3498,2,9.0,123-63477913,2176.57
3499,2025-12-20,3499,5,6.0,886-68884635,647.99
3500,2025-12-20,3500,4,5.0,802-63146020,632.78
3501,2025-12-20,3501,4,9.0,151-30859653,182.28
3502,2025-12-21,3502,2,5.0,916-50231606,2307.51
3503,2025-12-21,3503,4,9.0,215-44148831,212.11
3504,2025-12-23,3504,5,6.0,377-91215450,6694.08
3505,2025-12-22,3505,3,7.0,789-46132270,422.62
3506,2025-12-23,3506,5,5.0,906-93660045,464.97
3507,2025-12-24,3507,1,1.0,859-75037155,137.33
3508,2025-12-22,3508,5,2.0,567-95431759,5213.62
3509,2025-12-23,3509,2,9.0,885-79355248,358.82
3510,2025-12-24,3510,4,1.0,560-97038003,5271.14
3511,2025-12-25,3511,5,5.0,672-61920704,868.97
3512,2025-12-23,3512,5,5.0,784-68391351,736.45
3513,2025-12-25,3513,5,7.0,303-90367265,12073.7
3514,2025-12-24,3514,4,6.0,801-22972868,909.16
3515,2025-12-24,3515,2,1.0,782-39560861,1255.96
3516,2025-12-26,3516,1,4.0,940-12418495,943.28
3517,2025-12-26,3517,5,8.0,859-75297873,5167.36
3518,2025-12-25,3518,5,9.0,400-95547627,421.79
3519,2025-12-24,3519,1,4.0,913-22682368,2070.35
3520,2025-12-25,3520,3,6.0,849-57428168,2315.44
3521,2025-12-27,3521,5,3.0,260-69053113,1698.95
3522,2025-12-26,3522,2,4.0,529-91620307,4298.77
3523,2025-12-27,3523,1,3.0,889-47216064,287.07
3524,2025-12-29,3524,2,1.0,239-69154498,2082.73
3525,2025-12-27,3525,3,6.0,723-10192407,466.33
3526,2025-12-30,3526,4,4.0,866-64969925,812.39
3527,2025-12-30,3527,3,1.0,302-95359230,544.94
3528,2025-12-29,3528,5,4.0,722-60986120,913.21
3529,2025-12-29,3529,3,4.0,376-80203494,574.4
3530,2025-12-30,3530,2,1.0,856-84677578,39.35
3531,2026-01-01,3531,4,,607-66254400,250.36
3532,2025-12-31,3532,4,7.0,136-18271946,11584.95
3533,2025-12-31,3533,3,9.0,558-72809765,5775.74
3534,2026-01-02,3534,2,1.0,344-40164300,400.23
3535,2025-12-31,3535,2,8.0,393-94614132,920.46
3536,2025-12-31,3536,2,8.0,478-45326577,2677.96
3537,2025-12-31,3537,2,9.0,817-18900516,73.95
3538,2026-01-03,3538,3,3.0,825-79705272,771.68
3539,2026-01-02,3539,5,9.0,797-72348143,5880.38
3540,2026-01-02,3540,1,9.0,429-97304574,512.83
3541,2026-01-02,3541,2,5.0,276-66908199,311.04
3542,2026-01-04,3542,1,7.0,497-71701882,5162.64
3543,2026-01-02,3543,3,7.0,537-61762455,896.11
3544,2026-01-03,3544,1,9.0,970-63804373,4569.73
3545,2026-01-04,3545,5,2.0,275-40889204,328.52
3546,2026-01-06,3546,3,8.0,433-66427099,2007.49
3547,2026-01-04,3547,5,1.0,775-13946706,23844.71
3548,2026-01-04,3548,4,9.0,438-98342574,582.1
3549,2026-01-07,3549,3,5.0,353-80069910,4406.83
3550,2026-01-06,3550,1,3.0,269-51669777,3900.85
3551,2026-01-05,3551,1,5.0,225-34710078,2148.13
3552,2026-01-06,3552,3,3.0,147-40554475,386.81
3553,2026-01-07,3553,1,3.0,836-75839828,227.17
3554,2026-01-05,3554,3,9.0,169-78408106,2229.5
3555,2026-01-08,3555,5,5.0,870-10131460,794.5
3556,2026-01-08,3556,2,9.0,776-76462131,5108.64
3557,2026-01-08,3557,5,2.0,490-13258848,566.48
3558,2026-01-07,3558,4,2.0,873-77889030,5591.31
3559,2026-01-08,3559,5,3.0,409-51234302,1542.18
3560,2026-01-07,3560,3,3.0,930-31449923,198.1
3561,2026-01-08,3561,5,9.0,383-91580616,311.33
3562,2026-01-07,3562,3,9.0,181-45222335,1032.26
3563,2026-01-08,3563,1,1.0,962-61391403,1617.05
3564,2026-01-09,3564,2,1.0,247-24971611,3800.59
3565,2026-01-08,3565,1,4.0,418-94362432,3859.17
3566,2026-01-10,3566,1,5.0,617-92207110,3287.29
3567,2026-01-08,3567,2,7.0,563-24305427,827.06
3568,2026-01-09,3568,4,8.0,281-45841570,2141.95
3569,2026-01-11,3569,1,8.0,794-58637046,35.61
3570,2026-01-09,3570,3,4.0,195-12600078,1332.73
3571,2026-01-11,3571,5,3.0,232-90362740,221.13
3572,2026-01-11,3572,4,5.0,445-27679412,2624.4
3573,2026-01-12,3573,1,3.0,332-33080662,2535.39
3574,2026-01-12,3574,2,6.0,935-52249843,72.63
3575,2026-01-14,3575,1,5.0,438-77338590,1724.55
3576,2026-01-13,3576,2,9.0,682-33937268,32.5
3577,2026-01-14,3577,4,6.0,543-91123099,976.45
3578,2026-01-15,3578,5,2.0,806-56275059,1636.6
3579,2026-01-15,3579,4,9.0,418-61744260,407.72
3580,2026-01-13,3580,2,2.0,206-73786723,2607.35
3581,2026-01-15,3581,3,5.0,954-22439392,8433.63
3582,2026-01-16,3582,4,9.0,764-51728264,320.48
3583,2026-01-15,3583,2,1.0,701-56541751,1263.38
3584,2026-01-16,3584,3,8.0,387-56973015,1038.17
3585,2026-01-15,3585,3,7.0,893-29663767,1581.48
3586,2026-01-16,3586,2,7.0,790-69052872,287.99
3587,2026-01-15,3587,1,6.0,374-55022925,3888.74
3588,2026-01-15,3588,3,2.0,104-55825747,1546.99
3589,2026-01-15,3589,4,9.0,847-57571438,171.31
3590,2026-01-18,3590,3,7.0,352-86366453,11678.37
3591,2026-01-18,3591,1,9.0,441-46927272,674.63
3592,2026-01-17,3592,4,5.0,343-51476316,2234.16
3593,2026-01-19,3593,1,6.0,314-93306609,1224.58
3594,2026-01-17,3594,5,4.0,841-97954305,2695.82
3595,2026-01-18,3595,4,3.0,456-50110207,2150.75
3596,2026-01-18,3596,5,5.0,136-85425077,6692.95
3597,2026-01-19,3597,4,8.0,183-99547195,1320.22
3598,2026-01-20,3598,3,7.0,187-41463675,360.21
3599,2026-01-21,3599,5,3.0,968-96681403,3644.04
3600,2026-01-20,3600,3,2.0,434-31286726,5000.47
3601,2026-01-19,3601,1,8.0,224-13157094,3032.3
3602,2026-01-21,3602,3,6.0,646-23472637,640.82
3603,2026-01-21,3603,2,3.0,408-96829989,143.98
3604,2026-01-22,3604,1,8.0,763-45843959,2117.55
3605,2026-01-23,3605,4,5.0,125-79048988,1879.34
3606,2026-01-22,3606,5,1.0,843-75438075,379.3
3607,2026-01-24,3607,1,9.0,775-43166412,8814.22
3608,2026-01-23,3608,4,9.0,997-95307223,605.62
3609,2026-01-23,3609,2,5.0,239-86328305,158.25
3610,2026-01-25,3610,1,8.0,228-80800706,2931.66
3611,2026-01-25,3611,4,3.0,915-78986587,6628.76
3612,2026-01-23,3612,3,8.0,604-11638533,130.79
3613,2026-01-24,3613,4,9.0,104-73538212,3218.04
3614,2026-01-24,3614,2,3.0,827-68345610,961.47
3615,2026-01-24,3615,3,,363-79059155,2770.36
3616,2026-01-26,3616,5,1.0,797-49010223,950.3
3617,2026-01-27,3617,5,5.0,874-58247274,4638.18
3618,2026-01-25,3618,1,5.0,506-12602034,1478.03
3619,2026-01-27,3619,2,5.0,322-45549452,144.82
3620,2026-01-28,3620,2,2.0,417-87033856,251.27
3621,2026-01-28,3621,4,3.0,153-56957767,7526.73
3622,2026-01-28,3622,2,1.0,803-84847922,1582.13
3623,2026-01-28,3623,5,5.0,851-59582921,826.71
3624,2026-01-29,3624,2,5.0,358-68194082,1697.39
3625,2026-01-28,3625,3,5.0,629-37295543,7088.94
3626,2026-01-30,3626,3,1.0,446-15805761,4534.62
3627,2026-01-29,3627,5,6.0,778-16192373,4192.38
3628,2026-01-30,3628,5,5.0,822-59032171,210.61
3629,2026-01-30,3629,4,9.0,446-53706416,2133.09
3630,2026-01-31,3630,1,7.0,312-62246020,2591.84
3631,2026-01-31,3631,3,2.0,341-83029911,79.65
3632,2026-01-29,3632,2,1.0,585-64427628,7614.1
3633,2026-02-01,3633,5,7.0,266-18641281,409.46
3634,2026-01-31,3634,1,1.0,947-29213850,7810.4
3635,2026-01-30,3635,3,,366-86999652,2132.33
3636,2026-02-01,3636,4,9.0,821-46587323,2812.57
3637,2026-02-02,3637,3,6.0,691-85442518,1518.64
3638,2026-02-03,3638,1,4.0,825-74268919,2194.23
3639,2026-02-03,3639,5,6.0,244-67824611,870.01
3640,2026-02-04,3640,2,2.0,391-72433974,2078.02
3641,2026-02-04,3641,3,7.0,200-74769196,88.39
3642,2026-02-05,3642,4,8.0,734-45709717,421.96
3643,2026-02-05,3643,2,8.0,272-71621110,283.44
3644,2026-02-03,3644,1,,457-43596801,194.81
3645,2026-02-05,3645,5,5.0,986-35966501,1753.51
3646,2026-02-04,3646,4,6.0,428-28617467,262.25
3647,2026-02-04,3647,4,5.0,646-57498038,1259.55
3648,2026-02-06,3648,2,8.0,930-80889707,288.87
3649,2026-02-04,3649,4,9.0,712-71578830,1695.76
3650,2026-02-07,3650,4,2.0,378-65619530,419.1
3651,2026-02-05,3651,2,5.0,155-65972488,633.68
3652,2026-02-07,3652,2,5.0,291-39721578,3886.36
3653,2026-02-07,3653,2,6.0,136-76229911,259.16
3654,2026-02-06,3654,4,3.0,370-69005468,25.14
3655,2026-02-06,3655,2,4.0,248-59425913,796.22
3656,2026-02-07,3656,2,8.0,161-35892227,227.45
3657,2026-02-07,3657,3,2.0,788-97614784,48.73
3658,2026-02-07,3658,4,6.0,468-43552027,226.73
3659,2026-02-09,3659,1,5.0,354-70369538,612.56
3660,2026-02-09,3660,4,2.0,513-52468042,8327.49
3661,2026-02-08,3661,3,7.0,927-62543112,214.06
3662,2026-02-08,3662,5,3.0,596-23718439,203.41
3663,2026-02-12,3663,3,7.0,280-41251094,507.43
3664,2026-02-12,3664,5,5.0,859-82724644,4440.05
3665,2026-02-10,3665,1,,865-13627164,1227.92
3666,2026-02-12,3666,4,5.0,534-16685873,5916.0
3667,2026-02-10,3667,1,9.0,411-70872511,2229.26
3668,2026-02-10,3668,1,7.0,116-33339480,308.76
3669,2026-02-11,3669,1,4.0,236-98746458,5856.1
3670,2026-02-10,3670,5,6.0,465-34070862,1196.85
3671,2026-02-11,3671,1,5.0,428-54559294,941.97
3672,2026-02-12,3672,1,3.0,966-29643764,1029.19
3673,2026-02-11,3673,5,3.0,501-22811657,189.98
3674,2026-02-12,3674,3,8.0,178-50697614,531.42
3675,2026-02-12,3675,1,6.0,467-35179241,1297.18
3676,2026-02-12,3676,2,6.0,840-51998483,5502.56
3677,2026-02-12,3677,1,3.0,115-68491780,2000.82
3678,2026-02-13,3678,5,7.0,376-78457532,33.45
3679,2026-02-14,3679,2,6.0,442-23891978,2481.58
3680,2026-02-12,3680,1,4.0,750-23478158,372.17
3681,2026-02-14,3681,3,5.0,187-84416525,56.31
3682,2026-02-13,3682,4,2.0,289-77281100,156.51
3683,2026-02-13,3683,1,1.0,781-12053398,662.56
3684,2026-02-14,3684,1,2.0,903-84354998,7404.57
3685,2026-02-15,3685,4,3.0,905-73622594,126.42
3686,2026-02-14,3686,3,2.0,116-28672333,1102.3
3687,2026-02-16,3687,2,8.0,730-45156788,773.58
3688,2026-02-17,3688,3,3.0,880-54114649,4188.6
3689,2026-02-17,3689,5,3.0,921-77312129,1065.81
3690,2026-02-15,3690,1,1.0,970-31079409,2382.22
3691,2026-02-17,3691,1,6.0,255-69518608,991.42
3692,2026-02-17,3692,5,2.0,752-37421771,5603.43
3693,2026-02-16,3693,4,5.0,629-19310491,5997.31
3694,2026-02-17,3694,5,5.0,713-39586835,93.89
3695,2026-02-18,3695,2,7.0,551-30736997,2787.02
3696,2026-02-19,3696,4,9.0,961-98185769,3680.19
3697,2026-02-19,3697,5,5.0,338-59525055,2640.45
3698,2026-02-17,3698,4,6.0,637-82632713,5132.19
3699,2026-02-17,3699,2,3.0,120-16739618,500.93
3700,2026-02-19,3700,5,8.0,293-79573855,1221.1
3701,2026-02-19,3701,4,9.0,475-27018711,3257.74
3702,2026-02-19,3702,3,1.0,652-41839655,1864.64
3703,2026-02-19,3703,2,5.0,270-25766353,1552.43
3704,2026-02-18,3704,4,8.0,274-27436032,133.22
3705,2026-02-20,3705,5,3.0,736-43764248,712.8
3706,2026-02-20,3706,2,6.0,604-36338588,6256.11
3707,2026-02-19,3707,4,2.0,464-34733876,2223.06
3708,2026-02-19,3708,4,6.0,343-92419942,571.8
3709,2026-02-19,3709,4,5.0,863-13326793,8107.62
3710,2026-02-21,3710,3,3.0,361-43880812,202.08
3711,2026-02-21,3711,3,1.0,707-20189709,732.96
3712,2026-02-20,3712,4,3.0,988-16721697,2927.83
3713,2026-02-20,3713,4,5.0,301-40495755,19.35
3714,2026-02-22,3714,1,6.0,472-70136825,1000.17
3715,2026-02-21,3715,4,3.0,915-66551541,1446.08
3716,2026-02-23,3716,5,6.0,339-38698971,2742.52
3717,2026-02-23,3717,3,9.0,960-15882700,1787.55
3718,2026-02-23,3718,1,2.0,236-50917342,448.98
3719,2026-02-24,3719,3,6.0,668-70292495,1004.12
3720,2026-02-23,3720,3,5.0,382-10305957,1690.64
3721,2026-02-24,3721,2,9.0,871-30850489,841.28
3722,2026-02-22,3722,1,5.0,980-36946215,1165.2
3723,2026-02-24,3723,1,,919-99970321,1436.28
3724,2026-02-23,3724,1,9.0,542-97027810,258.64
3725,2026-02-23,3725,4,5.0,728-37791831,7126.3
3726,2026-02-25,3726,3,5.0,618-35092476,615.12
3727,2026-02-26,3727,1,9.0,292-83614970,227.55
3728,2026-02-26,3728,5,5.0,986-47358891,897.52
3729,2026-02-24,3729,1,6.0,662-57471097,1349.53
3730,2026-02-25,3730,2,3.0,565-73965657,32.05
3731,2026-02-25,3731,4,4.0,883-68762922,2903.48
3732,2026-02-27,3732,5,2.0,542-33261692,3403.43
3733,2026-02-25,3733,3,3.0,498-74526828,1195.83
3734,2026-02-26,3734,5,,399-79593261,372.62
3735,2026-02-26,3735,1,5.0,830-39658741,783.26
3736,2026-02-27,3736,1,5.0,347-56018987,222.66
3737,2026-02-26,3737,4,3.0,319-59764996,360.35
3738,2026-02-28,3738,2,2.0,972-74655925,1057.43
3739,2026-02-28,3739,2,9.0,239-67519911,613.64
3740,2026-02-28,3740,1,4.0,947-76068475,903.96
3741,2026-03-02,3741,3,5.0,507-82721617,180.12
3742,2026-03-01,3742,3,8.0,997-63703438,226.8
3743,2026-03-01,3743,3,4.0,467-50070382,66.09
3744,2026-03-02,3744,4,7.0,530-78156882,420.54
3745,2026-03-02,3745,5,6.0,595-96058280,108.27
3746,2026-03-04,3746,5,5.0,995-68331542,175.27
3747,2026-03-04,3747,3,5.0,231-31916385,371.03
3748,2026-03-05,3748,1,2.0,597-30470381,416.75
3749,2026-03-07,3749,3,8.0,491-38225967,1798.2
3750,2026-03-07,3750,4,3.0,136-93657603,2255.35
3751,2026-03-07,3751,5,5.0,796-49011805,2625.15
3752,2026-03-08,3752,4,7.0,325-88273542,1915.41
3753,2026-03-06,3753,5,2.0,904-96720723,875.7
3754,2026-03-07,3754,4,4.0,778-88261865,1736.31
3755,2026-03-09,3755,5,,933-60917132,133.55
3756,2026-03-07,3756,5,7.0,276-40570807,107.79
3757,2026-03-07,3757,1,4.0,345-58854844,1056.18
3758,2026-03-10,3758,5,4.0,399-84252252,5575.42
3759,2026-03-08,3759,5,4.0,973-17506405,709.02
3760,2026-03-09,3760,3,2.0,527-41934644,712.88
3761,2026-03-08,3761,2,3.0,793-67903052,661.87
3762,2026-03-10,3762,1,7.0,555-17355483,935.88
3763,2026-03-10,3763,3,7.0,427-90264132,1968.89
3764,2026-03-10,3764,4,4.0,163-26296715,1024.47
3765,2026-03-11,3765,2,1.0,750-60640468,873.31
3766,2026-03-11,3766,3,2.0,550-26061048,678.62
3767,2026-03-12,3767,3,8.0,152-66830184,158.25
3768,2026-03-12,3768,2,8.0,648-93423280,37.97
3769,2026-03-12,3769,4,2.0,252-84127912,1057.42
3770,2026-03-14,3770,5,3.0,301-45764930,1350.81
3771,2026-03-14,3771,3,3.0,381-84292533,1669.6
3772,2026-03-14,3772,1,8.0,508-21814513,2184.36
3773,2026-03-13,3773,2,8.0,145-88909750,2327.42
3774,2026-03-13,3774,2,8.0,667-50952791,381.44
3775,2026-03-13,3775,1,5.0,665-29799523,2215.02
3776,2026-03-15,3776,2,4.0,620-77508857,2461.61
3777,2026-03-15,3777,1,5.0,438-31570580,229.69
3778,2026-03-16,3778,1,1.0,125-69342187,1676.52
3779,2026-03-15,3779,1,1.0,117-11377189,1426.43
3780,2026-03-16,3780,4,2.0,207-44315212,1247.95
3781,2026-03-17,3781,4,9.0,630-70293912,116.46
3782,2026-03-16,3782,4,4.0,543-90266276,1591.33
3783,2026-03-19,3783,3,5.0,225-88821384,1531.45
3784,2026-03-18,3784,1,2.0,994-53430964,551.35
3785,2026-03-18,3785,5,5.0,632-60107599,387.71
3786,2026-03-20,3786,5,4.0,929-54813748,2369.35
3787,2026-03-19,3787,2,3.0,753-77324456,1567.1
3788,2026-03-21,3788,1,3.0,110-74254610,1674.6
3789,2026-03-19,3789,2,1.0,853-13817935,1836.21
3790,2026-03-19,3790,1,7.0,754-78691110,535.31
3791,2026-03-19,3791,1,8.0,628-70796747,1019.82
3792,2026-03-22,3792,4,3.0,433-72905586,1860.16
3793,2026-03-21,3793,1,3.0,449-35770099,323.82
3794,2026-03-21,3794,4,1.0,858-87322315,1858.6
3795,2026-03-20,3795,2,4.0,171-95867922,979.02
3796,2026-03-23,3796,2,8.0,854-73084910,266.09
3797,2026-03-22,3797,3,2.0,123-71784115,854.41
3798,2026-03-23,3798,3,2.0,358-66483139,4139.78
3799,2026-03-23,3799,1,8.0,886-57530539,8430.55
3800,2026-03-23,3800,4,6.0,358-63692578,4169.07
3801,2026-03-24,3801,5,4.0,764-96300991,1220.99
3802,2026-03-23,3802,2,8.0,686-28365877,536.89
3803,2026-03-22,3803,2,5.0,263-26749158,12207.11
3804,2026-03-24,3804,5,4.0,798-59369451,9525.47
3805,2026-03-24,3805,3,7.0,228-32330850,3701.35
3806,2026-03-25,3806,2,1.0,719-21865313,73.02
3807,2026-03-24,3807,4,9.0,387-29078209,8368.49
3808,2026-03-27,3808,2,6.0,534-36540734,114.68
3809,2026-03-28,3809,3,3.0,888-89660625,52.28
3810,2026-03-29,3810,3,7.0,191-31763210,8560.76
3811,2026-03-27,3811,5,6.0,831-72083419,1685.17
3812,2026-03-29,3812,3,2.0,607-81857833,1521.22
3813,2026-03-28,3813,5,4.0,924-18906242,1152.75
3814,2026-03-30,3814,3,1.0,169-45875128,1940.94
3815,2026-03-30,3815,4,5.0,959-28191156,1100.8
3816,2026-03-30,3816,5,3.0,124-87784912,5501.09
3817,2026-03-30,3817,3,1.0,462-88300981,4310.53
3818,2026-03-31,3818,3,1.0,645-73178295,3151.61
3819,2026-03-30,3819,2,6.0,600-87787376,1014.39
3820,2026-03-31,3820,4,8.0,838-31949566,1301.12
3821,2026-04-01,3821,2,4.0,120-75894715,964.63
3822,2026-03-31,3822,4,1.0,550-75649417,1243.38
3823,2026-03-31,3823,1,3.0,545-90963663,243.58
3824,2026-04-02,3824,2,2.0,779-33918665,67.17
3825,2026-04-01,3825,3,5.0,202-28317610,441.98
3826,2026-04-02,3826,2,2.0,573-57772263,1232.71
3827,2026-04-04,3827,5,1.0,908-11971369,155.26
3828,2026-04-04,3828,4,3.0,773-61685310,2344.42
3829,2026-04-03,3829,3,2.0,974-93396876,1269.63
3830,2026-04-04,3830,2,2.0,872-22772943,820.43
3831,2026-04-06,3831,5,9.0,646-54089603,475.55
3832,2026-04-06,3832,2,1.0,180-14822074,328.28
3833,2026-04-06,3833,2,7.0,473-50275380,8531.63
3834,2026-04-06,3834,3,5.0,998-96830088,6431.15
3835,2026-04-05,3835,2,7.0,848-93820253,5802.19
3836,2026-04-07,3836,3,8.0,621-56423785,197.77
3837,2026-04-05,3837,1,3.0,155-18795245,4923.19
3838,2026-04-05,3838,5,9.0,983-72472393,2410.13
3839,2026-04-06,3839,3,7.0,699-48707618,1892.05
3840,2026-04-07,3840,1,2.0,944-88393078,3669.57
3841,2026-04-06,3841,3,3.0,493-54641127,1601.83
3842,2026-04-08,3842,1,2.0,255-40956153,5022.62
3843,2026-04-08,3843,2,8.0,673-84565277,1166.93
3844,2026-04-07,3844,2,4.0,969-52060989,4379.42
3845,2026-04-09,3845,5,8.0,379-81392168,1702.71
3846,2026-04-07,3846,3,2.0,468-50313291,3290.39
3847,2026-04-10,3847,5,1.0,849-40410067,1220.44
3848,2026-04-08,3848,5,6.0,913-33642689,2364.17
3849,2026-04-08,3849,2,3.0,246-26506869,3404.4
3850,2026-04-08,3850,4,3.0,624-22413670,565.39
3851,2026-04-09,3851,1,7.0,711-46939451,620.35
3852,2026-04-10,3852,1,6.0,512-42391747,851.06
3853,2026-04-10,3853,2,1.0,119-90188014,2666.42
3854,2026-04-12,3854,4,9.0,525-44161892,3016.72
3855,2026-04-11,3855,4,4.0,690-33371811,9709.32
3856,2026-04-11,3856,2,5.0,287-61210544,2345.22
3857,2026-04-11,3857,3,2.0,965-29117669,517.16
3858,2026-04-11,3858,5,8.0,636-54576478,5864.39
3859,2026-04-13,3859,2,1.0,680-91628431,1500.36
3860,2026-04-11,3860,4,3.0,582-82945233,2458.69
3861,2026-04-13,3861,5,4.0,450-94619038,338.25
3862,2026-04-12,3862,4,6.0,524-15663183,18397.14
3863,2026-04-12,3863,5,2.0,893-78694192,1281.0
3864,2026-04-14,3864,3,9.0,663-67247976,914.28
3865,2026-04-14,3865,1,6.0,826-57942118,205.13
3866,2026-04-13,3866,1,4.0,338-78821063,2167.56
3867,2026-04-14,3867,3,2.0,350-65024834,867.0
3868,2026-04-13,3868,2,8.0,967-62928072,111.17
3869,2026-04-13,3869,2,7.0,886-12677071,1267.79
3870,2026-04-13,3870,1,7.0,388-70477801,2865.69
3871,2026-04-15,3871,3,6.0,993-52158716,726.28
3872,2026-04-16,3872,3,5.0,792-75622230,5368.23
3873,2026-04-15,3873,3,5.0,707-60065015,2758.06
3874,2026-04-16,3874,3,3.0,646-10588264,1417.46
3875,2026-04-16,3875,1,9.0,649-53660624,346.62
3876,2026-04-16,3876,1,8.0,690-76540844,1415.55
3877,2026-04-16,3877,5,6.0,599-41202033,241.88
3878,2026-04-16,3878,5,6.0,170-64814510,169.05
3879,2026-04-16,3879,2,3.0,911-52449439,1283.44
3880,2026-04-17,3880,4,6.0,951-33371725,3087.38
3881,2026-04-18,3881,2,9.0,244-17839908,1683.61
3882,2026-04-17,3882,3,6.0,268-64086151,3891.07
3883,2026-04-17,3883,4,5.0,611-77910040,21.68
3884,2026-04-19,3884,3,3.0,960-98395704,948.71
3885,2026-04-19,3885,5,1.0,179-34775677,4363.95
3886,2026-04-19,3886,1,7.0,456-60980258,1026.3
3887,2026-04-17,3887,4,1.0,765-49811852,627.52
3888,2026-04-20,3888,1,2.0,518-75483531,1339.56
3889,2026-04-19,3889,4,5.0,328-32534466,1289.49
3890,2026-04-21,3890,3,6.0,227-96151138,4280.3
3891,2026-04-21,3891,4,6.0,717-58744018,3791.41
3892,2026-04-20,3892,5,1.0,814-46574248,1437.82
3893,2026-04-22,3893,3,1.0,240-63201460,1671.54
3894,2026-04-23,3894,4,9.0,899-13051748,4304.52
3895,2026-04-22,3895,2,6.0,949-31359324,1500.23
3896,2026-04-24,3896,3,3.0,107-95574034,1032.82
3897,2026-04-22,3897,5,9.0,899-56783080,3088.1
3898,2026-04-22,3898,1,1.0,346-56532944,2179.73
3899,2026-04-26,3899,3,9.0,647-78584790,2883.3
3900,2026-04-24,3900,3,6.0,143-64937868,18704.22
3901,2026-04-27,3901,2,2.0,530-89784066,393.57
3902,2026-04-26,3902,4,4.0,242-92473537,2315.72
3903,2026-04-27,3903,4,8.0,527-33578036,5171.14
3904,2026-04-29,3904,2,5.0,145-49299155,394.61
3905,2026-04-28,3905,5,9.0,280-56926898,5217.22
3906,2026-04-29,3906,5,2.0,927-98213279,3069.62
3907,2026-04-28,3907,4,5.0,306-60958635,738.58
3908,2026-04-28,3908,3,3.0,772-42775121,85.42
3909,2026-04-29,3909,2,1.0,633-60414824,1265.82
3910,2026-04-29,3910,2,3.0,828-74972435,2079.65
3911,2026-04-29,3911,5,2.0,681-87827013,1495.94
3912,2026-05-01,3912,1,3.0,584-98009720,67.25
3913,2026-04-30,3913,1,5.0,322-71725228,658.62
3914,2026-05-01,3914,4,7.0,529-92289162,10.81
3915,2026-05-02,3915,5,4.0,141-45866314,1968.33
3916,2026-05-01,3916,3,5.0,816-97908850,903.38
3917,2026-05-03,3917,4,5.0,584-71227672,1070.53
3918,2026-05-01,3918,3,7.0,935-92093276,374.44
3919,2026-05-03,3919,4,9.0,795-87423731,841.44
3920,2026-05-02,3920,5,9.0,122-83165954,249.76
3921,2026-05-02,3921,1,9.0,408-15833411,2437.87
3922,2026-05-03,3922,2,7.0,147-27598330,49.44
3923,2026-05-04,3923,3,5.0,130-55408613,1968.0
3924,2026-05-04,3924,4,7.0,889-13001798,155.6
3925,2026-05-05,3925,5,5.0,430-85777652,616.55
3926,2026-05-05,3926,2,8.0,697-62860643,2119.47
3927,2026-05-05,3927,4,7.0,549-47682415,1012.66
3928,2026-05-04,3928,5,6.0,457-82141175,1378.45
3929,2026-05-07,3929,2,6.0,869-77033625,402.45
3930,2026-05-05,3930,3,8.0,387-24357362,892.37
3931,2026-05-07,3931,3,3.0,392-81484588,450.35
3932,2026-05-07,3932,4,1.0,542-61182404,577.09
3933,2026-05-06,3933,3,4.0,493-23283246,417.8
3934,2026-05-05,3934,3,6.0,828-46709042,2034.5
3935,2026-05-05,3935,3,7.0,262-22330595,1167.3
3936,2026-05-07,3936,5,2.0,172-15109479,617.61
3937,2026-05-06,3937,5,5.0,401-68550395,1031.41
3938,2026-05-08,3938,3,1.0,941-58920926,2435.34
3939,2026-05-06,3939,2,4.0,299-95015035,444.08
3940,2026-05-08,3940,2,9.0,179-39840104,10543.45
3941,2026-05-07,3941,3,6.0,936-45771833,2393.37
3942,2026-05-10,3942,2,9.0,223-80552798,2632.75
3943,2026-05-10,3943,5,7.0,886-61690571,3093.62
3944,2026-05-08,3944,1,5.0,980-37356691,1449.27
3945,2026-05-11,3945,5,3.0,363-82171172,457.86
3946,2026-05-11,3946,2,4.0,848-16026533,163.13
3947,2026-05-12,3947,5,6.0,167-38098690,6.72
3948,2026-05-10,3948,3,3.0,922-38286578,884.22
3949,2026-05-10,3949,4,3.0,318-84470141,9593.88
3950,2026-05-12,3950,3,,443-50775987,4588.19
3951,2026-05-14,3951,2,2.0,120-92263604,300.78
3952,2026-05-13,3952,2,1.0,316-10123438,3001.64
3953,2026-05-13,3953,5,7.0,693-53218718,1115.33
3954,2026-05-14,3954,3,3.0,652-83220878,13323.53
3955,2026-05-13,3955,2,7.0,686-30485597,23.95
3956,2026-05-13,3956,1,8.0,687-80062339,873.09
3957,2026-05-16,3957,4,3.0,193-58224167,1587.68
3958,2026-05-14,3958,3,,194-72108515,1337.51
3959,2026-05-16,3959,2,7.0,483-99694230,3736.91
3960,2026-05-15,3960,4,3.0,432-45353150,4721.22
3961,2026-05-15,3961,5,5.0,947-36018251,1158.85
3962,2026-05-16,3962,4,,203-10135787,345.55
3963,2026-05-15,3963,2,7.0,120-14237698,425.63
3964,2026-05-16,3964,1,2.0,781-62881890,50.31
3965,2026-05-18,3965,1,4.0,492-66045178,10.2
3966,2026-05-18,3966,5,7.0,451-77459612,132.77
3967,2026-05-19,3967,1,4.0,642-24879538,1276.27
3968,2026-05-17,3968,3,8.0,523-59742011,193.47
3969,2026-05-18,3969,5,8.0,766-81703792,705.25
3970,2026-05-19,3970,1,6.0,440-98336136,8.18
3971,2026-05-18,3971,5,6.0,313-34097525,2032.63
3972,2026-05-18,3972,2,2.0,272-99153640,26.26
3973,2026-05-18,3973,2,5.0,293-61378976,467.1
3974,2026-05-20,3974,5,1.0,962-26667101,35.85
3975,2026-05-20,3975,5,8.0,810-67783617,1566.14
3976,2026-05-18,3976,5,6.0,975-32228358,4077.48
3977,2026-05-19,3977,3,6.0,435-32454496,605.88
3978,2026-05-20,3978,3,8.0,742-49571317,9805.68
3979,2026-05-21,3979,5,1.0,962-52936840,388.99
3980,2026-05-22,3980,2,6.0,845-37655994,1127.32
3981,2026-05-20,3981,5,7.0,665-18897475,543.88
3982,2026-05-20,3982,1,6.0,185-25925824,2314.12
3983,2026-05-22,3983,2,5.0,460-99570779,1313.58
3984,2026-05-23,3984,1,5.0,930-97651861,154.38
3985,2026-05-21,3985,4,8.0,519-52772281,414.36
3986,2026-05-22,3986,2,1.0,661-20524263,708.7
3987,2026-05-23,3987,3,8.0,368-60224456,1628.19
3988,2026-05-23,3988,2,4.0,533-58940226,3816.07
3989,2026-05-22,3989,3,8.0,304-74720691,1891.61
3990,2026-05-23,3990,1,2.0,209-67404911,896.4
3991,2026-05-23,3991,4,5.0,878-13514245,1445.6
3992,2026-05-25,3992,3,5.0,794-44370859,2182.5
3993,2026-05-27,3993,2,7.0,892-22309320,1421.62
3994,2026-05-25,3994,2,4.0,437-54739583,136.86
3995,2026-05-26,3995,5,8.0,591-32137915,740.58
3996,2026-05-26,3996,3,7.0,218-75898246,88.48
3997,2026-05-25,3997,4,4.0,196-73646208,222.03
3998,2026-05-26,3998,5,3.0,698-11259551,2569.54
3999,2026-05-26,3999,3,4.0,981-31846048,284.12
4000,2026-05-27,4000,2,5.0,937-68306096,741.6
4001,2026-05-27,4001,4,9.0,891-65709554,1902.27
4002,2026-05-26,4002,4,9.0,619-96824995,8461.66
4003,2026-05-26,4003,5,5.0,278-99831040,1222.89
4004,2026-05-28,4004,3,9.0,765-43392039,46.65
4005,2026-05-29,4005,1,2.0,615-72202629,705.87
4006,2026-05-28,4006,3,3.0,469-21711060,375.45
4007,2026-05-28,4007,1,,670-56646816,5653.65
4008,2026-05-29,4008,4,2.0,302-62497609,319.45
4009,2026-05-28,4009,5,3.0,915-28425771,3329.11
4010,2026-05-28,4010,1,5.0,326-53625146,606.27
4011,2026-05-30,4011,3,8.0,772-33331858,3841.29
4012,2026-05-28,4012,5,7.0,724-10894501,588.3
4013,2026-05-30,4013,2,6.0,354-44490953,584.81
4014,2026-05-30,4014,3,5.0,887-32528208,734.47
4015,2026-05-31,4015,5,4.0,835-47824051,417.46
4016,2026-05-30,4016,2,7.0,518-91672386,55.7
4017,2026-05-31,4017,5,9.0,124-43123317,3595.6
4018,2026-06-01,4018,5,1.0,442-96094416,3003.78
4019,2026-06-01,4019,3,7.0,991-44224204,11.2
4020,2026-06-02,4020,4,1.0,856-63732546,32.71
4021,2026-06-01,4021,3,9.0,392-51491691,42.17
4022,2026-06-03,4022,5,3.0,753-26635485,13.41
4023,2026-06-03,4023,2,6.0,714-44081472,1.11
4024,2026-06-04,4024,3,6.0,879-17323061,83.11
4025,2026-06-03,4025,4,3.0,838-25685628,125.4
4026,2026-06-04,4026,3,8.0,338-28911816,63.94
4027,2026-06-04,4027,3,2.0,679-80857220,12.86
4028,2026-06-04,4028,5,8.0,512-82668882,2.36
4029,2026-06-04,4029,5,6.0,171-51089114,109.85
4030,2026-06-06,4030,2,6.0,904-98118737,4.46
4031,2026-06-05,4031,3,3.0,250-27215918,51.28
4032,2026-06-07,4032,2,4.0,466-81828106,6.9
4033,2026-06-07,4033,5,9.0,533-11321663,9.97
4034,2026-06-06,4034,2,3.0,785-72967439,134.06
4035,2026-06-05,4035,5,9.0,622-82827530,11.38
4036,2026-06-06,4036,2,8.0,118-27409183,69.6
4037,2026-06-08,4037,5,5.0,559-61842658,33.12
4038,2026-06-07,4038,3,2.0,347-94417232,11.28
4039,2026-06-07,4039,2,9.0,805-53996992,7.45
4040,2026-06-08,4040,1,5.0,648-96012996,2.24
4041,2026-06-08,4041,3,1.0,144-43157754,52.84
4042,2026-06-08,4042,3,1.0,951-25420551,13.57
4043,2026-06-10,4043,1,2.0,220-59170392,17.65
4044,2026-06-09,4044,3,4.0,673-14457514,46.87
4045,2026-06-11,4045,3,9.0,341-90885706,35.41
4046,2026-06-11,4046,1,1.0,251-91350408,2.96
4047,2026-06-11,4047,2,1.0,962-16119780,74.65
4048,2026-06-11,4048,2,7.0,428-18604841,6.08
4049,2026-06-10,4049,1,2.0,981-25802906,10.45
4050,2026-06-12,4050,4,8.0,845-25495610,104.83
4051,2026-06-13,4051,2,8.0,248-97041610,8.59
4052,2026-06-13,4052,3,8.0,973-65777355,33.92
4053,2026-06-14,4053,5,5.0,127-93129833,16.13
4054,2026-06-13,4054,2,3.0,444-91643494,55.72
4055,2026-06-14,4055,4,5.0,349-18007729,7.46
4056,2026-06-13,4056,3,4.0,387-84600014,11.92
4057,2026-06-15,4057,4,6.0,105-62837144,15.17
4058,2026-06-15,4058,2,9.0,381-63031102,2.65
4059,2026-06-16,4059,4,2.0,929-13314163,23.81
4060,2026-06-17,4060,2,6.0,552-34942060,51.79
4061,2026-06-17,4061,1,7.0,879-98677294,28.13
4062,2026-06-15,4062,4,7.0,305-29303602,25.29
4063,2026-06-17,4063,2,8.0,327-60409617,17.67
4064,2026-06-15,4064,3,4.0,956-76966455,6.29
4065,2026-06-17,4065,4,5.0,339-92791841,67.27
4066,2026-06-16,4066,3,1.0,655-64651755,42.97
4067,2026-06-17,4067,4,7.0,910-85466015,84.68
4068,2026-06-18,4068,4,2.0,132-25964254,132.95
4069,2026-06-17,4069,5,8.0,365-58171616,16.01
4070,2026-06-18,4070,2,4.0,512-31545373,11.91
4071,2026-06-19,4071,3,6.0,308-43331204,348.33
4072,2026-06-19,4072,3,9.0,238-40928528,70.88
4073,2026-06-19,4073,1,7.0,753-44034729,37.35
4074,2026-06-18,4074,3,2.0,436-63909612,9.43
4075,2026-06-18,4075,5,5.0,722-50650381,48.63
4076,2026-06-18,4076,5,5.0,752-46986235,25.24
4077,2026-06-20,4077,5,2.0,769-28684694,85.42
4078,2026-06-18,4078,4,2.0,148-13096736,6.4
4079,2026-06-19,4079,4,9.0,419-18977307,48.61
4080,2026-06-19,4080,4,2.0,574-48683225,11.74
4081,2026-06-18,4081,5,2.0,442-26161924,61.27
4082,2026-06-20,4082,2,1.0,108-15349123,169.15
4083,2026-06-20,4083,2,2.0,268-72797759,5.82
4084,2026-06-21,4084,2,2.0,529-66434595,62.52
4085,2026-06-19,4085,3,6.0,384-63204227,31.45
4086,2026-06-20,4086,5,8.0,299-30577515,345.32
4087,2026-06-21,4087,5,6.0,727-26535492,50.97
4088,2026-06-20,4088,2,4.0,440-74063292,16.53
4089,2026-06-20,4089,3,5.0,738-81645582,9.43
4090,2026-06-21,4090,3,6.0,657-70279855,10.68
4091,2026-06-23,4091,3,8.0,630-65727032,9.64
4092,2026-06-22,4092,1,3.0,703-52958084,76.02
4093,2026-06-22,4093,5,7.0,685-71248215,472.1
4094,2026-06-24,4094,2,9.0,337-61746970,31.12
4095,2026-06-24,4095,3,6.0,993-37662220,23.03
4096,2026-06-23,4096,4,6.0,950-84152664,12.79
4097,2026-06-23,4097,1,9.0,356-68370481,44.91
4098,2026-06-23,4098,4,1.0,739-79397897,0.42
4099,2026-06-23,4099,3,2.0,896-76037795,10.33
4100,2026-06-25,4100,3,7.0,729-71901960,37.7
4101,2026-06-25,4101,3,9.0,129-26907336,2.92
4102,2026-06-26,4102,1,6.0,327-14002129,67.41
4103,2026-06-24,4103,2,6.0,138-22906392,44.77
4104,2026-06-26,4104,1,1.0,608-34430748,14.98
4105,2026-06-26,4105,4,8.0,954-51300602,9.47
4106,2026-06-27,4106,3,9.0,235-44147353,17.56
4107,2026-06-25,4107,3,3.0,315-87407733,41.27
4108,2026-06-26,4108,3,2.0,553-91011486,8.18
4109,2026-06-26,4109,3,3.0,788-16544642,8.89
4110,2026-06-28,4110,1,4.0,210-47103849,10.52
4111,2026-06-27,4111,1,7.0,549-60143958,80.15
4112,2026-06-26,4112,1,4.0,222-35512272,56.74
4113,2026-06-27,4113,3,1.0,106-54669047,60.71
4114,2026-06-29,4114,4,1.0,197-54528180,38.24
4115,2026-06-29,4115,3,8.0,545-26527205,31.68
4116,2026-06-27,4116,5,5.0,625-30374493,4.14
4117,2026-06-29,4117,1,6.0,585-61218393,1.27
4118,2026-06-29,4118,4,9.0,781-81954001,6.54
4119,2026-06-28,4119,5,1.0,214-80485243,86.61
4120,2026-06-29,4120,3,6.0,551-21346435,58.87
4121,2026-06-29,4121,2,9.0,505-26491753,54.8
4122,2026-07-01,4122,1,4.0,617-72717607,111.71
4123,2026-07-02,4123,5,9.0,536-28220753,8.86
4124,2026-07-01,4124,5,6.0,598-25791277,76.61
4125,2026-07-01,4125,3,6.0,304-16859092,71.76
