movimiento_id,fecha,cuarto_frio_id,cosecha_id,tipo_movimiento,cantidad
1,2023-06-01,3,1.0,entrada,5849
2,2023-06-01,4,18.0,entrada,15206
3,2023-06-01,4,17.0,entrada,4113
4,2023-06-01,1,16.0,entrada,4988
5,2023-06-01,4,15.0,entrada,10346
6,2023-06-01,3,14.0,entrada,3532
7,2023-06-01,3,12.0,entrada,10670
8,2023-06-01,3,11.0,entrada,5445
9,2023-06-01,2,10.0,entrada,13380
10,2023-06-01,3,13.0,entrada,10873
11,2023-06-01,1,8.0,entrada,8221
12,2023-06-01,1,7.0,entrada,5949
13,2023-06-01,4,6.0,entrada,5062
14,2023-06-01,3,5.0,entrada,9488
15,2023-06-01,3,4.0,entrada,7501
16,2023-06-01,1,3.0,entrada,8794
17,2023-06-01,4,2.0,entrada,10891
18,2023-06-01,3,9.0,entrada,7561
19,2023-06-02,2,27.0,entrada,14031
20,2023-06-02,3,,salida,74395
21,2023-06-02,1,32.0,entrada,13970
22,2023-06-02,1,31.0,entrada,3555
23,2023-06-02,4,29.0,entrada,9906
24,2023-06-02,2,28.0,entrada,5142
25,2023-06-02,2,26.0,entrada,8791
26,2023-06-02,4,30.0,entrada,11625
27,2023-06-02,4,24.0,entrada,5898
28,2023-06-02,2,23.0,entrada,4740
29,2023-06-02,1,22.0,entrada,7208
30,2023-06-02,2,21.0,entrada,9019
31,2023-06-02,3,20.0,entrada,11450
32,2023-06-02,4,19.0,entrada,6480
33,2023-06-02,4,25.0,entrada,8740
34,2023-06-03,4,,salida,22156
35,2023-06-03,1,,salida,17901
36,2023-06-03,4,47.0,entrada,13259
37,2023-06-03,4,46.0,entrada,5047
38,2023-06-03,4,45.0,entrada,8821
39,2023-06-03,4,44.0,entrada,3101
40,2023-06-03,3,42.0,entrada,10541
41,2023-06-03,2,43.0,entrada,11635
42,2023-06-03,3,40.0,entrada,9146
43,2023-06-03,1,39.0,entrada,9298
44,2023-06-03,1,38.0,entrada,5324
45,2023-06-03,4,37.0,entrada,4679
46,2023-06-03,1,36.0,entrada,10104
47,2023-06-03,2,35.0,entrada,7114
48,2023-06-03,2,34.0,entrada,11130
49,2023-06-03,3,41.0,entrada,5737
50,2023-06-03,4,33.0,entrada,6235
51,2023-06-04,3,62.0,entrada,5134
52,2023-06-04,1,63.0,entrada,3214
53,2023-06-04,1,64.0,entrada,15036
54,2023-06-04,3,,salida,178036
55,2023-06-04,4,12.0,merma,480
56,2023-06-04,4,,salida,206633
57,2023-06-04,4,,salida,50533
58,2023-06-04,3,61.0,entrada,10499
59,2023-06-04,1,60.0,entrada,3593
60,2023-06-04,4,,salida,715
61,2023-06-04,1,58.0,entrada,9908
62,2023-06-04,3,48.0,entrada,6956
63,2023-06-04,3,53.0,entrada,4547
64,2023-06-04,3,59.0,entrada,10387
65,2023-06-04,2,52.0,entrada,10897
66,2023-06-04,3,51.0,entrada,7888
67,2023-06-04,4,54.0,entrada,7062
68,2023-06-04,2,49.0,entrada,10834
69,2023-06-04,3,55.0,entrada,8899
70,2023-06-04,4,56.0,entrada,15126
71,2023-06-04,4,57.0,entrada,4991
72,2023-06-04,2,50.0,entrada,9456
73,2023-06-05,2,,salida,40128
74,2023-06-05,4,80.0,entrada,16272
75,2023-06-05,3,,salida,24087
76,2023-06-05,4,,salida,23806
77,2023-06-05,3,79.0,entrada,4298
78,2023-06-05,4,,salida,40010
79,2023-06-05,4,77.0,entrada,3468
80,2023-06-05,2,66.0,entrada,11018
81,2023-06-05,4,67.0,entrada,9657
82,2023-06-05,1,68.0,entrada,6914
83,2023-06-05,1,75.0,entrada,11910
84,2023-06-05,4,69.0,entrada,10112
85,2023-06-05,2,70.0,entrada,3992
86,2023-06-05,2,71.0,entrada,5560
87,2023-06-05,2,72.0,entrada,7389
88,2023-06-05,4,78.0,entrada,11151
89,2023-06-05,1,73.0,entrada,8257
90,2023-06-05,2,74.0,entrada,5316
91,2023-06-05,3,65.0,entrada,6292
92,2023-06-05,2,76.0,entrada,11150
93,2023-06-06,4,89.0,entrada,5389
94,2023-06-06,4,,salida,8950
95,2023-06-06,2,,salida,42524
96,2023-06-06,4,91.0,entrada,2963
97,2023-06-06,1,88.0,entrada,13350
98,2023-06-06,2,87.0,entrada,7778
99,2023-06-06,2,90.0,entrada,11260
100,2023-06-06,1,,salida,48110
101,2023-06-06,3,86.0,entrada,4314
102,2023-06-06,3,85.0,entrada,9892
103,2023-06-06,4,,salida,8665
104,2023-06-06,4,84.0,entrada,6260
105,2023-06-06,1,83.0,entrada,8694
106,2023-06-06,4,82.0,entrada,12763
107,2023-06-06,4,,salida,16985
108,2023-06-06,3,81.0,entrada,6018
109,2023-06-06,4,92.0,entrada,11145
110,2023-06-06,2,93.0,entrada,4512
111,2023-06-06,2,94.0,entrada,3534
112,2023-06-06,2,95.0,entrada,16997
113,2023-06-07,2,96.0,entrada,7581
114,2023-06-07,1,2.0,merma,910
115,2023-06-07,2,106.0,entrada,11031
116,2023-06-07,3,,salida,5977
117,2023-06-07,3,,salida,3685
118,2023-06-07,2,105.0,entrada,5024
119,2023-06-07,4,104.0,entrada,13511
120,2023-06-07,1,,salida,23159
121,2023-06-07,1,,salida,3483
122,2023-06-07,4,,salida,26660
123,2023-06-07,2,103.0,entrada,8726
124,2023-06-07,2,109.0,entrada,4824
125,2023-06-07,2,102.0,entrada,8895
126,2023-06-07,2,,salida,9036
127,2023-06-07,3,101.0,entrada,6652
128,2023-06-07,1,100.0,entrada,10648
129,2023-06-07,2,99.0,entrada,7163
130,2023-06-07,4,98.0,entrada,8681
131,2023-06-07,4,108.0,entrada,10752
132,2023-06-07,1,,salida,28119
133,2023-06-07,2,97.0,entrada,10656
134,2023-06-07,2,107.0,entrada,11017
135,2023-06-07,4,,salida,51323
136,2023-06-07,3,110.0,entrada,14741
137,2023-06-08,4,119.0,entrada,13599
138,2023-06-08,2,,salida,6939
139,2023-06-08,2,127.0,entrada,16320
140,2023-06-08,1,125.0,entrada,5838
141,2023-06-08,3,124.0,entrada,9284
142,2023-06-08,2,123.0,entrada,3436
143,2023-06-08,1,122.0,entrada,13639
144,2023-06-08,3,,salida,182774
145,2023-06-08,4,121.0,entrada,11637
146,2023-06-08,4,126.0,entrada,3362
147,2023-06-08,4,111.0,entrada,6662
148,2023-06-08,1,117.0,entrada,6408
149,2023-06-08,1,120.0,entrada,5378
150,2023-06-08,4,116.0,entrada,4111
151,2023-06-08,3,115.0,entrada,10921
152,2023-06-08,2,118.0,entrada,8922
153,2023-06-08,2,114.0,entrada,8068
154,2023-06-08,4,113.0,entrada,9212
155,2023-06-08,3,112.0,entrada,10877
156,2023-06-09,1,136.0,entrada,4822
157,2023-06-09,3,16.0,merma,525
158,2023-06-09,1,134.0,entrada,10015
159,2023-06-09,1,133.0,entrada,7586
160,2023-06-09,1,132.0,entrada,3579
161,2023-06-09,4,,salida,59838
162,2023-06-09,3,,salida,19403
163,2023-06-09,4,131.0,entrada,9660
164,2023-06-09,4,130.0,entrada,8705
165,2023-06-09,4,129.0,entrada,11605
166,2023-06-09,2,,salida,5402
167,2023-06-09,1,,salida,8012
168,2023-06-09,1,,salida,15608
169,2023-06-09,2,60.0,merma,189
170,2023-06-09,3,135.0,entrada,12893
171,2023-06-09,1,128.0,entrada,6822
172,2023-06-09,1,137.0,entrada,8879
173,2023-06-09,3,139.0,entrada,3285
174,2023-06-09,1,140.0,entrada,4858
175,2023-06-09,4,141.0,entrada,3970
176,2023-06-09,1,142.0,entrada,16201
177,2023-06-09,1,138.0,entrada,10645
178,2023-06-10,3,148.0,entrada,5355
179,2023-06-10,1,155.0,entrada,3459
180,2023-06-10,3,154.0,entrada,10751
181,2023-06-10,1,153.0,entrada,11088
182,2023-06-10,3,152.0,entrada,4892
183,2023-06-10,3,151.0,entrada,13261
184,2023-06-10,4,150.0,entrada,9965
185,2023-06-10,4,,salida,1248
186,2023-06-10,2,156.0,entrada,16919
187,2023-06-10,3,147.0,entrada,4406
188,2023-06-10,3,146.0,entrada,10156
189,2023-06-10,4,145.0,entrada,6714
190,2023-06-10,4,144.0,entrada,8972
191,2023-06-10,4,143.0,entrada,11652
192,2023-06-10,1,41.0,merma,445
193,2023-06-10,1,149.0,entrada,7890
194,2023-06-11,4,171.0,entrada,3545
195,2023-06-11,2,158.0,entrada,10535
196,2023-06-11,3,85.0,merma,1081
197,2023-06-11,1,159.0,entrada,7144
198,2023-06-11,2,170.0,entrada,5266
199,2023-06-11,3,169.0,entrada,2846
200,2023-06-11,3,168.0,entrada,12193
201,2023-06-11,4,167.0,entrada,9480
202,2023-06-11,4,,salida,60817
203,2023-06-11,1,166.0,entrada,4531
204,2023-06-11,3,157.0,entrada,11722
205,2023-06-11,2,,salida,1333
206,2023-06-11,1,172.0,entrada,14984
207,2023-06-11,4,164.0,entrada,8506
208,2023-06-11,1,,salida,15326
209,2023-06-11,4,163.0,entrada,8991
210,2023-06-11,1,162.0,entrada,5797
211,2023-06-11,3,161.0,entrada,4437
212,2023-06-11,4,160.0,entrada,9342
213,2023-06-11,2,165.0,entrada,13452
214,2023-06-12,3,39.0,merma,435
215,2023-06-12,3,61.0,merma,467
216,2023-06-12,3,173.0,entrada,11252
217,2023-06-12,3,81.0,merma,547
218,2023-06-12,3,184.0,entrada,4311
219,2023-06-12,1,185.0,entrada,3778
220,2023-06-12,3,182.0,entrada,10584
221,2023-06-12,1,181.0,entrada,5161
222,2023-06-12,3,180.0,entrada,15523
223,2023-06-12,3,178.0,entrada,7820
224,2023-06-12,3,177.0,entrada,4537
225,2023-06-12,2,176.0,entrada,8166
226,2023-06-12,4,175.0,entrada,6884
227,2023-06-12,1,179.0,entrada,8260
228,2023-06-12,4,174.0,entrada,8842
229,2023-06-12,2,183.0,entrada,3554
230,2023-06-13,2,190.0,entrada,8128
231,2023-06-13,3,,salida,2043
232,2023-06-13,3,189.0,entrada,5809
233,2023-06-13,1,193.0,entrada,5195
234,2023-06-13,3,194.0,entrada,10326
235,2023-06-13,3,195.0,entrada,10621
236,2023-06-13,3,192.0,entrada,14790
237,2023-06-13,3,,salida,2407
238,2023-06-13,3,188.0,entrada,4750
239,2023-06-13,4,198.0,entrada,3376
240,2023-06-13,1,199.0,entrada,15503
241,2023-06-13,2,187.0,entrada,8761
242,2023-06-13,1,186.0,entrada,6160
243,2023-06-13,3,191.0,entrada,9462
244,2023-06-13,2,196.0,entrada,3464
245,2023-06-13,2,197.0,entrada,5010
246,2023-06-13,3,,salida,27524
247,2023-06-13,1,142.0,merma,702
248,2023-06-13,2,,salida,52917
249,2023-06-13,4,,salida,3792
250,2023-06-13,2,,salida,24511
251,2023-06-13,1,,salida,27160
252,2023-06-14,4,68.0,merma,217
253,2023-06-14,4,150.0,merma,748
254,2023-06-14,3,163.0,merma,889
255,2023-06-14,2,,salida,14099
256,2023-06-14,1,,salida,489
257,2023-06-14,3,200.0,entrada,6989
258,2023-06-14,3,201.0,entrada,8553
259,2023-06-14,3,214.0,entrada,14166
260,2023-06-14,3,203.0,entrada,4717
261,2023-06-14,3,212.0,entrada,4946
262,2023-06-14,3,211.0,entrada,10921
263,2023-06-14,1,210.0,entrada,3340
264,2023-06-14,4,202.0,entrada,10703
265,2023-06-14,2,209.0,entrada,10710
266,2023-06-14,1,213.0,entrada,3637
267,2023-06-14,4,207.0,entrada,5541
268,2023-06-14,1,206.0,entrada,14777
269,2023-06-14,4,205.0,entrada,9378
270,2023-06-14,1,204.0,entrada,6300
271,2023-06-14,4,208.0,entrada,11151
272,2023-06-15,4,,salida,7092
273,2023-06-15,1,127.0,merma,645
274,2023-06-15,3,,salida,59529
275,2023-06-15,3,100.0,merma,1223
276,2023-06-15,4,177.0,merma,430
277,2023-06-15,1,218.0,entrada,4581
278,2023-06-15,3,215.0,entrada,6459
279,2023-06-15,4,219.0,entrada,8296
280,2023-06-15,3,220.0,entrada,14156
281,2023-06-15,1,216.0,entrada,9723
282,2023-06-15,3,221.0,entrada,10783
283,2023-06-15,3,222.0,entrada,10938
284,2023-06-15,2,223.0,entrada,3740
285,2023-06-15,4,224.0,entrada,5018
286,2023-06-15,2,225.0,entrada,4104
287,2023-06-15,2,226.0,entrada,14524
288,2023-06-15,4,217.0,entrada,8197
289,2023-06-16,2,102.0,merma,1016
290,2023-06-16,3,168.0,merma,819
291,2023-06-16,1,227.0,entrada,6627
292,2023-06-16,2,228.0,entrada,10964
293,2023-06-16,1,229.0,entrada,8889
294,2023-06-16,2,231.0,entrada,8614
295,2023-06-16,4,232.0,entrada,4917
296,2023-06-16,4,233.0,entrada,6676
297,2023-06-16,4,234.0,entrada,7844
298,2023-06-16,4,235.0,entrada,7634
299,2023-06-16,4,,salida,119620
300,2023-06-16,4,236.0,entrada,12520
301,2023-06-16,2,237.0,entrada,4948
302,2023-06-16,2,238.0,entrada,11730
303,2023-06-16,3,239.0,entrada,9781
304,2023-06-16,4,240.0,entrada,3017
305,2023-06-16,3,242.0,entrada,4594
306,2023-06-16,4,243.0,entrada,3816
307,2023-06-16,1,244.0,entrada,15045
308,2023-06-16,1,230.0,entrada,7022
309,2023-06-16,2,241.0,entrada,10855
310,2023-06-17,3,257.0,entrada,10495
311,2023-06-17,3,260.0,entrada,4452
312,2023-06-17,2,262.0,entrada,14998
313,2023-06-17,1,261.0,entrada,3729
314,2023-06-17,4,259.0,entrada,10284
315,2023-06-17,2,258.0,entrada,3231
316,2023-06-17,3,256.0,entrada,10080
317,2023-06-17,1,255.0,entrada,4586
318,2023-06-17,1,254.0,entrada,13703
319,2023-06-17,4,253.0,entrada,8469
320,2023-06-17,3,118.0,merma,1055
321,2023-06-17,2,251.0,entrada,5591
322,2023-06-17,3,250.0,entrada,3943
323,2023-06-17,1,249.0,entrada,9920
324,2023-06-17,1,248.0,entrada,6414
325,2023-06-17,1,247.0,entrada,8551
326,2023-06-17,2,246.0,entrada,10059
327,2023-06-17,2,204.0,merma,227
328,2023-06-17,3,245.0,entrada,6458
329,2023-06-17,1,252.0,entrada,7743
330,2023-06-18,4,276.0,entrada,4703
331,2023-06-18,4,274.0,entrada,3162
332,2023-06-18,4,273.0,entrada,10058
333,2023-06-18,4,272.0,entrada,11191
334,2023-06-18,2,271.0,entrada,5238
335,2023-06-18,3,270.0,entrada,14816
336,2023-06-18,3,265.0,entrada,9973
337,2023-06-18,4,268.0,entrada,7288
338,2023-06-18,4,267.0,entrada,4669
339,2023-06-18,2,266.0,entrada,8395
340,2023-06-18,1,264.0,entrada,10650
341,2023-06-18,1,263.0,entrada,7790
342,2023-06-18,1,277.0,entrada,3753
343,2023-06-18,3,269.0,entrada,8550
344,2023-06-18,2,278.0,entrada,15591
345,2023-06-18,1,275.0,entrada,10844
346,2023-06-18,1,,salida,19583
347,2023-06-18,4,,salida,99
348,2023-06-18,4,,salida,4061
349,2023-06-18,4,,salida,4820
350,2023-06-18,1,,salida,119649
351,2023-06-18,1,,salida,18779
352,2023-06-18,3,,salida,31464
353,2023-06-18,2,,salida,24187
354,2023-06-19,2,227.0,merma,210
355,2023-06-19,2,294.0,entrada,16283
356,2023-06-19,1,293.0,entrada,3575
357,2023-06-19,3,292.0,entrada,4851
358,2023-06-19,1,,salida,23326
359,2023-06-19,1,279.0,entrada,6778
360,2023-06-19,2,280.0,entrada,10044
361,2023-06-19,4,290.0,entrada,12640
362,2023-06-19,4,281.0,entrada,7057
363,2023-06-19,4,282.0,entrada,11324
364,2023-06-19,2,283.0,entrada,4713
365,2023-06-19,3,284.0,entrada,6580
366,2023-06-19,2,285.0,entrada,7440
367,2023-06-19,1,291.0,entrada,3317
368,2023-06-19,3,166.0,merma,476
369,2023-06-19,1,287.0,entrada,12365
370,2023-06-19,1,288.0,entrada,5513
371,2023-06-19,1,289.0,entrada,10727
372,2023-06-19,3,286.0,entrada,9455
373,2023-06-20,4,,salida,8889
374,2023-06-20,1,,salida,27013
375,2023-06-20,3,,salida,20501
376,2023-06-20,3,178.0,merma,895
377,2023-06-20,1,,salida,619
378,2023-06-20,1,302.0,entrada,5369
379,2023-06-20,4,307.0,entrada,5352
380,2023-06-20,2,308.0,entrada,4279
381,2023-06-20,1,306.0,entrada,10733
382,2023-06-20,2,305.0,entrada,3411
383,2023-06-20,2,304.0,entrada,11976
384,2023-06-20,4,309.0,entrada,14962
385,2023-06-20,1,301.0,entrada,9659
386,2023-06-20,4,300.0,entrada,8163
387,2023-06-20,3,303.0,entrada,9205
388,2023-06-20,3,298.0,entrada,4043
389,2023-06-20,2,297.0,entrada,9319
390,2023-06-20,4,296.0,entrada,7525
391,2023-06-20,2,295.0,entrada,8587
392,2023-06-20,1,299.0,entrada,6198
393,2023-06-21,4,,salida,2716
394,2023-06-21,4,321.0,entrada,5600
395,2023-06-21,2,320.0,entrada,10895
396,2023-06-21,3,319.0,entrada,3510
397,2023-06-21,2,,salida,19635
398,2023-06-21,1,318.0,entrada,9812
399,2023-06-21,4,,salida,8007
400,2023-06-21,1,322.0,entrada,3450
401,2023-06-21,2,310.0,entrada,7231
402,2023-06-21,4,311.0,entrada,11066
403,2023-06-21,3,317.0,entrada,5502
404,2023-06-21,4,316.0,entrada,16304
405,2023-06-21,3,315.0,entrada,8550
406,2023-06-21,3,314.0,entrada,11231
407,2023-06-21,2,,salida,18735
408,2023-06-21,4,313.0,entrada,7177
409,2023-06-21,3,312.0,entrada,7673
410,2023-06-21,4,211.0,merma,1162
411,2023-06-22,2,335.0,entrada,3752
412,2023-06-22,1,262.0,merma,1485
413,2023-06-22,3,,salida,32205
414,2023-06-22,4,,salida,6055
415,2023-06-22,4,336.0,entrada,15434
416,2023-06-22,4,323.0,entrada,6122
417,2023-06-22,2,324.0,entrada,12087
418,2023-06-22,2,325.0,entrada,9747
419,2023-06-22,1,,salida,14370
420,2023-06-22,3,327.0,entrada,7372
421,2023-06-22,3,334.0,entrada,9919
422,2023-06-22,1,332.0,entrada,11949
423,2023-06-22,2,326.0,entrada,10978
424,2023-06-22,1,331.0,entrada,10463
425,2023-06-22,4,330.0,entrada,4977
426,2023-06-22,4,333.0,entrada,3299
427,2023-06-22,3,328.0,entrada,9194
428,2023-06-22,4,329.0,entrada,9341
429,2023-06-23,4,340.0,entrada,9471
430,2023-06-23,1,337.0,entrada,6898
431,2023-06-23,4,351.0,entrada,16570
432,2023-06-23,3,350.0,entrada,5225
433,2023-06-23,4,349.0,entrada,10220
434,2023-06-23,4,348.0,entrada,3155
435,2023-06-23,2,,salida,48395
436,2023-06-23,3,347.0,entrada,11563
437,2023-06-23,3,346.0,entrada,11532
438,2023-06-23,3,345.0,entrada,15304
439,2023-06-23,3,338.0,entrada,11093
440,2023-06-23,1,,salida,3240
441,2023-06-23,4,339.0,entrada,8526
442,2023-06-23,3,343.0,entrada,8773
443,2023-06-23,4,342.0,entrada,5486
444,2023-06-23,3,341.0,entrada,4250
445,2023-06-23,2,344.0,entrada,9162
446,2023-06-24,3,366.0,entrada,3988
447,2023-06-24,3,,salida,11166
448,2023-06-24,3,365.0,entrada,4496
449,2023-06-24,2,364.0,entrada,3851
450,2023-06-24,1,363.0,entrada,12744
451,2023-06-24,1,362.0,entrada,10983
452,2023-06-24,4,361.0,entrada,13989
453,2023-06-24,3,360.0,entrada,9599
454,2023-06-24,1,359.0,entrada,7852
455,2023-06-24,3,,salida,10420
456,2023-06-24,4,358.0,entrada,6087
457,2023-06-24,3,356.0,entrada,9281
458,2023-06-24,4,355.0,entrada,6310
459,2023-06-24,4,354.0,entrada,9591
460,2023-06-24,1,353.0,entrada,10496
461,2023-06-24,1,352.0,entrada,5721
462,2023-06-24,2,367.0,entrada,15183
463,2023-06-24,2,357.0,entrada,4759
464,2023-06-25,1,278.0,merma,1552
465,2023-06-25,2,246.0,merma,1187
466,2023-06-25,3,,salida,51703
467,2023-06-25,3,319.0,merma,352
468,2023-06-25,4,372.0,entrada,10492
469,2023-06-25,1,380.0,entrada,10853
470,2023-06-25,1,384.0,entrada,4016
471,2023-06-25,4,383.0,entrada,4729
472,2023-06-25,2,382.0,entrada,11555
473,2023-06-25,4,381.0,entrada,4048
474,2023-06-25,2,379.0,entrada,9601
475,2023-06-25,1,378.0,entrada,5040
476,2023-06-25,4,376.0,entrada,9328
477,2023-06-25,4,377.0,entrada,14814
478,2023-06-25,4,374.0,entrada,5019
479,2023-06-25,2,373.0,entrada,4267
480,2023-06-25,4,371.0,entrada,7376
481,2023-06-25,3,370.0,entrada,7598
482,2023-06-25,3,369.0,entrada,11531
483,2023-06-25,2,368.0,entrada,6064
484,2023-06-25,1,375.0,entrada,9113
485,2023-06-26,4,397.0,entrada,10108
486,2023-06-26,4,396.0,entrada,3432
487,2023-06-26,1,,salida,16056
488,2023-06-26,2,,salida,13352
489,2023-06-26,1,,salida,59190
490,2023-06-26,4,,salida,1565
491,2023-06-26,3,395.0,entrada,10471
492,2023-06-26,4,,salida,3627
493,2023-06-26,4,394.0,entrada,5031
494,2023-06-26,4,386.0,entrada,11724
495,2023-06-26,3,392.0,entrada,9148
496,2023-06-26,3,391.0,entrada,8128
497,2023-06-26,1,390.0,entrada,4181
498,2023-06-26,1,389.0,entrada,9517
499,2023-06-26,3,388.0,entrada,7419
500,2023-06-26,3,387.0,entrada,9664
501,2023-06-26,3,,salida,12244
502,2023-06-26,4,393.0,entrada,12959
503,2023-06-26,3,,salida,22723
504,2023-06-26,1,385.0,entrada,6892
505,2023-06-26,2,323.0,merma,400
506,2023-06-26,4,287.0,merma,437
507,2023-06-27,4,406.0,entrada,12093
508,2023-06-27,2,410.0,entrada,3776
509,2023-06-27,4,409.0,entrada,4642
510,2023-06-27,4,408.0,entrada,9453
511,2023-06-27,2,407.0,entrada,3188
512,2023-06-27,1,,salida,14295
513,2023-06-27,2,,salida,16382
514,2023-06-27,3,,salida,16621
515,2023-06-27,4,405.0,entrada,12299
516,2023-06-27,1,404.0,entrada,14624
517,2023-06-27,3,403.0,entrada,6380
518,2023-06-27,4,402.0,entrada,4268
519,2023-06-27,4,401.0,entrada,10290
520,2023-06-27,1,400.0,entrada,8146
521,2023-06-27,4,399.0,entrada,9654
522,2023-06-27,2,398.0,entrada,7186
523,2023-06-27,4,289.0,merma,520
524,2023-06-27,3,351.0,merma,828
525,2023-06-27,4,,salida,85153
526,2023-06-27,3,411.0,entrada,15216
527,2023-06-27,3,,salida,2181
528,2023-06-28,3,424.0,entrada,3793
529,2023-06-28,2,423.0,entrada,10205
530,2023-06-28,2,422.0,entrada,10684
531,2023-06-28,2,418.0,entrada,8213
532,2023-06-28,1,426.0,entrada,5115
533,2023-06-28,1,427.0,entrada,3787
534,2023-06-28,4,428.0,entrada,14450
535,2023-06-28,4,,salida,325072
536,2023-06-28,4,425.0,entrada,9622
537,2023-06-28,2,421.0,entrada,5011
538,2023-06-28,4,412.0,entrada,6878
539,2023-06-28,4,419.0,entrada,9159
540,2023-06-28,2,382.0,merma,601
541,2023-06-28,4,339.0,merma,840
542,2023-06-28,2,420.0,entrada,14469
543,2023-06-28,1,,salida,57285
544,2023-06-28,2,,salida,109505
545,2023-06-28,1,414.0,entrada,7793
546,2023-06-28,3,415.0,entrada,9812
547,2023-06-28,1,416.0,entrada,4890
548,2023-06-28,1,417.0,entrada,6180
549,2023-06-28,2,413.0,entrada,9547
550,2023-06-29,1,431.0,entrada,7232
551,2023-06-29,4,434.0,entrada,9453
552,2023-06-29,4,438.0,entrada,14238
553,2023-06-29,3,439.0,entrada,3000
554,2023-06-29,4,437.0,entrada,10313
555,2023-06-29,2,432.0,entrada,4493
556,2023-06-29,1,433.0,entrada,5874
557,2023-06-29,1,,salida,6732
558,2023-06-29,1,,salida,38399
559,2023-06-29,1,429.0,entrada,11305
560,2023-06-29,1,,salida,7305
561,2023-06-29,4,436.0,entrada,5009
562,2023-06-29,3,440.0,entrada,10310
563,2023-06-29,1,441.0,entrada,5171
564,2023-06-29,4,442.0,entrada,3019
565,2023-06-29,4,430.0,entrada,9030
566,2023-06-29,4,435.0,entrada,14068
567,2023-06-30,2,362.0,merma,1095
568,2023-06-30,3,459.0,entrada,16373
569,2023-06-30,2,448.0,entrada,5183
570,2023-06-30,4,445.0,entrada,8332
571,2023-06-30,3,446.0,entrada,8385
572,2023-06-30,3,447.0,entrada,4424
573,2023-06-30,3,449.0,entrada,8438
574,2023-06-30,2,450.0,entrada,9295
575,2023-06-30,2,451.0,entrada,15197
576,2023-06-30,2,452.0,entrada,4748
577,2023-06-30,2,453.0,entrada,11007
578,2023-06-30,4,444.0,entrada,10450
579,2023-06-30,1,455.0,entrada,3302
580,2023-06-30,2,454.0,entrada,11437
581,2023-06-30,2,457.0,entrada,5099
582,2023-06-30,4,458.0,entrada,3221
583,2023-06-30,4,,salida,66260
584,2023-06-30,3,456.0,entrada,10821
585,2023-06-30,1,443.0,entrada,6622
586,2023-07-01,4,467.0,entrada,8336
587,2023-07-01,3,475.0,entrada,14080
588,2023-07-01,4,474.0,entrada,3511
589,2023-07-01,3,473.0,entrada,5290
590,2023-07-01,3,466.0,entrada,6384
591,2023-07-01,4,472.0,entrada,3204
592,2023-07-01,1,471.0,entrada,11541
593,2023-07-01,4,470.0,entrada,11237
594,2023-07-01,3,460.0,entrada,5982
595,2023-07-01,1,469.0,entrada,5444
596,2023-07-01,3,,salida,21379
597,2023-07-01,1,,salida,1041
598,2023-07-01,1,,salida,41294
599,2023-07-01,2,,salida,6515
600,2023-07-01,1,,salida,5604
601,2023-07-01,2,461.0,entrada,11883
602,2023-07-01,4,,salida,8640
603,2023-07-01,1,,salida,62699
604,2023-07-01,1,468.0,entrada,13156
605,2023-07-01,2,463.0,entrada,6172
606,2023-07-01,1,464.0,entrada,10391
607,2023-07-01,4,465.0,entrada,4449
608,2023-07-01,1,462.0,entrada,8726
609,2023-07-02,4,476.0,entrada,6394
610,2023-07-02,1,477.0,entrada,6159
611,2023-07-02,4,478.0,entrada,9747
612,2023-07-02,1,483.0,entrada,10204
613,2023-07-02,1,479.0,entrada,4952
614,2023-07-02,4,480.0,entrada,6921
615,2023-07-02,4,481.0,entrada,9419
616,2023-07-02,2,482.0,entrada,5094
617,2023-07-02,2,484.0,entrada,12558
618,2023-07-02,4,488.0,entrada,15022
619,2023-07-02,2,486.0,entrada,4535
620,2023-07-02,3,487.0,entrada,3524
621,2023-07-02,1,,salida,24488
622,2023-07-02,2,,salida,28272
623,2023-07-02,4,,salida,2428
624,2023-07-02,3,,salida,2539
625,2023-07-02,1,,salida,21513
626,2023-07-02,1,485.0,entrada,11715
627,2023-07-03,4,,salida,163672
628,2023-07-03,2,384.0,merma,155
629,2023-07-03,2,,salida,356
630,2023-07-03,3,,salida,7782
631,2023-07-03,1,,salida,99672
632,2023-07-03,4,,salida,7527
633,2023-07-03,4,,salida,13684
634,2023-07-03,2,,salida,4938
635,2023-07-03,1,492.0,entrada,4219
636,2023-07-03,3,497.0,entrada,4992
637,2023-07-03,1,499.0,entrada,12246
638,2023-07-03,4,498.0,entrada,11016
639,2023-07-03,1,502.0,entrada,5254
640,2023-07-03,3,496.0,entrada,13854
641,2023-07-03,1,495.0,entrada,9293
642,2023-07-03,2,494.0,entrada,7374
643,2023-07-03,1,493.0,entrada,5906
644,2023-07-03,4,491.0,entrada,9754
645,2023-07-03,1,490.0,entrada,6832
646,2023-07-03,1,489.0,entrada,9096
647,2023-07-03,1,503.0,entrada,16668
648,2023-07-03,4,500.0,entrada,3317
649,2023-07-03,3,501.0,entrada,10458
650,2023-07-04,4,504.0,entrada,7359
651,2023-07-04,3,505.0,entrada,9442
652,2023-07-04,1,506.0,entrada,7192
653,2023-07-04,4,507.0,entrada,10774
654,2023-07-04,3,508.0,entrada,4960
655,2023-07-04,4,509.0,entrada,6417
656,2023-07-04,1,511.0,entrada,12617
657,2023-07-04,2,512.0,entrada,4760
658,2023-07-04,3,513.0,entrada,3158
659,2023-07-04,2,514.0,entrada,10587
660,2023-07-04,2,510.0,entrada,7471
661,2023-07-04,1,,salida,15904
662,2023-07-04,2,515.0,entrada,4617
663,2023-07-04,3,516.0,entrada,14981
664,2023-07-05,2,518.0,entrada,10718
665,2023-07-05,2,,salida,36296
666,2023-07-05,2,525.0,entrada,4524
667,2023-07-05,3,526.0,entrada,11199
668,2023-07-05,4,532.0,entrada,16438
669,2023-07-05,1,531.0,entrada,3691
670,2023-07-05,4,517.0,entrada,6972
671,2023-07-05,3,,salida,47010
672,2023-07-05,2,530.0,entrada,4521
673,2023-07-05,3,527.0,entrada,11530
674,2023-07-05,2,528.0,entrada,3396
675,2023-07-05,3,,salida,25823
676,2023-07-05,2,442.0,merma,240
677,2023-07-05,2,523.0,entrada,7251
678,2023-07-05,3,522.0,entrada,5421
679,2023-07-05,3,524.0,entrada,9743
680,2023-07-05,4,519.0,entrada,7908
681,2023-07-05,4,521.0,entrada,4564
682,2023-07-05,2,472.0,merma,355
683,2023-07-05,2,520.0,entrada,11164
684,2023-07-05,2,529.0,entrada,10127
685,2023-07-05,3,454.0,merma,424
686,2023-07-06,3,535.0,entrada,7305
687,2023-07-06,1,534.0,entrada,9766
688,2023-07-06,4,537.0,entrada,4430
689,2023-07-06,1,533.0,entrada,5828
690,2023-07-06,3,538.0,entrada,6426
691,2023-07-06,1,545.0,entrada,10222
692,2023-07-06,1,539.0,entrada,8576
693,2023-07-06,2,540.0,entrada,8105
694,2023-07-06,4,546.0,entrada,5097
695,2023-07-06,3,541.0,entrada,11858
696,2023-07-06,2,542.0,entrada,10734
697,2023-07-06,3,543.0,entrada,10038
698,2023-07-06,2,544.0,entrada,3400
699,2023-07-06,2,536.0,entrada,9983
700,2023-07-06,1,547.0,entrada,3627
701,2023-07-06,2,,salida,32890
702,2023-07-06,4,,salida,3822
703,2023-07-06,3,,salida,70374
704,2023-07-06,1,,salida,39685
705,2023-07-06,1,,salida,78919
706,2023-07-06,3,467.0,merma,527
707,2023-07-06,1,,salida,61043
708,2023-07-06,4,,salida,100207
709,2023-07-06,1,,salida,17681
710,2023-07-06,2,,salida,13400
711,2023-07-06,4,,salida,2992
712,2023-07-07,1,553.0,entrada,5386
713,2023-07-07,4,554.0,entrada,8439
714,2023-07-07,1,555.0,entrada,8313
715,2023-07-07,4,557.0,entrada,5288
716,2023-07-07,4,552.0,entrada,9928
717,2023-07-07,2,558.0,entrada,10998
718,2023-07-07,4,559.0,entrada,10903
719,2023-07-07,2,560.0,entrada,3224
720,2023-07-07,4,561.0,entrada,10085
721,2023-07-07,3,562.0,entrada,5365
722,2023-07-07,4,556.0,entrada,14901
723,2023-07-07,1,551.0,entrada,6780
724,2023-07-07,4,491.0,merma,770
725,2023-07-07,2,549.0,entrada,9472
726,2023-07-07,4,548.0,entrada,6961
727,2023-07-07,1,,salida,4598
728,2023-07-07,1,,salida,9120
729,2023-07-07,3,564.0,entrada,14120
730,2023-07-07,3,,salida,139174
731,2023-07-07,3,,salida,10645
732,2023-07-07,2,,salida,10332
733,2023-07-07,3,550.0,entrada,10187
734,2023-07-07,3,563.0,entrada,3319
735,2023-07-08,2,,salida,39484
736,2023-07-08,1,,salida,11776
737,2023-07-08,3,,salida,1752
738,2023-07-08,4,,salida,29653
739,2023-07-08,2,,salida,3241
740,2023-07-08,2,576.0,entrada,3292
741,2023-07-08,2,566.0,entrada,12071
742,2023-07-08,3,532.0,merma,551
743,2023-07-08,4,565.0,entrada,6576
744,2023-07-08,2,579.0,entrada,13449
745,2023-07-08,1,577.0,entrada,5080
746,2023-07-08,3,575.0,entrada,11883
747,2023-07-08,2,574.0,entrada,9947
748,2023-07-08,2,578.0,entrada,3677
749,2023-07-08,3,572.0,entrada,9344
750,2023-07-08,2,571.0,entrada,9356
751,2023-07-08,3,570.0,entrada,5821
752,2023-07-08,3,569.0,entrada,4109
753,2023-07-08,4,568.0,entrada,10614
754,2023-07-08,2,567.0,entrada,9095
755,2023-07-08,1,573.0,entrada,4405
756,2023-07-09,1,591.0,entrada,3330
757,2023-07-09,3,487.0,merma,369
758,2023-07-09,1,510.0,merma,644
759,2023-07-09,3,,salida,32386
760,2023-07-09,4,594.0,entrada,17035
761,2023-07-09,1,593.0,entrada,2915
762,2023-07-09,4,592.0,entrada,4897
763,2023-07-09,1,590.0,entrada,11816
764,2023-07-09,2,587.0,entrada,9476
765,2023-07-09,3,588.0,entrada,5372
766,2023-07-09,2,580.0,entrada,9980
767,2023-07-09,2,581.0,entrada,8371
768,2023-07-09,4,589.0,entrada,9894
769,2023-07-09,4,583.0,entrada,9098
770,2023-07-09,1,582.0,entrada,7594
771,2023-07-09,2,585.0,entrada,5822
772,2023-07-09,3,586.0,entrada,8490
773,2023-07-09,3,,salida,53005
774,2023-07-09,2,584.0,entrada,4361
775,2023-07-09,1,,salida,52088
776,2023-07-10,1,,salida,22854
777,2023-07-10,2,,salida,28726
778,2023-07-10,1,,salida,53649
779,2023-07-10,4,463.0,merma,658
780,2023-07-10,4,,salida,7828
781,2023-07-10,3,,salida,10586
782,2023-07-10,3,605.0,entrada,10832
783,2023-07-10,4,595.0,entrada,7117
784,2023-07-10,4,596.0,entrada,9856
785,2023-07-10,1,597.0,entrada,8060
786,2023-07-10,3,598.0,entrada,6380
787,2023-07-10,4,599.0,entrada,10388
788,2023-07-10,2,600.0,entrada,6004
789,2023-07-10,1,601.0,entrada,8194
790,2023-07-10,3,607.0,entrada,3642
791,2023-07-10,4,602.0,entrada,12831
792,2023-07-10,4,603.0,entrada,5437
793,2023-07-10,2,604.0,entrada,11391
794,2023-07-10,3,606.0,entrada,5010
795,2023-07-10,4,608.0,entrada,14014
796,2023-07-11,4,609.0,entrada,7345
797,2023-07-11,4,,salida,23312
798,2023-07-11,3,,salida,53412
799,2023-07-11,1,625.0,entrada,16337
800,2023-07-11,3,623.0,entrada,4942
801,2023-07-11,4,610.0,entrada,8861
802,2023-07-11,1,611.0,entrada,8884
803,2023-07-11,2,612.0,entrada,7815
804,2023-07-11,4,613.0,entrada,10657
805,2023-07-11,2,614.0,entrada,4830
806,2023-07-11,2,615.0,entrada,6389
807,2023-07-11,2,624.0,entrada,3709
808,2023-07-11,2,,salida,7552
809,2023-07-11,1,617.0,entrada,13491
810,2023-07-11,4,618.0,entrada,5113
811,2023-07-11,3,619.0,entrada,10523
812,2023-07-11,3,620.0,entrada,11301
813,2023-07-11,4,621.0,entrada,3353
814,2023-07-11,2,622.0,entrada,9852
815,2023-07-11,3,616.0,entrada,8821
816,2023-07-12,4,544.0,merma,245
817,2023-07-12,2,531.0,merma,391
818,2023-07-12,2,636.0,entrada,5710
819,2023-07-12,1,631.0,entrada,5094
820,2023-07-12,2,641.0,entrada,14183
821,2023-07-12,1,634.0,entrada,8659
822,2023-07-12,1,633.0,entrada,8406
823,2023-07-12,4,632.0,entrada,5548
824,2023-07-12,3,630.0,entrada,10761
825,2023-07-12,3,629.0,entrada,6757
826,2023-07-12,2,628.0,entrada,9685
827,2023-07-12,1,627.0,entrada,10158
828,2023-07-12,2,635.0,entrada,14506
829,2023-07-12,2,626.0,entrada,7290
830,2023-07-12,3,,salida,11569
831,2023-07-12,1,,salida,4114
832,2023-07-12,4,640.0,entrada,3761
833,2023-07-12,2,639.0,entrada,10366
834,2023-07-12,3,638.0,entrada,10145
835,2023-07-12,1,637.0,entrada,10831
836,2023-07-12,3,,salida,7299
837,2023-07-13,1,647.0,entrada,7214
838,2023-07-13,3,651.0,entrada,12376
839,2023-07-13,4,652.0,entrada,3552
840,2023-07-13,1,650.0,entrada,10330
841,2023-07-13,2,655.0,entrada,17041
842,2023-07-13,4,649.0,entrada,5151
843,2023-07-13,1,648.0,entrada,14351
844,2023-07-13,1,646.0,entrada,5088
845,2023-07-13,3,,salida,35806
846,2023-07-13,1,644.0,entrada,8928
847,2023-07-13,4,643.0,entrada,9572
848,2023-07-13,2,642.0,entrada,6329
849,2023-07-13,1,654.0,entrada,3228
850,2023-07-13,1,,salida,679
851,2023-07-13,4,526.0,merma,419
852,2023-07-13,4,,salida,102910
853,2023-07-13,4,645.0,entrada,7794
854,2023-07-13,3,653.0,entrada,4403
855,2023-07-14,4,661.0,entrada,12973
856,2023-07-14,3,657.0,entrada,7290
857,2023-07-14,1,,salida,3447
858,2023-07-14,3,,salida,13831
859,2023-07-14,1,,salida,33110
860,2023-07-14,2,667.0,entrada,3756
861,2023-07-14,1,666.0,entrada,4858
862,2023-07-14,1,656.0,entrada,6617
863,2023-07-14,2,664.0,entrada,12722
864,2023-07-14,1,665.0,entrada,3548
865,2023-07-14,3,662.0,entrada,4489
866,2023-07-14,2,660.0,entrada,10134
867,2023-07-14,4,659.0,entrada,4927
868,2023-07-14,3,658.0,entrada,9584
869,2023-07-14,1,663.0,entrada,11351
870,2023-07-14,3,580.0,merma,990
871,2023-07-15,1,,salida,85381
872,2023-07-15,4,,salida,715
873,2023-07-15,4,565.0,merma,498
874,2023-07-15,2,,salida,2083
875,2023-07-15,3,683.0,entrada,4920
876,2023-07-15,2,674.0,entrada,5654
877,2023-07-15,1,685.0,entrada,13336
878,2023-07-15,4,684.0,entrada,3383
879,2023-07-15,1,682.0,entrada,9525
880,2023-07-15,4,681.0,entrada,3770
881,2023-07-15,2,679.0,entrada,10075
882,2023-07-15,4,678.0,entrada,5211
883,2023-07-15,4,677.0,entrada,12818
884,2023-07-15,2,680.0,entrada,12231
885,2023-07-15,4,675.0,entrada,8674
886,2023-07-15,2,673.0,entrada,4417
887,2023-07-15,2,672.0,entrada,9489
888,2023-07-15,1,671.0,entrada,6838
889,2023-07-15,3,670.0,entrada,7973
890,2023-07-15,1,669.0,entrada,11570
891,2023-07-15,4,668.0,entrada,6965
892,2023-07-15,1,676.0,entrada,9614
893,2023-07-16,2,698.0,entrada,9941
894,2023-07-16,2,699.0,entrada,4893
895,2023-07-16,3,700.0,entrada,3450
896,2023-07-16,4,641.0,merma,445
897,2023-07-16,2,,salida,1990
898,2023-07-16,4,,salida,8810
899,2023-07-16,3,697.0,entrada,3089
900,2023-07-16,2,701.0,entrada,14078
901,2023-07-16,4,696.0,entrada,11262
902,2023-07-16,2,691.0,entrada,4357
903,2023-07-16,4,694.0,entrada,5162
904,2023-07-16,1,693.0,entrada,14472
905,2023-07-16,2,692.0,entrada,9086
906,2023-07-16,2,690.0,entrada,10288
907,2023-07-16,3,689.0,entrada,6627
908,2023-07-16,1,688.0,entrada,9011
909,2023-07-16,2,695.0,entrada,10475
910,2023-07-16,2,687.0,entrada,10116
911,2023-07-16,2,686.0,entrada,7315
912,2023-07-17,4,716.0,entrada,5153
913,2023-07-17,3,717.0,entrada,3902
914,2023-07-17,4,718.0,entrada,16369
915,2023-07-17,4,,salida,20280
916,2023-07-17,2,631.0,merma,583
917,2023-07-17,1,,salida,72311
918,2023-07-17,4,715.0,entrada,9949
919,2023-07-17,3,587.0,merma,356
920,2023-07-17,4,714.0,entrada,3265
921,2023-07-17,4,708.0,entrada,8738
922,2023-07-17,2,712.0,entrada,11256
923,2023-07-17,3,711.0,entrada,4819
924,2023-07-17,4,710.0,entrada,12954
925,2023-07-17,4,709.0,entrada,8703
926,2023-07-17,4,702.0,entrada,12634
927,2023-07-17,1,703.0,entrada,8116
928,2023-07-17,4,704.0,entrada,6725
929,2023-07-17,1,705.0,entrada,10599
930,2023-07-17,1,706.0,entrada,3888
931,2023-07-17,4,707.0,entrada,5776
932,2023-07-17,1,713.0,entrada,12364
933,2023-07-18,2,,salida,1872
934,2023-07-18,2,,salida,24877
935,2023-07-18,4,730.0,entrada,4285
936,2023-07-18,3,731.0,entrada,16049
937,2023-07-18,3,728.0,entrada,9917
938,2023-07-18,4,719.0,entrada,6684
939,2023-07-18,4,720.0,entrada,9282
940,2023-07-18,2,721.0,entrada,7151
941,2023-07-18,3,722.0,entrada,11428
942,2023-07-18,4,723.0,entrada,5219
943,2023-07-18,1,729.0,entrada,4805
944,2023-07-18,1,724.0,entrada,5867
945,2023-07-18,1,726.0,entrada,8117
946,2023-07-18,3,727.0,entrada,14541
947,2023-07-18,1,725.0,entrada,8801
948,2023-07-19,3,607.0,merma,120
949,2023-07-19,1,598.0,merma,194
950,2023-07-19,2,,salida,18
951,2023-07-19,1,749.0,entrada,16374
952,2023-07-19,2,692.0,merma,872
953,2023-07-19,3,,salida,32743
954,2023-07-19,3,748.0,entrada,3705
955,2023-07-19,2,746.0,entrada,10796
956,2023-07-19,4,734.0,entrada,9660
957,2023-07-19,2,743.0,entrada,10146
958,2023-07-19,2,742.0,entrada,4388
959,2023-07-19,3,741.0,entrada,13885
960,2023-07-19,4,740.0,entrada,10134
961,2023-07-19,1,739.0,entrada,8234
962,2023-07-19,3,745.0,entrada,3323
963,2023-07-19,4,737.0,entrada,4656
964,2023-07-19,1,738.0,entrada,5714
965,2023-07-19,2,735.0,entrada,6957
966,2023-07-19,3,747.0,entrada,5109
967,2023-07-19,1,733.0,entrada,10427
968,2023-07-19,1,732.0,entrada,6184
969,2023-07-19,3,736.0,entrada,9802
970,2023-07-19,1,744.0,entrada,11516
971,2023-07-20,1,,salida,2348
972,2023-07-20,3,,salida,38422
973,2023-07-20,1,,salida,15977
974,2023-07-20,1,675.0,merma,401
975,2023-07-20,3,,salida,260840
976,2023-07-20,3,,salida,3460
977,2023-07-20,3,,salida,85
978,2023-07-20,4,761.0,entrada,2629
979,2023-07-20,2,756.0,entrada,9531
980,2023-07-20,2,757.0,entrada,14092
981,2023-07-20,3,758.0,entrada,5464
982,2023-07-20,2,753.0,entrada,4311
983,2023-07-20,1,759.0,entrada,12250
984,2023-07-20,3,760.0,entrada,10214
985,2023-07-20,2,755.0,entrada,7907
986,2023-07-20,2,754.0,entrada,7091
987,2023-07-20,2,762.0,entrada,9947
988,2023-07-20,1,763.0,entrada,4832
989,2023-07-20,2,764.0,entrada,3449
990,2023-07-20,4,751.0,entrada,8565
991,2023-07-20,1,765.0,entrada,14708
992,2023-07-20,2,750.0,entrada,6136
993,2023-07-20,1,752.0,entrada,6586
994,2023-07-21,1,776.0,entrada,10855
995,2023-07-21,1,781.0,entrada,17867
996,2023-07-21,1,777.0,entrada,3338
997,2023-07-21,3,780.0,entrada,3746
998,2023-07-21,4,779.0,entrada,5602
999,2023-07-21,2,775.0,entrada,4707
1000,2023-07-21,4,,salida,32565
1001,2023-07-21,4,778.0,entrada,11344
1002,2023-07-21,4,774.0,entrada,14693
1003,2023-07-21,1,,salida,2251
1004,2023-07-21,3,766.0,entrada,7226
1005,2023-07-21,1,767.0,entrada,12667
1006,2023-07-21,4,768.0,entrada,7141
1007,2023-07-21,4,769.0,entrada,6822
1008,2023-07-21,1,685.0,merma,1143
1009,2023-07-21,1,655.0,merma,729
1010,2023-07-21,3,634.0,merma,448
1011,2023-07-21,1,773.0,entrada,8586
1012,2023-07-21,1,772.0,entrada,8727
1013,2023-07-21,1,771.0,entrada,6473
1014,2023-07-21,1,770.0,entrada,4965
1015,2023-07-22,2,791.0,entrada,12360
1016,2023-07-22,4,,salida,6722
1017,2023-07-22,1,795.0,entrada,4921
1018,2023-07-22,4,794.0,entrada,9538
1019,2023-07-22,1,793.0,entrada,3430
1020,2023-07-22,4,792.0,entrada,11982
1021,2023-07-22,3,782.0,entrada,7521
1022,2023-07-22,4,784.0,entrada,9164
1023,2023-07-22,2,785.0,entrada,6957
1024,2023-07-22,1,786.0,entrada,10448
1025,2023-07-22,2,,salida,18707
1026,2023-07-22,4,788.0,entrada,5735
1027,2023-07-22,4,789.0,entrada,8585
1028,2023-07-22,3,790.0,entrada,9624
1029,2023-07-22,4,783.0,entrada,9515
1030,2023-07-22,3,787.0,entrada,4139
1031,2023-07-22,3,796.0,entrada,3967
1032,2023-07-22,1,674.0,merma,619
1033,2023-07-22,3,644.0,merma,564
1034,2023-07-22,1,797.0,entrada,15562
1035,2023-07-22,4,680.0,merma,569
1036,2023-07-22,1,648.0,merma,1026
1037,2023-07-23,4,,salida,34848
1038,2023-07-23,4,,salida,28549
1039,2023-07-23,1,,salida,4282
1040,2023-07-23,4,,salida,39087
1041,2023-07-23,4,,salida,21206
1042,2023-07-23,1,808.0,entrada,3873
1043,2023-07-23,2,809.0,entrada,13915
1044,2023-07-23,2,805.0,entrada,10903
1045,2023-07-23,1,804.0,entrada,5017
1046,2023-07-23,1,803.0,entrada,11647
1047,2023-07-23,2,802.0,entrada,7788
1048,2023-07-23,1,801.0,entrada,5737
1049,2023-07-23,3,800.0,entrada,9335
1050,2023-07-23,1,799.0,entrada,9296
1051,2023-07-23,3,798.0,entrada,6746
1052,2023-07-23,4,806.0,entrada,2683
1053,2023-07-23,4,807.0,entrada,10344
1054,2023-07-24,1,817.0,entrada,9273
1055,2023-07-24,2,823.0,entrada,15104
1056,2023-07-24,4,822.0,entrada,5027
1057,2023-07-24,2,,salida,103647
1058,2023-07-24,1,820.0,entrada,10266
1059,2023-07-24,4,819.0,entrada,5238
1060,2023-07-24,3,818.0,entrada,13125
1061,2023-07-24,1,,salida,17102
1062,2023-07-24,1,816.0,entrada,6299
1063,2023-07-24,4,815.0,entrada,4426
1064,2023-07-24,4,814.0,entrada,10442
1065,2023-07-24,1,813.0,entrada,7167
1066,2023-07-24,3,812.0,entrada,9312
1067,2023-07-24,3,811.0,entrada,11581
1068,2023-07-24,1,810.0,entrada,7330
1069,2023-07-24,3,821.0,entrada,9573
1070,2023-07-25,3,824.0,entrada,12794
1071,2023-07-25,3,837.0,entrada,13932
1072,2023-07-25,3,,salida,26739
1073,2023-07-25,4,836.0,entrada,3479
1074,2023-07-25,4,,salida,30739
1075,2023-07-25,3,829.0,entrada,6327
1076,2023-07-25,1,835.0,entrada,4805
1077,2023-07-25,4,834.0,entrada,10550
1078,2023-07-25,3,833.0,entrada,3199
1079,2023-07-25,1,832.0,entrada,11758
1080,2023-07-25,1,831.0,entrada,15731
1081,2023-07-25,4,830.0,entrada,9417
1082,2023-07-25,2,828.0,entrada,4717
1083,2023-07-25,3,827.0,entrada,9261
1084,2023-07-25,4,826.0,entrada,6372
1085,2023-07-25,4,825.0,entrada,9912
1086,2023-07-26,1,846.0,entrada,8560
1087,2023-07-26,2,847.0,entrada,15973
1088,2023-07-26,1,853.0,entrada,3764
1089,2023-07-26,3,851.0,entrada,10193
1090,2023-07-26,3,854.0,entrada,17378
1091,2023-07-26,2,,salida,12899
1092,2023-07-26,2,848.0,entrada,4762
1093,2023-07-26,2,852.0,entrada,4537
1094,2023-07-26,1,845.0,entrada,8814
1095,2023-07-26,4,839.0,entrada,11890
1096,2023-07-26,1,843.0,entrada,4465
1097,2023-07-26,4,842.0,entrada,9118
1098,2023-07-26,3,841.0,entrada,6276
1099,2023-07-26,1,840.0,entrada,8247
1100,2023-07-26,2,850.0,entrada,3482
1101,2023-07-26,1,838.0,entrada,6435
1102,2023-07-26,4,,salida,3211
1103,2023-07-26,3,,salida,64778
1104,2023-07-26,3,844.0,entrada,6028
1105,2023-07-26,3,849.0,entrada,10554
1106,2023-07-27,4,,salida,124559
1107,2023-07-27,2,788.0,merma,632
1108,2023-07-27,3,,salida,85764
1109,2023-07-27,4,861.0,entrada,5827
1110,2023-07-27,1,,salida,43031
1111,2023-07-27,1,862.0,entrada,9255
1112,2023-07-27,2,863.0,entrada,8850
1113,2023-07-27,3,,salida,6325
1114,2023-07-27,3,860.0,entrada,3967
1115,2023-07-27,2,859.0,entrada,8939
1116,2023-07-27,2,864.0,entrada,15763
1117,2023-07-27,1,790.0,merma,917
1118,2023-07-27,4,865.0,entrada,4858
1119,2023-07-27,1,867.0,entrada,12607
1120,2023-07-27,2,868.0,entrada,3332
1121,2023-07-27,3,869.0,entrada,10079
1122,2023-07-27,2,870.0,entrada,4325
1123,2023-07-27,1,871.0,entrada,4147
1124,2023-07-27,3,857.0,entrada,9511
1125,2023-07-27,1,856.0,entrada,11188
1126,2023-07-27,3,855.0,entrada,6981
1127,2023-07-27,2,758.0,merma,633
1128,2023-07-27,3,858.0,entrada,5981
1129,2023-07-27,1,866.0,entrada,10653
1130,2023-07-28,3,876.0,entrada,10747
1131,2023-07-28,2,,salida,12782
1132,2023-07-28,2,800.0,merma,302
1133,2023-07-28,2,783.0,merma,353
1134,2023-07-28,3,775.0,merma,499
1135,2023-07-28,1,874.0,entrada,9881
1136,2023-07-28,2,873.0,entrada,11214
1137,2023-07-28,4,872.0,entrada,7620
1138,2023-07-28,1,887.0,entrada,16023
1139,2023-07-28,1,886.0,entrada,4129
1140,2023-07-28,4,885.0,entrada,11176
1141,2023-07-28,2,875.0,entrada,5922
1142,2023-07-28,3,883.0,entrada,9818
1143,2023-07-28,2,877.0,entrada,4515
1144,2023-07-28,2,878.0,entrada,6367
1145,2023-07-28,3,,salida,6942
1146,2023-07-28,1,879.0,entrada,8343
1147,2023-07-28,4,884.0,entrada,3043
1148,2023-07-28,1,881.0,entrada,13537
1149,2023-07-28,1,880.0,entrada,9188
1150,2023-07-28,2,882.0,entrada,4604
1151,2023-07-29,1,894.0,entrada,8539
1152,2023-07-29,4,902.0,entrada,3114
1153,2023-07-29,1,901.0,entrada,4545
1154,2023-07-29,3,900.0,entrada,9672
1155,2023-07-29,3,899.0,entrada,3102
1156,2023-07-29,4,898.0,entrada,9437
1157,2023-07-29,1,893.0,entrada,5929
1158,2023-07-29,2,897.0,entrada,4972
1159,2023-07-29,4,889.0,entrada,11436
1160,2023-07-29,1,890.0,entrada,7737
1161,2023-07-29,3,891.0,entrada,6164
1162,2023-07-29,2,903.0,entrada,14836
1163,2023-07-29,4,896.0,entrada,11789
1164,2023-07-29,4,895.0,entrada,8736
1165,2023-07-29,2,888.0,entrada,6766
1166,2023-07-29,3,892.0,entrada,4865
1167,2023-07-29,3,,salida,28282
1168,2023-07-29,1,828.0,merma,287
1169,2023-07-29,4,,salida,4986
1170,2023-07-29,2,,salida,9075
1171,2023-07-29,2,,salida,19011
1172,2023-07-29,2,853.0,merma,419
1173,2023-07-30,2,910.0,entrada,9587
1174,2023-07-30,2,907.0,entrada,6522
1175,2023-07-30,3,908.0,entrada,11716
1176,2023-07-30,3,909.0,entrada,8868
1177,2023-07-30,4,919.0,entrada,14657
1178,2023-07-30,1,913.0,entrada,9611
1179,2023-07-30,1,912.0,entrada,5498
1180,2023-07-30,2,914.0,entrada,12252
1181,2023-07-30,4,915.0,entrada,3139
1182,2023-07-30,2,916.0,entrada,10685
1183,2023-07-30,2,917.0,entrada,5043
1184,2023-07-30,3,911.0,entrada,11172
1185,2023-07-30,2,906.0,entrada,9251
1186,2023-07-30,4,918.0,entrada,3689
1187,2023-07-30,3,904.0,entrada,7634
1188,2023-07-30,4,813.0,merma,519
1189,2023-07-30,3,798.0,merma,660
1190,2023-07-30,3,,salida,73292
1191,2023-07-30,3,,salida,35202
1192,2023-07-30,4,,salida,8620
1193,2023-07-30,3,905.0,entrada,11355
1194,2023-07-31,4,,salida,5986
1195,2023-07-31,1,921.0,entrada,10946
1196,2023-07-31,3,922.0,entrada,8656
1197,2023-07-31,1,923.0,entrada,7994
1198,2023-07-31,3,924.0,entrada,5570
1199,2023-07-31,1,925.0,entrada,7845
1200,2023-07-31,3,926.0,entrada,10461
1201,2023-07-31,1,927.0,entrada,13074
1202,2023-07-31,4,928.0,entrada,5061
1203,2023-07-31,4,932.0,entrada,4683
1204,2023-07-31,1,930.0,entrada,3688
1205,2023-07-31,3,931.0,entrada,9578
1206,2023-07-31,1,933.0,entrada,4128
1207,2023-07-31,1,934.0,entrada,13060
1208,2023-07-31,2,,salida,7849
1209,2023-07-31,2,929.0,entrada,9651
1210,2023-07-31,4,920.0,entrada,5363
1211,2023-08-01,3,,salida,21802
1212,2023-08-01,3,,salida,98976
1213,2023-08-01,1,,salida,70466
1214,2023-08-01,3,,salida,6015
1215,2023-08-01,1,938.0,entrada,11155
1216,2023-08-01,4,935.0,entrada,10794
1217,2023-08-01,2,949.0,entrada,16154
1218,2023-08-01,4,948.0,entrada,4543
1219,2023-08-01,3,946.0,entrada,3353
1220,2023-08-01,1,945.0,entrada,11645
1221,2023-08-01,1,944.0,entrada,10901
1222,2023-08-01,4,943.0,entrada,5411
1223,2023-08-01,1,947.0,entrada,4962
1224,2023-08-01,4,941.0,entrada,8551
1225,2023-08-01,2,940.0,entrada,8364
1226,2023-08-01,2,939.0,entrada,6961
1227,2023-08-01,2,937.0,entrada,6623
1228,2023-08-01,1,942.0,entrada,13531
1229,2023-08-01,1,936.0,entrada,8961
1230,2023-08-02,4,954.0,entrada,9732
1231,2023-08-02,3,955.0,entrada,4479
1232,2023-08-02,3,956.0,entrada,6144
1233,2023-08-02,4,957.0,entrada,8412
1234,2023-08-02,1,958.0,entrada,7888
1235,2023-08-02,3,960.0,entrada,11948
1236,2023-08-02,1,961.0,entrada,9832
1237,2023-08-02,1,962.0,entrada,3251
1238,2023-08-02,1,953.0,entrada,7012
1239,2023-08-02,2,963.0,entrada,9230
1240,2023-08-02,2,959.0,entrada,15180
1241,2023-08-02,1,,salida,42964
1242,2023-08-02,3,964.0,entrada,5390
1243,2023-08-02,4,952.0,entrada,9271
1244,2023-08-02,4,,salida,53539
1245,2023-08-02,4,,salida,46060
1246,2023-08-02,3,965.0,entrada,3898
1247,2023-08-02,3,951.0,entrada,10651
1248,2023-08-02,1,950.0,entrada,6832
1249,2023-08-02,4,829.0,merma,197
1250,2023-08-02,1,848.0,merma,401
1251,2023-08-02,1,966.0,entrada,17018
1252,2023-08-02,4,,salida,5278
1253,2023-08-03,3,,salida,73123
1254,2023-08-03,4,,salida,12614
1255,2023-08-03,1,,salida,38876
1256,2023-08-03,1,934.0,merma,787
1257,2023-08-03,2,,salida,4574
1258,2023-08-03,4,971.0,entrada,6347
1259,2023-08-03,3,972.0,entrada,7691
1260,2023-08-03,4,975.0,entrada,10291
1261,2023-08-03,3,970.0,entrada,9262
1262,2023-08-03,2,969.0,entrada,8668
1263,2023-08-03,2,968.0,entrada,10059
1264,2023-08-03,2,976.0,entrada,10702
1265,2023-08-03,4,977.0,entrada,3139
1266,2023-08-03,1,967.0,entrada,6623
1267,2023-08-03,4,978.0,entrada,9665
1268,2023-08-03,4,979.0,entrada,4855
1269,2023-08-03,1,973.0,entrada,7643
1270,2023-08-03,3,974.0,entrada,4825
1271,2023-08-04,2,980.0,entrada,6835
1272,2023-08-04,4,983.0,entrada,10900
1273,2023-08-04,1,984.0,entrada,4756
1274,2023-08-04,4,985.0,entrada,6612
1275,2023-08-04,2,986.0,entrada,4987
1276,2023-08-04,4,987.0,entrada,11184
1277,2023-08-04,4,988.0,entrada,10346
1278,2023-08-04,2,989.0,entrada,3718
1279,2023-08-04,4,990.0,entrada,10139
1280,2023-08-04,2,991.0,entrada,5702
1281,2023-08-04,4,982.0,entrada,6986
1282,2023-08-04,4,981.0,entrada,8532
1283,2023-08-04,3,,salida,85793
1284,2023-08-04,2,993.0,entrada,13510
1285,2023-08-04,3,,salida,22242
1286,2023-08-04,4,992.0,entrada,3392
1287,2023-08-05,3,,salida,31841
1288,2023-08-05,2,,salida,74815
1289,2023-08-05,4,1007.0,entrada,16407
1290,2023-08-05,1,1006.0,entrada,4429
1291,2023-08-05,1,1005.0,entrada,3790
1292,2023-08-05,1,1004.0,entrada,11499
1293,2023-08-05,4,994.0,entrada,5706
1294,2023-08-05,2,1001.0,entrada,7390
1295,2023-08-05,3,1000.0,entrada,5886
1296,2023-08-05,4,998.0,entrada,10547
1297,2023-08-05,1,997.0,entrada,6871
1298,2023-08-05,1,996.0,entrada,9045
1299,2023-08-05,4,995.0,entrada,9255
1300,2023-08-05,3,1002.0,entrada,8617
1301,2023-08-05,1,1003.0,entrada,12770
1302,2023-08-05,4,999.0,entrada,4499
1303,2023-08-05,3,,salida,29345
1304,2023-08-05,3,859.0,merma,465
1305,2023-08-05,1,,salida,81759
1306,2023-08-06,1,889.0,merma,1201
1307,2023-08-06,2,,salida,29176
1308,2023-08-06,2,1023.0,entrada,13386
1309,2023-08-06,1,1022.0,entrada,3905
1310,2023-08-06,1,1020.0,entrada,10288
1311,2023-08-06,4,1019.0,entrada,11408
1312,2023-08-06,3,1018.0,entrada,11280
1313,2023-08-06,2,1017.0,entrada,5648
1314,2023-08-06,2,1016.0,entrada,12692
1315,2023-08-06,1,1015.0,entrada,9251
1316,2023-08-06,3,1014.0,entrada,7463
1317,2023-08-06,1,1012.0,entrada,10294
1318,2023-08-06,1,1011.0,entrada,6253
1319,2023-08-06,3,1021.0,entrada,4830
1320,2023-08-06,4,1009.0,entrada,10621
1321,2023-08-06,4,1010.0,entrada,8235
1322,2023-08-06,4,,salida,32372
1323,2023-08-06,1,,salida,47938
1324,2023-08-06,2,,salida,5403
1325,2023-08-06,2,1013.0,entrada,6628
1326,2023-08-06,1,1008.0,entrada,6666
1327,2023-08-07,4,1032.0,entrada,10326
1328,2023-08-07,4,,salida,10393
1329,2023-08-07,2,,salida,157508
1330,2023-08-07,3,978.0,merma,477
1331,2023-08-07,2,1036.0,entrada,3440
1332,2023-08-07,1,1035.0,entrada,4678
1333,2023-08-07,2,1034.0,entrada,3527
1334,2023-08-07,1,1033.0,entrada,10683
1335,2023-08-07,3,1031.0,entrada,14029
1336,2023-08-07,1,1030.0,entrada,9197
1337,2023-08-07,1,1029.0,entrada,9204
1338,2023-08-07,3,1028.0,entrada,4879
1339,2023-08-07,4,,salida,7158
1340,2023-08-07,4,,salida,8721
1341,2023-08-07,2,1024.0,entrada,6979
1342,2023-08-07,4,,salida,8287
1343,2023-08-07,2,1026.0,entrada,7717
1344,2023-08-07,2,1027.0,entrada,10522
1345,2023-08-07,4,1025.0,entrada,9858
1346,2023-08-08,1,1044.0,entrada,14516
1347,2023-08-08,1,1050.0,entrada,5255
1348,2023-08-08,1,,salida,13692
1349,2023-08-08,2,1045.0,entrada,5220
1350,2023-08-08,3,,salida,1220
1351,2023-08-08,3,1046.0,entrada,9666
1352,2023-08-08,3,1047.0,entrada,13808
1353,2023-08-08,1,1048.0,entrada,3472
1354,2023-08-08,1,1049.0,entrada,10386
1355,2023-08-08,1,,salida,40047
1356,2023-08-08,4,,salida,144569
1357,2023-08-08,1,1052.0,entrada,14301
1358,2023-08-08,2,1051.0,entrada,3630
1359,2023-08-08,1,985.0,merma,554
1360,2023-08-08,4,1037.0,entrada,7587
1361,2023-08-08,1,1039.0,entrada,10470
1362,2023-08-08,3,1040.0,entrada,4736
1363,2023-08-08,3,1038.0,entrada,9510
1364,2023-08-08,2,1042.0,entrada,8803
1365,2023-08-08,3,1043.0,entrada,7933
1366,2023-08-08,1,1041.0,entrada,5842
1367,2023-08-09,3,,salida,27933
1368,2023-08-09,1,1056.0,entrada,4586
1369,2023-08-09,4,1057.0,entrada,5741
1370,2023-08-09,4,,salida,78392
1371,2023-08-09,1,1055.0,entrada,5983
1372,2023-08-09,2,,salida,35349
1373,2023-08-09,3,1058.0,entrada,7644
1374,2023-08-09,2,1059.0,entrada,7779
1375,2023-08-09,1,1067.0,entrada,14055
1376,2023-08-09,1,1061.0,entrada,5063
1377,2023-08-09,1,1062.0,entrada,8720
1378,2023-08-09,3,1054.0,entrada,8191
1379,2023-08-09,3,1063.0,entrada,11257
1380,2023-08-09,1,1064.0,entrada,3063
1381,2023-08-09,2,1065.0,entrada,9890
1382,2023-08-09,3,1066.0,entrada,3782
1383,2023-08-09,4,1060.0,entrada,14180
1384,2023-08-09,3,1053.0,entrada,6504
1385,2023-08-10,1,1078.0,entrada,10367
1386,2023-08-10,1,1083.0,entrada,15722
1387,2023-08-10,1,1082.0,entrada,3851
1388,2023-08-10,3,1081.0,entrada,4325
1389,2023-08-10,1,1080.0,entrada,11463
1390,2023-08-10,2,1079.0,entrada,3326
1391,2023-08-10,2,1077.0,entrada,12611
1392,2023-08-10,1,1076.0,entrada,9315
1393,2023-08-10,3,1074.0,entrada,5577
1394,2023-08-10,1,1075.0,entrada,8733
1395,2023-08-10,2,1072.0,entrada,11263
1396,2023-08-10,1,1071.0,entrada,6348
1397,2023-08-10,1,1070.0,entrada,9501
1398,2023-08-10,1,1069.0,entrada,11897
1399,2023-08-10,3,1068.0,entrada,6346
1400,2023-08-10,2,1073.0,entrada,4130
1401,2023-08-11,1,1086.0,entrada,6759
1402,2023-08-11,2,1096.0,entrada,3424
1403,2023-08-11,4,1084.0,entrada,6513
1404,2023-08-11,2,1085.0,entrada,11491
1405,2023-08-11,1,1087.0,entrada,6092
1406,2023-08-11,2,1097.0,entrada,14136
1407,2023-08-11,4,1089.0,entrada,9199
1408,2023-08-11,4,1088.0,entrada,9306
1409,2023-08-11,3,1094.0,entrada,10563
1410,2023-08-11,4,,salida,24460
1411,2023-08-11,4,,salida,26054
1412,2023-08-11,1,,salida,2920
1413,2023-08-11,4,1093.0,entrada,3207
1414,2023-08-11,2,1095.0,entrada,4847
1415,2023-08-11,3,1092.0,entrada,9979
1416,2023-08-11,4,1091.0,entrada,11588
1417,2023-08-11,2,1090.0,entrada,14465
1418,2023-08-11,3,,salida,15168
1419,2023-08-12,3,1101.0,entrada,4297
1420,2023-08-12,2,1102.0,entrada,6390
1421,2023-08-12,4,1103.0,entrada,8308
1422,2023-08-12,2,1099.0,entrada,7775
1423,2023-08-12,2,1098.0,entrada,9360
1424,2023-08-12,4,1106.0,entrada,9638
1425,2023-08-12,4,,salida,14173
1426,2023-08-12,3,1100.0,entrada,10897
1427,2023-08-12,1,1111.0,entrada,14544
1428,2023-08-12,3,1055.0,merma,532
1429,2023-08-12,3,1110.0,entrada,3509
1430,2023-08-12,4,,salida,12946
1431,2023-08-12,2,1108.0,entrada,9681
1432,2023-08-12,3,,salida,42562
1433,2023-08-12,2,1109.0,entrada,5496
1434,2023-08-12,1,1104.0,entrada,8790
1435,2023-08-12,1,1107.0,entrada,2897
1436,2023-08-12,2,1105.0,entrada,14217
1437,2023-08-13,3,1117.0,entrada,4364
1438,2023-08-13,2,1120.0,entrada,12571
1439,2023-08-13,1,1119.0,entrada,7894
1440,2023-08-13,3,1116.0,entrada,10626
1441,2023-08-13,2,1121.0,entrada,11183
1442,2023-08-13,3,1122.0,entrada,3680
1443,2023-08-13,3,1123.0,entrada,10590
1444,2023-08-13,3,1124.0,entrada,4977
1445,2023-08-13,2,1125.0,entrada,15853
1446,2023-08-13,1,1118.0,entrada,10059
1447,2023-08-13,3,1115.0,entrada,7194
1448,2023-08-13,1,,salida,43995
1449,2023-08-13,4,1113.0,entrada,9857
1450,2023-08-13,1,1112.0,entrada,6963
1451,2023-08-13,4,,salida,25051
1452,2023-08-13,2,1050.0,merma,423
1453,2023-08-13,3,,salida,43002
1454,2023-08-13,2,,salida,19436
1455,2023-08-13,1,,salida,21934
1456,2023-08-13,4,,salida,38196
1457,2023-08-13,3,,salida,588
1458,2023-08-13,3,1114.0,entrada,8531
1459,2023-08-14,2,1138.0,entrada,4360
1460,2023-08-14,3,1137.0,entrada,9967
1461,2023-08-14,3,1136.0,entrada,3204
1462,2023-08-14,3,1135.0,entrada,10582
1463,2023-08-14,3,1134.0,entrada,12886
1464,2023-08-14,2,1133.0,entrada,9443
1465,2023-08-14,4,1127.0,entrada,11511
1466,2023-08-14,2,1131.0,entrada,6318
1467,2023-08-14,2,1129.0,entrada,6511
1468,2023-08-14,2,1128.0,entrada,9882
1469,2023-08-14,4,1126.0,entrada,6497
1470,2023-08-14,4,1139.0,entrada,3997
1471,2023-08-14,2,1132.0,entrada,7179
1472,2023-08-14,1,1140.0,entrada,12420
1473,2023-08-14,2,1130.0,entrada,4354
1474,2023-08-14,4,,salida,59019
1475,2023-08-14,1,,salida,23765
1476,2023-08-14,4,,salida,21160
1477,2023-08-14,2,1022.0,merma,465
1478,2023-08-15,4,,salida,16242
1479,2023-08-15,1,1156.0,entrada,17442
1480,2023-08-15,4,1155.0,entrada,3589
1481,2023-08-15,2,1154.0,entrada,4421
1482,2023-08-15,4,1153.0,entrada,8582
1483,2023-08-15,1,1152.0,entrada,3718
1484,2023-08-15,1,1151.0,entrada,11026
1485,2023-08-15,1,1150.0,entrada,5393
1486,2023-08-15,2,1148.0,entrada,10026
1487,2023-08-15,3,1147.0,entrada,8790
1488,2023-08-15,2,1146.0,entrada,4136
1489,2023-08-15,4,1145.0,entrada,10824
1490,2023-08-15,3,1149.0,entrada,14506
1491,2023-08-15,4,1143.0,entrada,8312
1492,2023-08-15,1,1142.0,entrada,9864
1493,2023-08-15,2,1141.0,entrada,7064
1494,2023-08-15,4,1095.0,merma,357
1495,2023-08-15,3,1064.0,merma,121
1496,2023-08-15,3,,salida,17809
1497,2023-08-15,3,1144.0,entrada,8112
1498,2023-08-15,2,,salida,109585
1499,2023-08-16,1,1167.0,entrada,3632
1500,2023-08-16,2,1166.0,entrada,11212
1501,2023-08-16,1,1165.0,entrada,11190
1502,2023-08-16,2,1164.0,entrada,4585
1503,2023-08-16,2,1163.0,entrada,13491
1504,2023-08-16,1,1162.0,entrada,9302
1505,2023-08-16,4,1161.0,entrada,3785
1506,2023-08-16,2,1157.0,entrada,6838
1507,2023-08-16,1,1158.0,entrada,8685
1508,2023-08-16,3,,salida,1907
1509,2023-08-16,4,,salida,265521
1510,2023-08-16,2,,salida,17575
1511,2023-08-16,2,1042.0,merma,902
1512,2023-08-16,2,1168.0,entrada,5543
1513,2023-08-16,4,1159.0,entrada,7573
1514,2023-08-16,3,1169.0,entrada,15470
1515,2023-08-16,4,1160.0,entrada,9067
1516,2023-08-17,4,1171.0,entrada,11176
1517,2023-08-17,2,,salida,11004
1518,2023-08-17,3,,salida,7767
1519,2023-08-17,2,,salida,3780
1520,2023-08-17,3,,salida,20604
1521,2023-08-17,1,,salida,15784
1522,2023-08-17,4,1185.0,entrada,13821
1523,2023-08-17,3,1170.0,entrada,7311
1524,2023-08-17,4,1183.0,entrada,4646
1525,2023-08-17,4,1182.0,entrada,11100
1526,2023-08-17,4,1184.0,entrada,4110
1527,2023-08-17,3,1180.0,entrada,10031
1528,2023-08-17,3,1179.0,entrada,4811
1529,2023-08-17,4,1178.0,entrada,15497
1530,2023-08-17,3,1177.0,entrada,8483
1531,2023-08-17,3,1176.0,entrada,8922
1532,2023-08-17,1,1175.0,entrada,4248
1533,2023-08-17,3,1174.0,entrada,11066
1534,2023-08-17,3,1173.0,entrada,7032
1535,2023-08-17,3,1172.0,entrada,9353
1536,2023-08-17,2,1181.0,entrada,3544
1537,2023-08-18,3,,salida,58995
1538,2023-08-18,4,,salida,21313
1539,2023-08-18,1,1201.0,entrada,14161
1540,2023-08-18,1,1200.0,entrada,3755
1541,2023-08-18,2,1098.0,merma,891
1542,2023-08-18,3,1199.0,entrada,4520
1543,2023-08-18,4,1123.0,merma,452
1544,2023-08-18,2,1197.0,entrada,3559
1545,2023-08-18,4,1190.0,entrada,6663
1546,2023-08-18,1,1196.0,entrada,13105
1547,2023-08-18,2,1195.0,entrada,10734
1548,2023-08-18,4,1194.0,entrada,4338
1549,2023-08-18,4,1186.0,entrada,6404
1550,2023-08-18,3,1198.0,entrada,11707
1551,2023-08-18,1,1193.0,entrada,14300
1552,2023-08-18,3,1191.0,entrada,8192
1553,2023-08-18,3,1189.0,entrada,4557
1554,2023-08-18,4,1187.0,entrada,9876
1555,2023-08-18,1,1188.0,entrada,7482
1556,2023-08-18,3,1192.0,entrada,9132
1557,2023-08-19,1,1205.0,entrada,6584
1558,2023-08-19,1,1207.0,entrada,13214
1559,2023-08-19,2,1208.0,entrada,5471
1560,2023-08-19,1,1209.0,entrada,10238
1561,2023-08-19,1,1210.0,entrada,11756
1562,2023-08-19,2,1206.0,entrada,8105
1563,2023-08-19,1,,salida,13454
1564,2023-08-19,2,,salida,7553
1565,2023-08-19,3,,salida,4671
1566,2023-08-19,3,,salida,13270
1567,2023-08-19,4,1203.0,entrada,10795
1568,2023-08-19,4,1212.0,entrada,3657
1569,2023-08-19,2,1202.0,entrada,6607
1570,2023-08-19,4,1073.0,merma,240
1571,2023-08-19,4,1077.0,merma,1165
1572,2023-08-19,2,1213.0,entrada,16639
1573,2023-08-19,2,1204.0,entrada,7526
1574,2023-08-19,1,1211.0,entrada,10551
1575,2023-08-20,3,,salida,47568
1576,2023-08-20,1,,salida,101025
1577,2023-08-20,1,1221.0,entrada,13738
1578,2023-08-20,1,1223.0,entrada,11849
1579,2023-08-20,2,1214.0,entrada,6572
1580,2023-08-20,2,1215.0,entrada,9563
1581,2023-08-20,1,1216.0,entrada,6602
1582,2023-08-20,2,1217.0,entrada,9516
1583,2023-08-20,2,1218.0,entrada,6214
1584,2023-08-20,1,1219.0,entrada,8624
1585,2023-08-20,3,1220.0,entrada,9870
1586,2023-08-20,2,1222.0,entrada,11187
1587,2023-08-20,3,1224.0,entrada,10003
1588,2023-08-20,1,1225.0,entrada,5284
1589,2023-08-20,2,1226.0,entrada,3747
1590,2023-08-20,3,1227.0,entrada,16157
1591,2023-08-21,3,1231.0,entrada,10658
1592,2023-08-21,3,1230.0,entrada,6463
1593,2023-08-21,2,1229.0,entrada,10046
1594,2023-08-21,4,1228.0,entrada,10190
1595,2023-08-21,4,1232.0,entrada,5170
1596,2023-08-21,2,,salida,14522
1597,2023-08-21,2,,salida,7233
1598,2023-08-21,1,1233.0,entrada,8871
1599,2023-08-21,3,1240.0,entrada,10888
1600,2023-08-21,2,1235.0,entrada,13819
1601,2023-08-21,4,1242.0,entrada,17126
1602,2023-08-21,1,1241.0,entrada,3709
1603,2023-08-21,1,1239.0,entrada,3405
1604,2023-08-21,1,1234.0,entrada,9160
1605,2023-08-21,1,1237.0,entrada,10789
1606,2023-08-21,4,1236.0,entrada,4931
1607,2023-08-21,4,1238.0,entrada,11904
1608,2023-08-22,2,1247.0,entrada,5875
1609,2023-08-22,1,1255.0,entrada,10900
1610,2023-08-22,2,1249.0,entrada,7813
1611,2023-08-22,4,1250.0,entrada,12948
1612,2023-08-22,3,1251.0,entrada,4942
1613,2023-08-22,2,1252.0,entrada,10638
1614,2023-08-22,4,1253.0,entrada,11970
1615,2023-08-22,2,1254.0,entrada,3475
1616,2023-08-22,2,1248.0,entrada,8729
1617,2023-08-22,2,,salida,19325
1618,2023-08-22,3,1258.0,entrada,14574
1619,2023-08-22,2,1256.0,entrada,4517
1620,2023-08-22,2,1257.0,entrada,4058
1621,2023-08-22,3,1244.0,entrada,10979
1622,2023-08-22,3,1243.0,entrada,6946
1623,2023-08-22,3,1245.0,entrada,10275
1624,2023-08-22,1,,salida,76622
1625,2023-08-22,4,1246.0,entrada,4855
1626,2023-08-23,2,,salida,228268
1627,2023-08-23,1,,salida,31587
1628,2023-08-23,2,,salida,3998
1629,2023-08-23,1,,salida,59683
1630,2023-08-23,1,,salida,62198
1631,2023-08-23,4,1186.0,merma,542
1632,2023-08-23,4,1187.0,merma,430
1633,2023-08-23,4,1259.0,entrada,6927
1634,2023-08-23,3,1262.0,entrada,7391
1635,2023-08-23,3,1273.0,entrada,3782
1636,2023-08-23,2,1272.0,entrada,4293
1637,2023-08-23,2,1271.0,entrada,11544
1638,2023-08-23,2,1270.0,entrada,11335
1639,2023-08-23,1,1269.0,entrada,11910
1640,2023-08-23,4,1268.0,entrada,5247
1641,2023-08-23,3,1267.0,entrada,8881
1642,2023-08-23,3,1266.0,entrada,9021
1643,2023-08-23,3,1260.0,entrada,9341
1644,2023-08-23,3,1261.0,entrada,9726
1645,2023-08-23,2,1265.0,entrada,5926
1646,2023-08-23,3,1274.0,entrada,15782
1647,2023-08-23,3,1263.0,entrada,8904
1648,2023-08-23,3,1264.0,entrada,5078
1649,2023-08-24,3,1282.0,entrada,14520
1650,2023-08-24,3,1278.0,entrada,6991
1651,2023-08-24,1,1290.0,entrada,15942
1652,2023-08-24,2,1281.0,entrada,7649
1653,2023-08-24,4,1280.0,entrada,6043
1654,2023-08-24,1,1279.0,entrada,4628
1655,2023-08-24,1,1283.0,entrada,5660
1656,2023-08-24,3,,salida,29113
1657,2023-08-24,4,,salida,9033
1658,2023-08-24,1,1277.0,entrada,9082
1659,2023-08-24,4,1276.0,entrada,11082
1660,2023-08-24,3,,salida,5632
1661,2023-08-24,4,1289.0,entrada,3529
1662,2023-08-24,1,1284.0,entrada,11151
1663,2023-08-24,3,1285.0,entrada,11118
1664,2023-08-24,2,1286.0,entrada,3140
1665,2023-08-24,2,1287.0,entrada,10170
1666,2023-08-24,2,1288.0,entrada,4941
1667,2023-08-24,3,1275.0,entrada,6788
1668,2023-08-25,1,1169.0,merma,608
1669,2023-08-25,4,,salida,21614
1670,2023-08-25,3,,salida,1496
1671,2023-08-25,4,1244.0,merma,343
1672,2023-08-25,3,,salida,17333
1673,2023-08-25,1,,salida,32163
1674,2023-08-25,4,,salida,5593
1675,2023-08-25,2,1305.0,entrada,16273
1676,2023-08-25,2,1304.0,entrada,3999
1677,2023-08-25,1,1299.0,entrada,14679
1678,2023-08-25,4,1302.0,entrada,3523
1679,2023-08-25,4,,salida,554
1680,2023-08-25,1,1298.0,entrada,8858
1681,2023-08-25,3,1297.0,entrada,8176
1682,2023-08-25,2,1296.0,entrada,6332
1683,2023-08-25,2,1300.0,entrada,5229
1684,2023-08-25,3,1301.0,entrada,11563
1685,2023-08-25,4,1295.0,entrada,4907
1686,2023-08-25,4,1293.0,entrada,8437
1687,2023-08-25,1,1292.0,entrada,10688
1688,2023-08-25,1,1291.0,entrada,6658
1689,2023-08-25,3,1210.0,merma,1293
1690,2023-08-25,1,1294.0,entrada,9734
1691,2023-08-25,3,1303.0,entrada,10071
1692,2023-08-26,4,,salida,122695
1693,2023-08-26,4,,salida,4555
1694,2023-08-26,1,,salida,136
1695,2023-08-26,4,1321.0,entrada,16806
1696,2023-08-26,2,1319.0,entrada,9622
1697,2023-08-26,4,1318.0,entrada,12467
1698,2023-08-26,2,1317.0,entrada,10517
1699,2023-08-26,4,1316.0,entrada,4780
1700,2023-08-26,2,1315.0,entrada,14413
1701,2023-08-26,1,1314.0,entrada,8899
1702,2023-08-26,1,1313.0,entrada,7702
1703,2023-08-26,3,1311.0,entrada,4228
1704,2023-08-26,4,1310.0,entrada,10925
1705,2023-08-26,1,1309.0,entrada,6470
1706,2023-08-26,4,1308.0,entrada,8421
1707,2023-08-26,4,1307.0,entrada,11178
1708,2023-08-26,3,1306.0,entrada,6017
1709,2023-08-26,3,1320.0,entrada,4053
1710,2023-08-26,2,1312.0,entrada,6554
1711,2023-08-26,1,,salida,35604
1712,2023-08-26,2,1264.0,merma,463
1713,2023-08-26,3,1228.0,merma,456
1714,2023-08-27,3,1333.0,entrada,10526
1715,2023-08-27,2,1339.0,entrada,14531
1716,2023-08-27,2,1338.0,entrada,3295
1717,2023-08-27,3,1337.0,entrada,5467
1718,2023-08-27,2,1336.0,entrada,10645
1719,2023-08-27,4,1335.0,entrada,3179
1720,2023-08-27,4,1334.0,entrada,12439
1721,2023-08-27,2,1332.0,entrada,4407
1722,2023-08-27,2,1331.0,entrada,15416
1723,2023-08-27,1,1330.0,entrada,8209
1724,2023-08-27,2,1329.0,entrada,8071
1725,2023-08-27,2,,salida,36070
1726,2023-08-27,1,1328.0,entrada,6174
1727,2023-08-27,2,1225.0,merma,447
1728,2023-08-27,1,,salida,12535
1729,2023-08-27,3,1322.0,entrada,6557
1730,2023-08-27,1,1323.0,entrada,10897
1731,2023-08-27,2,1324.0,entrada,9397
1732,2023-08-27,2,,salida,38261
1733,2023-08-27,1,1325.0,entrada,6873
1734,2023-08-27,1,1326.0,entrada,10207
1735,2023-08-27,1,1327.0,entrada,4257
1736,2023-08-28,3,1347.0,entrada,9004
1737,2023-08-28,2,1215.0,merma,953
1738,2023-08-28,2,1340.0,entrada,6599
1739,2023-08-28,3,1341.0,entrada,11873
1740,2023-08-28,4,1342.0,entrada,9322
1741,2023-08-28,3,1343.0,entrada,6872
1742,2023-08-28,1,1344.0,entrada,10529
1743,2023-08-28,3,1345.0,entrada,3505
1744,2023-08-28,3,1346.0,entrada,6207
1745,2023-08-28,3,1353.0,entrada,8942
1746,2023-08-28,3,1348.0,entrada,9512
1747,2023-08-28,2,1354.0,entrada,4211
1748,2023-08-28,1,1350.0,entrada,10658
1749,2023-08-28,4,,salida,19281
1750,2023-08-28,4,,salida,47510
1751,2023-08-28,4,,salida,7612
1752,2023-08-28,2,1355.0,entrada,15275
1753,2023-08-28,3,,salida,98870
1754,2023-08-28,4,1349.0,entrada,13153
1755,2023-08-28,4,1352.0,entrada,3003
1756,2023-08-28,4,1351.0,entrada,11192
1757,2023-08-29,2,1368.0,entrada,14664
1758,2023-08-29,2,1366.0,entrada,12729
1759,2023-08-29,2,1362.0,entrada,8400
1760,2023-08-29,3,1358.0,entrada,10031
1761,2023-08-29,4,1359.0,entrada,9424
1762,2023-08-29,3,1360.0,entrada,4914
1763,2023-08-29,2,1361.0,entrada,6270
1764,2023-08-29,3,1367.0,entrada,3048
1765,2023-08-29,4,,salida,17466
1766,2023-08-29,3,,salida,6787
1767,2023-08-29,4,1356.0,entrada,6350
1768,2023-08-29,2,,salida,2122
1769,2023-08-29,4,1365.0,entrada,5093
1770,2023-08-29,2,,salida,41039
1771,2023-08-29,4,1357.0,entrada,10812
1772,2023-08-29,2,1218.0,merma,479
1773,2023-08-29,1,1363.0,entrada,8628
1774,2023-08-29,4,1232.0,merma,186
1775,2023-08-29,2,1364.0,entrada,15591
1776,2023-08-30,1,1378.0,entrada,11233
1777,2023-08-30,2,1379.0,entrada,3718
1778,2023-08-30,2,1381.0,entrada,4460
1779,2023-08-30,4,1377.0,entrada,10904
1780,2023-08-30,3,1383.0,entrada,15351
1781,2023-08-30,4,1382.0,entrada,3774
1782,2023-08-30,2,1380.0,entrada,10686
1783,2023-08-30,1,1376.0,entrada,4798
1784,2023-08-30,3,1372.0,entrada,9725
1785,2023-08-30,2,1374.0,entrada,7530
1786,2023-08-30,4,1373.0,entrada,5943
1787,2023-08-30,3,1371.0,entrada,6147
1788,2023-08-30,2,1370.0,entrada,9489
1789,2023-08-30,1,1369.0,entrada,10337
1790,2023-08-30,3,,salida,13649
1791,2023-08-30,1,,salida,9812
1792,2023-08-30,3,1375.0,entrada,12758
1793,2023-08-30,4,1322.0,merma,370
1794,2023-08-30,1,,salida,20352
1795,2023-08-31,2,1396.0,entrada,5224
1796,2023-08-31,3,1397.0,entrada,3987
1797,2023-08-31,4,,salida,2337
1798,2023-08-31,3,,salida,921
1799,2023-08-31,1,1395.0,entrada,10684
1800,2023-08-31,1,,salida,4044
1801,2023-08-31,1,,salida,8081
1802,2023-08-31,2,1394.0,entrada,3227
1803,2023-08-31,1,1390.0,entrada,5740
1804,2023-08-31,2,1392.0,entrada,12635
1805,2023-08-31,2,1391.0,entrada,8830
1806,2023-08-31,3,1389.0,entrada,4289
1807,2023-08-31,4,1388.0,entrada,9832
1808,2023-08-31,1,1387.0,entrada,7194
1809,2023-08-31,4,1386.0,entrada,7935
1810,2023-08-31,1,1385.0,entrada,10810
1811,2023-08-31,4,1384.0,entrada,7004
1812,2023-08-31,3,,salida,138054
1813,2023-08-31,4,1393.0,entrada,5142
1814,2023-09-01,4,,salida,1556
1815,2023-09-01,4,1362.0,merma,456
1816,2023-09-01,2,1412.0,entrada,4703
1817,2023-09-01,4,1414.0,entrada,13376
1818,2023-09-01,1,1413.0,entrada,3523
1819,2023-09-01,4,1411.0,entrada,10319
1820,2023-09-01,2,1410.0,entrada,10979
1821,2023-09-01,3,1409.0,entrada,10130
1822,2023-09-01,1,1408.0,entrada,4839
1823,2023-09-01,4,1406.0,entrada,9814
1824,2023-09-01,2,1405.0,entrada,8368
1825,2023-09-01,2,1407.0,entrada,11813
1826,2023-09-01,1,1403.0,entrada,4397
1827,2023-09-01,3,1402.0,entrada,10905
1828,2023-09-01,3,1401.0,entrada,7738
1829,2023-09-01,1,1400.0,entrada,9779
1830,2023-09-01,4,1399.0,entrada,11170
1831,2023-09-01,3,1398.0,entrada,7809
1832,2023-09-01,3,,salida,32863
1833,2023-09-01,2,1404.0,entrada,5328
1834,2023-09-02,1,1422.0,entrada,4634
1835,2023-09-02,4,1283.0,merma,344
1836,2023-09-02,4,1319.0,merma,787
1837,2023-09-02,4,1425.0,entrada,4571
1838,2023-09-02,3,1424.0,entrada,3787
1839,2023-09-02,3,1423.0,entrada,8953
1840,2023-09-02,1,1421.0,entrada,13259
1841,2023-09-02,3,1427.0,entrada,16784
1842,2023-09-02,1,1419.0,entrada,8399
1843,2023-09-02,3,1418.0,entrada,5854
1844,2023-09-02,1,1417.0,entrada,4217
1845,2023-09-02,4,1416.0,entrada,11576
1846,2023-09-02,2,1415.0,entrada,8300
1847,2023-09-02,1,1420.0,entrada,8818
1848,2023-09-02,2,1426.0,entrada,3972
1849,2023-09-03,1,,salida,19795
1850,2023-09-03,4,,salida,1442
1851,2023-09-03,1,1320.0,merma,368
1852,2023-09-03,2,1437.0,entrada,10918
1853,2023-09-03,1,1438.0,entrada,4650
1854,2023-09-03,3,1428.0,entrada,6925
1855,2023-09-03,2,1429.0,entrada,10740
1856,2023-09-03,3,1430.0,entrada,8743
1857,2023-09-03,1,1431.0,entrada,6690
1858,2023-09-03,1,1432.0,entrada,7903
1859,2023-09-03,2,1433.0,entrada,13195
1860,2023-09-03,4,1434.0,entrada,4586
1861,2023-09-03,4,1435.0,entrada,10311
1862,2023-09-03,2,1436.0,entrada,12635
1863,2023-09-03,4,1439.0,entrada,3579
1864,2023-09-03,3,1440.0,entrada,14011
1865,2023-09-04,3,1454.0,entrada,9710
1866,2023-09-04,1,1455.0,entrada,4324
1867,2023-09-04,2,1457.0,entrada,15037
1868,2023-09-04,4,,salida,66553
1869,2023-09-04,3,1444.0,entrada,11085
1870,2023-09-04,3,,salida,2128
1871,2023-09-04,4,,salida,20636
1872,2023-09-04,4,1453.0,entrada,3196
1873,2023-09-04,2,,salida,2820
1874,2023-09-04,1,1452.0,entrada,11495
1875,2023-09-04,1,1456.0,entrada,3255
1876,2023-09-04,4,1450.0,entrada,5696
1877,2023-09-04,3,1445.0,entrada,4892
1878,2023-09-04,2,1442.0,entrada,9201
1879,2023-09-04,1,1441.0,entrada,10104
1880,2023-09-04,1,1446.0,entrada,5850
1881,2023-09-04,4,1443.0,entrada,7186
1882,2023-09-04,4,1447.0,entrada,8289
1883,2023-09-04,4,1448.0,entrada,9412
1884,2023-09-04,2,1449.0,entrada,14327
1885,2023-09-04,4,1451.0,entrada,8906
1886,2023-09-05,4,1469.0,entrada,11534
1887,2023-09-05,2,1474.0,entrada,16950
1888,2023-09-05,1,1473.0,entrada,3395
1889,2023-09-05,2,1472.0,entrada,4905
1890,2023-09-05,1,1471.0,entrada,9725
1891,2023-09-05,1,1470.0,entrada,3184
1892,2023-09-05,4,,salida,10345
1893,2023-09-05,2,1468.0,entrada,9852
1894,2023-09-05,2,1466.0,entrada,14017
1895,2023-09-05,3,1465.0,entrada,9347
1896,2023-09-05,3,1464.0,entrada,9079
1897,2023-09-05,1,1463.0,entrada,6081
1898,2023-09-05,1,1462.0,entrada,3862
1899,2023-09-05,1,1461.0,entrada,8435
1900,2023-09-05,3,1460.0,entrada,7229
1901,2023-09-05,2,1459.0,entrada,10460
1902,2023-09-05,4,1458.0,entrada,10137
1903,2023-09-05,2,1467.0,entrada,5423
1904,2023-09-06,4,,salida,19483
1905,2023-09-06,2,,salida,2590
1906,2023-09-06,3,1486.0,entrada,15821
1907,2023-09-06,1,,salida,26019
1908,2023-09-06,3,1485.0,entrada,4587
1909,2023-09-06,1,1484.0,entrada,9488
1910,2023-09-06,2,1483.0,entrada,9302
1911,2023-09-06,4,1480.0,entrada,9007
1912,2023-09-06,2,1479.0,entrada,8404
1913,2023-09-06,4,1478.0,entrada,4635
1914,2023-09-06,3,1477.0,entrada,9231
1915,2023-09-06,4,1476.0,entrada,11264
1916,2023-09-06,4,1475.0,entrada,9504
1917,2023-09-06,3,1481.0,entrada,12437
1918,2023-09-06,1,1482.0,entrada,5764
1919,2023-09-07,2,1495.0,entrada,9050
1920,2023-09-07,3,1487.0,entrada,6818
1921,2023-09-07,1,1488.0,entrada,12203
1922,2023-09-07,2,,salida,18243
1923,2023-09-07,3,1400.0,merma,1025
1924,2023-09-07,1,1489.0,entrada,9458
1925,2023-09-07,3,,salida,16754
1926,2023-09-07,2,1494.0,entrada,7799
1927,2023-09-07,1,1491.0,entrada,9423
1928,2023-09-07,3,1492.0,entrada,4389
1929,2023-09-07,1,1490.0,entrada,6859
1930,2023-09-07,3,1493.0,entrada,6457
1931,2023-09-07,3,1501.0,entrada,5197
1932,2023-09-07,3,1500.0,entrada,10656
1933,2023-09-07,3,1499.0,entrada,3934
1934,2023-09-07,4,1498.0,entrada,11129
1935,2023-09-07,4,1497.0,entrada,10915
1936,2023-09-07,1,1496.0,entrada,5282
1937,2023-09-07,2,1502.0,entrada,15835
1938,2023-09-08,3,1374.0,merma,629
1939,2023-09-08,1,,salida,146455
1940,2023-09-08,1,,salida,12037
1941,2023-09-08,2,,salida,10665
1942,2023-09-08,2,,salida,862
1943,2023-09-08,4,1373.0,merma,362
1944,2023-09-08,1,1513.0,entrada,4889
1945,2023-09-08,4,1519.0,entrada,13960
1946,2023-09-08,2,1503.0,entrada,8122
1947,2023-09-08,3,1504.0,entrada,9640
1948,2023-09-08,3,1505.0,entrada,8888
1949,2023-09-08,3,1506.0,entrada,7155
1950,2023-09-08,4,1507.0,entrada,9102
1951,2023-09-08,2,1508.0,entrada,4529
1952,2023-09-08,4,1509.0,entrada,5664
1953,2023-09-08,4,1510.0,entrada,7712
1954,2023-09-08,3,1511.0,entrada,8908
1955,2023-09-08,3,1512.0,entrada,13340
1956,2023-09-08,1,1514.0,entrada,11191
1957,2023-09-08,4,1515.0,entrada,3597
1958,2023-09-08,2,1516.0,entrada,9389
1959,2023-09-08,3,1517.0,entrada,5139
1960,2023-09-08,3,1518.0,entrada,4165
1961,2023-09-09,1,,salida,37084
1962,2023-09-09,3,,salida,138967
1963,2023-09-09,2,,salida,15732
1964,2023-09-09,2,1439.0,merma,346
1965,2023-09-09,3,1526.0,entrada,6693
1966,2023-09-09,3,1527.0,entrada,8028
1967,2023-09-09,1,1520.0,entrada,6681
1968,2023-09-09,2,1521.0,entrada,10112
1969,2023-09-09,1,1522.0,entrada,9406
1970,2023-09-09,1,1523.0,entrada,5513
1971,2023-09-09,1,1524.0,entrada,8913
1972,2023-09-09,1,1525.0,entrada,4653
1973,2023-09-09,1,1528.0,entrada,8880
1974,2023-09-09,2,1531.0,entrada,10654
1975,2023-09-09,2,1529.0,entrada,11796
1976,2023-09-09,4,1530.0,entrada,10847
1977,2023-09-09,1,1534.0,entrada,5549
1978,2023-09-09,2,1533.0,entrada,11091
1979,2023-09-09,2,1532.0,entrada,3606
1980,2023-09-09,3,1535.0,entrada,14128
1981,2023-09-10,2,,salida,48927
1982,2023-09-10,3,,salida,3696
1983,2023-09-10,1,,salida,107613
1984,2023-09-10,2,1536.0,entrada,6949
1985,2023-09-10,3,1541.0,entrada,4420
1986,2023-09-10,4,,salida,24288
1987,2023-09-10,2,1539.0,entrada,7291
1988,2023-09-10,2,1538.0,entrada,9661
1989,2023-09-10,1,1537.0,entrada,10090
1990,2023-09-10,2,,salida,4189
1991,2023-09-10,1,1540.0,entrada,10543
1992,2023-09-10,3,1542.0,entrada,6758
1993,2023-09-10,4,1546.0,entrada,5050
1994,2023-09-10,3,1548.0,entrada,11431
1995,2023-09-10,1,1549.0,entrada,3235
1996,2023-09-10,4,1550.0,entrada,11286
1997,2023-09-10,1,1551.0,entrada,5032
1998,2023-09-10,1,1552.0,entrada,4084
1999,2023-09-10,4,1543.0,entrada,8377
2000,2023-09-10,1,1544.0,entrada,9486
2001,2023-09-10,3,1553.0,entrada,16577
2002,2023-09-10,4,1545.0,entrada,12670
2003,2023-09-10,4,1547.0,entrada,10501
2004,2023-09-11,4,1418.0,merma,287
2005,2023-09-11,4,1554.0,entrada,11471
2006,2023-09-11,4,1555.0,entrada,8789
2007,2023-09-11,2,1557.0,entrada,10031
2008,2023-09-11,1,1556.0,entrada,6984
2009,2023-09-11,3,1560.0,entrada,8419
2010,2023-09-11,3,1561.0,entrada,5152
2011,2023-09-11,4,1562.0,entrada,9409
2012,2023-09-11,4,1563.0,entrada,11019
2013,2023-09-11,2,1564.0,entrada,3922
2014,2023-09-11,3,1565.0,entrada,9488
2015,2023-09-11,2,,salida,18493
2016,2023-09-11,3,1566.0,entrada,3727
2017,2023-09-11,1,1567.0,entrada,14689
2018,2023-09-11,2,,salida,15337
2019,2023-09-11,3,1558.0,entrada,4451
2020,2023-09-11,3,1559.0,entrada,5639
2021,2023-09-12,4,,salida,11940
2022,2023-09-12,3,,salida,1727
2023,2023-09-12,2,,salida,6902
2024,2023-09-12,3,,salida,60940
2025,2023-09-12,2,,salida,81587
2026,2023-09-12,2,1582.0,entrada,5437
2027,2023-09-12,1,1518.0,merma,278
2028,2023-09-12,4,1568.0,entrada,6151
2029,2023-09-12,3,1569.0,entrada,10452
2030,2023-09-12,2,1570.0,entrada,10315
2031,2023-09-12,2,1571.0,entrada,6791
2032,2023-09-12,4,1572.0,entrada,10516
2033,2023-09-12,2,1573.0,entrada,4411
2034,2023-09-12,2,1574.0,entrada,5790
2035,2023-09-12,1,,salida,13863
2036,2023-09-12,4,1575.0,entrada,7435
2037,2023-09-12,3,1577.0,entrada,15326
2038,2023-09-12,2,1578.0,entrada,5046
2039,2023-09-12,2,1579.0,entrada,11025
2040,2023-09-12,3,1580.0,entrada,3466
2041,2023-09-12,4,1581.0,entrada,10055
2042,2023-09-12,1,1583.0,entrada,3766
2043,2023-09-12,4,1584.0,entrada,14806
2044,2023-09-12,2,1509.0,merma,382
2045,2023-09-12,3,1576.0,entrada,8317
2046,2023-09-13,3,,salida,5946
2047,2023-09-13,1,,salida,1195
2048,2023-09-13,4,1596.0,entrada,10220
2049,2023-09-13,1,1469.0,merma,464
2050,2023-09-13,1,1598.0,entrada,16605
2051,2023-09-13,4,1597.0,entrada,3338
2052,2023-09-13,4,1594.0,entrada,13960
2053,2023-09-13,4,1593.0,entrada,8282
2054,2023-09-13,3,1592.0,entrada,8115
2055,2023-09-13,4,1591.0,entrada,6790
2056,2023-09-13,4,1595.0,entrada,3625
2057,2023-09-13,3,1589.0,entrada,10770
2058,2023-09-13,1,1588.0,entrada,8046
2059,2023-09-13,1,1587.0,entrada,9186
2060,2023-09-13,2,1586.0,entrada,11774
2061,2023-09-13,2,1585.0,entrada,7405
2062,2023-09-13,4,1590.0,entrada,4836
2063,2023-09-14,2,1612.0,entrada,3364
2064,2023-09-14,4,1613.0,entrada,10928
2065,2023-09-14,1,1614.0,entrada,4307
2066,2023-09-14,2,1615.0,entrada,3984
2067,2023-09-14,3,1616.0,entrada,14121
2068,2023-09-14,3,,salida,19789
2069,2023-09-14,3,,salida,10214
2070,2023-09-14,3,,salida,10797
2071,2023-09-14,1,1611.0,entrada,10539
2072,2023-09-14,1,,salida,6239
2073,2023-09-14,2,,salida,5924
2074,2023-09-14,3,1610.0,entrada,10937
2075,2023-09-14,2,1607.0,entrada,10589
2076,2023-09-14,1,1608.0,entrada,14477
2077,2023-09-14,1,,salida,2187
2078,2023-09-14,3,1606.0,entrada,8424
2079,2023-09-14,4,1605.0,entrada,6126
2080,2023-09-14,1,1604.0,entrada,4638
2081,2023-09-14,2,1603.0,entrada,10423
2082,2023-09-14,3,1602.0,entrada,6541
2083,2023-09-14,4,1523.0,merma,431
2084,2023-09-14,4,1599.0,entrada,7193
2085,2023-09-14,2,1609.0,entrada,5713
2086,2023-09-14,1,1600.0,entrada,10128
2087,2023-09-14,4,1601.0,entrada,9379
2088,2023-09-15,2,1623.0,entrada,7106
2089,2023-09-15,1,1489.0,merma,1134
2090,2023-09-15,1,,salida,21665
2091,2023-09-15,4,,salida,24523
2092,2023-09-15,1,1621.0,entrada,4567
2093,2023-09-15,1,1620.0,entrada,10743
2094,2023-09-15,2,1619.0,entrada,6691
2095,2023-09-15,1,1618.0,entrada,9501
2096,2023-09-15,3,1617.0,entrada,10944
2097,2023-09-15,2,1622.0,entrada,5098
2098,2023-09-15,4,1624.0,entrada,9486
2099,2023-09-15,2,1625.0,entrada,12101
2100,2023-09-15,3,1626.0,entrada,5262
2101,2023-09-15,4,1633.0,entrada,15748
2102,2023-09-15,1,1627.0,entrada,10229
2103,2023-09-15,1,1628.0,entrada,11047
2104,2023-09-15,3,1632.0,entrada,3802
2105,2023-09-15,3,1631.0,entrada,4967
2106,2023-09-15,2,1630.0,entrada,11520
2107,2023-09-15,3,1629.0,entrada,3320
2108,2023-09-16,3,1646.0,entrada,4333
2109,2023-09-16,1,1639.0,entrada,4032
2110,2023-09-16,2,1640.0,entrada,7773
2111,2023-09-16,1,1642.0,entrada,5197
2112,2023-09-16,1,1643.0,entrada,9380
2113,2023-09-16,2,1644.0,entrada,3844
2114,2023-09-16,3,1647.0,entrada,15469
2115,2023-09-16,1,1638.0,entrada,10149
2116,2023-09-16,1,1637.0,entrada,8016
2117,2023-09-16,4,1641.0,entrada,15063
2118,2023-09-16,1,1645.0,entrada,8830
2119,2023-09-16,1,1635.0,entrada,9990
2120,2023-09-16,3,1634.0,entrada,6291
2121,2023-09-16,2,1586.0,merma,1127
2122,2023-09-16,4,1584.0,merma,1488
2123,2023-09-16,3,1514.0,merma,1120
2124,2023-09-16,3,1498.0,merma,684
2125,2023-09-16,3,1636.0,entrada,9324
2126,2023-09-17,4,1660.0,entrada,4188
2127,2023-09-17,1,1659.0,entrada,5849
2128,2023-09-17,3,1658.0,entrada,9946
2129,2023-09-17,2,1657.0,entrada,3540
2130,2023-09-17,3,1656.0,entrada,9821
2131,2023-09-17,2,1655.0,entrada,5038
2132,2023-09-17,2,,salida,21117
2133,2023-09-17,3,1654.0,entrada,15180
2134,2023-09-17,1,1649.0,entrada,9625
2135,2023-09-17,2,1652.0,entrada,6075
2136,2023-09-17,2,,salida,20960
2137,2023-09-17,2,1650.0,entrada,6454
2138,2023-09-17,3,,salida,48493
2139,2023-09-17,4,1648.0,entrada,12542
2140,2023-09-17,4,,salida,41303
2141,2023-09-17,3,,salida,5846
2142,2023-09-17,2,1653.0,entrada,7875
2143,2023-09-17,3,1651.0,entrada,9237
2144,2023-09-18,3,1661.0,entrada,6024
2145,2023-09-18,4,1663.0,entrada,8575
2146,2023-09-18,3,1664.0,entrada,6610
2147,2023-09-18,3,1665.0,entrada,11070
2148,2023-09-18,2,1666.0,entrada,4811
2149,2023-09-18,4,1667.0,entrada,5622
2150,2023-09-18,1,1668.0,entrada,11551
2151,2023-09-18,3,1669.0,entrada,5129
2152,2023-09-18,4,1670.0,entrada,11645
2153,2023-09-18,2,1671.0,entrada,3787
2154,2023-09-18,1,1672.0,entrada,5458
2155,2023-09-18,4,1673.0,entrada,3511
2156,2023-09-18,1,,salida,414
2157,2023-09-18,2,,salida,61118
2158,2023-09-18,1,1674.0,entrada,14777
2159,2023-09-18,3,1662.0,entrada,9688
2160,2023-09-18,4,,salida,108883
2161,2023-09-19,2,1560.0,merma,449
2162,2023-09-19,1,1676.0,entrada,10970
2163,2023-09-19,3,,salida,166932
2164,2023-09-19,3,1677.0,entrada,8617
2165,2023-09-19,3,1678.0,entrada,6833
2166,2023-09-19,2,1679.0,entrada,9725
2167,2023-09-19,2,1680.0,entrada,4502
2168,2023-09-19,4,1681.0,entrada,5994
2169,2023-09-19,2,1682.0,entrada,8456
2170,2023-09-19,1,1683.0,entrada,9015
2171,2023-09-19,1,1684.0,entrada,12973
2172,2023-09-19,3,1685.0,entrada,4821
2173,2023-09-19,1,1686.0,entrada,11499
2174,2023-09-19,4,1687.0,entrada,10807
2175,2023-09-19,1,1688.0,entrada,3462
2176,2023-09-19,1,1689.0,entrada,9062
2177,2023-09-19,4,1690.0,entrada,5735
2178,2023-09-19,2,1691.0,entrada,3653
2179,2023-09-19,2,1692.0,entrada,14701
2180,2023-09-19,1,,salida,59671
2181,2023-09-19,1,1675.0,entrada,7104
2182,2023-09-20,1,,salida,62887
2183,2023-09-20,3,,salida,7232
2184,2023-09-20,2,,salida,2796
2185,2023-09-20,4,,salida,5454
2186,2023-09-20,4,,salida,84105
2187,2023-09-20,1,,salida,359
2188,2023-09-20,4,,salida,49794
2189,2023-09-20,1,1701.0,entrada,10811
2190,2023-09-20,1,1599.0,merma,645
2191,2023-09-20,3,1704.0,entrada,9810
2192,2023-09-20,3,1703.0,entrada,3163
2193,2023-09-20,2,1702.0,entrada,11775
2194,2023-09-20,4,1700.0,entrada,5313
2195,2023-09-20,1,1699.0,entrada,9256
2196,2023-09-20,3,1698.0,entrada,8221
2197,2023-09-20,1,1697.0,entrada,6215
2198,2023-09-20,3,1705.0,entrada,3786
2199,2023-09-20,4,1696.0,entrada,4725
2200,2023-09-20,1,1695.0,entrada,9442
2201,2023-09-20,4,1706.0,entrada,14086
2202,2023-09-20,4,1693.0,entrada,7974
2203,2023-09-20,2,1605.0,merma,217
2204,2023-09-20,3,1694.0,entrada,11248
2205,2023-09-21,1,1714.0,entrada,4534
2206,2023-09-21,1,1712.0,entrada,7958
2207,2023-09-21,1,1711.0,entrada,6924
2208,2023-09-21,2,1715.0,entrada,11268
2209,2023-09-21,2,1710.0,entrada,5122
2210,2023-09-21,4,1716.0,entrada,12970
2211,2023-09-21,3,1718.0,entrada,5104
2212,2023-09-21,4,1709.0,entrada,9337
2213,2023-09-21,2,1708.0,entrada,11059
2214,2023-09-21,2,1719.0,entrada,16011
2215,2023-09-21,4,1674.0,merma,1255
2216,2023-09-21,2,1644.0,merma,361
2217,2023-09-21,1,1713.0,entrada,14458
2218,2023-09-21,4,1717.0,entrada,10555
2219,2023-09-21,3,,salida,49395
2220,2023-09-21,3,1707.0,entrada,6247
2221,2023-09-21,3,,salida,12458
2222,2023-09-21,1,1589.0,merma,1190
2223,2023-09-21,2,,salida,19507
2224,2023-09-21,2,,salida,14731
2225,2023-09-21,1,,salida,18269
2226,2023-09-22,3,1733.0,entrada,9978
2227,2023-09-22,3,,salida,142426
2228,2023-09-22,4,1736.0,entrada,14592
2229,2023-09-22,1,1735.0,entrada,3635
2230,2023-09-22,4,1734.0,entrada,4709
2231,2023-09-22,3,1732.0,entrada,3421
2232,2023-09-22,2,1730.0,entrada,11190
2233,2023-09-22,2,1729.0,entrada,5138
2234,2023-09-22,1,1728.0,entrada,13003
2235,2023-09-22,4,1727.0,entrada,9217
2236,2023-09-22,2,1726.0,entrada,8613
2237,2023-09-22,2,1731.0,entrada,12248
2238,2023-09-22,2,1724.0,entrada,9461
2239,2023-09-22,2,1725.0,entrada,6055
2240,2023-09-22,4,,salida,44910
2241,2023-09-22,2,,salida,7804
2242,2023-09-22,1,,salida,26492
2243,2023-09-22,2,1721.0,entrada,10546
2244,2023-09-22,3,1722.0,entrada,9582
2245,2023-09-22,3,1723.0,entrada,6199
2246,2023-09-22,1,1720.0,entrada,6478
2247,2023-09-23,3,1749.0,entrada,5234
2248,2023-09-23,3,1744.0,entrada,5290
2249,2023-09-23,4,1747.0,entrada,3223
2250,2023-09-23,2,1746.0,entrada,11911
2251,2023-09-23,2,1745.0,entrada,11019
2252,2023-09-23,2,1742.0,entrada,9476
2253,2023-09-23,2,1743.0,entrada,8791
2254,2023-09-23,1,1748.0,entrada,8945
2255,2023-09-23,4,1741.0,entrada,6731
2256,2023-09-23,3,1686.0,merma,856
2257,2023-09-23,3,1695.0,merma,807
2258,2023-09-23,3,1740.0,entrada,4521
2259,2023-09-23,3,1739.0,entrada,9350
2260,2023-09-23,3,1738.0,entrada,10594
2261,2023-09-23,1,1737.0,entrada,6839
2262,2023-09-23,1,,salida,88174
2263,2023-09-23,1,,salida,57727
2264,2023-09-23,3,1750.0,entrada,3836
2265,2023-09-23,3,,salida,9169
2266,2023-09-23,4,,salida,11560
2267,2023-09-23,4,1751.0,entrada,16611
2268,2023-09-23,3,1603.0,merma,1041
2269,2023-09-23,2,1617.0,merma,706
2270,2023-09-24,3,1763.0,entrada,3092
2271,2023-09-24,1,1755.0,entrada,10487
2272,2023-09-24,4,1756.0,entrada,4305
2273,2023-09-24,1,1757.0,entrada,6908
2274,2023-09-24,1,1758.0,entrada,9420
2275,2023-09-24,3,1759.0,entrada,8543
2276,2023-09-24,3,1760.0,entrada,13092
2277,2023-09-24,4,1761.0,entrada,10032
2278,2023-09-24,3,1762.0,entrada,12073
2279,2023-09-24,4,1752.0,entrada,10743
2280,2023-09-24,3,1764.0,entrada,12553
2281,2023-09-24,1,1765.0,entrada,4414
2282,2023-09-24,4,1766.0,entrada,3594
2283,2023-09-24,2,1767.0,entrada,15139
2284,2023-09-24,4,,salida,161342
2285,2023-09-24,3,,salida,22098
2286,2023-09-24,4,,salida,19826
2287,2023-09-24,1,,salida,3417
2288,2023-09-24,2,,salida,10788
2289,2023-09-24,1,1621.0,merma,545
2290,2023-09-24,3,1754.0,entrada,6578
2291,2023-09-24,2,1753.0,entrada,10228
2292,2023-09-25,3,1778.0,entrada,5213
2293,2023-09-25,2,1777.0,entrada,13870
2294,2023-09-25,2,,salida,6040
2295,2023-09-25,3,,salida,11631
2296,2023-09-25,2,1784.0,entrada,14111
2297,2023-09-25,4,1783.0,entrada,4076
2298,2023-09-25,2,,salida,22289
2299,2023-09-25,2,1781.0,entrada,3719
2300,2023-09-25,4,1779.0,entrada,10737
2301,2023-09-25,3,1769.0,entrada,10579
2302,2023-09-25,1,1770.0,entrada,9016
2303,2023-09-25,3,1771.0,entrada,6871
2304,2023-09-25,3,1772.0,entrada,10490
2305,2023-09-25,1,1773.0,entrada,3571
2306,2023-09-25,4,1774.0,entrada,6910
2307,2023-09-25,3,1775.0,entrada,7047
2308,2023-09-25,1,1768.0,entrada,5943
2309,2023-09-25,4,1776.0,entrada,9634
2310,2023-09-25,4,1782.0,entrada,3894
2311,2023-09-25,4,1780.0,entrada,12726
2312,2023-09-26,3,1794.0,entrada,9871
2313,2023-09-26,3,1785.0,entrada,6822
2314,2023-09-26,4,1786.0,entrada,11530
2315,2023-09-26,4,1787.0,entrada,9503
2316,2023-09-26,4,1788.0,entrada,7150
2317,2023-09-26,1,1789.0,entrada,9473
2318,2023-09-26,3,,salida,7851
2319,2023-09-26,1,,salida,109727
2320,2023-09-26,3,,salida,28098
2321,2023-09-26,4,1657.0,merma,158
2322,2023-09-26,3,1793.0,entrada,4661
2323,2023-09-26,2,1790.0,entrada,6340
2324,2023-09-26,4,,salida,17402
2325,2023-09-26,3,1799.0,entrada,15123
2326,2023-09-26,1,1791.0,entrada,7981
2327,2023-09-26,3,1797.0,entrada,10297
2328,2023-09-26,2,1792.0,entrada,15066
2329,2023-09-26,2,1796.0,entrada,3245
2330,2023-09-26,4,1795.0,entrada,12393
2331,2023-09-26,2,1798.0,entrada,3244
2332,2023-09-27,4,,salida,2363
2333,2023-09-27,4,,salida,14581
2334,2023-09-27,2,,salida,5007
2335,2023-09-27,3,,salida,8227
2336,2023-09-27,1,1814.0,entrada,4021
2337,2023-09-27,4,1815.0,entrada,14909
2338,2023-09-27,1,1812.0,entrada,9310
2339,2023-09-27,1,1800.0,entrada,6208
2340,2023-09-27,3,1801.0,entrada,12598
2341,2023-09-27,1,1802.0,entrada,8232
2342,2023-09-27,3,1803.0,entrada,9808
2343,2023-09-27,4,1804.0,entrada,4371
2344,2023-09-27,1,1805.0,entrada,5225
2345,2023-09-27,3,1813.0,entrada,4320
2346,2023-09-27,3,1806.0,entrada,8209
2347,2023-09-27,4,1807.0,entrada,9511
2348,2023-09-27,1,1808.0,entrada,12901
2349,2023-09-27,4,1809.0,entrada,4672
2350,2023-09-27,2,1810.0,entrada,10605
2351,2023-09-27,2,1811.0,entrada,3431
2352,2023-09-28,2,,salida,6639
2353,2023-09-28,4,,salida,25109
2354,2023-09-28,2,1817.0,entrada,10228
2355,2023-09-28,3,1818.0,entrada,8741
2356,2023-09-28,2,1829.0,entrada,3473
2357,2023-09-28,1,1830.0,entrada,10419
2358,2023-09-28,3,1816.0,entrada,7042
2359,2023-09-28,4,1828.0,entrada,12387
2360,2023-09-28,2,1827.0,entrada,10870
2361,2023-09-28,1,1826.0,entrada,5159
2362,2023-09-28,3,,salida,24084
2363,2023-09-28,4,1833.0,entrada,16661
2364,2023-09-28,1,1825.0,entrada,14850
2365,2023-09-28,4,1824.0,entrada,9598
2366,2023-09-28,4,1823.0,entrada,8431
2367,2023-09-28,3,1822.0,entrada,6428
2368,2023-09-28,3,1821.0,entrada,4628
2369,2023-09-28,3,1820.0,entrada,11083
2370,2023-09-28,2,1819.0,entrada,5932
2371,2023-09-28,2,1831.0,entrada,5467
2372,2023-09-28,1,1832.0,entrada,3885
2373,2023-09-29,4,,salida,4840
2374,2023-09-29,3,,salida,104417
2375,2023-09-29,2,1765.0,merma,394
2376,2023-09-29,3,,salida,110500
2377,2023-09-29,3,1763.0,merma,321
2378,2023-09-29,2,1836.0,entrada,9522
2379,2023-09-29,1,,salida,30519
2380,2023-09-29,2,1837.0,entrada,7502
2381,2023-09-29,4,1838.0,entrada,10611
2382,2023-09-29,4,1839.0,entrada,4433
2383,2023-09-29,1,1840.0,entrada,6719
2384,2023-09-29,2,1841.0,entrada,8063
2385,2023-09-29,2,1842.0,entrada,8460
2386,2023-09-29,4,1843.0,entrada,12889
2387,2023-09-29,3,1844.0,entrada,5338
2388,2023-09-29,2,1845.0,entrada,12012
2389,2023-09-29,3,1846.0,entrada,10424
2390,2023-09-29,3,1834.0,entrada,6286
2391,2023-09-29,4,1847.0,entrada,3233
2392,2023-09-29,4,1848.0,entrada,10072
2393,2023-09-29,1,1849.0,entrada,5599
2394,2023-09-29,2,1850.0,entrada,3522
2395,2023-09-29,3,1851.0,entrada,14961
2396,2023-09-29,3,,salida,41868
2397,2023-09-29,4,1835.0,entrada,9532
2398,2023-09-29,1,,salida,658
2399,2023-09-30,2,1853.0,entrada,7054
2400,2023-09-30,3,,salida,87824
2401,2023-09-30,2,1856.0,entrada,8406
2402,2023-09-30,1,1857.0,entrada,12817
2403,2023-09-30,1,1858.0,entrada,4304
2404,2023-09-30,3,1859.0,entrada,9480
2405,2023-09-30,1,1860.0,entrada,10040
2406,2023-09-30,1,1852.0,entrada,9633
2407,2023-09-30,2,1861.0,entrada,3787
2408,2023-09-30,2,1862.0,entrada,8664
2409,2023-09-30,3,1863.0,entrada,4340
2410,2023-09-30,2,1864.0,entrada,3417
2411,2023-09-30,4,1865.0,entrada,15075
2412,2023-09-30,4,1855.0,entrada,6159
2413,2023-09-30,2,1750.0,merma,444
2414,2023-09-30,1,1761.0,merma,559
2415,2023-09-30,1,1854.0,entrada,11900
2416,2023-09-30,1,,salida,12150
2417,2023-09-30,2,,salida,17381
2418,2023-09-30,2,,salida,14106
2419,2023-09-30,4,,salida,13202
2420,2023-09-30,4,,salida,7235
2421,2023-09-30,2,,salida,18929
2422,2023-10-01,3,1871.0,entrada,3849
2423,2023-10-01,1,,salida,11794
2424,2023-10-01,2,,salida,9424
2425,2023-10-01,2,1866.0,entrada,6360
2426,2023-10-01,2,1867.0,entrada,12914
2427,2023-10-01,1,1868.0,entrada,8808
2428,2023-10-01,1,1869.0,entrada,7680
2429,2023-10-01,2,1870.0,entrada,11170
2430,2023-10-01,1,1872.0,entrada,7064
2431,2023-10-01,4,1879.0,entrada,5394
2432,2023-10-01,2,1874.0,entrada,8938
2433,2023-10-01,1,,salida,3251
2434,2023-10-01,2,1875.0,entrada,14649
2435,2023-10-01,4,1876.0,entrada,5274
2436,2023-10-01,1,1877.0,entrada,10998
2437,2023-10-01,2,1878.0,entrada,11554
2438,2023-10-01,1,1880.0,entrada,3076
2439,2023-10-01,3,1760.0,merma,394
2440,2023-10-01,3,1873.0,entrada,8429
2441,2023-10-01,3,1743.0,merma,657
2442,2023-10-02,2,1886.0,entrada,6625
2443,2023-10-02,1,1890.0,entrada,11474
2444,2023-10-02,2,1887.0,entrada,9305
2445,2023-10-02,3,1889.0,entrada,11845
2446,2023-10-02,4,1888.0,entrada,4843
2447,2023-10-02,2,1882.0,entrada,10017
2448,2023-10-02,2,1881.0,entrada,6610
2449,2023-10-02,2,1891.0,entrada,3464
2450,2023-10-02,1,1883.0,entrada,8968
2451,2023-10-02,4,1776.0,merma,976
2452,2023-10-02,1,1895.0,entrada,16043
2453,2023-10-02,1,1893.0,entrada,5261
2454,2023-10-02,3,,salida,69906
2455,2023-10-02,3,,salida,3926
2456,2023-10-02,2,1892.0,entrada,10855
2457,2023-10-02,1,1884.0,entrada,7160
2458,2023-10-02,1,1885.0,entrada,11140
2459,2023-10-02,3,1894.0,entrada,3455
2460,2023-10-03,3,1898.0,entrada,7925
2461,2023-10-03,1,1823.0,merma,320
2462,2023-10-03,2,1897.0,entrada,12109
2463,2023-10-03,1,,salida,3766
2464,2023-10-03,3,1896.0,entrada,7227
2465,2023-10-03,4,,salida,7498
2466,2023-10-03,2,1912.0,entrada,17467
2467,2023-10-03,4,,salida,11551
2468,2023-10-03,1,1910.0,entrada,4275
2469,2023-10-03,4,1911.0,entrada,3999
2470,2023-10-03,1,1908.0,entrada,3460
2471,2023-10-03,1,1907.0,entrada,11233
2472,2023-10-03,2,1906.0,entrada,4985
2473,2023-10-03,3,1905.0,entrada,14685
2474,2023-10-03,1,1904.0,entrada,8989
2475,2023-10-03,1,1903.0,entrada,7731
2476,2023-10-03,1,1902.0,entrada,6481
2477,2023-10-03,4,1901.0,entrada,4659
2478,2023-10-03,2,1900.0,entrada,9073
2479,2023-10-03,4,1899.0,entrada,7523
2480,2023-10-03,2,1909.0,entrada,11793
2481,2023-10-04,4,1929.0,entrada,16969
2482,2023-10-04,3,1928.0,entrada,3673
2483,2023-10-04,1,1927.0,entrada,4736
2484,2023-10-04,1,1926.0,entrada,10506
2485,2023-10-04,2,1918.0,entrada,5104
2486,2023-10-04,3,1924.0,entrada,12165
2487,2023-10-04,4,1923.0,entrada,11296
2488,2023-10-04,1,1922.0,entrada,4520
2489,2023-10-04,3,1921.0,entrada,12302
2490,2023-10-04,1,1920.0,entrada,9416
2491,2023-10-04,3,1919.0,entrada,6738
2492,2023-10-04,2,1916.0,entrada,7172
2493,2023-10-04,4,1915.0,entrada,8762
2494,2023-10-04,2,1913.0,entrada,6117
2495,2023-10-04,2,1925.0,entrada,3378
2496,2023-10-04,2,1914.0,entrada,12142
2497,2023-10-04,4,1917.0,entrada,10830
2498,2023-10-04,1,,salida,2991
2499,2023-10-04,4,,salida,1272
2500,2023-10-04,4,,salida,143407
2501,2023-10-04,2,,salida,4714
2502,2023-10-04,3,,salida,377
2503,2023-10-05,2,1943.0,entrada,11107
2504,2023-10-05,4,1942.0,entrada,3041
2505,2023-10-05,3,1941.0,entrada,9710
2506,2023-10-05,3,1940.0,entrada,11088
2507,2023-10-05,2,1939.0,entrada,4718
2508,2023-10-05,2,1938.0,entrada,13236
2509,2023-10-05,3,1937.0,entrada,10383
2510,2023-10-05,4,1936.0,entrada,8484
2511,2023-10-05,3,,salida,50067
2512,2023-10-05,4,1932.0,entrada,9663
2513,2023-10-05,3,1935.0,entrada,6364
2514,2023-10-05,3,,salida,36098
2515,2023-10-05,3,1934.0,entrada,4453
2516,2023-10-05,1,,salida,48371
2517,2023-10-05,3,,salida,12502
2518,2023-10-05,3,1930.0,entrada,6908
2519,2023-10-05,4,1931.0,entrada,10231
2520,2023-10-05,1,,salida,52626
2521,2023-10-05,1,1945.0,entrada,4033
2522,2023-10-05,2,1944.0,entrada,4662
2523,2023-10-05,1,1933.0,entrada,7659
2524,2023-10-05,3,1884.0,merma,618
2525,2023-10-05,4,1946.0,entrada,14322
2526,2023-10-06,1,1901.0,merma,517
2527,2023-10-06,3,1960.0,entrada,3507
2528,2023-10-06,4,1852.0,merma,723
2529,2023-10-06,3,1828.0,merma,714
2530,2023-10-06,1,1959.0,entrada,10079
2531,2023-10-06,3,1958.0,entrada,3629
2532,2023-10-06,4,,salida,23318
2533,2023-10-06,2,1957.0,entrada,10923
2534,2023-10-06,1,1947.0,entrada,7495
2535,2023-10-06,3,1955.0,entrada,8730
2536,2023-10-06,4,1954.0,entrada,8727
2537,2023-10-06,3,1953.0,entrada,4963
2538,2023-10-06,3,1952.0,entrada,4606
2539,2023-10-06,4,1951.0,entrada,9756
2540,2023-10-06,3,1950.0,entrada,7203
2541,2023-10-06,4,,salida,89125
2542,2023-10-06,4,1949.0,entrada,9435
2543,2023-10-06,2,1948.0,entrada,11192
2544,2023-10-06,1,1956.0,entrada,14654
2545,2023-10-06,1,,salida,27024
2546,2023-10-07,2,1961.0,entrada,5912
2547,2023-10-07,1,1962.0,entrada,12100
2548,2023-10-07,2,1963.0,entrada,10343
2549,2023-10-07,1,1966.0,entrada,7851
2550,2023-10-07,4,,salida,2981
2551,2023-10-07,1,1871.0,merma,261
2552,2023-10-07,2,1964.0,entrada,5951
2553,2023-10-07,1,,salida,11901
2554,2023-10-07,4,,salida,1653
2555,2023-10-07,2,1975.0,entrada,17297
2556,2023-10-07,1,,salida,1330
2557,2023-10-07,4,1974.0,entrada,3899
2558,2023-10-07,3,1973.0,entrada,4408
2559,2023-10-07,1,1965.0,entrada,8897
2560,2023-10-07,1,1972.0,entrada,10135
2561,2023-10-07,1,1971.0,entrada,3595
2562,2023-10-07,1,1970.0,entrada,10968
2563,2023-10-07,1,1969.0,entrada,9669
2564,2023-10-07,4,1968.0,entrada,5076
2565,2023-10-07,4,,salida,17496
2566,2023-10-07,1,1967.0,entrada,13795
2567,2023-10-07,4,,salida,551
2568,2023-10-08,2,1985.0,entrada,4908
2569,2023-10-08,2,1986.0,entrada,9416
2570,2023-10-08,2,1987.0,entrada,9917
2571,2023-10-08,4,1988.0,entrada,11097
2572,2023-10-08,3,1989.0,entrada,3478
2573,2023-10-08,1,1981.0,entrada,4197
2574,2023-10-08,4,1982.0,entrada,7999
2575,2023-10-08,2,1980.0,entrada,10978
2576,2023-10-08,3,1979.0,entrada,8171
2577,2023-10-08,3,1978.0,entrada,9056
2578,2023-10-08,3,1977.0,entrada,10380
2579,2023-10-08,1,1990.0,entrada,17306
2580,2023-10-08,1,1976.0,entrada,6885
2581,2023-10-08,4,1983.0,entrada,9701
2582,2023-10-08,3,1984.0,entrada,12568
2583,2023-10-08,2,,salida,18893
2584,2023-10-08,2,1888.0,merma,430
2585,2023-10-09,2,2003.0,entrada,16635
2586,2023-10-09,4,2002.0,entrada,4621
2587,2023-10-09,3,2001.0,entrada,11564
2588,2023-10-09,1,2000.0,entrada,3585
2589,2023-10-09,3,1999.0,entrada,12776
2590,2023-10-09,1,1998.0,entrada,10585
2591,2023-10-09,1,1996.0,entrada,10325
2592,2023-10-09,1,1995.0,entrada,8517
2593,2023-10-09,1,1994.0,entrada,5798
2594,2023-10-09,3,1993.0,entrada,4620
2595,2023-10-09,3,1992.0,entrada,10615
2596,2023-10-09,4,1991.0,entrada,10531
2597,2023-10-09,2,1997.0,entrada,14253
2598,2023-10-09,1,,salida,2434
2599,2023-10-09,1,1874.0,merma,790
2600,2023-10-09,1,,salida,9626
2601,2023-10-09,2,,salida,69917
2602,2023-10-09,1,,salida,28564
2603,2023-10-09,4,,salida,11839
2604,2023-10-09,1,,salida,15824
2605,2023-10-10,3,2011.0,entrada,12963
2606,2023-10-10,1,2012.0,entrada,5261
2607,2023-10-10,2,2013.0,entrada,8759
2608,2023-10-10,2,2015.0,entrada,3495
2609,2023-10-10,1,2010.0,entrada,9386
2610,2023-10-10,4,2016.0,entrada,11268
2611,2023-10-10,1,2017.0,entrada,5074
2612,2023-10-10,2,2018.0,entrada,3658
2613,2023-10-10,4,2014.0,entrada,10170
2614,2023-10-10,1,2009.0,entrada,8969
2615,2023-10-10,4,2005.0,entrada,10207
2616,2023-10-10,4,2007.0,entrada,4222
2617,2023-10-10,3,2006.0,entrada,9489
2618,2023-10-10,2,,salida,122088
2619,2023-10-10,4,2004.0,entrada,7209
2620,2023-10-10,4,,salida,9033
2621,2023-10-10,1,,salida,21615
2622,2023-10-10,4,,salida,7559
2623,2023-10-10,2,,salida,2294
2624,2023-10-10,1,2019.0,entrada,16609
2625,2023-10-10,1,,salida,6511
2626,2023-10-10,3,2008.0,entrada,6088
2627,2023-10-11,4,2020.0,entrada,6114
2628,2023-10-11,1,2025.0,entrada,4799
2629,2023-10-11,3,2022.0,entrada,9524
2630,2023-10-11,3,2021.0,entrada,9836
2631,2023-10-11,1,,salida,1945
2632,2023-10-11,1,,salida,13333
2633,2023-10-11,2,2034.0,entrada,15043
2634,2023-10-11,1,2032.0,entrada,9335
2635,2023-10-11,3,2031.0,entrada,3045
2636,2023-10-11,4,2030.0,entrada,10874
2637,2023-10-11,3,2033.0,entrada,3494
2638,2023-10-11,4,2028.0,entrada,15723
2639,2023-10-11,3,2027.0,entrada,9105
2640,2023-10-11,2,2026.0,entrada,5681
2641,2023-10-11,2,1944.0,merma,295
2642,2023-10-11,1,2024.0,entrada,10812
2643,2023-10-11,2,2023.0,entrada,6208
2644,2023-10-11,2,2029.0,entrada,5241
2645,2023-10-12,3,2048.0,entrada,3235
2646,2023-10-12,1,1909.0,merma,567
2647,2023-10-12,3,,salida,1944
2648,2023-10-12,3,,salida,18191
2649,2023-10-12,2,,salida,76432
2650,2023-10-12,2,,salida,26738
2651,2023-10-12,3,2049.0,entrada,14383
2652,2023-10-12,2,2047.0,entrada,4680
2653,2023-10-12,3,2040.0,entrada,4542
2654,2023-10-12,4,2045.0,entrada,12240
2655,2023-10-12,3,2044.0,entrada,5033
2656,2023-10-12,1,2043.0,entrada,9010
2657,2023-10-12,3,2042.0,entrada,8289
2658,2023-10-12,1,2041.0,entrada,7084
2659,2023-10-12,2,2039.0,entrada,9685
2660,2023-10-12,3,2038.0,entrada,6201
2661,2023-10-12,2,2037.0,entrada,9324
2662,2023-10-12,2,2036.0,entrada,10149
2663,2023-10-12,1,2035.0,entrada,6068
2664,2023-10-12,4,2046.0,entrada,3161
2665,2023-10-12,4,1977.0,merma,377
2666,2023-10-13,1,2050.0,entrada,7068
2667,2023-10-13,3,2052.0,entrada,9375
2668,2023-10-13,3,,salida,13259
2669,2023-10-13,4,,salida,53359
2670,2023-10-13,3,2019.0,merma,725
2671,2023-10-13,2,2051.0,entrada,9657
2672,2023-10-13,4,2064.0,entrada,14982
2673,2023-10-13,3,2063.0,entrada,4806
2674,2023-10-13,2,2062.0,entrada,10433
2675,2023-10-13,1,2061.0,entrada,3702
2676,2023-10-13,4,,salida,4484
2677,2023-10-13,2,2059.0,entrada,10223
2678,2023-10-13,3,2056.0,entrada,8181
2679,2023-10-13,4,2054.0,entrada,4595
2680,2023-10-13,3,2060.0,entrada,12001
2681,2023-10-13,2,2053.0,entrada,7076
2682,2023-10-13,3,2055.0,entrada,7033
2683,2023-10-13,3,2058.0,entrada,5506
2684,2023-10-13,2,2057.0,entrada,8286
2685,2023-10-14,1,2068.0,entrada,6994
2686,2023-10-14,2,,salida,13018
2687,2023-10-14,1,,salida,23166
2688,2023-10-14,2,,salida,48760
2689,2023-10-14,3,2065.0,entrada,6946
2690,2023-10-14,1,,salida,59743
2691,2023-10-14,2,,salida,1642
2692,2023-10-14,4,2067.0,entrada,8640
2693,2023-10-14,4,2012.0,merma,487
2694,2023-10-14,3,2079.0,entrada,3721
2695,2023-10-14,3,2078.0,entrada,9994
2696,2023-10-14,2,2069.0,entrada,9958
2697,2023-10-14,3,2070.0,entrada,4207
2698,2023-10-14,1,2071.0,entrada,5761
2699,2023-10-14,3,2072.0,entrada,8455
2700,2023-10-14,4,2066.0,entrada,10734
2701,2023-10-14,2,2074.0,entrada,15246
2702,2023-10-14,4,2073.0,entrada,9568
2703,2023-10-14,3,2075.0,entrada,5456
2704,2023-10-14,3,2076.0,entrada,10276
2705,2023-10-14,4,2077.0,entrada,3477
2706,2023-10-15,4,,salida,123
2707,2023-10-15,2,,salida,8801
2708,2023-10-15,4,,salida,176121
2709,2023-10-15,3,,salida,565989
2710,2023-10-15,1,,salida,2395
2711,2023-10-15,1,,salida,6976
2712,2023-10-15,4,2041.0,merma,713
2713,2023-10-15,4,2089.0,entrada,12034
2714,2023-10-15,4,2092.0,entrada,4726
2715,2023-10-15,2,2093.0,entrada,4064
2716,2023-10-15,2,2094.0,entrada,17072
2717,2023-10-15,1,2088.0,entrada,5230
2718,2023-10-15,2,2087.0,entrada,13820
2719,2023-10-15,1,2086.0,entrada,8116
2720,2023-10-15,1,2085.0,entrada,6272
2721,2023-10-15,2,2091.0,entrada,10523
2722,2023-10-15,2,2084.0,entrada,4742
2723,2023-10-15,4,2082.0,entrada,7466
2724,2023-10-15,1,2081.0,entrada,10046
2725,2023-10-15,4,2080.0,entrada,6921
2726,2023-10-15,1,2083.0,entrada,6574
2727,2023-10-15,1,2090.0,entrada,3240
2728,2023-10-16,1,,salida,12870
2729,2023-10-16,2,,salida,14431
2730,2023-10-16,3,,salida,2900
2731,2023-10-16,4,,salida,725
2732,2023-10-16,1,,salida,41633
2733,2023-10-16,2,2098.0,entrada,6992
2734,2023-10-16,3,2095.0,entrada,6973
2735,2023-10-16,2,2099.0,entrada,10832
2736,2023-10-16,3,2096.0,entrada,10905
2737,2023-10-16,3,2101.0,entrada,5862
2738,2023-10-16,1,2102.0,entrada,8199
2739,2023-10-16,1,2103.0,entrada,8882
2740,2023-10-16,2,2097.0,entrada,9812
2741,2023-10-16,2,2104.0,entrada,5085
2742,2023-10-16,3,2100.0,entrada,5236
2743,2023-10-16,4,2106.0,entrada,11676
2744,2023-10-16,3,2107.0,entrada,3160
2745,2023-10-16,3,2108.0,entrada,10876
2746,2023-10-16,3,2109.0,entrada,4482
2747,2023-10-16,2,2110.0,entrada,3967
2748,2023-10-16,4,2111.0,entrada,15067
2749,2023-10-16,4,2105.0,entrada,10634
2750,2023-10-17,2,,salida,14886
2751,2023-10-17,4,,salida,1037
2752,2023-10-17,2,,salida,71146
2753,2023-10-17,4,,salida,1309
2754,2023-10-17,1,,salida,2793
2755,2023-10-17,4,2121.0,entrada,5329
2756,2023-10-17,2,2116.0,entrada,4126
2757,2023-10-17,1,2127.0,entrada,17009
2758,2023-10-17,2,2126.0,entrada,4050
2759,2023-10-17,2,2125.0,entrada,5117
2760,2023-10-17,1,2124.0,entrada,11025
2761,2023-10-17,3,2123.0,entrada,13541
2762,2023-10-17,4,2120.0,entrada,15374
2763,2023-10-17,4,2122.0,entrada,10698
2764,2023-10-17,4,2118.0,entrada,8824
2765,2023-10-17,1,2117.0,entrada,6504
2766,2023-10-17,1,2115.0,entrada,9357
2767,2023-10-17,1,2114.0,entrada,7793
2768,2023-10-17,2,2113.0,entrada,9373
2769,2023-10-17,1,2112.0,entrada,6416
2770,2023-10-17,1,2119.0,entrada,8369
2771,2023-10-18,3,2129.0,entrada,10988
2772,2023-10-18,4,,salida,46985
2773,2023-10-18,2,,salida,23417
2774,2023-10-18,3,2128.0,entrada,6911
2775,2023-10-18,2,2140.0,entrada,11780
2776,2023-10-18,4,2141.0,entrada,11582
2777,2023-10-18,4,,salida,682
2778,2023-10-18,2,2142.0,entrada,4833
2779,2023-10-18,2,2143.0,entrada,13897
2780,2023-10-18,1,2093.0,merma,167
2781,2023-10-18,2,2139.0,entrada,11063
2782,2023-10-18,4,2138.0,entrada,5190
2783,2023-10-18,4,2018.0,merma,302
2784,2023-10-18,2,2137.0,entrada,14019
2785,2023-10-18,1,2131.0,entrada,7299
2786,2023-10-18,4,2130.0,entrada,8397
2787,2023-10-18,2,,salida,11355
2788,2023-10-18,1,2136.0,entrada,9192
2789,2023-10-18,3,2135.0,entrada,8756
2790,2023-10-18,1,2134.0,entrada,6452
2791,2023-10-18,2,2133.0,entrada,4366
2792,2023-10-18,1,2132.0,entrada,11794
2793,2023-10-19,3,,salida,3027
2794,2023-10-19,2,2078.0,merma,922
2795,2023-10-19,1,,salida,43351
2796,2023-10-19,1,,salida,2190
2797,2023-10-19,4,2157.0,entrada,3163
2798,2023-10-19,3,2158.0,entrada,9937
2799,2023-10-19,1,2145.0,entrada,11419
2800,2023-10-19,4,2146.0,entrada,9520
2801,2023-10-19,1,2147.0,entrada,6283
2802,2023-10-19,1,2148.0,entrada,8719
2803,2023-10-19,2,2149.0,entrada,4571
2804,2023-10-19,3,2150.0,entrada,6602
2805,2023-10-19,1,2151.0,entrada,8148
2806,2023-10-19,3,2152.0,entrada,8833
2807,2023-10-19,1,2153.0,entrada,13468
2808,2023-10-19,1,2154.0,entrada,5493
2809,2023-10-19,4,2155.0,entrada,10444
2810,2023-10-19,4,2156.0,entrada,11282
2811,2023-10-19,2,2159.0,entrada,4335
2812,2023-10-19,1,2160.0,entrada,3788
2813,2023-10-19,1,2144.0,entrada,6944
2814,2023-10-19,1,2161.0,entrada,16751
2815,2023-10-20,3,2163.0,entrada,6852
2816,2023-10-20,4,2164.0,entrada,9718
2817,2023-10-20,2,2165.0,entrada,4770
2818,2023-10-20,3,2166.0,entrada,6364
2819,2023-10-20,4,2167.0,entrada,8473
2820,2023-10-20,3,2168.0,entrada,9229
2821,2023-10-20,2,2169.0,entrada,11874
2822,2023-10-20,4,2170.0,entrada,5427
2823,2023-10-20,3,2171.0,entrada,11389
2824,2023-10-20,2,2172.0,entrada,10629
2825,2023-10-20,2,2174.0,entrada,9092
2826,2023-10-20,1,2175.0,entrada,5762
2827,2023-10-20,3,2176.0,entrada,3327
2828,2023-10-20,4,2177.0,entrada,14806
2829,2023-10-20,1,2162.0,entrada,8998
2830,2023-10-20,1,2102.0,merma,913
2831,2023-10-20,1,2173.0,entrada,2920
2832,2023-10-20,1,,salida,136052
2833,2023-10-20,1,,salida,395
2834,2023-10-20,4,,salida,144862
2835,2023-10-20,4,,salida,30217
2836,2023-10-21,2,2193.0,entrada,3734
2837,2023-10-21,4,,salida,6269
2838,2023-10-21,4,,salida,8877
2839,2023-10-21,4,,salida,124478
2840,2023-10-21,3,2040.0,merma,434
2841,2023-10-21,1,2192.0,entrada,4751
2842,2023-10-21,1,2194.0,entrada,13832
2843,2023-10-21,1,2088.0,merma,201
2844,2023-10-21,3,2179.0,entrada,11025
2845,2023-10-21,4,2178.0,entrada,7798
2846,2023-10-21,4,2181.0,entrada,6469
2847,2023-10-21,1,2182.0,entrada,10508
2848,2023-10-21,3,2183.0,entrada,7655
2849,2023-10-21,2,2184.0,entrada,7779
2850,2023-10-21,1,2185.0,entrada,9116
2851,2023-10-21,3,2186.0,entrada,13658
2852,2023-10-21,1,2187.0,entrada,4651
2853,2023-10-21,2,2188.0,entrada,10968
2854,2023-10-21,2,2189.0,entrada,10732
2855,2023-10-21,3,2190.0,entrada,3702
2856,2023-10-21,2,2191.0,entrada,10498
2857,2023-10-21,4,2180.0,entrada,9785
2858,2023-10-22,2,2202.0,entrada,8382
2859,2023-10-22,1,2201.0,entrada,8797
2860,2023-10-22,1,2200.0,entrada,5689
2861,2023-10-22,1,2195.0,entrada,7042
2862,2023-10-22,4,2198.0,entrada,10683
2863,2023-10-22,3,2197.0,entrada,9465
2864,2023-10-22,2,2196.0,entrada,11756
2865,2023-10-22,3,2203.0,entrada,14655
2866,2023-10-22,2,2199.0,entrada,3471
2867,2023-10-22,3,2204.0,entrada,4623
2868,2023-10-22,1,,salida,3761
2869,2023-10-22,1,2206.0,entrada,10657
2870,2023-10-22,1,2205.0,entrada,10076
2871,2023-10-22,1,2210.0,entrada,17423
2872,2023-10-22,2,2209.0,entrada,3866
2873,2023-10-22,2,2122.0,merma,560
2874,2023-10-22,3,,salida,69530
2875,2023-10-22,3,,salida,834
2876,2023-10-22,4,2208.0,entrada,11744
2877,2023-10-22,3,2207.0,entrada,3656
2878,2023-10-22,1,,salida,23756
2879,2023-10-22,4,2145.0,merma,462
2880,2023-10-23,1,2218.0,entrada,4779
2881,2023-10-23,3,2220.0,entrada,12663
2882,2023-10-23,4,2221.0,entrada,3047
2883,2023-10-23,2,2217.0,entrada,14789
2884,2023-10-23,2,2216.0,entrada,5351
2885,2023-10-23,2,2215.0,entrada,4976
2886,2023-10-23,3,2214.0,entrada,6685
2887,2023-10-23,4,2219.0,entrada,11721
2888,2023-10-23,3,2212.0,entrada,9669
2889,2023-10-23,2,2213.0,entrada,9513
2890,2023-10-23,1,2211.0,entrada,6138
2891,2023-10-23,1,2084.0,merma,556
2892,2023-10-23,1,2224.0,entrada,16782
2893,2023-10-23,3,,salida,3705
2894,2023-10-23,3,2222.0,entrada,4952
2895,2023-10-23,4,,salida,18818
2896,2023-10-23,2,2119.0,merma,983
2897,2023-10-23,2,2223.0,entrada,4120
2898,2023-10-24,2,2233.0,entrada,9439
2899,2023-10-24,3,2238.0,entrada,3893
2900,2023-10-24,4,2100.0,merma,315
2901,2023-10-24,3,,salida,9902
2902,2023-10-24,2,,salida,45875
2903,2023-10-24,1,2235.0,entrada,3430
2904,2023-10-24,4,2225.0,entrada,12137
2905,2023-10-24,1,2226.0,entrada,6650
2906,2023-10-24,3,2237.0,entrada,5566
2907,2023-10-24,1,,salida,20707
2908,2023-10-24,1,2228.0,entrada,6004
2909,2023-10-24,1,2229.0,entrada,8144
2910,2023-10-24,4,2230.0,entrada,9064
2911,2023-10-24,2,2231.0,entrada,14304
2912,2023-10-24,1,2232.0,entrada,5458
2913,2023-10-24,3,2234.0,entrada,11427
2914,2023-10-24,3,2227.0,entrada,10159
2915,2023-10-24,4,2236.0,entrada,10767
2916,2023-10-25,4,2249.0,entrada,3148
2917,2023-10-25,4,2239.0,entrada,6256
2918,2023-10-25,1,2240.0,entrada,11064
2919,2023-10-25,1,2241.0,entrada,9895
2920,2023-10-25,3,2242.0,entrada,6220
2921,2023-10-25,1,2243.0,entrada,10541
2922,2023-10-25,2,2244.0,entrada,3862
2923,2023-10-25,4,2245.0,entrada,5421
2924,2023-10-25,2,2246.0,entrada,8380
2925,2023-10-25,1,2247.0,entrada,10512
2926,2023-10-25,1,2250.0,entrada,10774
2927,2023-10-25,3,2248.0,entrada,11927
2928,2023-10-25,1,,salida,3590
2929,2023-10-25,3,2252.0,entrada,15458
2930,2023-10-25,3,,salida,3163
2931,2023-10-25,2,,salida,37454
2932,2023-10-25,2,,salida,3860
2933,2023-10-25,1,2251.0,entrada,4056
2934,2023-10-26,1,,salida,19115
2935,2023-10-26,3,,salida,2194
2936,2023-10-26,4,,salida,38679
2937,2023-10-26,3,,salida,515
2938,2023-10-26,4,,salida,8164
2939,2023-10-26,1,,salida,5540
2940,2023-10-26,2,,salida,4039
2941,2023-10-26,4,,salida,17422
2942,2023-10-26,2,,salida,1391
2943,2023-10-26,2,2254.0,entrada,9209
2944,2023-10-26,1,2266.0,entrada,3385
2945,2023-10-26,2,2265.0,entrada,4997
2946,2023-10-26,2,2263.0,entrada,12793
2947,2023-10-26,4,2262.0,entrada,11409
2948,2023-10-26,1,2261.0,entrada,5223
2949,2023-10-26,3,2260.0,entrada,10731
2950,2023-10-26,4,2259.0,entrada,8286
2951,2023-10-26,2,2258.0,entrada,5459
2952,2023-10-26,3,2257.0,entrada,4270
2953,2023-10-26,4,2256.0,entrada,10017
2954,2023-10-26,4,2255.0,entrada,6843
2955,2023-10-26,1,,salida,11899
2956,2023-10-26,4,2267.0,entrada,15958
2957,2023-10-26,2,2264.0,entrada,10362
2958,2023-10-26,2,2163.0,merma,439
2959,2023-10-26,3,2253.0,entrada,10101
2960,2023-10-27,3,2150.0,merma,226
2961,2023-10-27,3,,salida,24111
2962,2023-10-27,3,2282.0,entrada,15656
2963,2023-10-27,2,2281.0,entrada,3594
2964,2023-10-27,2,,salida,19297
2965,2023-10-27,1,2279.0,entrada,10212
2966,2023-10-27,2,2278.0,entrada,3299
2967,2023-10-27,4,2277.0,entrada,9258
2968,2023-10-27,1,2276.0,entrada,5210
2969,2023-10-27,4,2275.0,entrada,13204
2970,2023-10-27,2,2274.0,entrada,9447
2971,2023-10-27,1,2273.0,entrada,8030
2972,2023-10-27,1,2272.0,entrada,5051
2973,2023-10-27,1,2271.0,entrada,11344
2974,2023-10-27,3,2280.0,entrada,5705
2975,2023-10-27,1,2269.0,entrada,8754
2976,2023-10-27,4,2270.0,entrada,6604
2977,2023-10-27,3,,salida,19269
2978,2023-10-27,4,2268.0,entrada,10657
2979,2023-10-28,1,2290.0,entrada,13414
2980,2023-10-28,2,,salida,21097
2981,2023-10-28,2,2191.0,merma,1036
2982,2023-10-28,4,2296.0,entrada,14439
2983,2023-10-28,4,2295.0,entrada,4939
2984,2023-10-28,4,2294.0,entrada,9452
2985,2023-10-28,3,2293.0,entrada,12578
2986,2023-10-28,4,2292.0,entrada,10852
2987,2023-10-28,2,2291.0,entrada,5534
2988,2023-10-28,1,,salida,26128
2989,2023-10-28,1,2289.0,entrada,8988
2990,2023-10-28,3,2287.0,entrada,10891
2991,2023-10-28,1,2288.0,entrada,5742
2992,2023-10-28,2,2285.0,entrada,9123
2993,2023-10-28,4,2284.0,entrada,11183
2994,2023-10-28,4,2283.0,entrada,6340
2995,2023-10-28,4,,salida,31463
2996,2023-10-28,1,2228.0,merma,508
2997,2023-10-28,4,,salida,9539
2998,2023-10-28,4,2286.0,entrada,5294
2999,2023-10-29,1,2301.0,entrada,10919
3000,2023-10-29,1,2302.0,entrada,4825
3001,2023-10-29,4,2308.0,entrada,11462
3002,2023-10-29,3,2303.0,entrada,5726
3003,2023-10-29,1,2306.0,entrada,13405
3004,2023-10-29,1,2305.0,entrada,10130
3005,2023-10-29,3,2309.0,entrada,3937
3006,2023-10-29,3,2310.0,entrada,4406
3007,2023-10-29,2,2311.0,entrada,4033
3008,2023-10-29,4,2312.0,entrada,14908
3009,2023-10-29,1,2304.0,entrada,8065
3010,2023-10-29,2,2307.0,entrada,11050
3011,2023-10-29,1,2297.0,entrada,7308
3012,2023-10-29,1,2226.0,merma,220
3013,2023-10-29,4,,salida,16501
3014,2023-10-29,1,2196.0,merma,1215
3015,2023-10-29,4,2300.0,entrada,8050
3016,2023-10-29,3,2299.0,entrada,7738
3017,2023-10-29,3,2298.0,entrada,10770
3018,2023-10-29,4,,salida,34087
3019,2023-10-29,3,,salida,111093
3020,2023-10-29,3,,salida,161251
3021,2023-10-29,4,,salida,6462
3022,2023-10-29,1,,salida,18384
3023,2023-10-30,2,2322.0,entrada,11808
3024,2023-10-30,2,2323.0,entrada,3273
3025,2023-10-30,2,,salida,10345
3026,2023-10-30,3,2321.0,entrada,9861
3027,2023-10-30,3,2325.0,entrada,4647
3028,2023-10-30,1,2326.0,entrada,3647
3029,2023-10-30,4,2324.0,entrada,9298
3030,2023-10-30,3,2320.0,entrada,14429
3031,2023-10-30,1,2316.0,entrada,9417
3032,2023-10-30,1,2318.0,entrada,6456
3033,2023-10-30,2,2317.0,entrada,4425
3034,2023-10-30,3,2315.0,entrada,7516
3035,2023-10-30,1,2314.0,entrada,11166
3036,2023-10-30,3,2313.0,entrada,7009
3037,2023-10-30,3,,salida,18168
3038,2023-10-30,3,2319.0,entrada,9389
3039,2023-10-31,4,2331.0,entrada,10141
3040,2023-10-31,2,2327.0,entrada,7231
3041,2023-10-31,3,2328.0,entrada,9917
3042,2023-10-31,4,,salida,7643
3043,2023-10-31,2,2330.0,entrada,6706
3044,2023-10-31,2,2332.0,entrada,5948
3045,2023-10-31,3,2329.0,entrada,8277
3046,2023-10-31,1,2334.0,entrada,15933
3047,2023-10-31,1,2335.0,entrada,4674
3048,2023-10-31,4,2336.0,entrada,10529
3049,2023-10-31,3,2337.0,entrada,10655
3050,2023-10-31,2,2338.0,entrada,3174
3051,2023-10-31,4,2339.0,entrada,9887
3052,2023-10-31,1,2340.0,entrada,4970
3053,2023-10-31,2,2341.0,entrada,3666
3054,2023-10-31,3,2342.0,entrada,18712
3055,2023-10-31,2,2333.0,entrada,8994
3056,2023-10-31,1,2204.0,merma,397
3057,2023-11-01,2,2355.0,entrada,3893
3058,2023-11-01,3,2356.0,entrada,17343
3059,2023-11-01,3,,salida,4743
3060,2023-11-01,1,,salida,437
3061,2023-11-01,4,,salida,47431
3062,2023-11-01,1,,salida,8671
3063,2023-11-01,2,,salida,9136
3064,2023-11-01,4,,salida,641
3065,2023-11-01,4,2354.0,entrada,5410
3066,2023-11-01,1,,salida,2388
3067,2023-11-01,2,,salida,5752
3068,2023-11-01,3,2353.0,entrada,11102
3069,2023-11-01,1,2294.0,merma,783
3070,2023-11-01,1,2345.0,entrada,9961
3071,2023-11-01,4,2346.0,entrada,6110
3072,2023-11-01,3,2347.0,entrada,7734
3073,2023-11-01,2,2348.0,entrada,9353
3074,2023-11-01,4,2350.0,entrada,4584
3075,2023-11-01,4,2349.0,entrada,13885
3076,2023-11-01,1,2352.0,entrada,3186
3077,2023-11-01,1,2212.0,merma,1076
3078,2023-11-01,1,2343.0,entrada,10850
3079,2023-11-01,4,2217.0,merma,1566
3080,2023-11-01,4,2351.0,entrada,10722
3081,2023-11-01,1,2344.0,entrada,6924
3082,2023-11-02,1,2369.0,entrada,11857
3083,2023-11-02,4,2365.0,entrada,8381
3084,2023-11-02,1,2368.0,entrada,10123
3085,2023-11-02,2,2367.0,entrada,4845
3086,2023-11-02,3,2366.0,entrada,13511
3087,2023-11-02,2,2370.0,entrada,3676
3088,2023-11-02,4,2364.0,entrada,8374
3089,2023-11-02,2,,salida,21142
3090,2023-11-02,3,2363.0,entrada,6642
3091,2023-11-02,4,,salida,7630
3092,2023-11-02,2,2362.0,entrada,4893
3093,2023-11-02,1,,salida,52542
3094,2023-11-02,4,2371.0,entrada,10122
3095,2023-11-02,4,2374.0,entrada,16006
3096,2023-11-02,4,2373.0,entrada,3358
3097,2023-11-02,2,2357.0,entrada,6652
3098,2023-11-02,3,2358.0,entrada,9494
3099,2023-11-02,4,2361.0,entrada,9385
3100,2023-11-02,4,2372.0,entrada,4756
3101,2023-11-02,2,2359.0,entrada,7921
3102,2023-11-02,1,2360.0,entrada,6266
3103,2023-11-03,4,2378.0,entrada,7852
3104,2023-11-03,2,2387.0,entrada,14999
3105,2023-11-03,2,2375.0,entrada,6376
3106,2023-11-03,4,2376.0,entrada,10610
3107,2023-11-03,3,2377.0,entrada,9823
3108,2023-11-03,2,2386.0,entrada,4165
3109,2023-11-03,2,2383.0,entrada,4989
3110,2023-11-03,2,,salida,9682
3111,2023-11-03,2,2384.0,entrada,13588
3112,2023-11-03,2,2381.0,entrada,5819
3113,2023-11-03,4,,salida,26538
3114,2023-11-03,4,2380.0,entrada,4174
3115,2023-11-03,1,2379.0,entrada,10500
3116,2023-11-03,2,,salida,10419
3117,2023-11-03,1,2382.0,entrada,13464
3118,2023-11-03,1,2385.0,entrada,5212
3119,2023-11-04,3,2403.0,entrada,3430
3120,2023-11-04,4,2402.0,entrada,4328
3121,2023-11-04,1,2401.0,entrada,9479
3122,2023-11-04,4,2284.0,merma,516
3123,2023-11-04,4,2400.0,entrada,3186
3124,2023-11-04,3,2399.0,entrada,12327
3125,2023-11-04,3,2398.0,entrada,9943
3126,2023-11-04,4,2397.0,entrada,4591
3127,2023-11-04,1,2404.0,entrada,14432
3128,2023-11-04,1,2395.0,entrada,8110
3129,2023-11-04,4,2388.0,entrada,6302
3130,2023-11-04,3,2389.0,entrada,9931
3131,2023-11-04,2,2391.0,entrada,7963
3132,2023-11-04,2,2390.0,entrada,8566
3133,2023-11-04,2,2392.0,entrada,9767
3134,2023-11-04,4,,salida,14630
3135,2023-11-04,3,,salida,34
3136,2023-11-04,4,2393.0,entrada,4199
3137,2023-11-04,3,,salida,20335
3138,2023-11-04,4,2396.0,entrada,8955
3139,2023-11-04,3,2394.0,entrada,6068
3140,2023-11-05,2,2416.0,entrada,12566
3141,2023-11-05,2,2417.0,entrada,3786
3142,2023-11-05,4,2420.0,entrada,14513
3143,2023-11-05,1,2419.0,entrada,3124
3144,2023-11-05,2,2418.0,entrada,4324
3145,2023-11-05,2,,salida,11473
3146,2023-11-05,3,2414.0,entrada,5659
3147,2023-11-05,2,2413.0,entrada,12838
3148,2023-11-05,3,2412.0,entrada,9235
3149,2023-11-05,3,2411.0,entrada,9662
3150,2023-11-05,4,2410.0,entrada,6380
3151,2023-11-05,3,2409.0,entrada,4851
3152,2023-11-05,2,2415.0,entrada,11441
3153,2023-11-05,2,,salida,11447
3154,2023-11-05,2,2407.0,entrada,10127
3155,2023-11-05,4,,salida,755
3156,2023-11-05,1,2406.0,entrada,10075
3157,2023-11-05,3,2405.0,entrada,6342
3158,2023-11-05,4,2329.0,merma,644
3159,2023-11-05,2,2336.0,merma,423
3160,2023-11-05,4,,salida,30400
3161,2023-11-05,3,2363.0,merma,397
3162,2023-11-05,3,2408.0,entrada,10741
3163,2023-11-06,4,2432.0,entrada,11236
3164,2023-11-06,4,2431.0,entrada,10257
3165,2023-11-06,3,2430.0,entrada,4526
3166,2023-11-06,1,2429.0,entrada,13881
3167,2023-11-06,1,2428.0,entrada,9342
3168,2023-11-06,3,2427.0,entrada,8123
3169,2023-11-06,3,2422.0,entrada,11764
3170,2023-11-06,3,2425.0,entrada,4472
3171,2023-11-06,1,2424.0,entrada,9332
3172,2023-11-06,1,2423.0,entrada,8633
3173,2023-11-06,1,2421.0,entrada,6743
3174,2023-11-06,2,2433.0,entrada,4700
3175,2023-11-06,3,2426.0,entrada,5236
3176,2023-11-06,3,2434.0,entrada,14734
3177,2023-11-06,2,,salida,37810
3178,2023-11-06,1,,salida,12370
3179,2023-11-06,4,,salida,6856
3180,2023-11-06,2,,salida,19114
3181,2023-11-06,3,,salida,45558
3182,2023-11-06,2,,salida,2453
3183,2023-11-07,1,,salida,6167
3184,2023-11-07,2,,salida,19450
3185,2023-11-07,1,2316.0,merma,735
3186,2023-11-07,1,,salida,12689
3187,2023-11-07,4,2354.0,merma,296
3188,2023-11-07,1,2447.0,entrada,3445
3189,2023-11-07,1,2450.0,entrada,4191
3190,2023-11-07,4,2449.0,entrada,5451
3191,2023-11-07,1,2446.0,entrada,10863
3192,2023-11-07,2,2435.0,entrada,6970
3193,2023-11-07,4,2445.0,entrada,9669
3194,2023-11-07,4,2444.0,entrada,5608
3195,2023-11-07,4,2443.0,entrada,14245
3196,2023-11-07,2,2442.0,entrada,9508
3197,2023-11-07,1,2441.0,entrada,8568
3198,2023-11-07,3,2440.0,entrada,5016
3199,2023-11-07,3,2448.0,entrada,11074
3200,2023-11-07,3,2439.0,entrada,4983
3201,2023-11-07,3,2438.0,entrada,7011
3202,2023-11-07,2,2437.0,entrada,7788
3203,2023-11-07,4,2436.0,entrada,11640
3204,2023-11-07,3,2451.0,entrada,18069
3205,2023-11-08,1,2465.0,entrada,3863
3206,2023-11-08,3,2466.0,entrada,17644
3207,2023-11-08,1,,salida,6159
3208,2023-11-08,3,,salida,24072
3209,2023-11-08,4,,salida,25502
3210,2023-11-08,2,2464.0,entrada,4916
3211,2023-11-08,1,2456.0,entrada,4247
3212,2023-11-08,2,2462.0,entrada,3972
3213,2023-11-08,4,2461.0,entrada,10677
3214,2023-11-08,2,2460.0,entrada,5543
3215,2023-11-08,1,2459.0,entrada,13980
3216,2023-11-08,3,2458.0,entrada,9273
3217,2023-11-08,3,2457.0,entrada,8689
3218,2023-11-08,4,2452.0,entrada,6935
3219,2023-11-08,2,2453.0,entrada,11227
3220,2023-11-08,1,2455.0,entrada,6175
3221,2023-11-08,3,2463.0,entrada,10701
3222,2023-11-08,3,2454.0,entrada,8214
3223,2023-11-09,4,2474.0,entrada,7661
3224,2023-11-09,3,2476.0,entrada,14252
3225,2023-11-09,4,2477.0,entrada,5427
3226,2023-11-09,4,2478.0,entrada,11140
3227,2023-11-09,2,2479.0,entrada,10965
3228,2023-11-09,3,2473.0,entrada,6443
3229,2023-11-09,1,2481.0,entrada,9001
3230,2023-11-09,1,2482.0,entrada,5002
3231,2023-11-09,1,2483.0,entrada,3912
3232,2023-11-09,4,2484.0,entrada,16336
3233,2023-11-09,1,2480.0,entrada,3460
3234,2023-11-09,2,2472.0,entrada,4468
3235,2023-11-09,4,2475.0,entrada,8219
3236,2023-11-09,4,2470.0,entrada,6686
3237,2023-11-09,1,2469.0,entrada,9912
3238,2023-11-09,1,2468.0,entrada,9770
3239,2023-11-09,4,2467.0,entrada,7234
3240,2023-11-09,3,2387.0,merma,1382
3241,2023-11-09,1,,salida,33678
3242,2023-11-09,2,,salida,3466
3243,2023-11-09,4,2471.0,entrada,10385
3244,2023-11-10,4,2496.0,entrada,4998
3245,2023-11-10,1,2495.0,entrada,3201
3246,2023-11-10,4,2494.0,entrada,9537
3247,2023-11-10,4,2493.0,entrada,4782
3248,2023-11-10,1,2492.0,entrada,14226
3249,2023-11-10,3,2491.0,entrada,8417
3250,2023-11-10,3,2490.0,entrada,7758
3251,2023-11-10,4,2489.0,entrada,7223
3252,2023-11-10,2,2487.0,entrada,6987
3253,2023-11-10,3,2486.0,entrada,8908
3254,2023-11-10,3,2485.0,entrada,10434
3255,2023-11-10,1,,salida,67704
3256,2023-11-10,3,,salida,75400
3257,2023-11-10,3,,salida,53347
3258,2023-11-10,2,2414.0,merma,493
3259,2023-11-10,4,2428.0,merma,640
3260,2023-11-10,2,2488.0,entrada,10853
3261,2023-11-11,4,2509.0,entrada,11796
3262,2023-11-11,2,2508.0,entrada,3316
3263,2023-11-11,1,2507.0,entrada,10749
3264,2023-11-11,3,2506.0,entrada,11914
3265,2023-11-11,2,2504.0,entrada,11800
3266,2023-11-11,4,2510.0,entrada,5323
3267,2023-11-11,3,2502.0,entrada,7524
3268,2023-11-11,2,2501.0,entrada,6277
3269,2023-11-11,4,2500.0,entrada,4491
3270,2023-11-11,3,2499.0,entrada,9740
3271,2023-11-11,2,2498.0,entrada,6663
3272,2023-11-11,4,2497.0,entrada,7574
3273,2023-11-11,1,2503.0,entrada,8702
3274,2023-11-11,4,2511.0,entrada,3645
3275,2023-11-11,2,2505.0,entrada,5202
3276,2023-11-11,1,,salida,1669
3277,2023-11-11,2,,salida,43752
3278,2023-11-11,4,,salida,138110
3279,2023-11-11,4,,salida,3549
3280,2023-11-11,2,,salida,36304
3281,2023-11-12,4,2524.0,entrada,11122
3282,2023-11-12,4,,salida,10086
3283,2023-11-12,4,2523.0,entrada,3085
3284,2023-11-12,2,2522.0,entrada,10899
3285,2023-11-12,1,2521.0,entrada,13085
3286,2023-11-12,2,2519.0,entrada,14450
3287,2023-11-12,2,2518.0,entrada,8895
3288,2023-11-12,3,2517.0,entrada,7738
3289,2023-11-12,4,2516.0,entrada,3957
3290,2023-11-12,1,2512.0,entrada,6641
3291,2023-11-12,2,2513.0,entrada,9135
3292,2023-11-12,1,2520.0,entrada,4546
3293,2023-11-12,4,,salida,2720
3294,2023-11-12,1,2515.0,entrada,10902
3295,2023-11-12,1,,salida,48545
3296,2023-11-12,1,,salida,30330
3297,2023-11-12,1,,salida,34990
3298,2023-11-12,3,2525.0,entrada,4650
3299,2023-11-12,4,2526.0,entrada,3234
3300,2023-11-12,4,,salida,747
3301,2023-11-12,4,2514.0,entrada,6793
3302,2023-11-13,3,2536.0,entrada,5432
3303,2023-11-13,2,2535.0,entrada,13011
3304,2023-11-13,2,2534.0,entrada,9865
3305,2023-11-13,4,2533.0,entrada,6102
3306,2023-11-13,4,2529.0,entrada,9382
3307,2023-11-13,2,2531.0,entrada,9202
3308,2023-11-13,1,2530.0,entrada,6863
3309,2023-11-13,1,2528.0,entrada,12691
3310,2023-11-13,1,2527.0,entrada,8262
3311,2023-11-13,2,2532.0,entrada,4313
3312,2023-11-13,4,2539.0,entrada,8951
3313,2023-11-13,2,2538.0,entrada,11251
3314,2023-11-13,1,2541.0,entrada,3023
3315,2023-11-13,3,2537.0,entrada,10802
3316,2023-11-13,1,2475.0,merma,572
3317,2023-11-13,1,2440.0,merma,286
3318,2023-11-13,1,,salida,51033
3319,2023-11-13,3,2540.0,entrada,5158
3320,2023-11-14,3,2558.0,entrada,15770
3321,2023-11-14,4,2557.0,entrada,3748
3322,2023-11-14,2,2556.0,entrada,4564
3323,2023-11-14,1,2555.0,entrada,10161
3324,2023-11-14,4,2554.0,entrada,3549
3325,2023-11-14,1,2552.0,entrada,10028
3326,2023-11-14,4,2551.0,entrada,5033
3327,2023-11-14,3,2548.0,entrada,6346
3328,2023-11-14,2,2549.0,entrada,8691
3329,2023-11-14,4,2547.0,entrada,3972
3330,2023-11-14,1,2546.0,entrada,11392
3331,2023-11-14,2,2545.0,entrada,6869
3332,2023-11-14,4,2544.0,entrada,9826
3333,2023-11-14,1,2542.0,entrada,7125
3334,2023-11-14,3,2550.0,entrada,8253
3335,2023-11-14,1,2543.0,entrada,11042
3336,2023-11-14,1,2553.0,entrada,11531
3337,2023-11-14,1,2489.0,merma,850
3338,2023-11-14,4,,salida,7553
3339,2023-11-14,4,,salida,54099
3340,2023-11-14,2,,salida,107015
3341,2023-11-15,1,2570.0,entrada,3698
3342,2023-11-15,2,2561.0,entrada,6943
3343,2023-11-15,4,2562.0,entrada,10218
3344,2023-11-15,4,2563.0,entrada,4737
3345,2023-11-15,1,2564.0,entrada,9697
3346,2023-11-15,4,2566.0,entrada,12534
3347,2023-11-15,2,2568.0,entrada,10974
3348,2023-11-15,4,2569.0,entrada,11742
3349,2023-11-15,2,2571.0,entrada,10502
3350,2023-11-15,1,2572.0,entrada,5665
3351,2023-11-15,1,2573.0,entrada,4077
3352,2023-11-15,1,2574.0,entrada,14378
3353,2023-11-15,4,2567.0,entrada,4897
3354,2023-11-15,2,2560.0,entrada,10065
3355,2023-11-15,2,2565.0,entrada,8840
3356,2023-11-15,1,,salida,107191
3357,2023-11-15,2,,salida,1458
3358,2023-11-15,4,,salida,1766
3359,2023-11-15,1,,salida,2093
3360,2023-11-15,4,2559.0,entrada,10869
3361,2023-11-15,3,2491.0,merma,952
3362,2023-11-16,1,2575.0,entrada,6204
3363,2023-11-16,2,2581.0,entrada,8426
3364,2023-11-16,2,2580.0,entrada,4745
3365,2023-11-16,4,2579.0,entrada,9719
3366,2023-11-16,1,2578.0,entrada,6327
3367,2023-11-16,1,2577.0,entrada,8760
3368,2023-11-16,2,2576.0,entrada,10440
3369,2023-11-16,2,2584.0,entrada,4567
3370,2023-11-16,2,2586.0,entrada,3722
3371,2023-11-16,3,2582.0,entrada,9794
3372,2023-11-16,2,2587.0,entrada,9584
3373,2023-11-16,1,,salida,653
3374,2023-11-16,2,2589.0,entrada,3792
3375,2023-11-16,2,,salida,27469
3376,2023-11-16,2,2588.0,entrada,4576
3377,2023-11-16,2,,salida,9305
3378,2023-11-16,3,2585.0,entrada,11397
3379,2023-11-16,2,2583.0,entrada,14226
3380,2023-11-17,4,2594.0,entrada,7384
3381,2023-11-17,3,2597.0,entrada,3281
3382,2023-11-17,4,2596.0,entrada,4060
3383,2023-11-17,3,2593.0,entrada,3867
3384,2023-11-17,1,2595.0,entrada,8882
3385,2023-11-17,1,2598.0,entrada,8321
3386,2023-11-17,1,,salida,39500
3387,2023-11-17,1,2534.0,merma,639
3388,2023-11-17,3,2590.0,entrada,7047
3389,2023-11-17,3,2599.0,entrada,4544
3390,2023-11-17,2,,salida,8343
3391,2023-11-17,4,,salida,107996
3392,2023-11-17,3,,salida,3101
3393,2023-11-17,1,,salida,2396
3394,2023-11-17,3,2513.0,merma,908
3395,2023-11-17,2,2591.0,entrada,10819
3396,2023-11-17,3,2600.0,entrada,3874
3397,2023-11-17,2,2592.0,entrada,8063
3398,2023-11-18,1,2604.0,entrada,10866
3399,2023-11-18,2,2603.0,entrada,6203
3400,2023-11-18,3,2605.0,entrada,7258
3401,2023-11-18,3,2606.0,entrada,7900
3402,2023-11-18,4,2607.0,entrada,9435
3403,2023-11-18,1,2608.0,entrada,11899
3404,2023-11-18,2,2609.0,entrada,4642
3405,2023-11-18,4,2610.0,entrada,9491
3406,2023-11-18,4,2611.0,entrada,9619
3407,2023-11-18,1,2602.0,entrada,8722
3408,2023-11-18,4,2612.0,entrada,3137
3409,2023-11-18,4,2614.0,entrada,5104
3410,2023-11-18,1,2502.0,merma,473
3411,2023-11-18,2,2548.0,merma,336
3412,2023-11-18,2,2613.0,entrada,10287
3413,2023-11-18,2,2601.0,entrada,6664
3414,2023-11-19,2,2626.0,entrada,3379
3415,2023-11-19,2,2627.0,entrada,3787
3416,2023-11-19,2,2628.0,entrada,15374
3417,2023-11-19,3,,salida,45600
3418,2023-11-19,2,2542.0,merma,396
3419,2023-11-19,4,2625.0,entrada,10886
3420,2023-11-19,4,2624.0,entrada,12596
3421,2023-11-19,4,2623.0,entrada,5514
3422,2023-11-19,2,2615.0,entrada,7173
3423,2023-11-19,4,2616.0,entrada,9208
3424,2023-11-19,2,2617.0,entrada,9729
3425,2023-11-19,3,2618.0,entrada,5385
3426,2023-11-19,3,2619.0,entrada,6339
3427,2023-11-19,3,2620.0,entrada,8022
3428,2023-11-19,3,2621.0,entrada,8998
3429,2023-11-19,3,2622.0,entrada,14275
3430,2023-11-20,2,,salida,2521
3431,2023-11-20,3,,salida,28569
3432,2023-11-20,1,2645.0,entrada,15314
3433,2023-11-20,1,2644.0,entrada,3654
3434,2023-11-20,1,2643.0,entrada,5017
3435,2023-11-20,4,2642.0,entrada,9566
3436,2023-11-20,3,2641.0,entrada,3156
3437,2023-11-20,2,,salida,5696
3438,2023-11-20,2,2639.0,entrada,4900
3439,2023-11-20,2,2629.0,entrada,7042
3440,2023-11-20,3,2630.0,entrada,11524
3441,2023-11-20,3,2631.0,entrada,8325
3442,2023-11-20,3,2632.0,entrada,5749
3443,2023-11-20,1,2633.0,entrada,9594
3444,2023-11-20,4,2640.0,entrada,11315
3445,2023-11-20,2,2635.0,entrada,7018
3446,2023-11-20,4,2634.0,entrada,4505
3447,2023-11-20,2,2638.0,entrada,12166
3448,2023-11-20,3,2637.0,entrada,9287
3449,2023-11-20,2,2636.0,entrada,7650
3450,2023-11-21,4,2651.0,entrada,4258
3451,2023-11-21,2,,salida,34311
3452,2023-11-21,3,,salida,2268
3453,2023-11-21,4,,salida,705
3454,2023-11-21,3,,salida,12088
3455,2023-11-21,1,,salida,24296
3456,2023-11-21,2,2650.0,entrada,10025
3457,2023-11-21,1,2521.0,merma,1006
3458,2023-11-21,2,2647.0,entrada,10032
3459,2023-11-21,3,2648.0,entrada,8329
3460,2023-11-21,3,2649.0,entrada,7552
3461,2023-11-21,1,2574.0,merma,1011
3462,2023-11-21,3,2646.0,entrada,6745
3463,2023-11-21,3,2659.0,entrada,13103
3464,2023-11-21,4,2658.0,entrada,3448
3465,2023-11-21,3,2657.0,entrada,4978
3466,2023-11-21,1,2656.0,entrada,9916
3467,2023-11-21,3,2655.0,entrada,3438
3468,2023-11-21,1,2654.0,entrada,4994
3469,2023-11-21,4,2653.0,entrada,13903
3470,2023-11-21,1,2652.0,entrada,8934
3471,2023-11-22,4,2667.0,entrada,8868
3472,2023-11-22,4,2660.0,entrada,6325
3473,2023-11-22,2,2661.0,entrada,9565
3474,2023-11-22,2,2662.0,entrada,9268
3475,2023-11-22,2,2663.0,entrada,7681
3476,2023-11-22,3,,salida,11505
3477,2023-11-22,4,,salida,36861
3478,2023-11-22,3,2664.0,entrada,9245
3479,2023-11-22,1,2666.0,entrada,6183
3480,2023-11-22,1,2676.0,entrada,17291
3481,2023-11-22,4,2668.0,entrada,9586
3482,2023-11-22,3,2674.0,entrada,4463
3483,2023-11-22,1,2669.0,entrada,14011
3484,2023-11-22,3,2670.0,entrada,5329
3485,2023-11-22,3,2671.0,entrada,12241
3486,2023-11-22,2,2665.0,entrada,5502
3487,2023-11-22,3,2675.0,entrada,4287
3488,2023-11-22,4,2672.0,entrada,3700
3489,2023-11-22,2,2673.0,entrada,10097
3490,2023-11-23,3,2682.0,entrada,4014
3491,2023-11-23,4,2683.0,entrada,6216
3492,2023-11-23,2,,salida,31606
3493,2023-11-23,2,,salida,48260
3494,2023-11-23,3,,salida,26425
3495,2023-11-23,1,,salida,26136
3496,2023-11-23,4,,salida,30598
3497,2023-11-23,4,,salida,2181
3498,2023-11-23,2,2678.0,entrada,9132
3499,2023-11-23,1,2684.0,entrada,7558
3500,2023-11-23,2,2685.0,entrada,14723
3501,2023-11-23,1,2686.0,entrada,5794
3502,2023-11-23,3,2687.0,entrada,11281
3503,2023-11-23,2,2688.0,entrada,12268
3504,2023-11-23,1,2677.0,entrada,5963
3505,2023-11-23,4,2690.0,entrada,5520
3506,2023-11-23,4,2691.0,entrada,3845
3507,2023-11-23,1,2689.0,entrada,10199
3508,2023-11-23,1,2681.0,entrada,11692
3509,2023-11-23,1,2599.0,merma,197
3510,2023-11-23,3,2680.0,entrada,6747
3511,2023-11-23,3,2679.0,entrada,8985
3512,2023-11-23,1,2692.0,entrada,14203
3513,2023-11-24,3,,salida,12714
3514,2023-11-24,4,,salida,57061
3515,2023-11-24,1,2618.0,merma,476
3516,2023-11-24,3,,salida,28403
3517,2023-11-24,4,,salida,6766
3518,2023-11-24,2,,salida,15640
3519,2023-11-24,4,,salida,490
3520,2023-11-24,1,,salida,83514
3521,2023-11-24,3,,salida,43136
3522,2023-11-24,4,2613.0,merma,957
3523,2023-11-24,4,2693.0,entrada,6543
3524,2023-11-24,3,2702.0,entrada,5600
3525,2023-11-24,2,2706.0,entrada,9484
3526,2023-11-24,4,2705.0,entrada,3434
3527,2023-11-24,1,2704.0,entrada,12102
3528,2023-11-24,4,2703.0,entrada,11587
3529,2023-11-24,1,2701.0,entrada,15709
3530,2023-11-24,2,2700.0,entrada,8836
3531,2023-11-24,2,2696.0,entrada,5474
3532,2023-11-24,4,2699.0,entrada,8811
3533,2023-11-24,4,2698.0,entrada,4495
3534,2023-11-24,4,2697.0,entrada,9744
3535,2023-11-24,4,2695.0,entrada,9044
3536,2023-11-24,4,2694.0,entrada,11140
3537,2023-11-24,1,2707.0,entrada,5238
3538,2023-11-24,2,2708.0,entrada,3411
3539,2023-11-25,2,2720.0,entrada,3368
3540,2023-11-25,2,2721.0,entrada,10026
3541,2023-11-25,1,2722.0,entrada,5421
3542,2023-11-25,4,2723.0,entrada,3344
3543,2023-11-25,3,2724.0,entrada,15011
3544,2023-11-25,3,2719.0,entrada,11289
3545,2023-11-25,4,2710.0,entrada,9760
3546,2023-11-25,2,2711.0,entrada,8473
3547,2023-11-25,3,2712.0,entrada,10885
3548,2023-11-25,2,2713.0,entrada,4552
3549,2023-11-25,4,2714.0,entrada,5620
3550,2023-11-25,2,2715.0,entrada,9345
3551,2023-11-25,3,,salida,20892
3552,2023-11-25,3,2716.0,entrada,9316
3553,2023-11-25,2,2717.0,entrada,4669
3554,2023-11-25,3,2718.0,entrada,9512
3555,2023-11-25,3,,salida,16873
3556,2023-11-25,4,2709.0,entrada,7250
3557,2023-11-25,4,,salida,2197
3558,2023-11-26,2,2732.0,entrada,13691
3559,2023-11-26,4,2733.0,entrada,4276
3560,2023-11-26,4,2734.0,entrada,11194
3561,2023-11-26,3,2737.0,entrada,4682
3562,2023-11-26,2,2736.0,entrada,8771
3563,2023-11-26,3,2731.0,entrada,9489
3564,2023-11-26,2,2738.0,entrada,4060
3565,2023-11-26,4,2735.0,entrada,10935
3566,2023-11-26,1,2730.0,entrada,9596
3567,2023-11-26,3,2596.0,merma,345
3568,2023-11-26,1,2728.0,entrada,10377
3569,2023-11-26,4,2727.0,entrada,8854
3570,2023-11-26,2,2726.0,entrada,8861
3571,2023-11-26,1,2725.0,entrada,6901
3572,2023-11-26,1,,salida,115947
3573,2023-11-26,3,,salida,6356
3574,2023-11-26,3,,salida,2488
3575,2023-11-26,4,2739.0,entrada,15282
3576,2023-11-26,3,2729.0,entrada,4971
3577,2023-11-27,3,2656.0,merma,340
3578,2023-11-27,4,,salida,51985
3579,2023-11-27,4,,salida,572
3580,2023-11-27,1,,salida,247060
3581,2023-11-27,3,,salida,7558
3582,2023-11-27,2,,salida,49096
3583,2023-11-27,1,,salida,3973
3584,2023-11-27,1,2745.0,entrada,4617
3585,2023-11-27,1,2757.0,entrada,17215
3586,2023-11-27,4,2755.0,entrada,5052
3587,2023-11-27,3,2756.0,entrada,3384
3588,2023-11-27,1,2752.0,entrada,10729
3589,2023-11-27,4,2751.0,entrada,8940
3590,2023-11-27,2,2750.0,entrada,6019
3591,2023-11-27,2,2749.0,entrada,13445
3592,2023-11-27,1,2748.0,entrada,10187
3593,2023-11-27,1,2747.0,entrada,10237
3594,2023-11-27,2,2754.0,entrada,10460
3595,2023-11-27,2,2746.0,entrada,6607
3596,2023-11-27,3,2753.0,entrada,3212
3597,2023-11-27,2,2741.0,entrada,11038
3598,2023-11-27,1,2744.0,entrada,9402
3599,2023-11-27,2,2742.0,entrada,8353
3600,2023-11-27,3,2743.0,entrada,6355
3601,2023-11-27,2,2740.0,entrada,6109
3602,2023-11-28,2,2761.0,entrada,6629
3603,2023-11-28,3,2760.0,entrada,9662
3604,2023-11-28,2,2759.0,entrada,12840
3605,2023-11-28,2,,salida,22834
3606,2023-11-28,4,2758.0,entrada,6879
3607,2023-11-28,3,,salida,7492
3608,2023-11-28,4,2647.0,merma,916
3609,2023-11-28,4,,salida,4875
3610,2023-11-28,3,,salida,46912
3611,2023-11-28,2,2676.0,merma,715
3612,2023-11-28,2,2681.0,merma,1375
3613,2023-11-28,2,2708.0,merma,279
3614,2023-11-28,4,,salida,12561
3615,2023-11-28,1,2762.0,entrada,10201
3616,2023-11-28,4,2766.0,entrada,5982
3617,2023-11-28,3,2763.0,entrada,4309
3618,2023-11-28,1,2764.0,entrada,6632
3619,2023-11-28,1,2765.0,entrada,7727
3620,2023-11-28,2,2767.0,entrada,10035
3621,2023-11-28,3,2768.0,entrada,2797
3622,2023-11-28,1,2769.0,entrada,7874
3623,2023-11-28,1,2770.0,entrada,4966
3624,2023-11-28,3,2771.0,entrada,15748
3625,2023-11-28,1,,salida,12261
3626,2023-11-29,3,2780.0,entrada,12316
3627,2023-11-29,3,2779.0,entrada,11532
3628,2023-11-29,3,2778.0,entrada,10177
3629,2023-11-29,1,2777.0,entrada,4146
3630,2023-11-29,4,2776.0,entrada,10846
3631,2023-11-29,4,2775.0,entrada,7760
3632,2023-11-29,4,2773.0,entrada,10700
3633,2023-11-29,2,,salida,8454
3634,2023-11-29,4,2774.0,entrada,9767
3635,2023-11-29,1,2772.0,entrada,6994
3636,2023-11-29,3,,salida,61903
3637,2023-11-29,3,,salida,6085
3638,2023-11-29,2,,salida,15560
3639,2023-11-29,3,2781.0,entrada,2876
3640,2023-11-30,4,2728.0,merma,823
3641,2023-11-30,1,2794.0,entrada,4110
3642,2023-11-30,4,,salida,25864
3643,2023-11-30,1,2793.0,entrada,5343
3644,2023-11-30,2,2791.0,entrada,10123
3645,2023-11-30,4,2790.0,entrada,4548
3646,2023-11-30,2,2789.0,entrada,8620
3647,2023-11-30,1,2788.0,entrada,8092
3648,2023-11-30,2,2787.0,entrada,6608
3649,2023-11-30,2,2785.0,entrada,10052
3650,2023-11-30,4,2786.0,entrada,4365
3651,2023-11-30,3,2783.0,entrada,11423
3652,2023-11-30,2,2782.0,entrada,6305
3653,2023-11-30,4,2795.0,entrada,15755
3654,2023-11-30,3,,salida,182862
3655,2023-11-30,3,,salida,19253
3656,2023-11-30,2,2784.0,entrada,7282
3657,2023-11-30,1,2792.0,entrada,11252
3658,2023-12-01,1,,salida,11902
3659,2023-12-01,4,2662.0,merma,741
3660,2023-12-01,4,,salida,10185
3661,2023-12-01,1,2730.0,merma,951
3662,2023-12-01,4,2798.0,entrada,6403
3663,2023-12-01,4,2796.0,entrada,10775
3664,2023-12-01,1,2812.0,entrada,15701
3665,2023-12-01,1,2811.0,entrada,3834
3666,2023-12-01,4,2810.0,entrada,4965
3667,2023-12-01,1,2809.0,entrada,9341
3668,2023-12-01,3,2808.0,entrada,3514
3669,2023-12-01,1,2807.0,entrada,10273
3670,2023-12-01,3,2806.0,entrada,9313
3671,2023-12-01,1,2805.0,entrada,5453
3672,2023-12-01,4,2804.0,entrada,13264
3673,2023-12-01,4,2803.0,entrada,10067
3674,2023-12-01,2,2802.0,entrada,7933
3675,2023-12-01,4,2801.0,entrada,6118
3676,2023-12-01,1,2800.0,entrada,4126
3677,2023-12-01,1,2799.0,entrada,11180
3678,2023-12-01,3,2797.0,entrada,8349
3679,2023-12-02,3,2818.0,entrada,8546
3680,2023-12-02,4,,salida,4372
3681,2023-12-02,2,,salida,14772
3682,2023-12-02,3,,salida,157548
3683,2023-12-02,1,,salida,56286
3684,2023-12-02,3,,salida,10022
3685,2023-12-02,2,2826.0,entrada,15798
3686,2023-12-02,2,2825.0,entrada,3725
3687,2023-12-02,4,2824.0,entrada,4295
3688,2023-12-02,1,2823.0,entrada,10791
3689,2023-12-02,3,2822.0,entrada,3219
3690,2023-12-02,4,2817.0,entrada,4505
3691,2023-12-02,4,2821.0,entrada,10714
3692,2023-12-02,2,2820.0,entrada,5019
3693,2023-12-02,4,2816.0,entrada,11040
3694,2023-12-02,3,2819.0,entrada,12521
3695,2023-12-02,4,2815.0,entrada,6030
3696,2023-12-02,1,,salida,13217
3697,2023-12-02,1,2813.0,entrada,6817
3698,2023-12-02,4,2814.0,entrada,7940
3699,2023-12-02,4,2693.0,merma,480
3700,2023-12-03,3,2840.0,entrada,13032
3701,2023-12-03,4,,salida,99964
3702,2023-12-03,3,,salida,16969
3703,2023-12-03,1,2839.0,entrada,11150
3704,2023-12-03,1,2838.0,entrada,3085
3705,2023-12-03,2,2837.0,entrada,10620
3706,2023-12-03,3,2836.0,entrada,10078
3707,2023-12-03,3,2835.0,entrada,14836
3708,2023-12-03,1,2834.0,entrada,8435
3709,2023-12-03,1,2833.0,entrada,7940
3710,2023-12-03,2,2832.0,entrada,6203
3711,2023-12-03,4,2831.0,entrada,10956
3712,2023-12-03,1,,salida,9972
3713,2023-12-03,3,2829.0,entrada,8551
3714,2023-12-03,1,2828.0,entrada,11492
3715,2023-12-03,2,2827.0,entrada,6165
3716,2023-12-03,1,,salida,167
3717,2023-12-03,4,,salida,40186
3718,2023-12-03,2,2772.0,merma,250
3719,2023-12-03,2,2773.0,merma,501
3720,2023-12-03,1,2830.0,entrada,6733
3721,2023-12-04,2,2850.0,entrada,11123
3722,2023-12-04,4,2851.0,entrada,11450
3723,2023-12-04,3,2852.0,entrada,3527
3724,2023-12-04,2,,salida,1312
3725,2023-12-04,2,2854.0,entrada,5106
3726,2023-12-04,2,2855.0,entrada,4248
3727,2023-12-04,1,2740.0,merma,415
3728,2023-12-04,3,2853.0,entrada,7505
3729,2023-12-04,1,2849.0,entrada,5425
3730,2023-12-04,2,2847.0,entrada,9324
3731,2023-12-04,4,2846.0,entrada,8594
3732,2023-12-04,2,2845.0,entrada,6228
3733,2023-12-04,3,2844.0,entrada,3952
3734,2023-12-04,4,,salida,49205
3735,2023-12-04,1,2842.0,entrada,8960
3736,2023-12-04,1,2841.0,entrada,10456
3737,2023-12-04,4,,salida,998
3738,2023-12-04,1,2805.0,merma,348
3739,2023-12-04,4,,salida,1324
3740,2023-12-04,4,2848.0,entrada,14254
3741,2023-12-04,1,2843.0,entrada,6796
3742,2023-12-05,1,,salida,2113
3743,2023-12-05,4,2871.0,entrada,16849
3744,2023-12-05,3,2735.0,merma,683
3745,2023-12-05,2,,salida,70129
3746,2023-12-05,3,2870.0,entrada,4651
3747,2023-12-05,3,,salida,7950
3748,2023-12-05,4,,salida,7059
3749,2023-12-05,4,2869.0,entrada,10082
3750,2023-12-05,3,2860.0,entrada,9324
3751,2023-12-05,4,2867.0,entrada,9840
3752,2023-12-05,1,2856.0,entrada,7089
3753,2023-12-05,2,2857.0,entrada,10934
3754,2023-12-05,1,2858.0,entrada,7974
3755,2023-12-05,3,2861.0,entrada,4939
3756,2023-12-05,4,2862.0,entrada,6067
3757,2023-12-05,3,2863.0,entrada,7449
3758,2023-12-05,3,2864.0,entrada,9063
3759,2023-12-05,2,2865.0,entrada,14758
3760,2023-12-05,2,2868.0,entrada,12385
3761,2023-12-05,1,2859.0,entrada,7188
3762,2023-12-05,3,2866.0,entrada,5198
3763,2023-12-06,2,2881.0,entrada,4583
3764,2023-12-06,1,2754.0,merma,1061
3765,2023-12-06,2,2872.0,entrada,7373
3766,2023-12-06,1,2873.0,entrada,10981
3767,2023-12-06,4,,salida,60275
3768,2023-12-06,4,2874.0,entrada,8355
3769,2023-12-06,4,2880.0,entrada,9555
3770,2023-12-06,4,,salida,23953
3771,2023-12-06,2,,salida,5526
3772,2023-12-06,2,2876.0,entrada,9705
3773,2023-12-06,2,2877.0,entrada,4309
3774,2023-12-06,4,2878.0,entrada,6538
3775,2023-12-06,3,2879.0,entrada,8169
3776,2023-12-06,4,2885.0,entrada,3423
3777,2023-12-06,3,2884.0,entrada,5048
3778,2023-12-06,1,2883.0,entrada,7858
3779,2023-12-06,1,2882.0,entrada,9935
3780,2023-12-06,4,2875.0,entrada,6618
3781,2023-12-06,1,2886.0,entrada,20278
3782,2023-12-07,2,,salida,1137
3783,2023-12-07,3,,salida,4678
3784,2023-12-07,2,,salida,10403
3785,2023-12-07,2,2888.0,entrada,10133
3786,2023-12-07,3,2895.0,entrada,13027
3787,2023-12-07,4,2887.0,entrada,7357
3788,2023-12-07,1,2889.0,entrada,8296
3789,2023-12-07,3,2890.0,entrada,7197
3790,2023-12-07,2,2891.0,entrada,10366
3791,2023-12-07,3,2892.0,entrada,5990
3792,2023-12-07,2,2893.0,entrada,9185
3793,2023-12-07,1,2894.0,entrada,8937
3794,2023-12-07,2,2901.0,entrada,3183
3795,2023-12-07,3,2896.0,entrada,4931
3796,2023-12-07,2,2897.0,entrada,8878
3797,2023-12-07,3,2898.0,entrada,9355
3798,2023-12-07,2,2900.0,entrada,4298
3799,2023-12-07,2,2899.0,entrada,10109
3800,2023-12-08,2,2913.0,entrada,3136
3801,2023-12-08,1,2903.0,entrada,11555
3802,2023-12-08,1,2912.0,entrada,11238
3803,2023-12-08,2,2904.0,entrada,7984
3804,2023-12-08,4,2914.0,entrada,10200
3805,2023-12-08,4,2911.0,entrada,10734
3806,2023-12-08,2,,salida,549
3807,2023-12-08,2,2902.0,entrada,6037
3808,2023-12-08,4,,salida,10700
3809,2023-12-08,1,2916.0,entrada,3742
3810,2023-12-08,2,2832.0,merma,230
3811,2023-12-08,4,,salida,1545
3812,2023-12-08,3,2917.0,entrada,15938
3813,2023-12-08,1,2915.0,entrada,5302
3814,2023-12-08,4,2905.0,entrada,4428
3815,2023-12-08,3,2906.0,entrada,6683
3816,2023-12-08,4,2907.0,entrada,8290
3817,2023-12-08,1,2908.0,entrada,8876
3818,2023-12-08,4,2909.0,entrada,12563
3819,2023-12-08,3,2910.0,entrada,5331
3820,2023-12-09,1,,salida,2610
3821,2023-12-09,1,2933.0,entrada,3690
3822,2023-12-09,4,,salida,32874
3823,2023-12-09,1,2934.0,entrada,14712
3824,2023-12-09,3,2918.0,entrada,6276
3825,2023-12-09,4,2919.0,entrada,10555
3826,2023-12-09,3,2932.0,entrada,4314
3827,2023-12-09,1,2921.0,entrada,7365
3828,2023-12-09,4,2922.0,entrada,8433
3829,2023-12-09,1,2923.0,entrada,4513
3830,2023-12-09,2,2931.0,entrada,3875
3831,2023-12-09,4,2930.0,entrada,11268
3832,2023-12-09,2,2929.0,entrada,10454
3833,2023-12-09,2,2928.0,entrada,5270
3834,2023-12-09,4,2927.0,entrada,14144
3835,2023-12-09,2,2926.0,entrada,10097
3836,2023-12-09,2,2925.0,entrada,8422
3837,2023-12-09,2,2920.0,entrada,9070
3838,2023-12-09,1,2924.0,entrada,5638
3839,2023-12-10,2,,salida,8712
3840,2023-12-10,3,2944.0,entrada,11206
3841,2023-12-10,2,2948.0,entrada,3241
3842,2023-12-10,2,2946.0,entrada,11778
3843,2023-12-10,1,2947.0,entrada,4803
3844,2023-12-10,2,2949.0,entrada,17941
3845,2023-12-10,4,2945.0,entrada,3402
3846,2023-12-10,3,2942.0,entrada,8645
3847,2023-12-10,1,2943.0,entrada,12605
3848,2023-12-10,1,2941.0,entrada,5654
3849,2023-12-10,1,2935.0,entrada,7065
3850,2023-12-10,1,2936.0,entrada,10058
3851,2023-12-10,4,2937.0,entrada,8499
3852,2023-12-10,1,2938.0,entrada,6887
3853,2023-12-10,1,2939.0,entrada,10199
3854,2023-12-10,4,,salida,86157
3855,2023-12-10,1,2940.0,entrada,3861
3856,2023-12-10,1,,salida,8735
3857,2023-12-10,1,,salida,93453
3858,2023-12-10,3,,salida,6569
3859,2023-12-10,3,,salida,16509
3860,2023-12-11,1,2957.0,entrada,9108
3861,2023-12-11,3,2958.0,entrada,9702
3862,2023-12-11,4,,salida,342
3863,2023-12-11,2,2964.0,entrada,13746
3864,2023-12-11,4,2963.0,entrada,4985
3865,2023-12-11,3,2959.0,entrada,5441
3866,2023-12-11,1,2962.0,entrada,2895
3867,2023-12-11,3,,salida,19302
3868,2023-12-11,2,,salida,5666
3869,2023-12-11,1,2960.0,entrada,10754
3870,2023-12-11,3,,salida,1507
3871,2023-12-11,2,2953.0,entrada,6813
3872,2023-12-11,3,2952.0,entrada,9148
3873,2023-12-11,2,2951.0,entrada,11164
3874,2023-12-11,4,2950.0,entrada,7064
3875,2023-12-11,3,2961.0,entrada,10838
3876,2023-12-11,2,2954.0,entrada,10335
3877,2023-12-11,2,2955.0,entrada,4607
3878,2023-12-11,1,2956.0,entrada,6540
3879,2023-12-12,3,,salida,6539
3880,2023-12-12,1,,salida,56315
3881,2023-12-12,2,,salida,76724
3882,2023-12-12,3,2976.0,entrada,5295
3883,2023-12-12,1,2975.0,entrada,3344
3884,2023-12-12,3,2974.0,entrada,11460
3885,2023-12-12,3,2973.0,entrada,4916
3886,2023-12-12,2,2972.0,entrada,12311
3887,2023-12-12,1,2970.0,entrada,7225
3888,2023-12-12,3,2969.0,entrada,4112
3889,2023-12-12,1,2968.0,entrada,9979
3890,2023-12-12,1,2967.0,entrada,6717
3891,2023-12-12,3,2966.0,entrada,9936
3892,2023-12-12,2,2965.0,entrada,7065
3893,2023-12-12,4,2971.0,entrada,8936
3894,2023-12-13,1,2979.0,entrada,8824
3895,2023-12-13,1,2980.0,entrada,7567
3896,2023-12-13,1,2981.0,entrada,11260
3897,2023-12-13,4,2982.0,entrada,5102
3898,2023-12-13,1,2983.0,entrada,8717
3899,2023-12-13,3,2984.0,entrada,10313
3900,2023-12-13,4,2985.0,entrada,14050
3901,2023-12-13,1,2978.0,entrada,10729
3902,2023-12-13,2,2986.0,entrada,10407
3903,2023-12-13,3,2988.0,entrada,3653
3904,2023-12-13,3,2989.0,entrada,11402
3905,2023-12-13,1,,salida,13872
3906,2023-12-13,4,2990.0,entrada,4931
3907,2023-12-13,1,,salida,51946
3908,2023-12-13,2,,salida,15047
3909,2023-12-13,2,2987.0,entrada,11471
3910,2023-12-13,4,2977.0,entrada,8876
3911,2023-12-13,2,2991.0,entrada,3693
3912,2023-12-13,2,2919.0,merma,1199
3913,2023-12-13,2,2916.0,merma,417
3914,2023-12-13,2,2869.0,merma,1030
3915,2023-12-13,2,2992.0,entrada,13681
3916,2023-12-14,4,3000.0,entrada,15472
3917,2023-12-14,2,3003.0,entrada,3294
3918,2023-12-14,1,,salida,200022
3919,2023-12-14,2,3002.0,entrada,10817
3920,2023-12-14,2,2993.0,entrada,10697
3921,2023-12-14,4,3001.0,entrada,3696
3922,2023-12-14,2,2994.0,entrada,10228
3923,2023-12-14,1,2996.0,entrada,10550
3924,2023-12-14,4,,salida,858
3925,2023-12-14,3,2997.0,entrada,6640
3926,2023-12-14,1,2998.0,entrada,8149
3927,2023-12-14,2,2999.0,entrada,8606
3928,2023-12-14,4,3004.0,entrada,8740
3929,2023-12-14,2,2995.0,entrada,6567
3930,2023-12-15,2,,salida,16453
3931,2023-12-15,3,,salida,2290
3932,2023-12-15,2,,salida,6994
3933,2023-12-15,2,3011.0,entrada,5898
3934,2023-12-15,2,2964.0,merma,974
3935,2023-12-15,1,3010.0,entrada,4344
3936,2023-12-15,1,3013.0,entrada,8653
3937,2023-12-15,3,3014.0,entrada,14408
3938,2023-12-15,4,3009.0,entrada,11276
3939,2023-12-15,1,3008.0,entrada,6939
3940,2023-12-15,2,3007.0,entrada,9987
3941,2023-12-15,4,3015.0,entrada,4881
3942,2023-12-15,4,3016.0,entrada,10822
3943,2023-12-15,3,3017.0,entrada,11788
3944,2023-12-15,1,3006.0,entrada,11635
3945,2023-12-15,1,3005.0,entrada,7401
3946,2023-12-15,3,3018.0,entrada,2993
3947,2023-12-15,4,3019.0,entrada,9202
3948,2023-12-15,3,3020.0,entrada,4878
3949,2023-12-15,2,3021.0,entrada,4131
3950,2023-12-15,1,,salida,75720
3951,2023-12-15,4,3012.0,entrada,8439
3952,2023-12-16,4,3032.0,entrada,9570
3953,2023-12-16,1,3034.0,entrada,3348
3954,2023-12-16,1,,salida,1483
3955,2023-12-16,2,,salida,12998
3956,2023-12-16,4,,salida,31333
3957,2023-12-16,4,3038.0,entrada,16735
3958,2023-12-16,1,3037.0,entrada,3958
3959,2023-12-16,3,3036.0,entrada,4876
3960,2023-12-16,4,3035.0,entrada,8329
3961,2023-12-16,3,3033.0,entrada,11019
3962,2023-12-16,4,,salida,21848
3963,2023-12-16,3,3031.0,entrada,5372
3964,2023-12-16,3,3029.0,entrada,10210
3965,2023-12-16,1,3028.0,entrada,9034
3966,2023-12-16,1,3027.0,entrada,4220
3967,2023-12-16,3,3026.0,entrada,10030
3968,2023-12-16,3,3025.0,entrada,6942
3969,2023-12-16,4,3024.0,entrada,8082
3970,2023-12-16,2,3023.0,entrada,11112
3971,2023-12-16,2,3022.0,entrada,7303
3972,2023-12-16,3,3030.0,entrada,13942
3973,2023-12-16,3,,salida,27041
3974,2023-12-17,4,3051.0,entrada,3477
3975,2023-12-17,3,3041.0,entrada,9619
3976,2023-12-17,4,3050.0,entrada,4922
3977,2023-12-17,1,,salida,28319
3978,2023-12-17,1,3049.0,entrada,11677
3979,2023-12-17,3,3040.0,entrada,10684
3980,2023-12-17,2,3047.0,entrada,12332
3981,2023-12-17,3,3046.0,entrada,4905
3982,2023-12-17,2,3045.0,entrada,7532
3983,2023-12-17,1,3044.0,entrada,6893
3984,2023-12-17,1,3043.0,entrada,4450
3985,2023-12-17,4,3042.0,entrada,6636
3986,2023-12-17,3,,salida,5639
3987,2023-12-17,3,3039.0,entrada,7139
3988,2023-12-17,2,3048.0,entrada,3160
3989,2023-12-17,1,,salida,10177
3990,2023-12-18,2,3054.0,entrada,9606
3991,2023-12-18,2,,salida,15453
3992,2023-12-18,1,3052.0,entrada,6614
3993,2023-12-18,4,3053.0,entrada,11405
3994,2023-12-18,4,3061.0,entrada,10191
3995,2023-12-18,2,3065.0,entrada,16234
3996,2023-12-18,2,3062.0,entrada,3526
3997,2023-12-18,2,3064.0,entrada,3799
3998,2023-12-18,4,3060.0,entrada,4874
3999,2023-12-18,3,3059.0,entrada,10266
4000,2023-12-18,4,3058.0,entrada,7653
4001,2023-12-18,3,3057.0,entrada,6962
4002,2023-12-18,4,3063.0,entrada,10477
4003,2023-12-18,1,3056.0,entrada,11541
4004,2023-12-18,3,3055.0,entrada,6155
4005,2023-12-19,1,,salida,72678
4006,2023-12-19,1,3013.0,merma,958
4007,2023-12-19,2,3066.0,entrada,7197
4008,2023-12-19,1,3067.0,entrada,11896
4009,2023-12-19,1,3068.0,entrada,8191
4010,2023-12-19,4,3069.0,entrada,7093
4011,2023-12-19,2,3070.0,entrada,11277
4012,2023-12-19,1,3071.0,entrada,4479
4013,2023-12-19,4,,salida,1588
4014,2023-12-19,3,3073.0,entrada,7039
4015,2023-12-19,3,3074.0,entrada,9749
4016,2023-12-19,3,3075.0,entrada,14596
4017,2023-12-19,4,3076.0,entrada,4641
4018,2023-12-19,2,3077.0,entrada,11146
4019,2023-12-19,3,3078.0,entrada,3603
4020,2023-12-19,1,3079.0,entrada,10744
4021,2023-12-19,3,3080.0,entrada,4229
4022,2023-12-19,3,3081.0,entrada,15439
4023,2023-12-19,3,,salida,24758
4024,2023-12-19,1,,salida,17190
4025,2023-12-19,3,,salida,2913
4026,2023-12-19,3,,salida,16141
4027,2023-12-19,2,,salida,16390
4028,2023-12-19,2,,salida,28294
4029,2023-12-19,2,3072.0,entrada,6979
4030,2023-12-20,2,,salida,25157
4031,2023-12-20,4,,salida,42566
4032,2023-12-20,4,3090.0,entrada,5469
4033,2023-12-20,3,3082.0,entrada,9611
4034,2023-12-20,4,3091.0,entrada,12166
4035,2023-12-20,2,3092.0,entrada,3106
4036,2023-12-20,3,3093.0,entrada,10452
4037,2023-12-20,2,3094.0,entrada,4588
4038,2023-12-20,4,3089.0,entrada,15406
4039,2023-12-20,4,3096.0,entrada,15752
4040,2023-12-20,1,3095.0,entrada,3297
4041,2023-12-20,2,3087.0,entrada,7962
4042,2023-12-20,1,3086.0,entrada,6059
4043,2023-12-20,2,3085.0,entrada,4410
4044,2023-12-20,1,3084.0,entrada,9314
4045,2023-12-20,4,3083.0,entrada,6880
4046,2023-12-20,4,3088.0,entrada,8987
4047,2023-12-20,3,,salida,5015
4048,2023-12-21,4,2970.0,merma,760
4049,2023-12-21,1,2974.0,merma,1139
4050,2023-12-21,3,3001.0,merma,142
4051,2023-12-21,4,,salida,3819
4052,2023-12-21,3,,salida,16426
4053,2023-12-21,4,3108.0,entrada,10674
4054,2023-12-21,2,3107.0,entrada,3201
4055,2023-12-21,1,3106.0,entrada,12530
4056,2023-12-21,2,3105.0,entrada,10472
4057,2023-12-21,2,3104.0,entrada,5285
4058,2023-12-21,3,,salida,17726
4059,2023-12-21,3,3103.0,entrada,13266
4060,2023-12-21,1,3102.0,entrada,9214
4061,2023-12-21,2,,salida,12375
4062,2023-12-21,3,3101.0,entrada,9999
4063,2023-12-21,3,,salida,5549
4064,2023-12-21,1,,salida,37323
4065,2023-12-21,3,3100.0,entrada,7191
4066,2023-12-21,2,,salida,113674
4067,2023-12-21,2,3099.0,entrada,10130
4068,2023-12-21,4,,salida,2367
4069,2023-12-21,4,,salida,2920
4070,2023-12-21,4,3097.0,entrada,6656
4071,2023-12-21,2,3110.0,entrada,3808
4072,2023-12-21,1,3109.0,entrada,4985
4073,2023-12-21,1,3098.0,entrada,10714
4074,2023-12-22,4,,salida,26721
4075,2023-12-22,4,,salida,81402
4076,2023-12-22,3,3124.0,entrada,13834
4077,2023-12-22,2,3123.0,entrada,4238
4078,2023-12-22,1,3122.0,entrada,4792
4079,2023-12-22,4,3121.0,entrada,3598
4080,2023-12-22,1,3111.0,entrada,6522
4081,2023-12-22,4,3120.0,entrada,11891
4082,2023-12-22,3,3112.0,entrada,9582
4083,2023-12-22,1,3015.0,merma,526
4084,2023-12-22,3,2998.0,merma,857
4085,2023-12-22,2,3118.0,entrada,12496
4086,2023-12-22,1,3117.0,entrada,9086
4087,2023-12-22,1,3116.0,entrada,8248
4088,2023-12-22,2,3115.0,entrada,4271
4089,2023-12-22,4,3114.0,entrada,9924
4090,2023-12-22,2,3113.0,entrada,8210
4091,2023-12-22,4,3119.0,entrada,11104
4092,2023-12-22,1,,salida,52561
4093,2023-12-23,1,3125.0,entrada,9793
4094,2023-12-23,4,3126.0,entrada,8358
4095,2023-12-23,4,3131.0,entrada,9174
4096,2023-12-23,4,3128.0,entrada,10605
4097,2023-12-23,2,3127.0,entrada,7589
4098,2023-12-23,4,,salida,16165
4099,2023-12-23,3,3129.0,entrada,4365
4100,2023-12-23,3,3140.0,entrada,16416
4101,2023-12-23,1,3139.0,entrada,3700
4102,2023-12-23,2,3138.0,entrada,4828
4103,2023-12-23,4,3137.0,entrada,10427
4104,2023-12-23,3,3136.0,entrada,3160
4105,2023-12-23,4,3130.0,entrada,5749
4106,2023-12-23,4,,salida,1319
4107,2023-12-23,1,3134.0,entrada,10798
4108,2023-12-23,2,,salida,1621
4109,2023-12-23,2,3133.0,entrada,4364
4110,2023-12-23,3,3132.0,entrada,11045
4111,2023-12-23,3,,salida,213331
4112,2023-12-23,2,3135.0,entrada,12259
4113,2023-12-24,4,3157.0,entrada,14714
4114,2023-12-24,3,3156.0,entrada,3219
4115,2023-12-24,3,3155.0,entrada,4763
4116,2023-12-24,1,3154.0,entrada,10294
4117,2023-12-24,4,3153.0,entrada,3099
4118,2023-12-24,2,3152.0,entrada,9969
4119,2023-12-24,1,3151.0,entrada,9389
4120,2023-12-24,1,3148.0,entrada,8004
4121,2023-12-24,3,3149.0,entrada,12670
4122,2023-12-24,2,3147.0,entrada,5033
4123,2023-12-24,4,3146.0,entrada,3739
4124,2023-12-24,1,3144.0,entrada,6429
4125,2023-12-24,1,3142.0,entrada,10444
4126,2023-12-24,2,3141.0,entrada,8041
4127,2023-12-24,1,3150.0,entrada,4998
4128,2023-12-24,3,3143.0,entrada,9754
4129,2023-12-24,3,3145.0,entrada,10766
4130,2023-12-24,3,,salida,21054
4131,2023-12-24,1,,salida,15526
4132,2023-12-24,2,3087.0,merma,256
4133,2023-12-24,4,,salida,25629
4134,2023-12-25,1,,salida,33131
4135,2023-12-25,1,3164.0,entrada,11597
4136,2023-12-25,2,3163.0,entrada,10308
4137,2023-12-25,1,3162.0,entrada,4950
4138,2023-12-25,2,3161.0,entrada,13624
4139,2023-12-25,3,3160.0,entrada,10256
4140,2023-12-25,4,3159.0,entrada,9216
4141,2023-12-25,3,3158.0,entrada,10183
4142,2023-12-25,2,3042.0,merma,311
4143,2023-12-25,1,3165.0,entrada,3073
4144,2023-12-25,2,,salida,24674
4145,2023-12-25,2,,salida,26514
4146,2023-12-25,3,,salida,26170
4147,2023-12-25,1,,salida,72693
4148,2023-12-25,4,,salida,36472
4149,2023-12-25,1,,salida,21373
4150,2023-12-25,3,,salida,5609
4151,2023-12-26,3,3172.0,entrada,7578
4152,2023-12-26,1,3168.0,entrada,5947
4153,2023-12-26,4,3170.0,entrada,4595
4154,2023-12-26,3,3171.0,entrada,5771
4155,2023-12-26,1,3173.0,entrada,8601
4156,2023-12-26,3,3175.0,entrada,4949
4157,2023-12-26,2,3176.0,entrada,10071
4158,2023-12-26,2,3177.0,entrada,11244
4159,2023-12-26,1,3178.0,entrada,3489
4160,2023-12-26,3,3179.0,entrada,10168
4161,2023-12-26,1,3180.0,entrada,4696
4162,2023-12-26,1,3181.0,entrada,15829
4163,2023-12-26,2,3174.0,entrada,15508
4164,2023-12-26,2,3167.0,entrada,9418
4165,2023-12-26,2,3169.0,entrada,10261
4166,2023-12-26,3,3040.0,merma,663
4167,2023-12-26,4,3088.0,merma,733
4168,2023-12-26,1,3085.0,merma,493
4169,2023-12-26,3,3083.0,merma,230
4170,2023-12-26,3,,salida,12945
4171,2023-12-26,1,3166.0,entrada,10545
4172,2023-12-27,2,3189.0,entrada,9683
4173,2023-12-27,4,3188.0,entrada,8587
4174,2023-12-27,3,3187.0,entrada,6136
4175,2023-12-27,2,3186.0,entrada,4210
4176,2023-12-27,4,3185.0,entrada,8557
4177,2023-12-27,4,3184.0,entrada,9266
4178,2023-12-27,3,3183.0,entrada,10754
4179,2023-12-27,3,3182.0,entrada,5910
4180,2023-12-27,1,3194.0,entrada,15158
4181,2023-12-27,3,,salida,6694
4182,2023-12-27,1,,salida,9203
4183,2023-12-27,1,,salida,53134
4184,2023-12-27,1,,salida,481735
4185,2023-12-27,4,3192.0,entrada,3477
4186,2023-12-27,4,3143.0,merma,568
4187,2023-12-27,3,3193.0,entrada,4769
4188,2023-12-27,1,,salida,4199
4189,2023-12-27,2,3190.0,entrada,4813
4190,2023-12-27,2,3191.0,entrada,12943
4191,2023-12-28,3,3205.0,entrada,9485
4192,2023-12-28,2,3206.0,entrada,12258
4193,2023-12-28,1,3204.0,entrada,4923
4194,2023-12-28,3,3208.0,entrada,10296
4195,2023-12-28,4,3209.0,entrada,4891
4196,2023-12-28,4,3203.0,entrada,14085
4197,2023-12-28,1,3210.0,entrada,14688
4198,2023-12-28,1,3207.0,entrada,3207
4199,2023-12-28,1,3202.0,entrada,9657
4200,2023-12-28,3,,salida,1593
4201,2023-12-28,4,3200.0,entrada,5748
4202,2023-12-28,2,,salida,3854
4203,2023-12-28,4,,salida,518
4204,2023-12-28,1,,salida,23765
4205,2023-12-28,4,,salida,53578
4206,2023-12-28,4,,salida,7081
4207,2023-12-28,4,3196.0,entrada,11159
4208,2023-12-28,4,3197.0,entrada,9302
4209,2023-12-28,1,3198.0,entrada,7177
4210,2023-12-28,1,3199.0,entrada,5170
4211,2023-12-28,2,3195.0,entrada,6529
4212,2023-12-28,3,3201.0,entrada,7546
4213,2023-12-29,2,3147.0,merma,288
4214,2023-12-29,2,3221.0,entrada,8999
4215,2023-12-29,3,3224.0,entrada,16431
4216,2023-12-29,2,3223.0,entrada,3640
4217,2023-12-29,1,,salida,1508
4218,2023-12-29,4,3222.0,entrada,5043
4219,2023-12-29,1,3219.0,entrada,11544
4220,2023-12-29,4,3218.0,entrada,9881
4221,2023-12-29,3,3217.0,entrada,9069
4222,2023-12-29,4,3216.0,entrada,6544
4223,2023-12-29,1,3215.0,entrada,4519
4224,2023-12-29,4,3214.0,entrada,9788
4225,2023-12-29,2,3213.0,entrada,6474
4226,2023-12-29,4,3212.0,entrada,8063
4227,2023-12-29,1,3211.0,entrada,7376
4228,2023-12-29,4,,salida,20626
4229,2023-12-29,4,3220.0,entrada,10835
4230,2023-12-29,3,3176.0,merma,971
4231,2023-12-30,3,,salida,3075
4232,2023-12-30,4,,salida,19476
4233,2023-12-30,3,,salida,14505
4234,2023-12-30,1,,salida,8644
4235,2023-12-30,1,3165.0,merma,229
4236,2023-12-30,2,3230.0,entrada,4288
4237,2023-12-30,4,3234.0,entrada,4818
4238,2023-12-30,2,3225.0,entrada,6820
4239,2023-12-30,4,3226.0,entrada,11122
4240,2023-12-30,1,3227.0,entrada,7149
4241,2023-12-30,2,3228.0,entrada,6013
4242,2023-12-30,3,3229.0,entrada,13108
4243,2023-12-30,2,3231.0,entrada,11947
4244,2023-12-30,2,3232.0,entrada,11751
4245,2023-12-30,3,3233.0,entrada,9108
4246,2023-12-30,2,3235.0,entrada,3592
4247,2023-12-30,2,3236.0,entrada,16971
4248,2023-12-31,1,,salida,3783
4249,2023-12-31,3,,salida,8519
4250,2023-12-31,2,,salida,12346
4251,2023-12-31,2,3239.0,entrada,7622
4252,2023-12-31,4,,salida,4994
4253,2023-12-31,4,3247.0,entrada,4486
4254,2023-12-31,3,,salida,4568
4255,2023-12-31,2,3246.0,entrada,11090
4256,2023-12-31,4,3242.0,entrada,5783
4257,2023-12-31,2,3244.0,entrada,11564
4258,2023-12-31,4,3243.0,entrada,11419
4259,2023-12-31,2,3241.0,entrada,4796
4260,2023-12-31,3,3240.0,entrada,9953
4261,2023-12-31,3,3238.0,entrada,10760
4262,2023-12-31,1,3237.0,entrada,6200
4263,2023-12-31,4,3245.0,entrada,3129
4264,2024-01-01,1,,salida,6517
4265,2024-01-01,2,,salida,11089
4266,2024-01-01,3,3131.0,merma,616
4267,2024-01-01,2,,salida,5094
4268,2024-01-01,3,3177.0,merma,1275
4269,2024-01-01,3,3260.0,entrada,14019
4270,2024-01-01,3,3251.0,entrada,11142
4271,2024-01-01,2,3258.0,entrada,4342
4272,2024-01-01,1,3248.0,entrada,6397
4273,2024-01-01,1,3249.0,entrada,8854
4274,2024-01-01,1,3250.0,entrada,5688
4275,2024-01-01,3,3252.0,entrada,6418
4276,2024-01-01,1,3259.0,entrada,3692
4277,2024-01-01,1,3253.0,entrada,8143
4278,2024-01-01,1,,salida,33789
4279,2024-01-01,4,3255.0,entrada,11826
4280,2024-01-01,2,3256.0,entrada,2863
4281,2024-01-01,2,3257.0,entrada,9955
4282,2024-01-01,3,3254.0,entrada,5259
4283,2024-01-02,4,,salida,3425
4284,2024-01-02,1,,salida,13056
4285,2024-01-02,2,,salida,2240
4286,2024-01-02,4,,salida,14070
4287,2024-01-02,4,,salida,7831
4288,2024-01-02,1,,salida,33887
4289,2024-01-02,4,3262.0,entrada,9901
4290,2024-01-02,4,3275.0,entrada,16272
4291,2024-01-02,4,3261.0,entrada,7154
4292,2024-01-02,1,3263.0,entrada,8989
4293,2024-01-02,4,3264.0,entrada,7192
4294,2024-01-02,4,3265.0,entrada,7889
4295,2024-01-02,4,3266.0,entrada,4630
4296,2024-01-02,4,3267.0,entrada,5488
4297,2024-01-02,3,3268.0,entrada,8843
4298,2024-01-02,4,3269.0,entrada,8259
4299,2024-01-02,2,3270.0,entrada,11436
4300,2024-01-02,1,3271.0,entrada,5046
4301,2024-01-02,3,3272.0,entrada,10481
4302,2024-01-02,4,3273.0,entrada,3517
4303,2024-01-02,3,3274.0,entrada,3462
4304,2024-01-03,1,,salida,6243
4305,2024-01-03,4,,salida,5455
4306,2024-01-03,1,,salida,13988
4307,2024-01-03,2,,salida,20724
4308,2024-01-03,1,,salida,9255
4309,2024-01-03,4,3207.0,merma,198
4310,2024-01-03,4,3281.0,entrada,8850
4311,2024-01-03,2,3289.0,entrada,4447
4312,2024-01-03,2,3276.0,entrada,10582
4313,2024-01-03,1,3277.0,entrada,5535
4314,2024-01-03,4,3278.0,entrada,10192
4315,2024-01-03,4,3279.0,entrada,4335
4316,2024-01-03,4,3280.0,entrada,5784
4317,2024-01-03,1,3282.0,entrada,8953
4318,2024-01-03,1,3283.0,entrada,13008
4319,2024-01-03,2,3284.0,entrada,5430
4320,2024-01-03,1,3285.0,entrada,10051
4321,2024-01-03,4,3286.0,entrada,11740
4322,2024-01-03,2,3287.0,entrada,3363
4323,2024-01-03,2,3288.0,entrada,9314
4324,2024-01-03,4,3290.0,entrada,3280
4325,2024-01-03,3,3291.0,entrada,13630
4326,2024-01-03,3,,salida,7174
4327,2024-01-04,1,3293.0,entrada,9669
4328,2024-01-04,2,3301.0,entrada,12805
4329,2024-01-04,4,3302.0,entrada,9930
4330,2024-01-04,1,3303.0,entrada,3200
4331,2024-01-04,4,,salida,3115
4332,2024-01-04,1,,salida,14523
4333,2024-01-04,3,3304.0,entrada,4686
4334,2024-01-04,2,3305.0,entrada,13806
4335,2024-01-04,3,,salida,7006
4336,2024-01-04,4,3292.0,entrada,6902
4337,2024-01-04,1,3300.0,entrada,9813
4338,2024-01-04,3,3229.0,merma,1170
4339,2024-01-04,4,3298.0,entrada,5154
4340,2024-01-04,2,3297.0,entrada,4650
4341,2024-01-04,4,3296.0,entrada,10120
4342,2024-01-04,2,,salida,32617
4343,2024-01-04,4,3295.0,entrada,6380
4344,2024-01-04,2,3299.0,entrada,8551
4345,2024-01-04,1,3294.0,entrada,9391
4346,2024-01-04,3,3232.0,merma,863
4347,2024-01-05,1,,salida,33962
4348,2024-01-05,1,3253.0,merma,854
4349,2024-01-05,3,3316.0,entrada,11136
4350,2024-01-05,3,3319.0,entrada,9517
4351,2024-01-05,2,3322.0,entrada,14105
4352,2024-01-05,4,3321.0,entrada,3576
4353,2024-01-05,2,3320.0,entrada,5091
4354,2024-01-05,2,3318.0,entrada,3570
4355,2024-01-05,4,3317.0,entrada,11669
4356,2024-01-05,3,3315.0,entrada,4794
4357,2024-01-05,1,3313.0,entrada,9322
4358,2024-01-05,1,3314.0,entrada,13148
4359,2024-01-05,3,3311.0,entrada,5493
4360,2024-01-05,2,3310.0,entrada,4394
4361,2024-01-05,1,3309.0,entrada,9836
4362,2024-01-05,1,3308.0,entrada,7815
4363,2024-01-05,2,3307.0,entrada,9433
4364,2024-01-05,1,3306.0,entrada,6810
4365,2024-01-05,1,3312.0,entrada,8704
4366,2024-01-06,2,3338.0,entrada,3739
4367,2024-01-06,4,3330.0,entrada,8187
4368,2024-01-06,1,3331.0,entrada,9936
4369,2024-01-06,2,3329.0,entrada,6288
4370,2024-01-06,3,3327.0,entrada,11615
4371,2024-01-06,2,3339.0,entrada,14904
4372,2024-01-06,3,3325.0,entrada,8975
4373,2024-01-06,2,3324.0,entrada,12016
4374,2024-01-06,3,3323.0,entrada,6431
4375,2024-01-06,4,3332.0,entrada,14368
4376,2024-01-06,4,3243.0,merma,582
4377,2024-01-06,2,3326.0,entrada,6592
4378,2024-01-06,2,3333.0,entrada,5014
4379,2024-01-06,3,3328.0,entrada,4688
4380,2024-01-06,3,3335.0,entrada,10750
4381,2024-01-06,2,,salida,24103
4382,2024-01-06,4,,salida,48065
4383,2024-01-06,2,,salida,6724
4384,2024-01-06,4,3334.0,entrada,10782
4385,2024-01-06,4,,salida,9067
4386,2024-01-06,1,,salida,27064
4387,2024-01-06,1,3336.0,entrada,10024
4388,2024-01-06,2,3337.0,entrada,5030
4389,2024-01-07,3,3280.0,merma,332
4390,2024-01-07,2,3347.0,entrada,5616
4391,2024-01-07,3,3341.0,entrada,6265
4392,2024-01-07,2,3342.0,entrada,9482
4393,2024-01-07,4,3343.0,entrada,3804
4394,2024-01-07,2,3344.0,entrada,5225
4395,2024-01-07,2,3345.0,entrada,9349
4396,2024-01-07,2,3346.0,entrada,13631
4397,2024-01-07,1,3340.0,entrada,11749
4398,2024-01-07,3,3348.0,entrada,10525
4399,2024-01-07,3,3350.0,entrada,2794
4400,2024-01-07,4,3351.0,entrada,9663
4401,2024-01-07,2,3352.0,entrada,5093
4402,2024-01-07,1,3353.0,entrada,3774
4403,2024-01-07,3,3354.0,entrada,13768
4404,2024-01-07,4,3349.0,entrada,10877
4405,2024-01-07,1,,salida,109259
4406,2024-01-08,4,3283.0,merma,1221
4407,2024-01-08,4,,salida,199037
4408,2024-01-08,3,3273.0,merma,196
4409,2024-01-08,4,3262.0,merma,749
4410,2024-01-08,4,3259.0,merma,122
4411,2024-01-08,3,3242.0,merma,496
4412,2024-01-08,4,,salida,132163
4413,2024-01-08,4,3237.0,merma,215
4414,2024-01-08,2,3235.0,merma,261
4415,2024-01-08,1,,salida,1220
4416,2024-01-08,1,3304.0,merma,536
4417,2024-01-08,3,3244.0,merma,1267
4418,2024-01-08,2,3309.0,merma,510
4419,2024-01-08,3,3358.0,entrada,6805
4420,2024-01-08,2,3362.0,entrada,13664
4421,2024-01-08,1,3355.0,entrada,7129
4422,2024-01-08,3,3356.0,entrada,10522
4423,2024-01-08,2,3357.0,entrada,8779
4424,2024-01-08,2,3368.0,entrada,3785
4425,2024-01-08,2,3359.0,entrada,4332
4426,2024-01-08,3,3360.0,entrada,5464
4427,2024-01-08,2,3361.0,entrada,8103
4428,2024-01-08,1,3367.0,entrada,4716
4429,2024-01-08,4,3363.0,entrada,5044
4430,2024-01-08,2,3364.0,entrada,12483
4431,2024-01-08,4,3365.0,entrada,3216
4432,2024-01-08,2,3366.0,entrada,11262
4433,2024-01-09,1,3381.0,entrada,10353
4434,2024-01-09,2,3377.0,entrada,15194
4435,2024-01-09,4,3378.0,entrada,10933
4436,2024-01-09,1,3376.0,entrada,7265
4437,2024-01-09,2,3379.0,entrada,10451
4438,2024-01-09,3,3384.0,entrada,14016
4439,2024-01-09,3,3383.0,entrada,3343
4440,2024-01-09,4,3382.0,entrada,4982
4441,2024-01-09,2,3375.0,entrada,8329
4442,2024-01-09,3,3374.0,entrada,6198
4443,2024-01-09,2,3380.0,entrada,4022
4444,2024-01-09,1,3372.0,entrada,10497
4445,2024-01-09,2,3371.0,entrada,8058
4446,2024-01-09,1,3370.0,entrada,11982
4447,2024-01-09,1,3369.0,entrada,5686
4448,2024-01-09,4,3373.0,entrada,5106
4449,2024-01-10,2,,salida,31450
4450,2024-01-10,2,,salida,36409
4451,2024-01-10,2,,salida,316622
4452,2024-01-10,1,3385.0,entrada,6886
4453,2024-01-10,2,3386.0,entrada,10832
4454,2024-01-10,1,3387.0,entrada,8284
4455,2024-01-10,1,3388.0,entrada,5901
4456,2024-01-10,1,3389.0,entrada,11236
4457,2024-01-10,2,3390.0,entrada,4213
4458,2024-01-10,2,,salida,68675
4459,2024-01-10,1,3392.0,entrada,8145
4460,2024-01-10,4,3394.0,entrada,12983
4461,2024-01-10,1,3395.0,entrada,4824
4462,2024-01-10,3,3396.0,entrada,9879
4463,2024-01-10,4,3397.0,entrada,10518
4464,2024-01-10,1,3398.0,entrada,3551
4465,2024-01-10,4,3399.0,entrada,11716
4466,2024-01-10,4,3400.0,entrada,4913
4467,2024-01-10,4,3401.0,entrada,3195
4468,2024-01-10,4,3402.0,entrada,16208
4469,2024-01-10,1,3279.0,merma,397
4470,2024-01-10,4,3291.0,merma,847
4471,2024-01-10,2,3393.0,entrada,9208
4472,2024-01-10,4,3391.0,entrada,5929
4473,2024-01-11,2,3409.0,entrada,10013
4474,2024-01-11,4,3403.0,entrada,6426
4475,2024-01-11,4,3408.0,entrada,5260
4476,2024-01-11,4,3332.0,merma,714
4477,2024-01-11,4,3411.0,entrada,4767
4478,2024-01-11,1,3410.0,entrada,11364
4479,2024-01-11,3,3412.0,entrada,3516
4480,2024-01-11,3,3406.0,entrada,8944
4481,2024-01-11,1,3405.0,entrada,4271
4482,2024-01-11,4,3404.0,entrada,6332
4483,2024-01-11,2,3407.0,entrada,15799
4484,2024-01-12,2,3418.0,entrada,7108
4485,2024-01-12,2,3413.0,entrada,7248
4486,2024-01-12,4,3414.0,entrada,10180
4487,2024-01-12,1,3415.0,entrada,8894
4488,2024-01-12,3,3416.0,entrada,7742
4489,2024-01-12,2,3417.0,entrada,9608
4490,2024-01-12,4,3419.0,entrada,7869
4491,2024-01-12,3,3422.0,entrada,5742
4492,2024-01-12,3,3421.0,entrada,13011
4493,2024-01-12,3,3423.0,entrada,11168
4494,2024-01-12,1,3424.0,entrada,10706
4495,2024-01-12,3,3425.0,entrada,3711
4496,2024-01-12,2,3426.0,entrada,8236
4497,2024-01-12,2,3427.0,entrada,3807
4498,2024-01-12,3,3334.0,merma,425
4499,2024-01-12,3,3420.0,entrada,8389
4500,2024-01-13,4,3320.0,merma,534
4501,2024-01-13,1,3311.0,merma,334
4502,2024-01-13,4,,salida,44971
4503,2024-01-13,3,3431.0,entrada,11101
4504,2024-01-13,3,3434.0,entrada,8640
4505,2024-01-13,4,3435.0,entrada,7862
4506,2024-01-13,3,3438.0,entrada,11473
4507,2024-01-13,1,3433.0,entrada,5769
4508,2024-01-13,2,3432.0,entrada,4052
4509,2024-01-13,3,3439.0,entrada,10603
4510,2024-01-13,2,3430.0,entrada,7942
4511,2024-01-13,1,3440.0,entrada,3398
4512,2024-01-13,2,3429.0,entrada,9183
4513,2024-01-13,1,3428.0,entrada,6355
4514,2024-01-13,3,3441.0,entrada,11068
4515,2024-01-13,1,3442.0,entrada,5302
4516,2024-01-13,1,3443.0,entrada,3475
4517,2024-01-13,4,3444.0,entrada,17817
4518,2024-01-13,3,3436.0,entrada,13847
4519,2024-01-13,1,3437.0,entrada,5466
4520,2024-01-14,4,3454.0,entrada,5030
4521,2024-01-14,4,3453.0,entrada,13440
4522,2024-01-14,1,3457.0,entrada,3609
4523,2024-01-14,3,3455.0,entrada,11057
4524,2024-01-14,4,3456.0,entrada,11507
4525,2024-01-14,1,3458.0,entrada,8973
4526,2024-01-14,3,3459.0,entrada,3585
4527,2024-01-14,4,3460.0,entrada,15355
4528,2024-01-14,3,,salida,53637
4529,2024-01-14,4,,salida,8264
4530,2024-01-14,3,,salida,35838
4531,2024-01-14,4,3451.0,entrada,9201
4532,2024-01-14,4,3450.0,entrada,6475
4533,2024-01-14,1,3452.0,entrada,8565
4534,2024-01-14,3,3448.0,entrada,10553
4535,2024-01-14,3,3447.0,entrada,8753
4536,2024-01-14,4,3449.0,entrada,3695
4537,2024-01-14,2,3446.0,entrada,10373
4538,2024-01-14,2,3445.0,entrada,6723
4539,2024-01-14,1,3407.0,merma,1214
4540,2024-01-14,2,3321.0,merma,412
4541,2024-01-15,1,,salida,2705
4542,2024-01-15,3,3472.0,entrada,18067
4543,2024-01-15,2,3473.0,entrada,6458
4544,2024-01-15,4,3474.0,entrada,18710
4545,2024-01-15,1,3475.0,entrada,8789
4546,2024-01-15,3,3477.0,entrada,28509
4547,2024-01-15,3,3476.0,entrada,7772
4548,2024-01-15,4,3471.0,entrada,21955
4549,2024-01-15,2,,salida,10126
4550,2024-01-15,1,3370.0,merma,672
4551,2024-01-15,3,3388.0,merma,625
4552,2024-01-15,1,,salida,10169
4553,2024-01-15,1,3470.0,entrada,9606
4554,2024-01-15,3,3467.0,entrada,16395
4555,2024-01-15,2,3468.0,entrada,16125
4556,2024-01-15,2,3466.0,entrada,7929
4557,2024-01-15,4,3465.0,entrada,16100
4558,2024-01-15,4,3464.0,entrada,11212
4559,2024-01-15,4,3463.0,entrada,16065
4560,2024-01-15,1,3462.0,entrada,19532
4561,2024-01-15,4,3461.0,entrada,12706
4562,2024-01-15,3,3356.0,merma,476
4563,2024-01-15,4,,salida,12828
4564,2024-01-15,1,,salida,2877
4565,2024-01-15,3,3469.0,entrada,24993
4566,2024-01-15,3,,salida,6727
4567,2024-01-16,3,3482.0,entrada,8166
4568,2024-01-16,2,3481.0,entrada,17578
4569,2024-01-16,1,3483.0,entrada,10625
4570,2024-01-16,2,3493.0,entrada,25649
4571,2024-01-16,4,3479.0,entrada,17309
4572,2024-01-16,3,3478.0,entrada,19517
4573,2024-01-16,1,3484.0,entrada,17253
4574,2024-01-16,2,3363.0,merma,486
4575,2024-01-16,1,3364.0,merma,480
4576,2024-01-16,3,3398.0,merma,239
4577,2024-01-16,2,3480.0,entrada,14532
4578,2024-01-16,2,3485.0,entrada,25628
4579,2024-01-16,2,3490.0,entrada,17232
4580,2024-01-16,2,3487.0,entrada,21555
4581,2024-01-16,1,3486.0,entrada,9534
4582,2024-01-16,3,,salida,12068
4583,2024-01-16,1,,salida,89191
4584,2024-01-16,1,,salida,5368
4585,2024-01-16,4,3439.0,merma,521
4586,2024-01-16,3,3491.0,entrada,9552
4587,2024-01-16,3,3488.0,entrada,18884
4588,2024-01-16,1,3492.0,entrada,5661
4589,2024-01-16,2,3489.0,entrada,6371
4590,2024-01-17,4,,salida,16902
4591,2024-01-17,1,3509.0,entrada,32552
4592,2024-01-17,1,3508.0,entrada,6241
4593,2024-01-17,2,3507.0,entrada,9477
4594,2024-01-17,2,3506.0,entrada,21520
4595,2024-01-17,1,3505.0,entrada,5950
4596,2024-01-17,1,3504.0,entrada,19735
4597,2024-01-17,1,3503.0,entrada,9483
4598,2024-01-17,3,3501.0,entrada,16627
4599,2024-01-17,4,3500.0,entrada,16536
4600,2024-01-17,1,3502.0,entrada,25607
4601,2024-01-17,3,3498.0,entrada,18939
4602,2024-01-17,1,,salida,20174
4603,2024-01-17,2,3497.0,entrada,14033
4604,2024-01-17,1,3496.0,entrada,15669
4605,2024-01-17,3,,salida,26286
4606,2024-01-17,1,,salida,35440
4607,2024-01-17,3,3495.0,entrada,19274
4608,2024-01-17,2,3494.0,entrada,11040
4609,2024-01-17,2,3499.0,entrada,8044
4610,2024-01-17,1,,salida,107073
4611,2024-01-18,4,3515.0,entrada,11147
4612,2024-01-18,4,3514.0,entrada,19602
4613,2024-01-18,1,3513.0,entrada,13121
4614,2024-01-18,1,3510.0,entrada,11886
4615,2024-01-18,2,3511.0,entrada,19943
4616,2024-01-18,3,3385.0,merma,795
4617,2024-01-18,1,3516.0,entrada,14609
4618,2024-01-18,1,3512.0,entrada,14149
4619,2024-01-18,3,3517.0,entrada,23257
4620,2024-01-18,1,3522.0,entrada,9915
4621,2024-01-18,4,3519.0,entrada,17783
4622,2024-01-18,3,3520.0,entrada,21295
4623,2024-01-18,3,3521.0,entrada,6191
4624,2024-01-18,4,3523.0,entrada,7650
4625,2024-01-18,4,3524.0,entrada,26547
4626,2024-01-18,2,,salida,34622
4627,2024-01-18,3,,salida,49246
4628,2024-01-18,1,3518.0,entrada,9924
4629,2024-01-19,3,,salida,10859
4630,2024-01-19,2,,salida,75176
4631,2024-01-19,1,3538.0,entrada,6618
4632,2024-01-19,1,3537.0,entrada,7564
4633,2024-01-19,3,3536.0,entrada,17281
4634,2024-01-19,4,3535.0,entrada,19313
4635,2024-01-19,2,3534.0,entrada,17064
4636,2024-01-19,4,3532.0,entrada,22525
4637,2024-01-19,4,3531.0,entrada,15023
4638,2024-01-19,2,3530.0,entrada,15711
4639,2024-01-19,4,3529.0,entrada,11004
4640,2024-01-19,2,3528.0,entrada,17373
4641,2024-01-19,2,3527.0,entrada,11636
4642,2024-01-19,1,3526.0,entrada,18508
4643,2024-01-19,4,3533.0,entrada,9919
4644,2024-01-19,3,3525.0,entrada,11749
4645,2024-01-20,2,,salida,126842
4646,2024-01-20,2,,salida,5220
4647,2024-01-20,4,,salida,4746
4648,2024-01-20,2,,salida,59225
4649,2024-01-20,4,3550.0,entrada,21227
4650,2024-01-20,2,3554.0,entrada,30673
4651,2024-01-20,1,3553.0,entrada,6267
4652,2024-01-20,1,3552.0,entrada,9437
4653,2024-01-20,1,3551.0,entrada,18184
4654,2024-01-20,1,3549.0,entrada,18471
4655,2024-01-20,4,3548.0,entrada,9021
4656,2024-01-20,1,3547.0,entrada,29704
4657,2024-01-20,1,3546.0,entrada,13904
4658,2024-01-20,2,3544.0,entrada,8739
4659,2024-01-20,1,3545.0,entrada,10769
4660,2024-01-20,2,3542.0,entrada,12396
4661,2024-01-20,2,3541.0,entrada,18030
4662,2024-01-20,4,3539.0,entrada,11575
4663,2024-01-20,1,3540.0,entrada,20733
4664,2024-01-20,1,3543.0,entrada,14088
4665,2024-01-21,2,3559.0,entrada,7955
4666,2024-01-21,4,3562.0,entrada,23790
4667,2024-01-21,2,3561.0,entrada,16442
4668,2024-01-21,4,3563.0,entrada,20211
4669,2024-01-21,1,3565.0,entrada,5536
4670,2024-01-21,4,3566.0,entrada,18730
4671,2024-01-21,1,3558.0,entrada,19140
4672,2024-01-21,2,3560.0,entrada,11553
4673,2024-01-21,4,3556.0,entrada,16980
4674,2024-01-21,4,3555.0,entrada,13938
4675,2024-01-21,3,3567.0,entrada,9224
4676,2024-01-21,4,,salida,4469
4677,2024-01-21,2,,salida,157194
4678,2024-01-21,4,3511.0,merma,892
4679,2024-01-21,3,,salida,10369
4680,2024-01-21,1,3557.0,entrada,12286
4681,2024-01-21,3,3568.0,entrada,7263
4682,2024-01-21,4,3564.0,entrada,21472
4683,2024-01-21,2,3569.0,entrada,27345
4684,2024-01-22,4,3570.0,entrada,17132
4685,2024-01-22,2,3493.0,merma,1365
4686,2024-01-22,1,,salida,731
4687,2024-01-22,2,,salida,47176
4688,2024-01-22,2,3532.0,merma,1760
4689,2024-01-22,3,,salida,14118
4690,2024-01-22,1,3580.0,entrada,19640
4691,2024-01-22,4,3579.0,entrada,5721
4692,2024-01-22,3,3578.0,entrada,22174
4693,2024-01-22,3,3581.0,entrada,6671
4694,2024-01-22,1,3478.0,merma,1262
4695,2024-01-22,1,3576.0,entrada,8834
4696,2024-01-22,3,3575.0,entrada,26133
4697,2024-01-22,1,3574.0,entrada,17290
4698,2024-01-22,3,3537.0,merma,331
4699,2024-01-22,4,3573.0,entrada,15367
4700,2024-01-22,2,3572.0,entrada,7707
4701,2024-01-22,3,3571.0,entrada,12775
4702,2024-01-22,4,3577.0,entrada,21848
4703,2024-01-22,4,,salida,8690
4704,2024-01-23,3,3596.0,entrada,18414
4705,2024-01-23,4,,salida,94325
4706,2024-01-23,4,3599.0,entrada,27123
4707,2024-01-23,3,3598.0,entrada,6457
4708,2024-01-23,2,,salida,14174
4709,2024-01-23,4,3597.0,entrada,8977
4710,2024-01-23,1,3589.0,entrada,13210
4711,2024-01-23,1,3594.0,entrada,20331
4712,2024-01-23,3,3593.0,entrada,19699
4713,2024-01-23,3,3592.0,entrada,8440
4714,2024-01-23,1,3591.0,entrada,21565
4715,2024-01-23,4,3590.0,entrada,15808
4716,2024-01-23,4,3588.0,entrada,10130
4717,2024-01-23,1,3587.0,entrada,7897
4718,2024-01-23,3,3586.0,entrada,15406
4719,2024-01-23,1,3585.0,entrada,13890
4720,2024-01-23,4,3584.0,entrada,15583
4721,2024-01-23,4,3583.0,entrada,20709
4722,2024-01-23,1,3582.0,entrada,10981
4723,2024-01-23,4,3540.0,merma,1344
4724,2024-01-23,1,3595.0,entrada,5969
4725,2024-01-24,3,,salida,107398
4726,2024-01-24,2,3605.0,entrada,8453
4727,2024-01-24,4,,salida,35100
4728,2024-01-24,1,,salida,102125
4729,2024-01-24,1,,salida,255304
4730,2024-01-24,1,,salida,5275
4731,2024-01-24,1,,salida,344910
4732,2024-01-24,2,,salida,15522
4733,2024-01-24,1,3469.0,merma,1015
4734,2024-01-24,4,3602.0,entrada,16578
4735,2024-01-24,4,3610.0,entrada,8917
4736,2024-01-24,4,3608.0,entrada,17784
4737,2024-01-24,3,3617.0,entrada,27139
4738,2024-01-24,3,3616.0,entrada,6744
4739,2024-01-24,3,3609.0,entrada,24195
4740,2024-01-24,3,3606.0,entrada,11256
4741,2024-01-24,1,3603.0,entrada,13321
4742,2024-01-24,4,3604.0,entrada,14208
4743,2024-01-24,1,3601.0,entrada,17162
4744,2024-01-24,4,3615.0,entrada,9540
4745,2024-01-24,3,3614.0,entrada,16865
4746,2024-01-24,3,3613.0,entrada,5646
4747,2024-01-24,3,3612.0,entrada,22144
4748,2024-01-24,3,3611.0,entrada,20844
4749,2024-01-24,1,3600.0,entrada,13110
4750,2024-01-24,2,3607.0,entrada,15720
4751,2024-01-25,4,,salida,23029
4752,2024-01-25,2,3626.0,entrada,18688
4753,2024-01-25,2,3618.0,entrada,14286
4754,2024-01-25,2,3627.0,entrada,17190
4755,2024-01-25,1,3620.0,entrada,16618
4756,2024-01-25,2,3621.0,entrada,19567
4757,2024-01-25,2,3622.0,entrada,8991
4758,2024-01-25,4,3623.0,entrada,11503
4759,2024-01-25,4,3624.0,entrada,24496
4760,2024-01-25,4,3625.0,entrada,9058
4761,2024-01-25,1,3632.0,entrada,28571
4762,2024-01-25,4,3631.0,entrada,6292
4763,2024-01-25,4,3630.0,entrada,8216
4764,2024-01-25,4,3629.0,entrada,17316
4765,2024-01-25,3,3628.0,entrada,5861
4766,2024-01-25,3,,salida,156508
4767,2024-01-25,1,3619.0,entrada,18923
4768,2024-01-26,4,,salida,135028
4769,2024-01-26,3,,salida,86278
4770,2024-01-26,2,,salida,10293
4771,2024-01-26,2,,salida,15810
4772,2024-01-26,4,3636.0,entrada,18560
4773,2024-01-26,4,3635.0,entrada,15932
4774,2024-01-26,4,3634.0,entrada,17465
4775,2024-01-26,3,3633.0,entrada,13222
4776,2024-01-26,4,,salida,3829
4777,2024-01-26,1,3638.0,entrada,10108
4778,2024-01-26,1,3637.0,entrada,7672
4779,2024-01-26,4,3644.0,entrada,18804
4780,2024-01-26,2,3647.0,entrada,6101
4781,2024-01-26,4,3646.0,entrada,9112
4782,2024-01-26,2,3645.0,entrada,18364
4783,2024-01-26,1,3643.0,entrada,20012
4784,2024-01-26,3,3640.0,entrada,15490
4785,2024-01-26,2,3641.0,entrada,25684
4786,2024-01-26,3,3642.0,entrada,7902
4787,2024-01-26,2,3639.0,entrada,14781
4788,2024-01-27,3,3654.0,entrada,16622
4789,2024-01-27,1,3649.0,entrada,16491
4790,2024-01-27,2,3538.0,merma,793
4791,2024-01-27,2,3651.0,entrada,12757
4792,2024-01-27,3,3652.0,entrada,18039
4793,2024-01-27,4,3594.0,merma,1936
4794,2024-01-27,4,3601.0,merma,705
4795,2024-01-27,2,3653.0,entrada,11987
4796,2024-01-27,1,3648.0,entrada,10729
4797,2024-01-27,1,3650.0,entrada,15218
4798,2024-01-27,1,3657.0,entrada,9741
4799,2024-01-27,3,,salida,13163
4800,2024-01-27,1,3664.0,entrada,26321
4801,2024-01-27,2,3663.0,entrada,6582
4802,2024-01-27,1,,salida,38346
4803,2024-01-27,2,3656.0,entrada,19358
4804,2024-01-27,2,3662.0,entrada,9414
4805,2024-01-27,4,,salida,1046
4806,2024-01-27,1,,salida,1591
4807,2024-01-27,3,,salida,821
4808,2024-01-27,4,3661.0,entrada,20185
4809,2024-01-27,3,3660.0,entrada,6304
4810,2024-01-27,4,3659.0,entrada,20809
4811,2024-01-27,4,3658.0,entrada,20318
4812,2024-01-27,2,3655.0,entrada,16364
4813,2024-01-28,1,3665.0,entrada,11740
4814,2024-01-28,4,3666.0,entrada,20104
4815,2024-01-28,3,3667.0,entrada,15339
4816,2024-01-28,4,3668.0,entrada,13129
4817,2024-01-28,4,3671.0,entrada,9578
4818,2024-01-28,2,3672.0,entrada,14763
4819,2024-01-28,3,3673.0,entrada,16066
4820,2024-01-28,3,,salida,2027
4821,2024-01-28,1,,salida,3174
4822,2024-01-28,4,3669.0,entrada,20412
4823,2024-01-28,1,3681.0,entrada,26048
4824,2024-01-28,1,3680.0,entrada,6105
4825,2024-01-28,3,3679.0,entrada,8046
4826,2024-01-28,4,3670.0,entrada,8297
4827,2024-01-28,4,3677.0,entrada,21081
4828,2024-01-28,3,3554.0,merma,1571
4829,2024-01-28,1,3676.0,entrada,16043
4830,2024-01-28,2,3674.0,entrada,25077
4831,2024-01-28,2,3678.0,entrada,6571
4832,2024-01-28,3,3675.0,entrada,7096
4833,2024-01-29,4,3692.0,entrada,18432
4834,2024-01-29,2,3691.0,entrada,11093
4835,2024-01-29,4,3690.0,entrada,22472
4836,2024-01-29,2,3689.0,entrada,17021
4837,2024-01-29,2,3688.0,entrada,16009
4838,2024-01-29,2,3686.0,entrada,19307
4839,2024-01-29,4,3685.0,entrada,13905
4840,2024-01-29,2,,salida,37263
4841,2024-01-29,4,3682.0,entrada,13451
4842,2024-01-29,1,3687.0,entrada,10642
4843,2024-01-29,2,3684.0,entrada,15046
4844,2024-01-29,3,3683.0,entrada,20439
4845,2024-01-29,4,3695.0,entrada,17234
4846,2024-01-29,1,,salida,36655
4847,2024-01-29,3,,salida,33909
4848,2024-01-29,1,3693.0,entrada,19042
4849,2024-01-29,4,3694.0,entrada,5881
4850,2024-01-29,3,3696.0,entrada,8700
4851,2024-01-29,1,3698.0,entrada,26397
4852,2024-01-29,2,3697.0,entrada,6648
4853,2024-01-30,1,3564.0,merma,1194
4854,2024-01-30,4,,salida,48639
4855,2024-01-30,1,,salida,10286
4856,2024-01-30,4,,salida,2937
4857,2024-01-30,1,,salida,169123
4858,2024-01-30,1,,salida,94279
4859,2024-01-30,1,,salida,71386
4860,2024-01-30,2,,salida,171845
4861,2024-01-30,2,,salida,7380
4862,2024-01-30,3,3701.0,entrada,20746
4863,2024-01-30,2,3702.0,entrada,8092
4864,2024-01-30,2,3704.0,entrada,12330
4865,2024-01-30,3,3578.0,merma,1739
4866,2024-01-30,4,3699.0,entrada,15156
4867,2024-01-30,1,3700.0,entrada,11338
4868,2024-01-30,4,3703.0,entrada,10928
4869,2024-01-30,3,3705.0,entrada,14834
4870,2024-01-30,3,3706.0,entrada,25390
4871,2024-01-30,1,3707.0,entrada,10208
4872,2024-01-30,4,3708.0,entrada,20510
4873,2024-01-30,1,3709.0,entrada,20966
4874,2024-01-30,3,3710.0,entrada,6760
4875,2024-01-30,2,3711.0,entrada,19324
4876,2024-01-30,1,3712.0,entrada,9012
4877,2024-01-30,1,3713.0,entrada,6830
4878,2024-01-31,3,,salida,23128
4879,2024-01-31,3,3722.0,entrada,22696
4880,2024-01-31,3,3721.0,entrada,16342
4881,2024-01-31,2,3720.0,entrada,17891
4882,2024-01-31,4,3719.0,entrada,10590
4883,2024-01-31,2,3714.0,entrada,12647
4884,2024-01-31,4,3717.0,entrada,12410
4885,2024-01-31,2,3716.0,entrada,16149
4886,2024-01-31,1,3715.0,entrada,15275
4887,2024-01-31,4,3723.0,entrada,19515
4888,2024-01-31,2,3718.0,entrada,16324
4889,2024-01-31,4,3724.0,entrada,17802
4890,2024-01-31,4,,salida,70977
4891,2024-01-31,2,3727.0,entrada,24218
4892,2024-01-31,3,3725.0,entrada,8240
4893,2024-01-31,4,3726.0,entrada,7095
4894,2024-01-31,2,3622.0,merma,779
4895,2024-02-01,3,3741.0,entrada,7241
4896,2024-02-01,2,3728.0,entrada,12970
4897,2024-02-01,3,3729.0,entrada,15306
4898,2024-02-01,1,3730.0,entrada,11916
4899,2024-02-01,4,3740.0,entrada,6354
4900,2024-02-01,1,3690.0,merma,983
4901,2024-02-01,3,3739.0,entrada,20085
4902,2024-02-01,1,3738.0,entrada,17237
4903,2024-02-01,1,3737.0,entrada,9120
4904,2024-02-01,4,3732.0,entrada,6935
4905,2024-02-01,1,3733.0,entrada,10654
4906,2024-02-01,1,3734.0,entrada,16784
4907,2024-02-01,2,3742.0,entrada,28408
4908,2024-02-01,2,3731.0,entrada,18320
4909,2024-02-01,2,3735.0,entrada,16898
4910,2024-02-01,3,3665.0,merma,1049
4911,2024-02-01,3,,salida,62738
4912,2024-02-01,2,,salida,14509
4913,2024-02-01,4,,salida,25035
4914,2024-02-01,1,3623.0,merma,1362
4915,2024-02-01,2,3736.0,entrada,23054
4916,2024-02-02,2,3750.0,entrada,24206
4917,2024-02-02,1,,salida,383669
4918,2024-02-02,3,3756.0,entrada,6426
4919,2024-02-02,3,3751.0,entrada,9334
4920,2024-02-02,4,3755.0,entrada,8705
4921,2024-02-02,1,3753.0,entrada,6182
4922,2024-02-02,3,3743.0,entrada,11307
4923,2024-02-02,3,3744.0,entrada,19873
4924,2024-02-02,3,3745.0,entrada,10884
4925,2024-02-02,3,3746.0,entrada,15995
4926,2024-02-02,1,3752.0,entrada,15356
4927,2024-02-02,4,3747.0,entrada,8315
4928,2024-02-02,2,,salida,129392
4929,2024-02-02,1,3749.0,entrada,16423
4930,2024-02-02,1,3754.0,entrada,22085
4931,2024-02-02,4,3748.0,entrada,14649
4932,2024-02-03,4,3767.0,entrada,6907
4933,2024-02-03,3,3666.0,merma,914
4934,2024-02-03,1,3768.0,entrada,29682
4935,2024-02-03,2,3758.0,entrada,16989
4936,2024-02-03,1,3766.0,entrada,9365
4937,2024-02-03,1,,salida,30080
4938,2024-02-03,1,,salida,62450
4939,2024-02-03,2,,salida,1273
4940,2024-02-03,1,,salida,32633
4941,2024-02-03,3,3765.0,entrada,6263
4942,2024-02-03,4,,salida,216576
4943,2024-02-03,3,3757.0,entrada,12155
4944,2024-02-03,3,3763.0,entrada,18145
4945,2024-02-03,2,3762.0,entrada,12625
4946,2024-02-03,3,3759.0,entrada,18168
4947,2024-02-03,1,3761.0,entrada,10399
4948,2024-02-03,3,3760.0,entrada,12790
4949,2024-02-03,4,3764.0,entrada,8684
4950,2024-02-04,4,3781.0,entrada,9253
4951,2024-02-04,4,3780.0,entrada,19549
4952,2024-02-04,1,3779.0,entrada,6687
4953,2024-02-04,3,3778.0,entrada,18901
4954,2024-02-04,1,3777.0,entrada,18953
4955,2024-02-04,3,3769.0,entrada,9046
4956,2024-02-04,1,3775.0,entrada,17394
4957,2024-02-04,4,3773.0,entrada,13337
4958,2024-02-04,3,3782.0,entrada,22461
4959,2024-02-04,2,3772.0,entrada,18005
4960,2024-02-04,2,3771.0,entrada,14946
4961,2024-02-04,4,3770.0,entrada,15483
4962,2024-02-04,4,3776.0,entrada,23807
4963,2024-02-04,4,3774.0,entrada,15336
4964,2024-02-04,2,,salida,13724
4965,2024-02-04,4,,salida,8884
4966,2024-02-04,4,,salida,71260
4967,2024-02-04,4,,salida,61636
4968,2024-02-05,2,3796.0,entrada,6705
4969,2024-02-05,2,,salida,4043
4970,2024-02-05,1,,salida,136588
4971,2024-02-05,3,,salida,6599
4972,2024-02-05,4,,salida,7456
4973,2024-02-05,1,3800.0,entrada,27205
4974,2024-02-05,4,3798.0,entrada,8194
4975,2024-02-05,4,3783.0,entrada,11212
4976,2024-02-05,4,3784.0,entrada,19245
4977,2024-02-05,1,3799.0,entrada,6816
4978,2024-02-05,2,3786.0,entrada,10613
4979,2024-02-05,3,3795.0,entrada,18803
4980,2024-02-05,3,3794.0,entrada,17714
4981,2024-02-05,3,3793.0,entrada,9008
4982,2024-02-05,2,3792.0,entrada,22385
4983,2024-02-05,2,3785.0,entrada,16547
4984,2024-02-05,4,3791.0,entrada,16370
4985,2024-02-05,1,3790.0,entrada,13259
4986,2024-02-05,2,3789.0,entrada,11548
4987,2024-02-05,1,3788.0,entrada,8067
4988,2024-02-05,3,3787.0,entrada,19292
4989,2024-02-05,1,3797.0,entrada,17275
4990,2024-02-06,1,,salida,6452
4991,2024-02-06,3,,salida,31160
4992,2024-02-06,2,,salida,12007
4993,2024-02-06,3,,salida,5396
4994,2024-02-06,3,,salida,63608
4995,2024-02-06,4,3747.0,merma,756
4996,2024-02-06,4,3719.0,merma,719
4997,2024-02-06,4,3694.0,merma,265
4998,2024-02-06,4,3816.0,entrada,25302
4999,2024-02-06,1,3815.0,entrada,6387
5000,2024-02-06,1,3814.0,entrada,9259
5001,2024-02-06,1,3812.0,entrada,6760
5002,2024-02-06,2,3811.0,entrada,19280
5003,2024-02-06,2,3810.0,entrada,9045
5004,2024-02-06,1,3809.0,entrada,21119
5005,2024-02-06,4,3808.0,entrada,16664
5006,2024-02-06,2,3813.0,entrada,18206
5007,2024-02-06,2,3806.0,entrada,11240
5008,2024-02-06,2,3805.0,entrada,7447
5009,2024-02-06,2,3804.0,entrada,18438
5010,2024-02-06,2,3803.0,entrada,12413
5011,2024-02-06,2,3744.0,merma,1787
5012,2024-02-06,4,3802.0,entrada,16885
5013,2024-02-06,4,3801.0,entrada,11966
5014,2024-02-06,4,3727.0,merma,830
5015,2024-02-06,2,3807.0,entrada,15524
5016,2024-02-07,2,3826.0,entrada,26764
5017,2024-02-07,4,3827.0,entrada,9246
5018,2024-02-07,3,3828.0,entrada,19834
5019,2024-02-07,1,3829.0,entrada,20496
5020,2024-02-07,2,3834.0,entrada,28068
5021,2024-02-07,4,3831.0,entrada,18414
5022,2024-02-07,2,3832.0,entrada,8212
5023,2024-02-07,4,3833.0,entrada,6096
5024,2024-02-07,1,3825.0,entrada,16767
5025,2024-02-07,4,3830.0,entrada,6128
5026,2024-02-07,3,3824.0,entrada,15484
5027,2024-02-07,4,,salida,68049
5028,2024-02-07,3,3821.0,entrada,19287
5029,2024-02-07,4,3823.0,entrada,11583
5030,2024-02-07,4,,salida,14985
5031,2024-02-07,2,3822.0,entrada,8049
5032,2024-02-07,4,3818.0,entrada,19453
5033,2024-02-07,3,3817.0,entrada,10994
5034,2024-02-07,3,3819.0,entrada,16849
5035,2024-02-07,3,3820.0,entrada,13083
5036,2024-02-08,1,3850.0,entrada,26821
5037,2024-02-08,1,3849.0,entrada,6909
5038,2024-02-08,4,3848.0,entrada,7667
5039,2024-02-08,3,3842.0,entrada,16908
5040,2024-02-08,2,3846.0,entrada,19459
5041,2024-02-08,2,3845.0,entrada,20085
5042,2024-02-08,2,3844.0,entrada,8156
5043,2024-02-08,1,3843.0,entrada,22182
5044,2024-02-08,4,3847.0,entrada,6379
5045,2024-02-08,2,3840.0,entrada,13417
5046,2024-02-08,2,3836.0,entrada,17769
5047,2024-02-08,2,3838.0,entrada,12568
5048,2024-02-08,1,3837.0,entrada,16335
5049,2024-02-08,1,,salida,861
5050,2024-02-08,3,3835.0,entrada,13808
5051,2024-02-08,2,,salida,13431
5052,2024-02-08,1,,salida,87517
5053,2024-02-08,3,,salida,7469
5054,2024-02-08,1,,salida,23551
5055,2024-02-08,2,,salida,9884
5056,2024-02-08,1,3839.0,entrada,19405
5057,2024-02-08,4,3841.0,entrada,13861
5058,2024-02-09,4,3851.0,entrada,10816
5059,2024-02-09,3,3853.0,entrada,17201
5060,2024-02-09,2,3739.0,merma,733
5061,2024-02-09,1,3852.0,entrada,21114
5062,2024-02-09,4,3865.0,entrada,5735
5063,2024-02-09,4,3864.0,entrada,8542
5064,2024-02-09,2,3862.0,entrada,6764
5065,2024-02-09,1,,salida,10237
5066,2024-02-09,1,,salida,25464
5067,2024-02-09,3,,salida,11844
5068,2024-02-09,3,3863.0,entrada,21991
5069,2024-02-09,1,3856.0,entrada,10271
5070,2024-02-09,1,3860.0,entrada,15469
5071,2024-02-09,4,3861.0,entrada,22250
5072,2024-02-09,3,3854.0,entrada,12333
5073,2024-02-09,4,3859.0,entrada,9142
5074,2024-02-09,3,3858.0,entrada,13988
5075,2024-02-09,2,3857.0,entrada,16335
5076,2024-02-09,4,3855.0,entrada,21538
5077,2024-02-10,3,3878.0,entrada,21111
5078,2024-02-10,2,3879.0,entrada,5803
5079,2024-02-10,3,3880.0,entrada,17920
5080,2024-02-10,3,3872.0,entrada,10158
5081,2024-02-10,4,3882.0,entrada,6500
5082,2024-02-10,1,3877.0,entrada,17058
5083,2024-02-10,1,3883.0,entrada,27706
5084,2024-02-10,2,3729.0,merma,694
5085,2024-02-10,2,3881.0,entrada,9591
5086,2024-02-10,3,3876.0,entrada,9233
5087,2024-02-10,2,3867.0,entrada,19025
5088,2024-02-10,4,3874.0,entrada,15985
5089,2024-02-10,3,3873.0,entrada,15956
5090,2024-02-10,2,3871.0,entrada,7202
5091,2024-02-10,2,3870.0,entrada,17907
5092,2024-02-10,2,3869.0,entrada,11152
5093,2024-02-10,4,3868.0,entrada,16862
5094,2024-02-10,4,3866.0,entrada,11783
5095,2024-02-10,3,,salida,85664
5096,2024-02-10,4,,salida,12932
5097,2024-02-10,4,3875.0,entrada,26239
5098,2024-02-11,1,,salida,17735
5099,2024-02-11,3,,salida,8206
5100,2024-02-11,1,3888.0,entrada,7952
5101,2024-02-11,2,3896.0,entrada,5952
5102,2024-02-11,1,3898.0,entrada,23540
5103,2024-02-11,3,3897.0,entrada,9262
5104,2024-02-11,4,3895.0,entrada,21207
5105,2024-02-11,1,3894.0,entrada,18597
5106,2024-02-11,4,3893.0,entrada,9207
5107,2024-02-11,4,3891.0,entrada,14435
5108,2024-02-11,3,3892.0,entrada,23531
5109,2024-02-11,3,3889.0,entrada,10484
5110,2024-02-11,2,3887.0,entrada,16988
5111,2024-02-11,2,3886.0,entrada,12677
5112,2024-02-11,2,3885.0,entrada,14628
5113,2024-02-11,4,3884.0,entrada,19227
5114,2024-02-11,4,3890.0,entrada,16161
5115,2024-02-12,1,3913.0,entrada,3295
5116,2024-02-12,3,3905.0,entrada,10031
5117,2024-02-12,1,3914.0,entrada,14223
5118,2024-02-12,2,3912.0,entrada,4888
5119,2024-02-12,3,3810.0,merma,460
5120,2024-02-12,1,3910.0,entrada,3397
5121,2024-02-12,3,3909.0,entrada,10255
5122,2024-02-12,3,3908.0,entrada,11075
5123,2024-02-12,1,3904.0,entrada,8334
5124,2024-02-12,4,3911.0,entrada,8630
5125,2024-02-12,4,3903.0,entrada,6215
5126,2024-02-12,4,,salida,88013
5127,2024-02-12,3,3902.0,entrada,4114
5128,2024-02-12,3,,salida,46256
5129,2024-02-12,4,,salida,49278
5130,2024-02-12,3,3907.0,entrada,4976
5131,2024-02-12,2,3901.0,entrada,10407
5132,2024-02-12,1,3900.0,entrada,9906
5133,2024-02-12,3,3899.0,entrada,7567
5134,2024-02-12,2,3768.0,merma,3435
5135,2024-02-12,4,3906.0,entrada,12841
5136,2024-02-13,3,3928.0,entrada,4726
5137,2024-02-13,4,3821.0,merma,871
5138,2024-02-13,3,3818.0,merma,1332
5139,2024-02-13,2,3925.0,entrada,11004
5140,2024-02-13,2,3916.0,entrada,10325
5141,2024-02-13,4,3917.0,entrada,9660
5142,2024-02-13,4,3919.0,entrada,9551
5143,2024-02-13,3,3920.0,entrada,4693
5144,2024-02-13,3,3921.0,entrada,5343
5145,2024-02-13,3,3922.0,entrada,7385
5146,2024-02-13,2,3923.0,entrada,9056
5147,2024-02-13,3,3924.0,entrada,5524
5148,2024-02-13,2,3930.0,entrada,15423
5149,2024-02-13,4,3926.0,entrada,12477
5150,2024-02-13,3,3927.0,entrada,3637
5151,2024-02-13,1,3915.0,entrada,6006
5152,2024-02-13,4,3918.0,entrada,5703
5153,2024-02-13,1,3929.0,entrada,3431
5154,2024-02-13,3,,salida,46356
5155,2024-02-13,1,,salida,2023
5156,2024-02-13,4,,salida,50410
5157,2024-02-13,3,,salida,23693
5158,2024-02-14,4,3786.0,merma,748
5159,2024-02-14,3,3948.0,entrada,15527
5160,2024-02-14,1,3947.0,entrada,4014
5161,2024-02-14,2,3946.0,entrada,4737
5162,2024-02-14,1,3945.0,entrada,11138
5163,2024-02-14,2,3944.0,entrada,3641
5164,2024-02-14,2,3943.0,entrada,8837
5165,2024-02-14,1,3941.0,entrada,4920
5166,2024-02-14,3,3940.0,entrada,14979
5167,2024-02-14,1,3939.0,entrada,8959
5168,2024-02-14,3,3938.0,entrada,8979
5169,2024-02-14,2,3937.0,entrada,6210
5170,2024-02-14,2,3942.0,entrada,10990
5171,2024-02-14,1,3935.0,entrada,11416
5172,2024-02-14,2,3936.0,entrada,4369
5173,2024-02-14,1,3829.0,merma,1866
5174,2024-02-14,4,,salida,34163
5175,2024-02-14,3,,salida,12607
5176,2024-02-14,4,,salida,155542
5177,2024-02-14,2,,salida,15286
5178,2024-02-14,4,3931.0,entrada,7416
5179,2024-02-14,1,3932.0,entrada,9947
5180,2024-02-14,1,3933.0,entrada,8469
5181,2024-02-14,4,3934.0,entrada,7575
5182,2024-02-14,2,3820.0,merma,842
5183,2024-02-15,3,3957.0,entrada,12463
5184,2024-02-15,1,3961.0,entrada,3330
5185,2024-02-15,4,3960.0,entrada,12172
5186,2024-02-15,1,3959.0,entrada,10265
5187,2024-02-15,1,3958.0,entrada,5155
5188,2024-02-15,4,3962.0,entrada,9775
5189,2024-02-15,3,3950.0,entrada,10557
5190,2024-02-15,3,3954.0,entrada,7039
5191,2024-02-15,2,3953.0,entrada,9975
5192,2024-02-15,3,3952.0,entrada,7444
5193,2024-02-15,1,3951.0,entrada,9047
5194,2024-02-15,1,3949.0,entrada,6791
5195,2024-02-15,1,,salida,6076
5196,2024-02-15,1,3963.0,entrada,4932
5197,2024-02-15,2,3955.0,entrada,8148
5198,2024-02-15,1,3964.0,entrada,13682
5199,2024-02-15,2,3956.0,entrada,9753
5200,2024-02-15,2,,salida,52696
5201,2024-02-16,4,3966.0,entrada,12171
5202,2024-02-16,2,3965.0,entrada,6252
5203,2024-02-16,2,,salida,26893
5204,2024-02-16,3,,salida,5408
5205,2024-02-16,1,,salida,25252
5206,2024-02-16,2,3831.0,merma,1957
5207,2024-02-16,3,,salida,4822
5208,2024-02-16,3,,salida,121717
5209,2024-02-16,4,3980.0,entrada,13521
5210,2024-02-16,1,3979.0,entrada,3526
5211,2024-02-16,4,3978.0,entrada,4471
5212,2024-02-16,3,,salida,11804
5213,2024-02-16,3,3976.0,entrada,2984
5214,2024-02-16,2,3975.0,entrada,12264
5215,2024-02-16,1,3967.0,entrada,9513
5216,2024-02-16,3,3974.0,entrada,10312
5217,2024-02-16,3,3973.0,entrada,5588
5218,2024-02-16,4,3968.0,entrada,4794
5219,2024-02-16,2,3969.0,entrada,6274
5220,2024-02-16,1,3977.0,entrada,8156
5221,2024-02-16,2,3972.0,entrada,13584
5222,2024-02-16,4,3971.0,entrada,9407
5223,2024-02-16,2,3970.0,entrada,7402
5224,2024-02-17,4,3904.0,merma,644
5225,2024-02-17,3,3864.0,merma,838
5226,2024-02-17,3,,salida,10018
5227,2024-02-17,3,,salida,8415
5228,2024-02-17,2,,salida,10697
5229,2024-02-17,4,,salida,32519
5230,2024-02-17,2,,salida,1095
5231,2024-02-17,1,,salida,14830
5232,2024-02-17,4,,salida,64702
5233,2024-02-17,2,3983.0,entrada,7041
5234,2024-02-17,4,3990.0,entrada,9973
5235,2024-02-17,2,3981.0,entrada,9530
5236,2024-02-17,1,3982.0,entrada,8869
5237,2024-02-17,1,3994.0,entrada,15485
5238,2024-02-17,4,3993.0,entrada,3905
5239,2024-02-17,1,3992.0,entrada,10174
5240,2024-02-17,2,3984.0,entrada,9821
5241,2024-02-17,4,3991.0,entrada,3460
5242,2024-02-17,4,3985.0,entrada,6054
5243,2024-02-17,4,3986.0,entrada,9229
5244,2024-02-17,4,3987.0,entrada,8278
5245,2024-02-17,1,3988.0,entrada,11843
5246,2024-02-17,3,3989.0,entrada,5031
5247,2024-02-18,4,,salida,34722
5248,2024-02-18,1,,salida,1101
5249,2024-02-18,2,4000.0,entrada,4673
5250,2024-02-18,2,3998.0,entrada,7508
5251,2024-02-18,3,,salida,2552
5252,2024-02-18,1,,salida,36022
5253,2024-02-18,3,,salida,1803
5254,2024-02-18,1,3863.0,merma,933
5255,2024-02-18,2,3916.0,merma,1023
5256,2024-02-18,2,3931.0,merma,275
5257,2024-02-18,2,3995.0,entrada,6893
5258,2024-02-18,4,3997.0,entrada,9794
5259,2024-02-18,2,,salida,58661
5260,2024-02-18,4,3996.0,entrada,9323
5261,2024-02-18,2,3999.0,entrada,10793
5262,2024-02-18,4,4001.0,entrada,5892
5263,2024-02-18,2,4011.0,entrada,13685
5264,2024-02-18,4,4009.0,entrada,4805
5265,2024-02-18,2,4008.0,entrada,10220
5266,2024-02-18,4,4007.0,entrada,3144
5267,2024-02-18,4,4010.0,entrada,3952
5268,2024-02-18,4,4005.0,entrada,11241
5269,2024-02-18,3,4004.0,entrada,5150
5270,2024-02-18,3,4003.0,entrada,13317
5271,2024-02-18,3,4002.0,entrada,9048
5272,2024-02-18,2,4006.0,entrada,12573
5273,2024-02-19,3,4022.0,entrada,5024
5274,2024-02-19,3,,salida,108008
5275,2024-02-19,3,,salida,42555
5276,2024-02-19,1,4027.0,entrada,13358
5277,2024-02-19,3,4026.0,entrada,3643
5278,2024-02-19,2,4025.0,entrada,4361
5279,2024-02-19,2,4024.0,entrada,2989
5280,2024-02-19,4,4023.0,entrada,11353
5281,2024-02-19,4,4021.0,entrada,13787
5282,2024-02-19,1,4019.0,entrada,8301
5283,2024-02-19,1,4018.0,entrada,6645
5284,2024-02-19,4,4017.0,entrada,4136
5285,2024-02-19,2,4016.0,entrada,10077
5286,2024-02-19,1,4015.0,entrada,7038
5287,2024-02-19,1,4014.0,entrada,10726
5288,2024-02-19,2,4013.0,entrada,11965
5289,2024-02-19,3,4012.0,entrada,6459
5290,2024-02-19,4,4020.0,entrada,8856
5291,2024-02-19,4,,salida,26051
5292,2024-02-20,4,4038.0,entrada,11310
5293,2024-02-20,1,,salida,28387
5294,2024-02-20,3,4043.0,entrada,3281
5295,2024-02-20,4,4042.0,entrada,4561
5296,2024-02-20,4,4041.0,entrada,11848
5297,2024-02-20,3,4040.0,entrada,3050
5298,2024-02-20,4,4039.0,entrada,11468
5299,2024-02-20,2,4037.0,entrada,5564
5300,2024-02-20,3,4035.0,entrada,7830
5301,2024-02-20,2,4034.0,entrada,9766
5302,2024-02-20,3,4033.0,entrada,5789
5303,2024-02-20,3,4032.0,entrada,3984
5304,2024-02-20,1,4031.0,entrada,7414
5305,2024-02-20,1,4028.0,entrada,6823
5306,2024-02-20,4,4029.0,entrada,10526
5307,2024-02-20,2,4030.0,entrada,8453
5308,2024-02-20,3,4036.0,entrada,12809
5309,2024-02-21,3,,salida,9938
5310,2024-02-21,2,,salida,39236
5311,2024-02-21,2,,salida,611
5312,2024-02-21,3,,salida,4559
5313,2024-02-21,3,4059.0,entrada,14814
5314,2024-02-21,1,4058.0,entrada,3629
5315,2024-02-21,2,4057.0,entrada,5050
5316,2024-02-21,1,4056.0,entrada,9896
5317,2024-02-21,1,4054.0,entrada,11721
5318,2024-02-21,4,4044.0,entrada,10132
5319,2024-02-21,3,4045.0,entrada,8023
5320,2024-02-21,1,4046.0,entrada,6749
5321,2024-02-21,2,4047.0,entrada,11566
5322,2024-02-21,2,4048.0,entrada,4526
5323,2024-02-21,4,4049.0,entrada,7115
5324,2024-02-21,2,4055.0,entrada,3482
5325,2024-02-21,4,4050.0,entrada,8389
5326,2024-02-21,4,4051.0,entrada,8597
5327,2024-02-21,2,4052.0,entrada,13246
5328,2024-02-21,1,4053.0,entrada,4959
5329,2024-02-22,2,,salida,25301
5330,2024-02-22,4,,salida,90920
5331,2024-02-22,3,,salida,26555
5332,2024-02-22,3,,salida,62419
5333,2024-02-22,3,,salida,3867
5334,2024-02-22,1,4073.0,entrada,9507
5335,2024-02-22,1,4072.0,entrada,3762
5336,2024-02-22,1,4067.0,entrada,8966
5337,2024-02-22,3,4066.0,entrada,8075
5338,2024-02-22,3,4065.0,entrada,7158
5339,2024-02-22,4,4063.0,entrada,9507
5340,2024-02-22,1,4068.0,entrada,12200
5341,2024-02-22,1,4064.0,entrada,4374
5342,2024-02-22,4,4069.0,entrada,5583
5343,2024-02-22,1,4062.0,entrada,9239
5344,2024-02-22,1,4071.0,entrada,14320
5345,2024-02-22,3,4060.0,entrada,6847
5346,2024-02-22,2,4061.0,entrada,11596
5347,2024-02-22,4,4070.0,entrada,10552
5348,2024-02-23,1,,salida,54117
5349,2024-02-23,2,,salida,146097
5350,2024-02-23,4,,salida,51796
5351,2024-02-23,1,,salida,19275
5352,2024-02-23,2,,salida,15801
5353,2024-02-23,2,,salida,274346
5354,2024-02-23,3,,salida,1860
5355,2024-02-23,3,,salida,9199
5356,2024-02-23,4,4086.0,entrada,14548
5357,2024-02-23,1,4074.0,entrada,9541
5358,2024-02-23,2,4075.0,entrada,7091
5359,2024-02-23,1,4076.0,entrada,10235
5360,2024-02-23,4,4077.0,entrada,4713
5361,2024-02-23,3,4078.0,entrada,7908
5362,2024-02-23,2,4079.0,entrada,9016
5363,2024-02-23,1,4080.0,entrada,13834
5364,2024-02-23,3,4081.0,entrada,10034
5365,2024-02-23,2,4082.0,entrada,12638
5366,2024-02-23,3,4083.0,entrada,3404
5367,2024-02-23,1,4084.0,entrada,9253
5368,2024-02-23,1,4085.0,entrada,3326
5369,2024-02-23,3,3988.0,merma,769
5370,2024-02-24,4,,salida,20582
5371,2024-02-24,1,,salida,2234
5372,2024-02-24,4,,salida,12314
5373,2024-02-24,4,,salida,11088
5374,2024-02-24,2,4099.0,entrada,3798
5375,2024-02-24,1,4097.0,entrada,10368
5376,2024-02-24,1,4096.0,entrada,3450
5377,2024-02-24,2,4095.0,entrada,12051
5378,2024-02-24,3,4094.0,entrada,9442
5379,2024-02-24,1,4093.0,entrada,4715
5380,2024-02-24,3,4092.0,entrada,14910
5381,2024-02-24,2,4091.0,entrada,8021
5382,2024-02-24,4,4090.0,entrada,4459
5383,2024-02-24,2,4089.0,entrada,7021
5384,2024-02-24,1,4088.0,entrada,8853
5385,2024-02-24,1,4087.0,entrada,12269
5386,2024-02-24,1,,salida,34764
5387,2024-02-24,2,4098.0,entrada,4533
5388,2024-02-25,3,,salida,2108
5389,2024-02-25,3,,salida,19719
5390,2024-02-25,2,4108.0,entrada,5338
5391,2024-02-25,1,4106.0,entrada,9938
5392,2024-02-25,2,4100.0,entrada,6113
5393,2024-02-25,2,4101.0,entrada,11286
5394,2024-02-25,2,4102.0,entrada,10069
5395,2024-02-25,1,4103.0,entrada,4562
5396,2024-02-25,2,4104.0,entrada,6710
5397,2024-02-25,1,4105.0,entrada,7808
5398,2024-02-25,2,4107.0,entrada,12542
5399,2024-02-25,3,,salida,36692
5400,2024-02-25,1,4110.0,entrada,3714
5401,2024-02-25,2,4111.0,entrada,10597
5402,2024-02-25,2,4112.0,entrada,5506
5403,2024-02-25,2,4113.0,entrada,3773
5404,2024-02-25,4,4114.0,entrada,14528
5405,2024-02-25,3,4046.0,merma,745
5406,2024-02-25,4,4109.0,entrada,10578
5407,2024-02-26,1,4017.0,merma,152
5408,2024-02-26,3,4005.0,merma,343
5409,2024-02-26,4,,salida,62107
5410,2024-02-26,3,,salida,10850
5411,2024-02-26,4,4050.0,merma,865
5412,2024-02-26,3,4128.0,entrada,2974
5413,2024-02-26,3,4118.0,entrada,7073
5414,2024-02-26,1,4117.0,entrada,8054
5415,2024-02-26,2,4119.0,entrada,10598
5416,2024-02-26,4,4120.0,entrada,3905
5417,2024-02-26,4,4121.0,entrada,6742
5418,2024-02-26,3,4122.0,entrada,8818
5419,2024-02-26,3,4116.0,entrada,10287
5420,2024-02-26,2,4124.0,entrada,13064
5421,2024-02-26,4,4123.0,entrada,9026
5422,2024-02-26,3,4126.0,entrada,10310
5423,2024-02-26,2,4127.0,entrada,11542
5424,2024-02-26,4,4129.0,entrada,9760
5425,2024-02-26,3,4130.0,entrada,3821
5426,2024-02-26,4,4125.0,entrada,4940
5427,2024-02-26,4,4115.0,entrada,7943
5428,2024-02-27,4,4137.0,entrada,9127
5429,2024-02-27,2,4138.0,entrada,14302
5430,2024-02-27,1,4136.0,entrada,7955
5431,2024-02-27,3,4139.0,entrada,5314
5432,2024-02-27,4,4133.0,entrada,9345
5433,2024-02-27,3,4135.0,entrada,5799
5434,2024-02-27,4,4142.0,entrada,3772
5435,2024-02-27,1,4132.0,entrada,12553
5436,2024-02-27,2,4086.0,merma,754
5437,2024-02-27,4,4140.0,entrada,10669
5438,2024-02-27,2,,salida,33652
5439,2024-02-27,4,4134.0,entrada,5166
5440,2024-02-27,3,4131.0,entrada,5725
5441,2024-02-27,2,4047.0,merma,393
5442,2024-02-27,2,4141.0,entrada,10842
5443,2024-02-28,4,4151.0,entrada,3957
5444,2024-02-28,4,4150.0,entrada,15082
5445,2024-02-28,3,4153.0,entrada,3390
5446,2024-02-28,2,4149.0,entrada,9392
5447,2024-02-28,1,4154.0,entrada,4698
5448,2024-02-28,3,,salida,10125
5449,2024-02-28,3,4148.0,entrada,5938
5450,2024-02-28,3,4018.0,merma,523
5451,2024-02-28,4,4146.0,entrada,10878
5452,2024-02-28,4,4145.0,entrada,6561
5453,2024-02-28,3,4144.0,entrada,8583
5454,2024-02-28,2,4143.0,entrada,10186
5455,2024-02-28,1,4155.0,entrada,3905
5456,2024-02-28,2,4093.0,merma,301
5457,2024-02-28,1,4107.0,merma,1206
5458,2024-02-28,1,4147.0,entrada,4429
5459,2024-02-28,4,4156.0,entrada,15623
5460,2024-02-28,2,4152.0,entrada,10423
5461,2024-02-28,4,,salida,30001
5462,2024-02-28,1,,salida,6631
5463,2024-02-29,1,4169.0,entrada,4903
5464,2024-02-29,2,,salida,145326
5465,2024-02-29,1,,salida,9242
5466,2024-02-29,1,,salida,105574
5467,2024-02-29,2,4170.0,entrada,3637
5468,2024-02-29,4,4171.0,entrada,16499
5469,2024-02-29,2,4157.0,entrada,7104
5470,2024-02-29,4,4158.0,entrada,6463
5471,2024-02-29,4,,salida,5893
5472,2024-02-29,1,4160.0,entrada,4738
5473,2024-02-29,2,4159.0,entrada,9420
5474,2024-02-29,4,4164.0,entrada,12107
5475,2024-02-29,2,4165.0,entrada,11373
5476,2024-02-29,3,4166.0,entrada,11539
5477,2024-02-29,4,4167.0,entrada,3547
5478,2024-02-29,1,4163.0,entrada,8526
5479,2024-02-29,2,4162.0,entrada,9014
5480,2024-02-29,3,4161.0,entrada,5543
5481,2024-02-29,4,4168.0,entrada,10241
5482,2024-03-01,1,,salida,69380
5483,2024-03-01,4,,salida,38020
5484,2024-03-01,3,4176.0,entrada,6402
5485,2024-03-01,3,4184.0,entrada,16451
5486,2024-03-01,3,4183.0,entrada,3750
5487,2024-03-01,1,4182.0,entrada,5068
5488,2024-03-01,3,4181.0,entrada,9469
5489,2024-03-01,3,4180.0,entrada,3262
5490,2024-03-01,2,4179.0,entrada,10384
5491,2024-03-01,3,4178.0,entrada,13563
5492,2024-03-01,2,,salida,3441
5493,2024-03-01,1,4177.0,entrada,8075
5494,2024-03-01,3,4172.0,entrada,10961
5495,2024-03-01,2,4173.0,entrada,10458
5496,2024-03-01,4,4175.0,entrada,10772
5497,2024-03-01,3,4174.0,entrada,6324
5498,2024-03-02,4,4188.0,entrada,8089
5499,2024-03-02,2,4187.0,entrada,8467
5500,2024-03-02,4,4189.0,entrada,11109
5501,2024-03-02,4,4190.0,entrada,4599
5502,2024-03-02,4,4191.0,entrada,6530
5503,2024-03-02,1,4192.0,entrada,8833
5504,2024-03-02,4,4193.0,entrada,14060
5505,2024-03-02,1,4194.0,entrada,4632
5506,2024-03-02,1,4195.0,entrada,10170
5507,2024-03-02,2,,salida,15170
5508,2024-03-02,4,4196.0,entrada,11485
5509,2024-03-02,4,4201.0,entrada,17005
5510,2024-03-02,4,4186.0,entrada,11820
5511,2024-03-02,4,,salida,40779
5512,2024-03-02,3,4200.0,entrada,3573
5513,2024-03-02,3,4199.0,entrada,4353
5514,2024-03-02,1,4198.0,entrada,9813
5515,2024-03-02,3,4197.0,entrada,3171
5516,2024-03-02,2,,salida,171413
5517,2024-03-02,1,4100.0,merma,679
5518,2024-03-02,4,4185.0,entrada,6447
5519,2024-03-03,1,,salida,11106
5520,2024-03-03,3,,salida,18388
5521,2024-03-03,3,,salida,28989
5522,2024-03-03,2,,salida,115114
5523,2024-03-03,3,4211.0,entrada,4839
5524,2024-03-03,4,4212.0,entrada,10630
5525,2024-03-03,4,4203.0,entrada,12042
5526,2024-03-03,2,4202.0,entrada,6672
5527,2024-03-03,2,4210.0,entrada,13637
5528,2024-03-03,3,4215.0,entrada,4886
5529,2024-03-03,1,4214.0,entrada,3431
5530,2024-03-03,4,4209.0,entrada,8447
5531,2024-03-03,3,4216.0,entrada,16450
5532,2024-03-03,4,4207.0,entrada,5530
5533,2024-03-03,3,4213.0,entrada,10636
5534,2024-03-03,4,4206.0,entrada,4020
5535,2024-03-03,2,4205.0,entrada,10909
5536,2024-03-03,2,4204.0,entrada,8623
5537,2024-03-03,2,4208.0,entrada,9083
5538,2024-03-04,4,4174.0,merma,613
5539,2024-03-04,2,4217.0,entrada,6517
5540,2024-03-04,3,4218.0,entrada,10732
5541,2024-03-04,4,4219.0,entrada,9640
5542,2024-03-04,2,4220.0,entrada,7976
5543,2024-03-04,1,4221.0,entrada,10411
5544,2024-03-04,4,4222.0,entrada,4650
5545,2024-03-04,1,4223.0,entrada,5973
5546,2024-03-04,3,4224.0,entrada,9392
5547,2024-03-04,1,4132.0,merma,1219
5548,2024-03-04,1,,salida,39993
5549,2024-03-04,2,4138.0,merma,971
5550,2024-03-04,4,4226.0,entrada,4831
5551,2024-03-04,4,,salida,13973
5552,2024-03-04,2,4106.0,merma,513
5553,2024-03-04,1,4227.0,entrada,10119
5554,2024-03-04,4,4228.0,entrada,11549
5555,2024-03-04,4,,salida,11749
5556,2024-03-04,4,4230.0,entrada,10399
5557,2024-03-04,3,4231.0,entrada,5355
5558,2024-03-04,1,4232.0,entrada,4085
5559,2024-03-04,4,4233.0,entrada,15710
5560,2024-03-04,3,,salida,177803
5561,2024-03-04,4,4225.0,entrada,11025
5562,2024-03-04,4,4229.0,entrada,3841
5563,2024-03-05,2,4237.0,entrada,6238
5564,2024-03-05,4,,salida,15980
5565,2024-03-05,3,4247.0,entrada,14881
5566,2024-03-05,1,4246.0,entrada,3087
5567,2024-03-05,4,4245.0,entrada,5578
5568,2024-03-05,3,4244.0,entrada,3627
5569,2024-03-05,2,4243.0,entrada,10627
5570,2024-03-05,3,4242.0,entrada,10716
5571,2024-03-05,4,4241.0,entrada,5044
5572,2024-03-05,1,4240.0,entrada,14300
5573,2024-03-05,2,4234.0,entrada,6465
5574,2024-03-05,2,4235.0,entrada,10060
5575,2024-03-05,3,4135.0,merma,254
5576,2024-03-05,3,4143.0,merma,1089
5577,2024-03-05,2,4236.0,entrada,8741
5578,2024-03-05,3,4238.0,entrada,5531
5579,2024-03-05,2,,salida,11766
5580,2024-03-05,4,4239.0,entrada,10186
5581,2024-03-05,1,,salida,1136
5582,2024-03-05,2,,salida,71360
5583,2024-03-05,3,,salida,4656
5584,2024-03-06,4,,salida,3990
5585,2024-03-06,4,,salida,2214
5586,2024-03-06,3,4263.0,entrada,3949
5587,2024-03-06,4,4262.0,entrada,10360
5588,2024-03-06,1,,salida,16713
5589,2024-03-06,3,4261.0,entrada,3255
5590,2024-03-06,3,,salida,96040
5591,2024-03-06,1,4264.0,entrada,14938
5592,2024-03-06,1,4248.0,entrada,7246
5593,2024-03-06,1,4250.0,entrada,8987
5594,2024-03-06,1,4251.0,entrada,6953
5595,2024-03-06,2,4252.0,entrada,9735
5596,2024-03-06,1,4253.0,entrada,4498
5597,2024-03-06,2,4254.0,entrada,5753
5598,2024-03-06,4,4255.0,entrada,7892
5599,2024-03-06,4,4256.0,entrada,9628
5600,2024-03-06,2,4257.0,entrada,15420
5601,2024-03-06,2,4258.0,entrada,4509
5602,2024-03-06,3,4249.0,entrada,11099
5603,2024-03-06,3,4259.0,entrada,11895
5604,2024-03-06,3,4260.0,entrada,11436
5605,2024-03-07,2,4159.0,merma,784
5606,2024-03-07,2,4273.0,entrada,13877
5607,2024-03-07,2,4272.0,entrada,9772
5608,2024-03-07,2,4271.0,entrada,7988
5609,2024-03-07,4,4270.0,entrada,6472
5610,2024-03-07,1,4269.0,entrada,4739
5611,2024-03-07,4,4268.0,entrada,11407
5612,2024-03-07,3,4228.0,merma,578
5613,2024-03-07,2,4274.0,entrada,5191
5614,2024-03-07,1,4267.0,entrada,9038
5615,2024-03-07,2,4152.0,merma,658
5616,2024-03-07,4,,salida,26781
5617,2024-03-07,1,4265.0,entrada,6979
5618,2024-03-07,2,,salida,106811
5619,2024-03-07,2,,salida,1569
5620,2024-03-07,3,,salida,65327
5621,2024-03-07,1,,salida,13211
5622,2024-03-07,3,4266.0,entrada,10125
5623,2024-03-07,1,4275.0,entrada,11411
5624,2024-03-07,3,4276.0,entrada,12096
5625,2024-03-07,1,4277.0,entrada,3029
5626,2024-03-07,4,4278.0,entrada,4905
5627,2024-03-07,1,4279.0,entrada,3507
5628,2024-03-07,1,4280.0,entrada,14333
5629,2024-03-08,2,,salida,13677
5630,2024-03-08,4,4293.0,entrada,11363
5631,2024-03-08,1,,salida,18397
5632,2024-03-08,4,4292.0,entrada,11031
5633,2024-03-08,4,,salida,7650
5634,2024-03-08,3,4291.0,entrada,5616
5635,2024-03-08,2,4290.0,entrada,12615
5636,2024-03-08,4,4296.0,entrada,5754
5637,2024-03-08,3,,salida,7998
5638,2024-03-08,2,4298.0,entrada,15422
5639,2024-03-08,4,,salida,42108
5640,2024-03-08,3,4289.0,entrada,8721
5641,2024-03-08,4,4281.0,entrada,6409
5642,2024-03-08,2,4282.0,entrada,12429
5643,2024-03-08,2,4283.0,entrada,7635
5644,2024-03-08,2,4284.0,entrada,6529
5645,2024-03-08,2,4297.0,entrada,3469
5646,2024-03-08,3,4285.0,entrada,9635
5647,2024-03-08,4,4286.0,entrada,4045
5648,2024-03-08,1,4294.0,entrada,2936
5649,2024-03-08,1,4295.0,entrada,10521
5650,2024-03-08,4,4287.0,entrada,5835
5651,2024-03-08,1,4288.0,entrada,8381
5652,2024-03-09,4,4304.0,entrada,4242
5653,2024-03-09,4,4313.0,entrada,3767
5654,2024-03-09,3,4299.0,entrada,7273
5655,2024-03-09,4,4300.0,entrada,10822
5656,2024-03-09,4,4301.0,entrada,9010
5657,2024-03-09,3,4312.0,entrada,5333
5658,2024-03-09,1,4310.0,entrada,3750
5659,2024-03-09,2,4303.0,entrada,9359
5660,2024-03-09,2,4309.0,entrada,11054
5661,2024-03-09,2,4308.0,entrada,10172
5662,2024-03-09,4,4307.0,entrada,7937
5663,2024-03-09,1,4305.0,entrada,6050
5664,2024-03-09,2,4302.0,entrada,6406
5665,2024-03-09,1,4311.0,entrada,10116
5666,2024-03-09,4,4306.0,entrada,8542
5667,2024-03-09,4,,salida,16225
5668,2024-03-09,2,4314.0,entrada,16276
5669,2024-03-09,1,,salida,3248
5670,2024-03-09,4,,salida,40802
5671,2024-03-09,1,4207.0,merma,558
5672,2024-03-10,3,4317.0,entrada,8522
5673,2024-03-10,3,,salida,37952
5674,2024-03-10,3,,salida,24528
5675,2024-03-10,3,4316.0,entrada,10392
5676,2024-03-10,1,4326.0,entrada,4648
5677,2024-03-10,2,4325.0,entrada,11225
5678,2024-03-10,4,4324.0,entrada,5391
5679,2024-03-10,1,4315.0,entrada,6952
5680,2024-03-10,3,4322.0,entrada,10185
5681,2024-03-10,1,4321.0,entrada,7670
5682,2024-03-10,3,4320.0,entrada,5392
5683,2024-03-10,1,,salida,131665
5684,2024-03-10,4,4186.0,merma,933
5685,2024-03-10,2,4318.0,entrada,7600
5686,2024-03-10,4,4323.0,entrada,15696
5687,2024-03-10,2,4319.0,entrada,10749
5688,2024-03-11,3,,salida,14962
5689,2024-03-11,3,,salida,12922
5690,2024-03-11,1,,salida,773
5691,2024-03-11,4,4341.0,entrada,15370
5692,2024-03-11,3,4340.0,entrada,3449
5693,2024-03-11,2,4339.0,entrada,4647
5694,2024-03-11,2,4338.0,entrada,3305
5695,2024-03-11,1,4336.0,entrada,9161
5696,2024-03-11,4,4335.0,entrada,5506
5697,2024-03-11,1,4334.0,entrada,14750
5698,2024-03-11,1,4327.0,entrada,7226
5699,2024-03-11,4,4328.0,entrada,10863
5700,2024-03-11,3,4333.0,entrada,8810
5701,2024-03-11,3,4329.0,entrada,8664
5702,2024-03-11,2,4330.0,entrada,9556
5703,2024-03-11,3,4331.0,entrada,5241
5704,2024-03-11,4,4337.0,entrada,12047
5705,2024-03-11,3,4332.0,entrada,6292
5706,2024-03-12,2,4358.0,entrada,14581
5707,2024-03-12,4,4357.0,entrada,3439
5708,2024-03-12,3,4356.0,entrada,5263
5709,2024-03-12,3,4355.0,entrada,9729
5710,2024-03-12,3,4353.0,entrada,10400
5711,2024-03-12,3,4352.0,entrada,10376
5712,2024-03-12,1,4350.0,entrada,14453
5713,2024-03-12,4,4349.0,entrada,8385
5714,2024-03-12,4,4348.0,entrada,6177
5715,2024-03-12,1,4347.0,entrada,4438
5716,2024-03-12,2,4346.0,entrada,9430
5717,2024-03-12,3,4345.0,entrada,7505
5718,2024-03-12,4,4343.0,entrada,9551
5719,2024-03-12,4,4342.0,entrada,7127
5720,2024-03-12,4,4354.0,entrada,3752
5721,2024-03-12,3,4344.0,entrada,10062
5722,2024-03-12,4,4351.0,entrada,5564
5723,2024-03-12,1,,salida,8096
5724,2024-03-12,1,,salida,990
5725,2024-03-12,4,,salida,1966
5726,2024-03-13,3,4362.0,entrada,7248
5727,2024-03-13,4,,salida,11529
5728,2024-03-13,3,,salida,6773
5729,2024-03-13,1,4359.0,entrada,6335
5730,2024-03-13,3,4360.0,entrada,9873
5731,2024-03-13,2,4361.0,entrada,8113
5732,2024-03-13,3,4363.0,entrada,9027
5733,2024-03-13,1,4364.0,entrada,4700
5734,2024-03-13,3,4365.0,entrada,5837
5735,2024-03-13,1,4366.0,entrada,7185
5736,2024-03-13,1,4367.0,entrada,8856
5737,2024-03-13,1,4368.0,entrada,5820
5738,2024-03-13,2,4369.0,entrada,11085
5739,2024-03-13,4,4370.0,entrada,11649
5740,2024-03-13,2,4371.0,entrada,2955
5741,2024-03-13,4,4372.0,entrada,10247
5742,2024-03-13,4,4373.0,entrada,4494
5743,2024-03-13,4,,salida,5001
5744,2024-03-13,1,4374.0,entrada,3625
5745,2024-03-13,2,,salida,60043
5746,2024-03-13,4,,salida,6130
5747,2024-03-14,2,4384.0,entrada,11217
5748,2024-03-14,3,4385.0,entrada,12614
5749,2024-03-14,2,,salida,26991
5750,2024-03-14,3,4386.0,entrada,3798
5751,2024-03-14,4,,salida,46352
5752,2024-03-14,3,4387.0,entrada,9605
5753,2024-03-14,3,4388.0,entrada,5314
5754,2024-03-14,3,4389.0,entrada,3453
5755,2024-03-14,1,4383.0,entrada,4861
5756,2024-03-14,2,4390.0,entrada,14738
5757,2024-03-14,4,4282.0,merma,1405
5758,2024-03-14,3,4375.0,entrada,6481
5759,2024-03-14,1,4376.0,entrada,11733
5760,2024-03-14,3,4377.0,entrada,9607
5761,2024-03-14,4,4378.0,entrada,8188
5762,2024-03-14,1,4379.0,entrada,9812
5763,2024-03-14,3,4380.0,entrada,6105
5764,2024-03-14,2,4381.0,entrada,8259
5765,2024-03-14,4,,salida,71132
5766,2024-03-14,3,4382.0,entrada,13022
5767,2024-03-15,4,,salida,21311
5768,2024-03-15,4,,salida,4423
5769,2024-03-15,4,4391.0,entrada,8819
5770,2024-03-15,2,4393.0,entrada,10138
5771,2024-03-15,2,4392.0,entrada,6096
5772,2024-03-15,3,4404.0,entrada,14504
5773,2024-03-15,2,4351.0,merma,210
5774,2024-03-15,2,4403.0,entrada,4163
5775,2024-03-15,2,4401.0,entrada,10908
5776,2024-03-15,3,4400.0,entrada,11935
5777,2024-03-15,3,4402.0,entrada,5020
5778,2024-03-15,2,4398.0,entrada,13528
5779,2024-03-15,4,4397.0,entrada,8324
5780,2024-03-15,2,4335.0,merma,511
5781,2024-03-15,1,4396.0,entrada,7992
5782,2024-03-15,4,4395.0,entrada,6288
5783,2024-03-15,2,4394.0,entrada,5185
5784,2024-03-15,3,4399.0,entrada,4772
5785,2024-03-16,3,4413.0,entrada,10840
5786,2024-03-16,1,4354.0,merma,413
5787,2024-03-16,2,4418.0,entrada,14577
5788,2024-03-16,3,4417.0,entrada,4220
5789,2024-03-16,1,4416.0,entrada,5091
5790,2024-03-16,4,4415.0,entrada,3081
5791,2024-03-16,2,4412.0,entrada,5380
5792,2024-03-16,2,4414.0,entrada,11464
5793,2024-03-16,2,4410.0,entrada,8279
5794,2024-03-16,2,4411.0,entrada,7874
5795,2024-03-16,1,,salida,5860
5796,2024-03-16,1,,salida,20798
5797,2024-03-16,3,,salida,28469
5798,2024-03-16,4,4409.0,entrada,3861
5799,2024-03-16,4,4405.0,entrada,7116
5800,2024-03-16,1,4406.0,entrada,9808
5801,2024-03-16,1,4407.0,entrada,7611
5802,2024-03-16,4,4408.0,entrada,10404
5803,2024-03-16,1,,salida,47928
5804,2024-03-17,1,4434.0,entrada,16037
5805,2024-03-17,3,4433.0,entrada,3093
5806,2024-03-17,4,4432.0,entrada,4789
5807,2024-03-17,1,4430.0,entrada,3326
5808,2024-03-17,3,4429.0,entrada,11995
5809,2024-03-17,2,4428.0,entrada,10424
5810,2024-03-17,4,4425.0,entrada,9022
5811,2024-03-17,1,4426.0,entrada,14353
5812,2024-03-17,4,4424.0,entrada,9587
5813,2024-03-17,1,4423.0,entrada,5467
5814,2024-03-17,2,4421.0,entrada,10983
5815,2024-03-17,3,4420.0,entrada,9590
5816,2024-03-17,3,4419.0,entrada,6774
5817,2024-03-17,3,4427.0,entrada,5350
5818,2024-03-17,3,4422.0,entrada,4522
5819,2024-03-17,3,4431.0,entrada,10383
5820,2024-03-17,4,,salida,5018
5821,2024-03-17,4,4308.0,merma,1214
5822,2024-03-17,4,4309.0,merma,996
5823,2024-03-17,3,4343.0,merma,1046
5824,2024-03-17,2,4295.0,merma,395
5825,2024-03-17,1,4292.0,merma,1230
5826,2024-03-17,1,,salida,4169
5827,2024-03-17,1,,salida,204416
5828,2024-03-18,1,4446.0,entrada,11046
5829,2024-03-18,4,4435.0,entrada,6849
5830,2024-03-18,3,4329.0,merma,389
5831,2024-03-18,3,4436.0,entrada,11720
5832,2024-03-18,3,4437.0,entrada,9265
5833,2024-03-18,4,4438.0,entrada,6376
5834,2024-03-18,2,4439.0,entrada,10636
5835,2024-03-18,4,4440.0,entrada,3904
5836,2024-03-18,2,4441.0,entrada,7094
5837,2024-03-18,1,4442.0,entrada,8487
5838,2024-03-18,1,4443.0,entrada,10269
5839,2024-03-18,4,4444.0,entrada,15409
5840,2024-03-18,4,4445.0,entrada,5377
5841,2024-03-18,4,,salida,2303
5842,2024-03-18,4,4449.0,entrada,10301
5843,2024-03-18,1,4448.0,entrada,3197
5844,2024-03-18,1,4450.0,entrada,4643
5845,2024-03-18,4,4451.0,entrada,3851
5846,2024-03-18,4,4452.0,entrada,15297
5847,2024-03-18,2,4447.0,entrada,11824
5848,2024-03-19,4,4463.0,entrada,12099
5849,2024-03-19,4,4466.0,entrada,14888
5850,2024-03-19,1,4462.0,entrada,9783
5851,2024-03-19,2,4461.0,entrada,5828
5852,2024-03-19,2,4460.0,entrada,14979
5853,2024-03-19,1,4456.0,entrada,10050
5854,2024-03-19,1,4458.0,entrada,5885
5855,2024-03-19,3,4455.0,entrada,7471
5856,2024-03-19,2,4454.0,entrada,9432
5857,2024-03-19,1,4453.0,entrada,7479
5858,2024-03-19,4,4465.0,entrada,5461
5859,2024-03-19,3,4459.0,entrada,8997
5860,2024-03-19,3,4464.0,entrada,3513
5861,2024-03-19,3,4457.0,entrada,3588
5862,2024-03-19,4,,salida,55810
5863,2024-03-19,2,,salida,76456
5864,2024-03-19,2,,salida,39040
5865,2024-03-19,3,,salida,4602
5866,2024-03-19,1,4322.0,merma,466
5867,2024-03-19,2,,salida,18013
5868,2024-03-20,4,4478.0,entrada,3217
5869,2024-03-20,2,,salida,60531
5870,2024-03-20,1,,salida,21764
5871,2024-03-20,4,4467.0,entrada,6464
5872,2024-03-20,2,4468.0,entrada,11558
5873,2024-03-20,1,4469.0,entrada,9719
5874,2024-03-20,2,4471.0,entrada,4595
5875,2024-03-20,1,4473.0,entrada,9320
5876,2024-03-20,4,4474.0,entrada,12188
5877,2024-03-20,3,4475.0,entrada,5068
5878,2024-03-20,3,4476.0,entrada,9874
5879,2024-03-20,3,4477.0,entrada,9563
5880,2024-03-20,1,4479.0,entrada,10941
5881,2024-03-20,2,4480.0,entrada,4792
5882,2024-03-20,1,4481.0,entrada,3850
5883,2024-03-20,4,4482.0,entrada,15738
5884,2024-03-20,1,4470.0,entrada,7100
5885,2024-03-20,1,,salida,10507
5886,2024-03-20,2,4472.0,entrada,8475
5887,2024-03-20,1,4409.0,merma,295
5888,2024-03-21,2,4483.0,entrada,7082
5889,2024-03-21,4,4484.0,entrada,8781
5890,2024-03-21,3,4486.0,entrada,10623
5891,2024-03-21,4,4487.0,entrada,4538
5892,2024-03-21,2,4488.0,entrada,6700
5893,2024-03-21,2,4489.0,entrada,8093
5894,2024-03-21,1,,salida,13
5895,2024-03-21,3,,salida,13492
5896,2024-03-21,1,4492.0,entrada,9993
5897,2024-03-21,1,4493.0,entrada,2874
5898,2024-03-21,4,4494.0,entrada,10773
5899,2024-03-21,4,4495.0,entrada,4728
5900,2024-03-21,1,4496.0,entrada,3496
5901,2024-03-21,3,4497.0,entrada,14905
5902,2024-03-21,3,4491.0,entrada,5236
5903,2024-03-21,1,4490.0,entrada,10101
5904,2024-03-21,3,4485.0,entrada,6788
5905,2024-03-21,4,,salida,4339
5906,2024-03-21,1,,salida,22925
5907,2024-03-21,4,,salida,32303
5908,2024-03-21,1,,salida,3598
5909,2024-03-22,1,4500.0,entrada,6458
5910,2024-03-22,2,,salida,6142
5911,2024-03-22,4,4420.0,merma,447
5912,2024-03-22,1,4501.0,entrada,11245
5913,2024-03-22,1,4502.0,entrada,4386
5914,2024-03-22,1,4503.0,entrada,7949
5915,2024-03-22,1,,salida,5943
5916,2024-03-22,1,,salida,31402
5917,2024-03-22,1,4504.0,entrada,8544
5918,2024-03-22,2,,salida,42717
5919,2024-03-22,4,4505.0,entrada,8806
5920,2024-03-22,4,4455.0,merma,819
5921,2024-03-22,3,4506.0,entrada,14559
5922,2024-03-22,1,4507.0,entrada,4666
5923,2024-03-22,2,4508.0,entrada,10737
5924,2024-03-22,4,4509.0,entrada,12328
5925,2024-03-22,4,,salida,131954
5926,2024-03-22,4,4510.0,entrada,3333
5927,2024-03-22,1,4511.0,entrada,4858
5928,2024-03-22,4,4512.0,entrada,16805
5929,2024-03-22,4,4498.0,entrada,6675
5930,2024-03-22,1,4499.0,entrada,9487
5931,2024-03-23,1,4513.0,entrada,6667
5932,2024-03-23,3,4514.0,entrada,11991
5933,2024-03-23,3,4515.0,entrada,8237
5934,2024-03-23,4,4516.0,entrada,6516
5935,2024-03-23,1,4523.0,entrada,10037
5936,2024-03-23,4,4519.0,entrada,10582
5937,2024-03-23,3,4524.0,entrada,3025
5938,2024-03-23,4,4517.0,entrada,4450
5939,2024-03-23,4,4390.0,merma,792
5940,2024-03-23,2,4388.0,merma,215
5941,2024-03-23,4,,salida,9134
5942,2024-03-23,2,,salida,11205
5943,2024-03-23,2,4525.0,entrada,11181
5944,2024-03-23,4,4526.0,entrada,4964
5945,2024-03-23,1,4527.0,entrada,3469
5946,2024-03-23,2,4528.0,entrada,14215
5947,2024-03-23,2,,salida,4560
5948,2024-03-23,3,4522.0,entrada,9043
5949,2024-03-23,3,4521.0,entrada,5928
5950,2024-03-23,3,,salida,23617
5951,2024-03-23,2,4520.0,entrada,14430
5952,2024-03-23,4,,salida,8511
5953,2024-03-23,2,4518.0,entrada,5582
5954,2024-03-24,4,4540.0,entrada,11453
5955,2024-03-24,3,4536.0,entrada,4927
5956,2024-03-24,4,4533.0,entrada,5600
5957,2024-03-24,4,4537.0,entrada,10976
5958,2024-03-24,3,4538.0,entrada,11778
5959,2024-03-24,3,4539.0,entrada,3448
5960,2024-03-24,2,4543.0,entrada,15185
5961,2024-03-24,1,4534.0,entrada,6422
5962,2024-03-24,4,4542.0,entrada,3566
5963,2024-03-24,4,4541.0,entrada,4486
5964,2024-03-24,1,4535.0,entrada,9134
5965,2024-03-24,2,4532.0,entrada,8048
5966,2024-03-24,4,,salida,37975
5967,2024-03-24,1,4530.0,entrada,10429
5968,2024-03-24,3,4531.0,entrada,8424
5969,2024-03-24,1,,salida,12001
5970,2024-03-24,3,,salida,2804
5971,2024-03-24,2,,salida,35590
5972,2024-03-24,3,4405.0,merma,843
5973,2024-03-24,1,,salida,15658
5974,2024-03-24,4,4462.0,merma,480
5975,2024-03-24,4,4529.0,entrada,7381
5976,2024-03-25,4,4550.0,entrada,5848
5977,2024-03-25,1,4555.0,entrada,3071
5978,2024-03-25,4,4556.0,entrada,3333
5979,2024-03-25,3,4557.0,entrada,13684
5980,2024-03-25,3,4553.0,entrada,11245
5981,2024-03-25,2,4551.0,entrada,9005
5982,2024-03-25,1,4554.0,entrada,11090
5983,2024-03-25,2,4549.0,entrada,4395
5984,2024-03-25,3,4552.0,entrada,4938
5985,2024-03-25,2,4547.0,entrada,6914
5986,2024-03-25,3,,salida,10425
5987,2024-03-25,3,4546.0,entrada,11148
5988,2024-03-25,1,4545.0,entrada,10490
5989,2024-03-25,4,4544.0,entrada,7233
5990,2024-03-25,1,4408.0,merma,419
5991,2024-03-25,1,4470.0,merma,741
5992,2024-03-25,2,,salida,15136
5993,2024-03-25,4,4548.0,entrada,9395
5994,2024-03-26,4,4571.0,entrada,10399
5995,2024-03-26,3,4570.0,entrada,3261
5996,2024-03-26,4,4569.0,entrada,10502
5997,2024-03-26,3,4568.0,entrada,10525
5998,2024-03-26,2,4567.0,entrada,4923
5999,2024-03-26,2,4566.0,entrada,12344
6000,2024-03-26,4,4565.0,entrada,8680
6001,2024-03-26,1,4561.0,entrada,9026
6002,2024-03-26,1,4563.0,entrada,5932
6003,2024-03-26,2,4562.0,entrada,4671
6004,2024-03-26,2,4560.0,entrada,7347
6005,2024-03-26,2,4559.0,entrada,9918
6006,2024-03-26,2,4558.0,entrada,11842
6007,2024-03-26,2,4572.0,entrada,3656
6008,2024-03-26,1,4564.0,entrada,9420
6009,2024-03-26,1,4573.0,entrada,14988
6010,2024-03-26,2,,salida,41028
6011,2024-03-26,2,,salida,8172
6012,2024-03-26,1,,salida,24836
6013,2024-03-26,2,,salida,5464
6014,2024-03-26,1,,salida,2221
6015,2024-03-26,1,,salida,90562
6016,2024-03-27,1,4588.0,entrada,5220
6017,2024-03-27,1,4586.0,entrada,3443
6018,2024-03-27,4,4585.0,entrada,11730
6019,2024-03-27,4,4584.0,entrada,12602
6020,2024-03-27,1,4583.0,entrada,4802
6021,2024-03-27,4,4582.0,entrada,12558
6022,2024-03-27,3,4581.0,entrada,9608
6023,2024-03-27,2,4580.0,entrada,8933
6024,2024-03-27,4,4579.0,entrada,5842
6025,2024-03-27,1,4577.0,entrada,6477
6026,2024-03-27,2,4589.0,entrada,3246
6027,2024-03-27,1,4576.0,entrada,8045
6028,2024-03-27,1,4575.0,entrada,11181
6029,2024-03-27,1,4574.0,entrada,7494
6030,2024-03-27,1,,salida,80775
6031,2024-03-27,2,,salida,15601
6032,2024-03-27,4,,salida,52357
6033,2024-03-27,3,,salida,45397
6034,2024-03-27,1,,salida,6241
6035,2024-03-27,3,4578.0,entrada,10750
6036,2024-03-27,1,4590.0,entrada,13345
6037,2024-03-27,1,4587.0,entrada,9479
6038,2024-03-27,4,4447.0,merma,434
6039,2024-03-27,4,4542.0,merma,335
6040,2024-03-28,1,4598.0,entrada,4768
6041,2024-03-28,4,,salida,49010
6042,2024-03-28,1,,salida,23167
6043,2024-03-28,2,4599.0,entrada,10011
6044,2024-03-28,1,,salida,9140
6045,2024-03-28,2,,salida,27155
6046,2024-03-28,4,4557.0,merma,1234
6047,2024-03-28,1,,salida,15086
6048,2024-03-28,4,,salida,25591
6049,2024-03-28,1,,salida,26481
6050,2024-03-28,2,4605.0,entrada,16336
6051,2024-03-28,2,,salida,4304
6052,2024-03-28,1,4603.0,entrada,4542
6053,2024-03-28,1,4602.0,entrada,8615
6054,2024-03-28,1,4601.0,entrada,3335
6055,2024-03-28,3,4600.0,entrada,11595
6056,2024-03-28,2,4591.0,entrada,11095
6057,2024-03-28,1,4592.0,entrada,8066
6058,2024-03-28,2,4593.0,entrada,10678
6059,2024-03-28,4,4594.0,entrada,4594
6060,2024-03-28,3,4595.0,entrada,5641
6061,2024-03-28,4,4596.0,entrada,8847
6062,2024-03-28,4,4597.0,entrada,14006
6063,2024-03-28,4,4604.0,entrada,3631
6064,2024-03-28,2,,salida,15658
6065,2024-03-29,4,,salida,7089
6066,2024-03-29,1,4618.0,entrada,4202
6067,2024-03-29,4,4617.0,entrada,13337
6068,2024-03-29,1,4616.0,entrada,10284
6069,2024-03-29,2,,salida,5909
6070,2024-03-29,3,,salida,57069
6071,2024-03-29,1,4615.0,entrada,4851
6072,2024-03-29,2,4606.0,entrada,7155
6073,2024-03-29,1,4614.0,entrada,16077
6074,2024-03-29,1,4613.0,entrada,9800
6075,2024-03-29,3,4607.0,entrada,12559
6076,2024-03-29,4,4612.0,entrada,6179
6077,2024-03-29,2,4608.0,entrada,9368
6078,2024-03-29,1,4611.0,entrada,4402
6079,2024-03-29,1,4610.0,entrada,10677
6080,2024-03-29,2,4609.0,entrada,7512
6081,2024-03-30,2,4588.0,merma,606
6082,2024-03-30,3,,salida,4289
6083,2024-03-30,4,4518.0,merma,562
6084,2024-03-30,4,,salida,20050
6085,2024-03-30,3,,salida,3086
6086,2024-03-30,4,,salida,131799
6087,2024-03-30,1,4625.0,entrada,5468
6088,2024-03-30,4,4626.0,entrada,8546
6089,2024-03-30,3,4619.0,entrada,6617
6090,2024-03-30,2,4633.0,entrada,3751
6091,2024-03-30,1,4634.0,entrada,16383
6092,2024-03-30,3,4630.0,entrada,3578
6093,2024-03-30,3,4629.0,entrada,10841
6094,2024-03-30,2,4628.0,entrada,4510
6095,2024-03-30,3,4627.0,entrada,10033
6096,2024-03-30,1,4631.0,entrada,9765
6097,2024-03-30,3,4632.0,entrada,4120
6098,2024-03-30,3,4620.0,entrada,10154
6099,2024-03-30,3,4621.0,entrada,9415
6100,2024-03-30,3,4622.0,entrada,6168
6101,2024-03-30,1,4623.0,entrada,10101
6102,2024-03-30,3,4624.0,entrada,4341
6103,2024-03-31,4,,salida,96146
6104,2024-03-31,4,,salida,48542
6105,2024-03-31,1,4524.0,merma,199
6106,2024-03-31,2,4650.0,entrada,15452
6107,2024-03-31,3,,salida,66826
6108,2024-03-31,1,4649.0,entrada,3489
6109,2024-03-31,2,,salida,19673
6110,2024-03-31,3,,salida,32916
6111,2024-03-31,1,4648.0,entrada,4314
6112,2024-03-31,4,4647.0,entrada,9916
6113,2024-03-31,1,4646.0,entrada,3079
6114,2024-03-31,4,4645.0,entrada,12726
6115,2024-03-31,1,4644.0,entrada,4745
6116,2024-03-31,1,4643.0,entrada,13457
6117,2024-03-31,1,,salida,4339
6118,2024-03-31,4,4641.0,entrada,6669
6119,2024-03-31,1,4642.0,entrada,7772
6120,2024-03-31,4,4639.0,entrada,11355
6121,2024-03-31,3,4638.0,entrada,6684
6122,2024-03-31,4,4637.0,entrada,9416
6123,2024-03-31,3,4589.0,merma,101
6124,2024-03-31,1,4635.0,entrada,6961
6125,2024-03-31,2,,salida,24430
6126,2024-03-31,4,4640.0,entrada,5141
6127,2024-03-31,4,4636.0,entrada,11500
6128,2024-04-01,4,,salida,10142
6129,2024-04-01,1,,salida,8179
6130,2024-04-01,4,4537.0,merma,1306
6131,2024-04-01,4,,salida,75236
6132,2024-04-01,4,4567.0,merma,457
6133,2024-04-01,3,4575.0,merma,1325
6134,2024-04-01,1,4654.0,entrada,9811
6135,2024-04-01,2,4653.0,entrada,6933
6136,2024-04-01,3,4663.0,entrada,14331
6137,2024-04-01,3,4662.0,entrada,3776
6138,2024-04-01,1,4661.0,entrada,5422
6139,2024-04-01,2,4660.0,entrada,9423
6140,2024-04-01,3,4659.0,entrada,3376
6141,2024-04-01,3,4651.0,entrada,6714
6142,2024-04-01,3,4657.0,entrada,14934
6143,2024-04-01,1,4656.0,entrada,6226
6144,2024-04-01,4,4655.0,entrada,4911
6145,2024-04-01,4,4652.0,entrada,10754
6146,2024-04-01,2,4658.0,entrada,5852
6147,2024-04-02,1,4676.0,entrada,2489
6148,2024-04-02,2,4675.0,entrada,10808
6149,2024-04-02,4,4674.0,entrada,9398
6150,2024-04-02,3,4673.0,entrada,5361
6151,2024-04-02,1,4672.0,entrada,13729
6152,2024-04-02,2,4671.0,entrada,8181
6153,2024-04-02,2,4669.0,entrada,4537
6154,2024-04-02,2,4668.0,entrada,10986
6155,2024-04-02,2,4667.0,entrada,6976
6156,2024-04-02,4,4666.0,entrada,8929
6157,2024-04-02,3,4677.0,entrada,9607
6158,2024-04-02,1,4664.0,entrada,6838
6159,2024-04-02,4,4670.0,entrada,6408
6160,2024-04-02,3,4665.0,entrada,10935
6161,2024-04-02,3,4678.0,entrada,4895
6162,2024-04-02,4,4680.0,entrada,14429
6163,2024-04-02,3,4552.0,merma,348
6164,2024-04-02,2,,salida,68625
6165,2024-04-02,4,4679.0,entrada,4009
6166,2024-04-03,2,4694.0,entrada,10197
6167,2024-04-03,1,4693.0,entrada,3460
6168,2024-04-03,1,4692.0,entrada,12141
6169,2024-04-03,3,4691.0,entrada,10127
6170,2024-04-03,2,4690.0,entrada,5438
6171,2024-04-03,3,4689.0,entrada,13381
6172,2024-04-03,1,4688.0,entrada,8205
6173,2024-04-03,2,,salida,41821
6174,2024-04-03,3,4687.0,entrada,5968
6175,2024-04-03,3,4686.0,entrada,3661
6176,2024-04-03,2,4685.0,entrada,10174
6177,2024-04-03,4,4684.0,entrada,6815
6178,2024-04-03,3,,salida,14578
6179,2024-04-03,1,4683.0,entrada,9257
6180,2024-04-03,1,4682.0,entrada,12014
6181,2024-04-03,4,4681.0,entrada,7108
6182,2024-04-03,2,4695.0,entrada,5085
6183,2024-04-03,3,4696.0,entrada,4159
6184,2024-04-04,2,4699.0,entrada,9082
6185,2024-04-04,3,4697.0,entrada,6341
6186,2024-04-04,1,4698.0,entrada,11140
6187,2024-04-04,2,4700.0,entrada,7133
6188,2024-04-04,3,4711.0,entrada,2944
6189,2024-04-04,1,4712.0,entrada,17187
6190,2024-04-04,2,4710.0,entrada,5099
6191,2024-04-04,4,4709.0,entrada,3311
6192,2024-04-04,3,4708.0,entrada,11927
6193,2024-04-04,3,4706.0,entrada,14371
6194,2024-04-04,1,4705.0,entrada,9178
6195,2024-04-04,4,4707.0,entrada,5540
6196,2024-04-04,2,4703.0,entrada,6017
6197,2024-04-04,3,4702.0,entrada,4358
6198,2024-04-04,2,4701.0,entrada,9709
6199,2024-04-04,1,4704.0,entrada,7992
6200,2024-04-05,2,4720.0,entrada,8736
6201,2024-04-05,3,4725.0,entrada,3126
6202,2024-04-05,4,4724.0,entrada,11444
6203,2024-04-05,3,4726.0,entrada,10650
6204,2024-04-05,2,4723.0,entrada,11631
6205,2024-04-05,1,4721.0,entrada,14049
6206,2024-04-05,4,4719.0,entrada,6342
6207,2024-04-05,1,4722.0,entrada,5806
6208,2024-04-05,4,4717.0,entrada,10690
6209,2024-04-05,3,4716.0,entrada,7297
6210,2024-04-05,2,4715.0,entrada,7419
6211,2024-04-05,1,4727.0,entrada,4911
6212,2024-04-05,1,4714.0,entrada,11166
6213,2024-04-05,2,4713.0,entrada,7921
6214,2024-04-05,2,4718.0,entrada,5458
6215,2024-04-05,3,4728.0,entrada,15567
6216,2024-04-05,4,,salida,153293
6217,2024-04-05,4,4622.0,merma,461
6218,2024-04-05,1,,salida,72105
6219,2024-04-05,3,,salida,62718
6220,2024-04-06,4,,salida,74656
6221,2024-04-06,3,,salida,29111
6222,2024-04-06,1,4657.0,merma,495
6223,2024-04-06,4,,salida,6495
6224,2024-04-06,1,4741.0,entrada,3479
6225,2024-04-06,4,4743.0,entrada,14780
6226,2024-04-06,2,4742.0,entrada,3601
6227,2024-04-06,1,4729.0,entrada,6239
6228,2024-04-06,3,,salida,60691
6229,2024-04-06,2,4731.0,entrada,8854
6230,2024-04-06,3,4739.0,entrada,12456
6231,2024-04-06,1,4738.0,entrada,4346
6232,2024-04-06,3,4737.0,entrada,14882
6233,2024-04-06,3,4730.0,entrada,11623
6234,2024-04-06,1,4735.0,entrada,5622
6235,2024-04-06,3,4736.0,entrada,8804
6236,2024-04-06,2,4734.0,entrada,4405
6237,2024-04-06,1,4733.0,entrada,10540
6238,2024-04-06,1,4732.0,entrada,7320
6239,2024-04-06,4,4740.0,entrada,11654
6240,2024-04-07,4,,salida,2137
6241,2024-04-07,2,,salida,20372
6242,2024-04-07,4,,salida,2773
6243,2024-04-07,2,,salida,126170
6244,2024-04-07,4,,salida,6147
6245,2024-04-07,3,4623.0,merma,802
6246,2024-04-07,2,,salida,19745
6247,2024-04-07,1,4753.0,entrada,10866
6248,2024-04-07,1,4744.0,entrada,6126
6249,2024-04-07,1,4752.0,entrada,11721
6250,2024-04-07,3,4751.0,entrada,4565
6251,2024-04-07,3,4749.0,entrada,9179
6252,2024-04-07,4,4748.0,entrada,6021
6253,2024-04-07,2,4755.0,entrada,12150
6254,2024-04-07,1,4750.0,entrada,9844
6255,2024-04-07,2,4747.0,entrada,4884
6256,2024-04-07,3,4746.0,entrada,6369
6257,2024-04-07,2,4745.0,entrada,8406
6258,2024-04-07,2,4754.0,entrada,3711
6259,2024-04-08,2,4756.0,entrada,11120
6260,2024-04-08,4,4763.0,entrada,21130
6261,2024-04-08,4,4757.0,entrada,14979
6262,2024-04-08,4,4758.0,entrada,13720
6263,2024-04-08,2,4759.0,entrada,10135
6264,2024-04-08,4,4760.0,entrada,15409
6265,2024-04-08,3,4761.0,entrada,7509
6266,2024-04-08,2,4627.0,merma,857
6267,2024-04-08,3,4762.0,entrada,13062
6268,2024-04-08,4,4764.0,entrada,7106
6269,2024-04-08,3,4668.0,merma,562
6270,2024-04-08,1,4766.0,entrada,15986
6271,2024-04-08,3,4767.0,entrada,16688
6272,2024-04-08,2,,salida,121906
6273,2024-04-08,3,4768.0,entrada,4804
6274,2024-04-08,4,4769.0,entrada,21839
6275,2024-04-08,4,,salida,41846
6276,2024-04-08,2,,salida,186
6277,2024-04-08,4,,salida,9990
6278,2024-04-08,3,4765.0,entrada,14900
6279,2024-04-09,2,,salida,14001
6280,2024-04-09,4,,salida,9011
6281,2024-04-09,1,,salida,13766
6282,2024-04-09,2,,salida,33134
6283,2024-04-09,3,4770.0,entrada,10822
6284,2024-04-09,2,4782.0,entrada,4705
6285,2024-04-09,4,4784.0,entrada,5100
6286,2024-04-09,4,4783.0,entrada,8154
6287,2024-04-09,3,4781.0,entrada,15001
6288,2024-04-09,4,4780.0,entrada,7309
6289,2024-04-09,4,4778.0,entrada,15155
6290,2024-04-09,4,4777.0,entrada,12594
6291,2024-04-09,1,4779.0,entrada,21105
6292,2024-04-09,1,4775.0,entrada,6850
6293,2024-04-09,3,4774.0,entrada,15263
6294,2024-04-09,2,4773.0,entrada,11362
6295,2024-04-09,4,4772.0,entrada,16761
6296,2024-04-09,4,4771.0,entrada,14715
6297,2024-04-09,2,4776.0,entrada,8636
6298,2024-04-09,1,4785.0,entrada,23547
6299,2024-04-10,4,4799.0,entrada,5593
6300,2024-04-10,1,4795.0,entrada,16810
6301,2024-04-10,4,4797.0,entrada,14549
6302,2024-04-10,2,4798.0,entrada,7698
6303,2024-04-10,2,4796.0,entrada,5157
6304,2024-04-10,2,,salida,6480
6305,2024-04-10,4,,salida,17314
6306,2024-04-10,4,,salida,124697
6307,2024-04-10,3,4794.0,entrada,15683
6308,2024-04-10,3,4800.0,entrada,25625
6309,2024-04-10,4,4793.0,entrada,7412
6310,2024-04-10,2,,salida,3299
6311,2024-04-10,1,4791.0,entrada,13989
6312,2024-04-10,1,4790.0,entrada,7729
6313,2024-04-10,4,4789.0,entrada,6279
6314,2024-04-10,1,4788.0,entrada,18234
6315,2024-04-10,4,4787.0,entrada,11113
6316,2024-04-10,3,4786.0,entrada,13928
6317,2024-04-10,3,4792.0,entrada,12568
6318,2024-04-11,2,4756.0,merma,1022
6319,2024-04-11,1,4702.0,merma,329
6320,2024-04-11,4,4812.0,entrada,21577
6321,2024-04-11,1,4811.0,entrada,5573
6322,2024-04-11,4,,salida,82054
6323,2024-04-11,4,4810.0,entrada,4546
6324,2024-04-11,4,,salida,149888
6325,2024-04-11,1,,salida,2266
6326,2024-04-11,2,,salida,34345
6327,2024-04-11,2,4809.0,entrada,17007
6328,2024-04-11,1,4807.0,entrada,7323
6329,2024-04-11,3,4806.0,entrada,21431
6330,2024-04-11,2,4805.0,entrada,10295
6331,2024-04-11,3,4804.0,entrada,5420
6332,2024-04-11,3,4803.0,entrada,16759
6333,2024-04-11,3,4801.0,entrada,10689
6334,2024-04-11,1,4808.0,entrada,18153
6335,2024-04-11,3,4802.0,entrada,18699
6336,2024-04-12,1,4819.0,entrada,13522
6337,2024-04-12,3,4820.0,entrada,14479
6338,2024-04-12,2,4818.0,entrada,8788
6339,2024-04-12,4,4821.0,entrada,20715
6340,2024-04-12,1,4822.0,entrada,7728
6341,2024-04-12,4,4817.0,entrada,7100
6342,2024-04-12,2,4824.0,entrada,17500
6343,2024-04-12,1,4823.0,entrada,15675
6344,2024-04-12,2,4826.0,entrada,7042
6345,2024-04-12,4,4814.0,entrada,14640
6346,2024-04-12,4,4827.0,entrada,5702
6347,2024-04-12,4,4828.0,entrada,24658
6348,2024-04-12,2,4813.0,entrada,10168
6349,2024-04-12,1,,salida,2787
6350,2024-04-12,1,,salida,10601
6351,2024-04-12,4,4816.0,entrada,16194
6352,2024-04-12,2,4720.0,merma,905
6353,2024-04-12,1,4825.0,entrada,4821
6354,2024-04-12,4,4815.0,entrada,14528
6355,2024-04-13,1,4832.0,entrada,8730
6356,2024-04-13,3,4829.0,entrada,9447
6357,2024-04-13,3,4701.0,merma,617
6358,2024-04-13,2,4844.0,entrada,24087
6359,2024-04-13,2,4843.0,entrada,5731
6360,2024-04-13,2,4841.0,entrada,5587
6361,2024-04-13,3,4840.0,entrada,17480
6362,2024-04-13,4,4839.0,entrada,14198
6363,2024-04-13,3,4838.0,entrada,7616
6364,2024-04-13,2,4837.0,entrada,20622
6365,2024-04-13,2,4836.0,entrada,12204
6366,2024-04-13,3,4835.0,entrada,10164
6367,2024-04-13,2,4834.0,entrada,6293
6368,2024-04-13,4,4833.0,entrada,15446
6369,2024-04-13,3,4842.0,entrada,6907
6370,2024-04-13,1,,salida,17574
6371,2024-04-13,3,4831.0,entrada,14052
6372,2024-04-13,3,4830.0,entrada,15773
6373,2024-04-13,1,,salida,6115
6374,2024-04-13,3,,salida,109514
6375,2024-04-13,3,,salida,19029
6376,2024-04-14,4,,salida,1327
6377,2024-04-14,3,4858.0,entrada,5115
6378,2024-04-14,1,4857.0,entrada,15159
6379,2024-04-14,4,4856.0,entrada,15248
6380,2024-04-14,1,4854.0,entrada,22598
6381,2024-04-14,3,4859.0,entrada,16269
6382,2024-04-14,1,4853.0,entrada,15323
6383,2024-04-14,2,4852.0,entrada,12923
6384,2024-04-14,1,4851.0,entrada,10094
6385,2024-04-14,2,4850.0,entrada,6827
6386,2024-04-14,2,4855.0,entrada,7155
6387,2024-04-14,2,4860.0,entrada,5685
6388,2024-04-14,2,4849.0,entrada,16542
6389,2024-04-14,3,4847.0,entrada,13985
6390,2024-04-14,1,4846.0,entrada,15702
6391,2024-04-14,3,4845.0,entrada,10239
6392,2024-04-14,1,4848.0,entrada,10410
6393,2024-04-14,3,,salida,1334
6394,2024-04-14,2,,salida,17089
6395,2024-04-15,1,4761.0,merma,817
6396,2024-04-15,1,,salida,155082
6397,2024-04-15,2,,salida,3233
6398,2024-04-15,4,,salida,13071
6399,2024-04-15,4,4813.0,merma,534
6400,2024-04-15,1,4746.0,merma,241
6401,2024-04-15,4,4863.0,entrada,11946
6402,2024-04-15,2,4876.0,entrada,5621
6403,2024-04-15,4,4877.0,entrada,21286
6404,2024-04-15,4,4874.0,entrada,13597
6405,2024-04-15,1,4873.0,entrada,4324
6406,2024-04-15,1,4872.0,entrada,18878
6407,2024-04-15,4,4871.0,entrada,16847
6408,2024-04-15,4,4875.0,entrada,7096
6409,2024-04-15,3,4869.0,entrada,23125
6410,2024-04-15,2,4870.0,entrada,6273
6411,2024-04-15,1,4867.0,entrada,12379
6412,2024-04-15,1,4866.0,entrada,8342
6413,2024-04-15,1,4865.0,entrada,6059
6414,2024-04-15,1,4864.0,entrada,15943
6415,2024-04-15,2,4862.0,entrada,14187
6416,2024-04-15,4,4861.0,entrada,9626
6417,2024-04-15,3,4868.0,entrada,14109
6418,2024-04-16,1,4878.0,entrada,17105
6419,2024-04-16,1,4879.0,entrada,15756
6420,2024-04-16,1,4880.0,entrada,9585
6421,2024-04-16,1,4881.0,entrada,6589
6422,2024-04-16,1,4882.0,entrada,12436
6423,2024-04-16,1,4884.0,entrada,18136
6424,2024-04-16,2,4883.0,entrada,15668
6425,2024-04-16,1,4886.0,entrada,16762
6426,2024-04-16,3,4887.0,entrada,17282
6427,2024-04-16,3,4888.0,entrada,4358
6428,2024-04-16,3,4889.0,entrada,15010
6429,2024-04-16,3,4890.0,entrada,6865
6430,2024-04-16,3,,salida,27299
6431,2024-04-16,2,4885.0,entrada,6991
6432,2024-04-16,2,4891.0,entrada,5560
6433,2024-04-17,2,4899.0,entrada,20640
6434,2024-04-17,2,4892.0,entrada,10058
6435,2024-04-17,4,4893.0,entrada,17163
6436,2024-04-17,1,4894.0,entrada,12306
6437,2024-04-17,3,4895.0,entrada,9679
6438,2024-04-17,2,4896.0,entrada,14937
6439,2024-04-17,1,4897.0,entrada,12115
6440,2024-04-17,1,4898.0,entrada,14240
6441,2024-04-17,3,4900.0,entrada,15631
6442,2024-04-17,4,4901.0,entrada,5155
6443,2024-04-17,1,4902.0,entrada,15990
6444,2024-04-17,4,4903.0,entrada,7521
6445,2024-04-17,3,4904.0,entrada,5829
6446,2024-04-17,3,4905.0,entrada,23659
6447,2024-04-17,2,4814.0,merma,1089
6448,2024-04-17,2,4835.0,merma,576
6449,2024-04-17,1,4818.0,merma,292
6450,2024-04-17,2,,salida,4018
6451,2024-04-17,3,,salida,124246
6452,2024-04-17,2,,salida,106417
6453,2024-04-17,4,,salida,11579
6454,2024-04-17,3,,salida,119860
6455,2024-04-17,1,,salida,31849
6456,2024-04-18,3,4910.0,entrada,15210
6457,2024-04-18,1,4914.0,entrada,14810
6458,2024-04-18,3,4915.0,entrada,19487
6459,2024-04-18,2,4916.0,entrada,7444
6460,2024-04-18,3,4917.0,entrada,16753
6461,2024-04-18,4,4918.0,entrada,17706
6462,2024-04-18,3,4919.0,entrada,5441
6463,2024-04-18,1,4920.0,entrada,14957
6464,2024-04-18,1,4921.0,entrada,7276
6465,2024-04-18,3,4922.0,entrada,4543
6466,2024-04-18,4,4923.0,entrada,20491
6467,2024-04-18,4,4911.0,entrada,6877
6468,2024-04-18,4,4869.0,merma,2547
6469,2024-04-18,3,4913.0,entrada,13836
6470,2024-04-18,3,4863.0,merma,1085
6471,2024-04-18,4,,salida,56432
6472,2024-04-18,2,4794.0,merma,886
6473,2024-04-18,2,4779.0,merma,1054
6474,2024-04-18,1,4908.0,entrada,14043
6475,2024-04-18,3,4907.0,entrada,15308
6476,2024-04-18,4,4906.0,entrada,9505
6477,2024-04-18,4,,salida,1801
6478,2024-04-18,4,4909.0,entrada,11005
6479,2024-04-18,3,,salida,142455
6480,2024-04-18,4,,salida,109267
6481,2024-04-18,1,4912.0,entrada,10601
6482,2024-04-18,2,,salida,17711
6483,2024-04-19,3,4930.0,entrada,9275
6484,2024-04-19,2,4929.0,entrada,6132
6485,2024-04-19,1,4927.0,entrada,9091
6486,2024-04-19,1,4859.0,merma,1337
6487,2024-04-19,4,4925.0,entrada,15843
6488,2024-04-19,2,4924.0,entrada,9916
6489,2024-04-19,1,4931.0,entrada,13297
6490,2024-04-19,2,4926.0,entrada,12527
6491,2024-04-19,3,4932.0,entrada,20110
6492,2024-04-19,4,4928.0,entrada,11426
6493,2024-04-19,4,4934.0,entrada,12996
6494,2024-04-19,4,4935.0,entrada,17440
6495,2024-04-19,1,4936.0,entrada,4431
6496,2024-04-19,1,4937.0,entrada,15056
6497,2024-04-19,1,4933.0,entrada,6908
6498,2024-04-19,1,4938.0,entrada,7506
6499,2024-04-19,4,4939.0,entrada,6219
6500,2024-04-20,3,4881.0,merma,314
6501,2024-04-20,1,4953.0,entrada,15140
6502,2024-04-20,2,4954.0,entrada,8442
6503,2024-04-20,4,,salida,9620
6504,2024-04-20,3,4956.0,entrada,24125
6505,2024-04-20,2,4952.0,entrada,5273
6506,2024-04-20,3,,salida,37386
6507,2024-04-20,4,4829.0,merma,466
6508,2024-04-20,3,4955.0,entrada,4559
6509,2024-04-20,4,4951.0,entrada,18167
6510,2024-04-20,2,4948.0,entrada,21288
6511,2024-04-20,1,4949.0,entrada,7296
6512,2024-04-20,3,4947.0,entrada,13666
6513,2024-04-20,2,4946.0,entrada,9490
6514,2024-04-20,1,4945.0,entrada,7377
6515,2024-04-20,3,4944.0,entrada,15567
6516,2024-04-20,4,4943.0,entrada,9846
6517,2024-04-20,3,4942.0,entrada,14131
6518,2024-04-20,3,4941.0,entrada,16421
6519,2024-04-20,3,,salida,66923
6520,2024-04-20,3,4950.0,entrada,16017
6521,2024-04-20,2,4940.0,entrada,10514
6522,2024-04-21,2,,salida,17354
6523,2024-04-21,4,4957.0,entrada,15738
6524,2024-04-21,3,4969.0,entrada,5057
6525,2024-04-21,3,4968.0,entrada,7869
6526,2024-04-21,3,4836.0,merma,799
6527,2024-04-21,1,4967.0,entrada,14286
6528,2024-04-21,2,4966.0,entrada,5631
6529,2024-04-21,2,4964.0,entrada,16979
6530,2024-04-21,4,4965.0,entrada,17853
6531,2024-04-21,1,4962.0,entrada,14645
6532,2024-04-21,4,4961.0,entrada,14612
6533,2024-04-21,4,4960.0,entrada,8829
6534,2024-04-21,1,4959.0,entrada,14711
6535,2024-04-21,1,4958.0,entrada,10866
6536,2024-04-21,2,4963.0,entrada,21728
6537,2024-04-22,3,,salida,44944
6538,2024-04-22,3,,salida,75311
6539,2024-04-22,4,4974.0,entrada,5830
6540,2024-04-22,3,4977.0,entrada,15411
6541,2024-04-22,4,4972.0,entrada,9845
6542,2024-04-22,4,4971.0,entrada,13078
6543,2024-04-22,2,4970.0,entrada,18122
6544,2024-04-22,4,4973.0,entrada,17260
6545,2024-04-22,1,,salida,170133
6546,2024-04-22,2,4976.0,entrada,13469
6547,2024-04-22,4,4975.0,entrada,9620
6548,2024-04-22,3,,salida,38690
6549,2024-04-22,4,4909.0,merma,1217
6550,2024-04-22,3,4978.0,entrada,7518
6551,2024-04-22,2,4979.0,entrada,14827
6552,2024-04-22,4,4980.0,entrada,18099
6553,2024-04-22,2,4981.0,entrada,5858
6554,2024-04-22,3,4982.0,entrada,16747
6555,2024-04-22,1,,salida,3069
6556,2024-04-22,1,4983.0,entrada,7349
6557,2024-04-22,2,4984.0,entrada,5435
6558,2024-04-22,4,4985.0,entrada,20537
6559,2024-04-23,4,4884.0,merma,2085
6560,2024-04-23,3,4986.0,entrada,10376
6561,2024-04-23,4,,salida,22423
6562,2024-04-23,3,4989.0,entrada,15333
6563,2024-04-23,4,4990.0,entrada,8765
6564,2024-04-23,1,4991.0,entrada,10108
6565,2024-04-23,3,4992.0,entrada,14446
6566,2024-04-23,2,4993.0,entrada,17467
6567,2024-04-23,1,4994.0,entrada,14822
6568,2024-04-23,3,4995.0,entrada,18966
6569,2024-04-23,1,4996.0,entrada,5224
6570,2024-04-23,2,4997.0,entrada,5833
6571,2024-04-23,3,4998.0,entrada,25559
6572,2024-04-23,2,4864.0,merma,676
6573,2024-04-23,3,4988.0,entrada,13211
6574,2024-04-23,3,4987.0,entrada,16688
6575,2024-04-23,1,,salida,4503
6576,2024-04-23,2,,salida,45970
6577,2024-04-23,2,,salida,97440
6578,2024-04-23,3,,salida,3923
6579,2024-04-23,3,,salida,29669
6580,2024-04-24,3,5010.0,entrada,18326
6581,2024-04-24,4,5009.0,entrada,13513
6582,2024-04-24,3,5008.0,entrada,7079
6583,2024-04-24,1,5007.0,entrada,19031
6584,2024-04-24,4,5012.0,entrada,15699
6585,2024-04-24,4,5005.0,entrada,11927
6586,2024-04-24,3,5004.0,entrada,7787
6587,2024-04-24,3,5003.0,entrada,13853
6588,2024-04-24,3,5002.0,entrada,10988
6589,2024-04-24,4,5000.0,entrada,17002
6590,2024-04-24,2,4999.0,entrada,10377
6591,2024-04-24,4,5013.0,entrada,4209
6592,2024-04-24,1,5014.0,entrada,26260
6593,2024-04-24,1,5011.0,entrada,5296
6594,2024-04-24,3,5006.0,entrada,13559
6595,2024-04-24,3,5001.0,entrada,14586
6596,2024-04-24,4,4923.0,merma,1601
6597,2024-04-24,3,,salida,82704
6598,2024-04-24,1,4940.0,merma,531
6599,2024-04-24,3,,salida,11569
6600,2024-04-24,2,,salida,95729
6601,2024-04-24,2,,salida,1212
6602,2024-04-25,2,,salida,192165
6603,2024-04-25,4,5019.0,entrada,6818
6604,2024-04-25,1,5018.0,entrada,15248
6605,2024-04-25,1,5017.0,entrada,10721
6606,2024-04-25,1,5016.0,entrada,16909
6607,2024-04-25,1,5015.0,entrada,9765
6608,2024-04-25,1,4902.0,merma,930
6609,2024-04-25,4,4934.0,merma,854
6610,2024-04-25,2,,salida,4357
6611,2024-04-25,2,5029.0,entrada,23883
6612,2024-04-25,3,4982.0,merma,1824
6613,2024-04-25,1,5027.0,entrada,7751
6614,2024-04-25,3,5022.0,entrada,15154
6615,2024-04-25,1,5026.0,entrada,15816
6616,2024-04-25,2,5023.0,entrada,22103
6617,2024-04-25,3,5025.0,entrada,4221
6618,2024-04-25,2,,salida,1553
6619,2024-04-25,4,5020.0,entrada,8315
6620,2024-04-25,1,,salida,4898
6621,2024-04-25,4,,salida,1018
6622,2024-04-25,3,5024.0,entrada,6799
6623,2024-04-25,3,5028.0,entrada,5523
6624,2024-04-25,3,5021.0,entrada,10681
6625,2024-04-26,1,5030.0,entrada,9794
6626,2024-04-26,3,5031.0,entrada,17565
6627,2024-04-26,4,5035.0,entrada,9314
6628,2024-04-26,4,5033.0,entrada,10592
6629,2024-04-26,4,5044.0,entrada,21204
6630,2024-04-26,2,5043.0,entrada,6646
6631,2024-04-26,2,5042.0,entrada,14147
6632,2024-04-26,2,5041.0,entrada,5944
6633,2024-04-26,3,5040.0,entrada,15579
6634,2024-04-26,3,5039.0,entrada,7501
6635,2024-04-26,2,5038.0,entrada,16102
6636,2024-04-26,1,5037.0,entrada,11256
6637,2024-04-26,2,5034.0,entrada,14028
6638,2024-04-26,3,5032.0,entrada,12182
6639,2024-04-26,2,5036.0,entrada,11542
6640,2024-04-26,1,,salida,10724
6641,2024-04-26,2,,salida,38463
6642,2024-04-26,4,,salida,667
6643,2024-04-26,2,,salida,201524
6644,2024-04-26,3,,salida,41203
6645,2024-04-27,4,4955.0,merma,351
6646,2024-04-27,2,,salida,32150
6647,2024-04-27,2,5045.0,entrada,16290
6648,2024-04-27,1,5046.0,entrada,13589
6649,2024-04-27,4,5047.0,entrada,10090
6650,2024-04-27,4,5048.0,entrada,15889
6651,2024-04-27,2,5049.0,entrada,6605
6652,2024-04-27,1,5050.0,entrada,8457
6653,2024-04-27,4,5051.0,entrada,9355
6654,2024-04-27,3,5052.0,entrada,12097
6655,2024-04-27,4,5053.0,entrada,22583
6656,2024-04-27,2,5054.0,entrada,7068
6657,2024-04-27,1,5055.0,entrada,16191
6658,2024-04-27,2,5056.0,entrada,4855
6659,2024-04-27,3,5057.0,entrada,15399
6660,2024-04-27,2,5060.0,entrada,22517
6661,2024-04-27,3,5058.0,entrada,8590
6662,2024-04-27,3,5059.0,entrada,5975
6663,2024-04-28,1,5063.0,entrada,12762
6664,2024-04-28,4,5064.0,entrada,15665
6665,2024-04-28,3,5021.0,merma,345
6666,2024-04-28,3,5065.0,entrada,6668
6667,2024-04-28,2,5066.0,entrada,9248
6668,2024-04-28,3,5067.0,entrada,12355
6669,2024-04-28,3,5068.0,entrada,14394
6670,2024-04-28,2,,salida,12662
6671,2024-04-28,1,5069.0,entrada,21483
6672,2024-04-28,4,5070.0,entrada,16652
6673,2024-04-28,1,5071.0,entrada,16791
6674,2024-04-28,1,5072.0,entrada,4709
6675,2024-04-28,1,5073.0,entrada,14195
6676,2024-04-28,1,5076.0,entrada,23036
6677,2024-04-28,1,5075.0,entrada,5226
6678,2024-04-28,1,,salida,41654
6679,2024-04-28,4,5014.0,merma,1078
6680,2024-04-28,2,5062.0,entrada,14392
6681,2024-04-28,3,5074.0,entrada,7342
6682,2024-04-28,3,,salida,139783
6683,2024-04-28,3,,salida,110081
6684,2024-04-28,4,5061.0,entrada,8998
6685,2024-04-29,3,,salida,5600
6686,2024-04-29,3,,salida,37321
6687,2024-04-29,4,5078.0,entrada,16571
6688,2024-04-29,1,5079.0,entrada,12168
6689,2024-04-29,4,5080.0,entrada,16482
6690,2024-04-29,4,5081.0,entrada,6138
6691,2024-04-29,1,5082.0,entrada,8499
6692,2024-04-29,3,5083.0,entrada,11351
6693,2024-04-29,1,5084.0,entrada,13665
6694,2024-04-29,3,5086.0,entrada,17807
6695,2024-04-29,2,5087.0,entrada,16469
6696,2024-04-29,3,5088.0,entrada,4986
6697,2024-04-29,3,5028.0,merma,525
6698,2024-04-29,4,5089.0,entrada,17013
6699,2024-04-29,3,5090.0,entrada,7362
6700,2024-04-29,1,5091.0,entrada,5402
6701,2024-04-29,2,,salida,63573
6702,2024-04-29,4,5085.0,entrada,22795
6703,2024-04-29,4,5077.0,entrada,9032
6704,2024-04-30,2,5104.0,entrada,5705
6705,2024-04-30,2,,salida,35026
6706,2024-04-30,2,5093.0,entrada,15221
6707,2024-04-30,2,5094.0,entrada,13295
6708,2024-04-30,4,5095.0,entrada,14340
6709,2024-04-30,4,5096.0,entrada,7174
6710,2024-04-30,2,5097.0,entrada,8717
6711,2024-04-30,3,5098.0,entrada,12552
6712,2024-04-30,4,,salida,29969
6713,2024-04-30,2,5099.0,entrada,14311
6714,2024-04-30,3,5101.0,entrada,7552
6715,2024-04-30,4,5102.0,entrada,15689
6716,2024-04-30,3,5103.0,entrada,14738
6717,2024-04-30,4,5105.0,entrada,13914
6718,2024-04-30,1,5106.0,entrada,6942
6719,2024-04-30,1,5107.0,entrada,5262
6720,2024-04-30,3,5100.0,entrada,20296
6721,2024-04-30,2,5092.0,entrada,9593
6722,2024-04-30,4,5108.0,entrada,23165
6723,2024-04-30,1,,salida,7919
6724,2024-04-30,1,5010.0,merma,1906
6725,2024-05-01,3,5119.0,entrada,7110
6726,2024-05-01,1,5118.0,entrada,17222
6727,2024-05-01,4,5117.0,entrada,13720
6728,2024-05-01,2,5116.0,entrada,10868
6729,2024-05-01,4,5115.0,entrada,9933
6730,2024-05-01,2,5114.0,entrada,6831
6731,2024-05-01,3,5113.0,entrada,15351
6732,2024-05-01,3,5112.0,entrada,9959
6733,2024-05-01,1,5111.0,entrada,13196
6734,2024-05-01,1,5110.0,entrada,15378
6735,2024-05-01,1,,salida,14730
6736,2024-05-01,2,,salida,26748
6737,2024-05-01,3,,salida,54268
6738,2024-05-01,4,,salida,72709
6739,2024-05-01,2,5109.0,entrada,10004
6740,2024-05-01,2,,salida,79076
6741,2024-05-01,3,,salida,5191
6742,2024-05-01,1,,salida,18614
6743,2024-05-01,2,5120.0,entrada,15199
6744,2024-05-01,2,5121.0,entrada,17580
6745,2024-05-01,2,4974.0,merma,397
6746,2024-05-01,4,5123.0,entrada,14508
6747,2024-05-01,2,5001.0,merma,1286
6748,2024-05-01,3,,salida,6351
6749,2024-05-01,4,,salida,1141
6750,2024-05-01,4,5122.0,entrada,5989
6751,2024-05-01,2,5124.0,entrada,7625
6752,2024-05-01,4,,salida,4246
6753,2024-05-01,4,5125.0,entrada,23644
6754,2024-05-02,2,5127.0,entrada,16157
6755,2024-05-02,4,5140.0,entrada,22956
6756,2024-05-02,2,5139.0,entrada,5078
6757,2024-05-02,3,5138.0,entrada,6654
6758,2024-05-02,4,5137.0,entrada,5141
6759,2024-05-02,3,5136.0,entrada,17320
6760,2024-05-02,3,5135.0,entrada,16105
6761,2024-05-02,2,5134.0,entrada,7826
6762,2024-05-02,4,5133.0,entrada,21334
6763,2024-05-02,3,5131.0,entrada,9483
6764,2024-05-02,1,5129.0,entrada,13637
6765,2024-05-02,2,5128.0,entrada,10220
6766,2024-05-02,2,5126.0,entrada,16811
6767,2024-05-02,3,5132.0,entrada,14273
6768,2024-05-02,4,5130.0,entrada,6506
6769,2024-05-02,1,5040.0,merma,1196
6770,2024-05-02,4,,salida,102000
6771,2024-05-02,4,5017.0,merma,1235
6772,2024-05-02,2,,salida,7262
6773,2024-05-02,3,5033.0,merma,882
6774,2024-05-03,2,5141.0,entrada,17648
6775,2024-05-03,3,5142.0,entrada,13999
6776,2024-05-03,3,5143.0,entrada,9550
6777,2024-05-03,2,5144.0,entrada,16168
6778,2024-05-03,1,5145.0,entrada,5706
6779,2024-05-03,4,,salida,37337
6780,2024-05-03,3,5148.0,entrada,8014
6781,2024-05-03,1,5149.0,entrada,17517
6782,2024-05-03,1,5150.0,entrada,5496
6783,2024-05-03,1,5151.0,entrada,13646
6784,2024-05-03,2,5152.0,entrada,8604
6785,2024-05-03,1,5154.0,entrada,23614
6786,2024-05-03,1,5147.0,entrada,22727
6787,2024-05-03,3,5146.0,entrada,12761
6788,2024-05-03,1,5153.0,entrada,5141
6789,2024-05-03,1,,salida,987
6790,2024-05-03,1,,salida,66884
6791,2024-05-03,4,,salida,45278
6792,2024-05-04,1,5163.0,entrada,15669
6793,2024-05-04,1,5155.0,entrada,10876
6794,2024-05-04,3,5156.0,entrada,16085
6795,2024-05-04,1,5157.0,entrada,12039
6796,2024-05-04,3,5158.0,entrada,9952
6797,2024-05-04,1,5159.0,entrada,13993
6798,2024-05-04,1,5160.0,entrada,14273
6799,2024-05-04,2,5161.0,entrada,22149
6800,2024-05-04,3,5162.0,entrada,7681
6801,2024-05-04,3,5164.0,entrada,5107
6802,2024-05-04,3,5165.0,entrada,5727
6803,2024-05-04,4,5166.0,entrada,22272
6804,2024-05-04,3,,salida,22898
6805,2024-05-05,3,,salida,30519
6806,2024-05-05,2,5167.0,entrada,10047
6807,2024-05-05,2,5168.0,entrada,16454
6808,2024-05-05,2,5169.0,entrada,12919
6809,2024-05-05,4,5170.0,entrada,9698
6810,2024-05-05,4,5171.0,entrada,9656
6811,2024-05-05,2,5172.0,entrada,13902
6812,2024-05-05,4,5175.0,entrada,8569
6813,2024-05-05,2,5177.0,entrada,15974
6814,2024-05-05,4,5173.0,entrada,14736
6815,2024-05-05,2,5176.0,entrada,16434
6816,2024-05-05,2,,salida,5934
6817,2024-05-05,1,,salida,1734
6818,2024-05-05,1,5063.0,merma,1530
6819,2024-05-05,4,5174.0,entrada,19530
6820,2024-05-05,4,5179.0,entrada,22498
6821,2024-05-05,2,5178.0,entrada,5593
6822,2024-05-06,4,5194.0,entrada,14706
6823,2024-05-06,2,5193.0,entrada,3835
6824,2024-05-06,4,5192.0,entrada,4345
6825,2024-05-06,3,5191.0,entrada,10321
6826,2024-05-06,3,5190.0,entrada,3794
6827,2024-05-06,1,5189.0,entrada,13867
6828,2024-05-06,1,5182.0,entrada,9757
6829,2024-05-06,4,5181.0,entrada,12163
6830,2024-05-06,2,5186.0,entrada,8851
6831,2024-05-06,2,5185.0,entrada,4276
6832,2024-05-06,3,5184.0,entrada,10207
6833,2024-05-06,4,5183.0,entrada,6298
6834,2024-05-06,2,5180.0,entrada,6775
6835,2024-05-06,4,5188.0,entrada,9285
6836,2024-05-06,3,5187.0,entrada,5249
6837,2024-05-06,3,,salida,15323
6838,2024-05-06,1,,salida,14681
6839,2024-05-06,3,,salida,32019
6840,2024-05-06,1,,salida,29553
6841,2024-05-06,2,,salida,8830
6842,2024-05-06,4,5139.0,merma,373
6843,2024-05-07,3,5202.0,entrada,10566
6844,2024-05-07,3,5203.0,entrada,13163
6845,2024-05-07,1,5204.0,entrada,5433
6846,2024-05-07,3,,salida,26900
6847,2024-05-07,1,,salida,45076
6848,2024-05-07,2,5201.0,entrada,8110
6849,2024-05-07,1,,salida,2827
6850,2024-05-07,1,,salida,6384
6851,2024-05-07,1,5206.0,entrada,10891
6852,2024-05-07,4,5205.0,entrada,9555
6853,2024-05-07,1,,salida,22052
6854,2024-05-07,4,,salida,917
6855,2024-05-07,2,5211.0,entrada,17781
6856,2024-05-07,1,5210.0,entrada,3753
6857,2024-05-07,3,5209.0,entrada,4969
6858,2024-05-07,1,5208.0,entrada,9670
6859,2024-05-07,3,5207.0,entrada,3224
6860,2024-05-07,3,,salida,5888
6861,2024-05-07,4,5200.0,entrada,5971
6862,2024-05-07,2,5197.0,entrada,10527
6863,2024-05-07,2,5198.0,entrada,10545
6864,2024-05-07,3,5196.0,entrada,10911
6865,2024-05-07,3,5195.0,entrada,6241
6866,2024-05-07,2,5164.0,merma,367
6867,2024-05-07,2,5199.0,entrada,4617
6868,2024-05-08,4,5220.0,entrada,9278
6869,2024-05-08,4,,salida,8346
6870,2024-05-08,4,5222.0,entrada,5117
6871,2024-05-08,1,5223.0,entrada,11322
6872,2024-05-08,2,5224.0,entrada,11014
6873,2024-05-08,4,5226.0,entrada,10947
6874,2024-05-08,3,5219.0,entrada,9651
6875,2024-05-08,1,5227.0,entrada,5362
6876,2024-05-08,4,5228.0,entrada,3898
6877,2024-05-08,2,,salida,34917
6878,2024-05-08,1,5225.0,entrada,3810
6879,2024-05-08,1,5218.0,entrada,5986
6880,2024-05-08,2,5221.0,entrada,12848
6881,2024-05-08,2,5216.0,entrada,11516
6882,2024-05-08,2,5217.0,entrada,4058
6883,2024-05-08,1,5212.0,entrada,6775
6884,2024-05-08,3,,salida,746
6885,2024-05-08,2,5214.0,entrada,7876
6886,2024-05-08,4,5215.0,entrada,7032
6887,2024-05-08,2,5213.0,entrada,12933
6888,2024-05-09,4,,salida,2775
6889,2024-05-09,4,5241.0,entrada,3745
6890,2024-05-09,4,5240.0,entrada,10612
6891,2024-05-09,1,5130.0,merma,271
6892,2024-05-09,3,5115.0,merma,755
6893,2024-05-09,4,5103.0,merma,748
6894,2024-05-09,3,,salida,55812
6895,2024-05-09,3,,salida,61175
6896,2024-05-09,1,,salida,36194
6897,2024-05-09,1,5233.0,entrada,9973
6898,2024-05-09,2,5238.0,entrada,5337
6899,2024-05-09,3,5237.0,entrada,14800
6900,2024-05-09,1,5236.0,entrada,7293
6901,2024-05-09,3,5235.0,entrada,5554
6902,2024-05-09,3,5234.0,entrada,3952
6903,2024-05-09,3,,salida,5612
6904,2024-05-09,4,5239.0,entrada,10318
6905,2024-05-09,2,5242.0,entrada,9533
6906,2024-05-09,3,5231.0,entrada,7663
6907,2024-05-09,3,5243.0,entrada,16101
6908,2024-05-09,1,5229.0,entrada,6628
6909,2024-05-09,4,5230.0,entrada,11189
6910,2024-05-09,1,5232.0,entrada,7347
6911,2024-05-10,4,5260.0,entrada,17050
6912,2024-05-10,1,5259.0,entrada,3176
6913,2024-05-10,1,5258.0,entrada,4497
6914,2024-05-10,2,,salida,22420
6915,2024-05-10,4,,salida,20170
6916,2024-05-10,2,5257.0,entrada,10854
6917,2024-05-10,3,,salida,1105
6918,2024-05-10,3,5256.0,entrada,3560
6919,2024-05-10,2,,salida,13669
6920,2024-05-10,1,,salida,244292
6921,2024-05-10,2,,salida,1370
6922,2024-05-10,2,5255.0,entrada,12578
6923,2024-05-10,1,5254.0,entrada,4740
6924,2024-05-10,3,5244.0,entrada,6960
6925,2024-05-10,1,5253.0,entrada,12432
6926,2024-05-10,3,5252.0,entrada,7991
6927,2024-05-10,4,5251.0,entrada,7393
6928,2024-05-10,1,5245.0,entrada,9197
6929,2024-05-10,3,5246.0,entrada,10370
6930,2024-05-10,1,5247.0,entrada,6676
6931,2024-05-10,4,5250.0,entrada,5986
6932,2024-05-10,4,5249.0,entrada,3725
6933,2024-05-10,2,5248.0,entrada,10319
6934,2024-05-11,1,5268.0,entrada,12766
6935,2024-05-11,1,5269.0,entrada,4877
6936,2024-05-11,3,5270.0,entrada,9983
6937,2024-05-11,1,5271.0,entrada,11071
6938,2024-05-11,1,5272.0,entrada,3889
6939,2024-05-11,1,5273.0,entrada,4635
6940,2024-05-11,3,5267.0,entrada,8272
6941,2024-05-11,4,5275.0,entrada,16401
6942,2024-05-11,4,5274.0,entrada,3438
6943,2024-05-11,3,5266.0,entrada,6677
6944,2024-05-11,3,,salida,39816
6945,2024-05-11,3,5264.0,entrada,7140
6946,2024-05-11,4,5263.0,entrada,9301
6947,2024-05-11,1,5262.0,entrada,11350
6948,2024-05-11,3,5261.0,entrada,6336
6949,2024-05-11,4,,salida,146776
6950,2024-05-11,3,,salida,48
6951,2024-05-11,2,,salida,22425
6952,2024-05-11,1,,salida,6188
6953,2024-05-11,2,,salida,1751
6954,2024-05-11,2,5265.0,entrada,9319
6955,2024-05-12,1,5277.0,entrada,11031
6956,2024-05-12,3,5276.0,entrada,7067
6957,2024-05-12,4,5278.0,entrada,9497
6958,2024-05-12,2,5289.0,entrada,15640
6959,2024-05-12,1,5280.0,entrada,6844
6960,2024-05-12,4,5222.0,merma,551
6961,2024-05-12,1,5208.0,merma,512
6962,2024-05-12,1,5188.0,merma,581
6963,2024-05-12,2,,salida,193850
6964,2024-05-12,2,,salida,162148
6965,2024-05-12,4,,salida,24518
6966,2024-05-12,3,5279.0,entrada,4292
6967,2024-05-12,3,,salida,7081
6968,2024-05-12,4,5284.0,entrada,10662
6969,2024-05-12,2,5281.0,entrada,9830
6970,2024-05-12,1,5282.0,entrada,12535
6971,2024-05-12,1,5283.0,entrada,5205
6972,2024-05-12,1,5288.0,entrada,3622
6973,2024-05-12,3,5285.0,entrada,10749
6974,2024-05-12,3,5286.0,entrada,3999
6975,2024-05-12,3,5236.0,merma,529
6976,2024-05-12,4,5287.0,entrada,9680
6977,2024-05-13,3,5299.0,entrada,5202
6978,2024-05-13,3,5304.0,entrada,3683
6979,2024-05-13,2,5303.0,entrada,4653
6980,2024-05-13,1,5290.0,entrada,7617
6981,2024-05-13,4,5302.0,entrada,10825
6982,2024-05-13,1,5291.0,entrada,9406
6983,2024-05-13,2,5292.0,entrada,7160
6984,2024-05-13,4,5293.0,entrada,10286
6985,2024-05-13,3,5294.0,entrada,5539
6986,2024-05-13,4,5296.0,entrada,8193
6987,2024-05-13,1,5297.0,entrada,9865
6988,2024-05-13,3,5298.0,entrada,12110
6989,2024-05-13,2,5301.0,entrada,3345
6990,2024-05-13,4,5300.0,entrada,10387
6991,2024-05-13,4,5295.0,entrada,6675
6992,2024-05-13,4,5305.0,entrada,13559
6993,2024-05-14,1,,salida,2344
6994,2024-05-14,4,,salida,12984
6995,2024-05-14,3,,salida,1742
6996,2024-05-14,1,5312.0,entrada,8206
6997,2024-05-14,1,5309.0,entrada,6457
6998,2024-05-14,2,5320.0,entrada,3492
6999,2024-05-14,1,5319.0,entrada,5487
7000,2024-05-14,1,5318.0,entrada,10911
7001,2024-05-14,4,5317.0,entrada,3173
7002,2024-05-14,2,5316.0,entrada,10151
7003,2024-05-14,3,5315.0,entrada,10359
7004,2024-05-14,4,5314.0,entrada,13910
7005,2024-05-14,3,5321.0,entrada,15093
7006,2024-05-14,3,5308.0,entrada,7118
7007,2024-05-14,1,5227.0,merma,435
7008,2024-05-14,1,5313.0,entrada,8655
7009,2024-05-14,1,5310.0,entrada,4131
7010,2024-05-14,1,5306.0,entrada,6726
7011,2024-05-14,4,5307.0,entrada,11282
7012,2024-05-14,2,5311.0,entrada,5309
7013,2024-05-15,4,5333.0,entrada,11982
7014,2024-05-15,2,5331.0,entrada,5509
7015,2024-05-15,2,5181.0,merma,610
7016,2024-05-15,3,5328.0,entrada,7367
7017,2024-05-15,1,5327.0,entrada,6736
7018,2024-05-15,1,5329.0,entrada,9680
7019,2024-05-15,4,5326.0,entrada,4157
7020,2024-05-15,1,5325.0,entrada,9997
7021,2024-05-15,1,5330.0,entrada,15027
7022,2024-05-15,2,5324.0,entrada,6997
7023,2024-05-15,1,5332.0,entrada,11733
7024,2024-05-15,2,5322.0,entrada,7003
7025,2024-05-15,3,5338.0,entrada,15003
7026,2024-05-15,4,5336.0,entrada,4138
7027,2024-05-15,3,5335.0,entrada,10694
7028,2024-05-15,2,,salida,27112
7029,2024-05-15,2,5337.0,entrada,3959
7030,2024-05-15,4,5334.0,entrada,2887
7031,2024-05-15,4,,salida,8349
7032,2024-05-15,4,,salida,3786
7033,2024-05-15,3,,salida,27054
7034,2024-05-15,4,5323.0,entrada,9022
7035,2024-05-16,1,5343.0,entrada,10013
7036,2024-05-16,4,5339.0,entrada,7160
7037,2024-05-16,2,5340.0,entrada,9657
7038,2024-05-16,1,5198.0,merma,1237
7039,2024-05-16,4,5341.0,entrada,9257
7040,2024-05-16,2,,salida,1260
7041,2024-05-16,4,5342.0,entrada,7115
7042,2024-05-16,4,5344.0,entrada,4285
7043,2024-05-16,4,5351.0,entrada,4002
7044,2024-05-16,1,,salida,4396
7045,2024-05-16,4,5345.0,entrada,5287
7046,2024-05-16,1,5355.0,entrada,14019
7047,2024-05-16,1,5354.0,entrada,4274
7048,2024-05-16,2,5346.0,entrada,8958
7049,2024-05-16,2,5347.0,entrada,13546
7050,2024-05-16,3,5353.0,entrada,5146
7051,2024-05-16,3,5352.0,entrada,9349
7052,2024-05-16,1,5348.0,entrada,4486
7053,2024-05-16,1,5350.0,entrada,13037
7054,2024-05-16,4,5349.0,entrada,11893
7055,2024-05-17,2,5358.0,entrada,9687
7056,2024-05-17,1,5363.0,entrada,8963
7057,2024-05-17,3,5362.0,entrada,6644
7058,2024-05-17,1,5360.0,entrada,9874
7059,2024-05-17,2,5359.0,entrada,6918
7060,2024-05-17,1,5356.0,entrada,6567
7061,2024-05-17,2,5357.0,entrada,10526
7062,2024-05-17,4,5361.0,entrada,4575
7063,2024-05-17,1,5367.0,entrada,4384
7064,2024-05-17,4,,salida,4144
7065,2024-05-17,3,,salida,30044
7066,2024-05-17,4,5369.0,entrada,13583
7067,2024-05-17,2,5368.0,entrada,3745
7068,2024-05-17,2,,salida,22517
7069,2024-05-17,2,5365.0,entrada,4668
7070,2024-05-17,2,,salida,40744
7071,2024-05-17,1,,salida,59179
7072,2024-05-17,1,5366.0,entrada,11928
7073,2024-05-17,2,5364.0,entrada,8971
7074,2024-05-18,3,,salida,8667
7075,2024-05-18,1,5381.0,entrada,3701
7076,2024-05-18,4,5385.0,entrada,16024
7077,2024-05-18,4,5384.0,entrada,3715
7078,2024-05-18,2,5383.0,entrada,4513
7079,2024-05-18,4,5382.0,entrada,10334
7080,2024-05-18,3,5316.0,merma,1002
7081,2024-05-18,3,5378.0,entrada,14673
7082,2024-05-18,2,5232.0,merma,486
7083,2024-05-18,2,5370.0,entrada,6907
7084,2024-05-18,2,5371.0,entrada,9977
7085,2024-05-18,1,5372.0,entrada,8288
7086,2024-05-18,3,5379.0,entrada,10868
7087,2024-05-18,2,5380.0,entrada,11993
7088,2024-05-18,2,5374.0,entrada,9769
7089,2024-05-18,2,5375.0,entrada,4319
7090,2024-05-18,3,5376.0,entrada,6017
7091,2024-05-18,1,5377.0,entrada,8854
7092,2024-05-18,4,5373.0,entrada,5760
7093,2024-05-19,2,,salida,3680
7094,2024-05-19,3,,salida,45630
7095,2024-05-19,1,,salida,2147
7096,2024-05-19,2,,salida,14185
7097,2024-05-19,3,,salida,6426
7098,2024-05-19,2,,salida,58877
7099,2024-05-19,1,5292.0,merma,669
7100,2024-05-19,4,5401.0,entrada,15816
7101,2024-05-19,1,5400.0,entrada,3941
7102,2024-05-19,3,5399.0,entrada,4103
7103,2024-05-19,4,5398.0,entrada,9513
7104,2024-05-19,3,5396.0,entrada,12205
7105,2024-05-19,4,5395.0,entrada,9932
7106,2024-05-19,1,5394.0,entrada,4770
7107,2024-05-19,2,5393.0,entrada,15603
7108,2024-05-19,4,5397.0,entrada,3192
7109,2024-05-19,4,5391.0,entrada,6547
7110,2024-05-19,2,5390.0,entrada,4708
7111,2024-05-19,4,5389.0,entrada,7003
7112,2024-05-19,1,5388.0,entrada,9082
7113,2024-05-19,3,5387.0,entrada,10208
7114,2024-05-19,1,5386.0,entrada,6792
7115,2024-05-19,3,5263.0,merma,961
7116,2024-05-19,2,5392.0,entrada,7909
7117,2024-05-20,3,5410.0,entrada,8788
7118,2024-05-20,2,5411.0,entrada,13038
7119,2024-05-20,4,,salida,9997
7120,2024-05-20,1,5412.0,entrada,6431
7121,2024-05-20,3,5416.0,entrada,11325
7122,2024-05-20,1,5414.0,entrada,12972
7123,2024-05-20,2,5415.0,entrada,3811
7124,2024-05-20,1,,salida,18749
7125,2024-05-20,2,5413.0,entrada,10380
7126,2024-05-20,3,5409.0,entrada,7857
7127,2024-05-20,4,5404.0,entrada,8352
7128,2024-05-20,2,,salida,121747
7129,2024-05-20,4,,salida,17149
7130,2024-05-20,3,,salida,5002
7131,2024-05-20,3,,salida,10205
7132,2024-05-20,1,5407.0,entrada,4137
7133,2024-05-20,2,5406.0,entrada,8984
7134,2024-05-20,3,5405.0,entrada,8138
7135,2024-05-20,4,5418.0,entrada,13976
7136,2024-05-20,2,5403.0,entrada,11209
7137,2024-05-20,4,5402.0,entrada,6838
7138,2024-05-20,2,5408.0,entrada,5538
7139,2024-05-20,4,5417.0,entrada,4674
7140,2024-05-21,3,5431.0,entrada,3698
7141,2024-05-21,3,,salida,4888
7142,2024-05-21,1,5426.0,entrada,5272
7143,2024-05-21,4,5425.0,entrada,13223
7144,2024-05-21,3,5424.0,entrada,7859
7145,2024-05-21,2,5423.0,entrada,6780
7146,2024-05-21,3,5422.0,entrada,3992
7147,2024-05-21,1,5421.0,entrada,11252
7148,2024-05-21,1,5420.0,entrada,6715
7149,2024-05-21,1,5419.0,entrada,12135
7150,2024-05-21,4,5291.0,merma,675
7151,2024-05-21,4,5429.0,entrada,8245
7152,2024-05-21,4,5430.0,entrada,5480
7153,2024-05-21,1,5432.0,entrada,14496
7154,2024-05-21,2,5427.0,entrada,10852
7155,2024-05-21,4,5380.0,merma,1203
7156,2024-05-21,4,5428.0,entrada,12515
7157,2024-05-21,3,,salida,28333
7158,2024-05-21,4,,salida,1445
7159,2024-05-22,3,5438.0,entrada,3842
7160,2024-05-22,2,5449.0,entrada,16848
7161,2024-05-22,1,5448.0,entrada,3979
7162,2024-05-22,4,5447.0,entrada,4993
7163,2024-05-22,4,5446.0,entrada,9570
7164,2024-05-22,3,5444.0,entrada,10410
7165,2024-05-22,1,5443.0,entrada,5031
7166,2024-05-22,4,5442.0,entrada,14316
7167,2024-05-22,3,5441.0,entrada,8919
7168,2024-05-22,4,5440.0,entrada,8384
7169,2024-05-22,1,5439.0,entrada,5472
7170,2024-05-22,4,5433.0,entrada,6798
7171,2024-05-22,1,5434.0,entrada,11043
7172,2024-05-22,3,5435.0,entrada,8374
7173,2024-05-22,3,5437.0,entrada,9663
7174,2024-05-22,4,5436.0,entrada,6511
7175,2024-05-22,1,5445.0,entrada,11812
7176,2024-05-22,1,5333.0,merma,594
7177,2024-05-22,1,5342.0,merma,590
7178,2024-05-22,1,5378.0,merma,1723
7179,2024-05-22,1,,salida,17844
7180,2024-05-22,4,,salida,11863
7181,2024-05-23,1,5330.0,merma,1615
7182,2024-05-23,4,5452.0,entrada,8726
7183,2024-05-23,3,5453.0,entrada,7121
7184,2024-05-23,1,5454.0,entrada,10795
7185,2024-05-23,1,5455.0,entrada,3690
7186,2024-05-23,1,5456.0,entrada,5867
7187,2024-05-23,2,5457.0,entrada,7608
7188,2024-05-23,2,5458.0,entrada,15533
7189,2024-05-23,4,5459.0,entrada,4854
7190,2024-05-23,1,5460.0,entrada,12236
7191,2024-05-23,3,5461.0,entrada,9790
7192,2024-05-23,4,5462.0,entrada,3500
7193,2024-05-23,4,5451.0,entrada,9681
7194,2024-05-23,3,5450.0,entrada,7055
7195,2024-05-23,3,5463.0,entrada,14334
7196,2024-05-23,1,,salida,5676
7197,2024-05-23,4,,salida,8114
7198,2024-05-23,1,,salida,22726
7199,2024-05-23,2,,salida,20213
7200,2024-05-23,2,,salida,51273
7201,2024-05-23,1,5359.0,merma,644
7202,2024-05-24,1,5471.0,entrada,8724
7203,2024-05-24,4,5472.0,entrada,13177
7204,2024-05-24,4,5474.0,entrada,11160
7205,2024-05-24,3,5476.0,entrada,3249
7206,2024-05-24,3,5470.0,entrada,7544
7207,2024-05-24,3,5477.0,entrada,7884
7208,2024-05-24,4,5478.0,entrada,5287
7209,2024-05-24,4,5479.0,entrada,3328
7210,2024-05-24,2,5480.0,entrada,15627
7211,2024-05-24,2,5475.0,entrada,10602
7212,2024-05-24,1,5469.0,entrada,5704
7213,2024-05-24,4,5473.0,entrada,4869
7214,2024-05-24,2,5467.0,entrada,7087
7215,2024-05-24,4,5466.0,entrada,8301
7216,2024-05-24,2,5465.0,entrada,11086
7217,2024-05-24,4,5464.0,entrada,7573
7218,2024-05-24,4,,salida,66760
7219,2024-05-24,3,5393.0,merma,1204
7220,2024-05-24,4,5468.0,entrada,4302
7221,2024-05-25,1,5493.0,entrada,5371
7222,2024-05-25,3,5492.0,entrada,9066
7223,2024-05-25,2,5491.0,entrada,12120
7224,2024-05-25,1,5490.0,entrada,5075
7225,2024-05-25,2,5489.0,entrada,12283
7226,2024-05-25,1,5488.0,entrada,9403
7227,2024-05-25,2,5487.0,entrada,8046
7228,2024-05-25,3,5486.0,entrada,5329
7229,2024-05-25,4,5485.0,entrada,4380
7230,2024-05-25,1,5482.0,entrada,11730
7231,2024-05-25,3,5483.0,entrada,9490
7232,2024-05-25,1,5481.0,entrada,7306
7233,2024-05-25,3,5494.0,entrada,3635
7234,2024-05-25,2,5406.0,merma,428
7235,2024-05-25,4,,salida,2135
7236,2024-05-25,3,,salida,118303
7237,2024-05-25,1,,salida,45728
7238,2024-05-25,2,5484.0,entrada,7574
7239,2024-05-25,3,5495.0,entrada,15182
7240,2024-05-26,3,5437.0,merma,1042
7241,2024-05-26,1,5496.0,entrada,10183
7242,2024-05-26,1,5497.0,entrada,9639
7243,2024-05-26,1,,salida,2039
7244,2024-05-26,2,,salida,6539
7245,2024-05-26,2,,salida,51218
7246,2024-05-26,4,,salida,83355
7247,2024-05-26,1,5507.0,entrada,3672
7248,2024-05-26,1,5506.0,entrada,4930
7249,2024-05-26,3,5505.0,entrada,3379
7250,2024-05-26,3,5508.0,entrada,16040
7251,2024-05-26,4,5503.0,entrada,10042
7252,2024-05-26,3,5502.0,entrada,5108
7253,2024-05-26,3,5501.0,entrada,14444
7254,2024-05-26,4,5500.0,entrada,6246
7255,2024-05-26,4,5499.0,entrada,4261
7256,2024-05-26,4,5498.0,entrada,10755
7257,2024-05-26,3,5504.0,entrada,10493
7258,2024-05-27,2,,salida,24303
7259,2024-05-27,4,,salida,57066
7260,2024-05-27,4,,salida,18931
7261,2024-05-27,1,,salida,3637
7262,2024-05-27,4,,salida,19638
7263,2024-05-27,1,5374.0,merma,822
7264,2024-05-27,1,,salida,2073
7265,2024-05-27,2,5522.0,entrada,14360
7266,2024-05-27,2,5518.0,entrada,10057
7267,2024-05-27,2,5520.0,entrada,5685
7268,2024-05-27,4,5509.0,entrada,10590
7269,2024-05-27,2,5510.0,entrada,8851
7270,2024-05-27,4,5511.0,entrada,7319
7271,2024-05-27,2,5512.0,entrada,4934
7272,2024-05-27,1,5521.0,entrada,3422
7273,2024-05-27,1,5514.0,entrada,7970
7274,2024-05-27,4,5513.0,entrada,7095
7275,2024-05-27,3,5515.0,entrada,9269
7276,2024-05-27,3,5516.0,entrada,14628
7277,2024-05-27,1,5517.0,entrada,4878
7278,2024-05-27,2,,salida,10129
7279,2024-05-27,2,5519.0,entrada,3563
7280,2024-05-27,1,,salida,47573
7281,2024-05-28,1,,salida,2139
7282,2024-05-28,2,,salida,40188
7283,2024-05-28,4,,salida,18935
7284,2024-05-28,2,,salida,143858
7285,2024-05-28,4,5536.0,entrada,15527
7286,2024-05-28,1,5526.0,entrada,4929
7287,2024-05-28,3,5535.0,entrada,11490
7288,2024-05-28,3,5533.0,entrada,8597
7289,2024-05-28,2,5532.0,entrada,9370
7290,2024-05-28,2,5531.0,entrada,4952
7291,2024-05-28,1,5530.0,entrada,13756
7292,2024-05-28,2,5529.0,entrada,9825
7293,2024-05-28,4,5528.0,entrada,8639
7294,2024-05-28,3,5527.0,entrada,7522
7295,2024-05-28,4,5525.0,entrada,9394
7296,2024-05-28,2,5534.0,entrada,3314
7297,2024-05-28,1,5523.0,entrada,7258
7298,2024-05-28,4,5524.0,entrada,9048
7299,2024-05-29,3,5415.0,merma,455
7300,2024-05-29,4,,salida,7669
7301,2024-05-29,2,5545.0,entrada,13135
7302,2024-05-29,2,5544.0,entrada,9519
7303,2024-05-29,2,5543.0,entrada,8381
7304,2024-05-29,2,5542.0,entrada,6247
7305,2024-05-29,1,5541.0,entrada,4368
7306,2024-05-29,2,5540.0,entrada,10410
7307,2024-05-29,2,5547.0,entrada,9867
7308,2024-05-29,2,5548.0,entrada,11777
7309,2024-05-29,1,5539.0,entrada,6835
7310,2024-05-29,4,,salida,3532
7311,2024-05-29,2,5538.0,entrada,10033
7312,2024-05-29,3,5552.0,entrada,3549
7313,2024-05-29,2,5549.0,entrada,3212
7314,2024-05-29,2,5550.0,entrada,11468
7315,2024-05-29,1,,salida,12006
7316,2024-05-29,2,5553.0,entrada,15624
7317,2024-05-29,3,,salida,2645
7318,2024-05-29,3,,salida,326171
7319,2024-05-29,2,5546.0,entrada,5607
7320,2024-05-29,3,,salida,30439
7321,2024-05-29,1,5551.0,entrada,5156
7322,2024-05-29,3,,salida,4250
7323,2024-05-29,1,5537.0,entrada,6885
7324,2024-05-30,4,5559.0,entrada,3844
7325,2024-05-30,4,5558.0,entrada,9240
7326,2024-05-30,2,5555.0,entrada,11260
7327,2024-05-30,1,5560.0,entrada,6753
7328,2024-05-30,3,5554.0,entrada,7974
7329,2024-05-30,2,5556.0,entrada,8804
7330,2024-05-30,3,5561.0,entrada,8136
7331,2024-05-30,4,5565.0,entrada,12252
7332,2024-05-30,1,5563.0,entrada,14843
7333,2024-05-30,1,5564.0,entrada,5624
7334,2024-05-30,3,5566.0,entrada,10823
7335,2024-05-30,1,5567.0,entrada,3235
7336,2024-05-30,2,5568.0,entrada,10560
7337,2024-05-30,3,5569.0,entrada,4575
7338,2024-05-30,4,5571.0,entrada,15700
7339,2024-05-30,3,5570.0,entrada,3349
7340,2024-05-30,4,5562.0,entrada,8885
7341,2024-05-30,1,5557.0,entrada,7101
7342,2024-05-30,3,5430.0,merma,437
7343,2024-05-30,4,,salida,25551
7344,2024-05-30,1,,salida,41192
7345,2024-05-30,3,,salida,3354
7346,2024-05-30,1,,salida,93437
7347,2024-05-31,1,5585.0,entrada,3948
7348,2024-05-31,4,,salida,7919
7349,2024-05-31,2,5584.0,entrada,12425
7350,2024-05-31,2,5583.0,entrada,9919
7351,2024-05-31,3,5582.0,entrada,5165
7352,2024-05-31,3,,salida,17808
7353,2024-05-31,4,5578.0,entrada,6314
7354,2024-05-31,4,5586.0,entrada,10462
7355,2024-05-31,4,5572.0,entrada,6346
7356,2024-05-31,2,5573.0,entrada,10601
7357,2024-05-31,1,5574.0,entrada,8984
7358,2024-05-31,4,5575.0,entrada,7483
7359,2024-05-31,4,5576.0,entrada,10000
7360,2024-05-31,3,5577.0,entrada,4285
7361,2024-05-31,4,5581.0,entrada,14330
7362,2024-05-31,3,5587.0,entrada,5134
7363,2024-05-31,1,5588.0,entrada,3662
7364,2024-05-31,1,5589.0,entrada,15514
7365,2024-05-31,2,5488.0,merma,740
7366,2024-05-31,1,5482.0,merma,1302
7367,2024-05-31,4,5580.0,entrada,8763
7368,2024-05-31,4,5579.0,entrada,8450
7369,2024-06-01,2,5594.0,entrada,11046
7370,2024-06-01,2,5595.0,entrada,4273
7371,2024-06-01,2,5596.0,entrada,6446
7372,2024-06-01,2,5597.0,entrada,7667
7373,2024-06-01,4,5599.0,entrada,12904
7374,2024-06-01,3,5592.0,entrada,10911
7375,2024-06-01,3,5601.0,entrada,11767
7376,2024-06-01,3,5591.0,entrada,11064
7377,2024-06-01,2,5590.0,entrada,6329
7378,2024-06-01,1,5602.0,entrada,3454
7379,2024-06-01,3,5603.0,entrada,10260
7380,2024-06-01,1,5604.0,entrada,4974
7381,2024-06-01,2,5605.0,entrada,3958
7382,2024-06-01,1,5606.0,entrada,15841
7383,2024-06-01,3,5593.0,entrada,7396
7384,2024-06-01,4,5600.0,entrada,9579
7385,2024-06-01,2,5598.0,entrada,9328
7386,2024-06-01,3,,salida,39345
7387,2024-06-01,4,,salida,220339
7388,2024-06-01,2,5513.0,merma,235
7389,2024-06-01,4,,salida,8416
7390,2024-06-01,2,5539.0,merma,654
7391,2024-06-02,3,5532.0,merma,667
7392,2024-06-02,3,5607.0,entrada,6460
7393,2024-06-02,2,5618.0,entrada,2855
7394,2024-06-02,3,5608.0,entrada,9945
7395,2024-06-02,4,5610.0,entrada,6282
7396,2024-06-02,3,5502.0,merma,480
7397,2024-06-02,2,5611.0,entrada,10856
7398,2024-06-02,2,5612.0,entrada,6029
7399,2024-06-02,3,5613.0,entrada,8398
7400,2024-06-02,4,5614.0,entrada,13803
7401,2024-06-02,1,5615.0,entrada,5281
7402,2024-06-02,1,5609.0,entrada,8218
7403,2024-06-02,2,5616.0,entrada,10861
7404,2024-06-02,4,5617.0,entrada,12437
7405,2024-06-02,4,5620.0,entrada,5092
7406,2024-06-02,3,5621.0,entrada,3695
7407,2024-06-02,2,5622.0,entrada,18119
7408,2024-06-02,4,5619.0,entrada,8038
7409,2024-06-03,1,5635.0,entrada,3252
7410,2024-06-03,1,5623.0,entrada,5632
7411,2024-06-03,3,5624.0,entrada,10330
7412,2024-06-03,2,5568.0,merma,965
7413,2024-06-03,1,5626.0,entrada,7368
7414,2024-06-03,3,5627.0,entrada,10218
7415,2024-06-03,4,5629.0,entrada,6296
7416,2024-06-03,2,5630.0,entrada,10118
7417,2024-06-03,2,5631.0,entrada,12262
7418,2024-06-03,1,5632.0,entrada,5693
7419,2024-06-03,2,5633.0,entrada,10496
7420,2024-06-03,2,5637.0,entrada,18575
7421,2024-06-03,1,5636.0,entrada,4621
7422,2024-06-03,4,5628.0,entrada,4237
7423,2024-06-03,4,5634.0,entrada,10422
7424,2024-06-03,3,5625.0,entrada,10077
7425,2024-06-03,2,,salida,3916
7426,2024-06-03,4,,salida,163816
7427,2024-06-03,4,,salida,127
7428,2024-06-03,3,5491.0,merma,708
7429,2024-06-03,3,5587.0,merma,263
7430,2024-06-04,4,5638.0,entrada,6500
7431,2024-06-04,3,5644.0,entrada,6466
7432,2024-06-04,2,5643.0,entrada,4253
7433,2024-06-04,4,5642.0,entrada,9410
7434,2024-06-04,4,5641.0,entrada,6878
7435,2024-06-04,4,5640.0,entrada,9739
7436,2024-06-04,1,5639.0,entrada,11324
7437,2024-06-04,4,5647.0,entrada,14503
7438,2024-06-04,2,5648.0,entrada,10424
7439,2024-06-04,4,5649.0,entrada,12359
7440,2024-06-04,2,5651.0,entrada,10288
7441,2024-06-04,3,5645.0,entrada,7327
7442,2024-06-04,3,5652.0,entrada,4939
7443,2024-06-04,4,5653.0,entrada,3433
7444,2024-06-04,4,,salida,30711
7445,2024-06-04,3,,salida,9084
7446,2024-06-04,2,,salida,22482
7447,2024-06-04,3,,salida,13129
7448,2024-06-04,4,5654.0,entrada,14628
7449,2024-06-04,1,,salida,3529
7450,2024-06-04,4,5650.0,entrada,3419
7451,2024-06-04,1,5646.0,entrada,9967
7452,2024-06-05,3,5661.0,entrada,8991
7453,2024-06-05,1,5660.0,entrada,4349
7454,2024-06-05,3,5670.0,entrada,12557
7455,2024-06-05,4,5669.0,entrada,4129
7456,2024-06-05,2,5668.0,entrada,4570
7457,2024-06-05,1,5667.0,entrada,10709
7458,2024-06-05,4,5666.0,entrada,13333
7459,2024-06-05,2,5665.0,entrada,11784
7460,2024-06-05,1,5664.0,entrada,5360
7461,2024-06-05,1,5663.0,entrada,13461
7462,2024-06-05,4,5662.0,entrada,8706
7463,2024-06-05,1,5659.0,entrada,10733
7464,2024-06-05,4,5557.0,merma,587
7465,2024-06-05,1,5657.0,entrada,9223
7466,2024-06-05,2,5656.0,entrada,10386
7467,2024-06-05,3,5655.0,entrada,6373
7468,2024-06-05,3,5658.0,entrada,6954
7469,2024-06-05,3,,salida,19
7470,2024-06-05,4,,salida,20967
7471,2024-06-06,2,5684.0,entrada,16150
7472,2024-06-06,1,5683.0,entrada,3856
7473,2024-06-06,4,5682.0,entrada,4049
7474,2024-06-06,4,5681.0,entrada,10443
7475,2024-06-06,3,5680.0,entrada,11055
7476,2024-06-06,1,5679.0,entrada,13270
7477,2024-06-06,3,5678.0,entrada,9026
7478,2024-06-06,1,5677.0,entrada,7741
7479,2024-06-06,1,5676.0,entrada,4260
7480,2024-06-06,4,5675.0,entrada,10222
7481,2024-06-06,1,5674.0,entrada,6954
7482,2024-06-06,3,5673.0,entrada,10289
7483,2024-06-06,2,5672.0,entrada,12184
7484,2024-06-06,3,5671.0,entrada,6867
7485,2024-06-06,2,,salida,29694
7486,2024-06-06,4,,salida,40719
7487,2024-06-06,3,,salida,150154
7488,2024-06-06,1,,salida,19319
7489,2024-06-06,2,5584.0,merma,1343
7490,2024-06-07,4,5697.0,entrada,5279
7491,2024-06-07,1,5698.0,entrada,3999
7492,2024-06-07,1,5696.0,entrada,9477
7493,2024-06-07,4,5695.0,entrada,3143
7494,2024-06-07,1,5694.0,entrada,12132
7495,2024-06-07,2,5693.0,entrada,10141
7496,2024-06-07,1,5692.0,entrada,5085
7497,2024-06-07,3,5686.0,entrada,9289
7498,2024-06-07,2,5690.0,entrada,8388
7499,2024-06-07,3,5689.0,entrada,6170
7500,2024-06-07,3,5688.0,entrada,4563
7501,2024-06-07,1,5687.0,entrada,6831
7502,2024-06-07,3,5685.0,entrada,6971
7503,2024-06-07,2,,salida,42795
7504,2024-06-07,4,,salida,357547
7505,2024-06-07,2,5691.0,entrada,9589
7506,2024-06-08,3,5712.0,entrada,4301
7507,2024-06-08,2,5711.0,entrada,4049
7508,2024-06-08,3,5710.0,entrada,11566
7509,2024-06-08,4,5709.0,entrada,10230
7510,2024-06-08,4,5708.0,entrada,5317
7511,2024-06-08,1,5707.0,entrada,13793
7512,2024-06-08,3,5713.0,entrada,3798
7513,2024-06-08,2,5705.0,entrada,9104
7514,2024-06-08,1,5704.0,entrada,6609
7515,2024-06-08,1,5702.0,entrada,10845
7516,2024-06-08,4,5701.0,entrada,7573
7517,2024-06-08,2,5700.0,entrada,9301
7518,2024-06-08,3,5699.0,entrada,7803
7519,2024-06-08,2,5706.0,entrada,9878
7520,2024-06-08,1,5714.0,entrada,16725
7521,2024-06-08,2,5703.0,entrada,4617
7522,2024-06-08,4,5555.0,merma,491
7523,2024-06-09,4,,salida,647
7524,2024-06-09,2,5717.0,entrada,8982
7525,2024-06-09,1,5718.0,entrada,6868
7526,2024-06-09,1,5719.0,entrada,10186
7527,2024-06-09,2,5720.0,entrada,4161
7528,2024-06-09,2,5721.0,entrada,5670
7529,2024-06-09,4,5722.0,entrada,8945
7530,2024-06-09,1,5716.0,entrada,11504
7531,2024-06-09,1,5723.0,entrada,9784
7532,2024-06-09,1,5725.0,entrada,4787
7533,2024-06-09,4,5726.0,entrada,10164
7534,2024-06-09,1,5727.0,entrada,10932
7535,2024-06-09,4,5728.0,entrada,3385
7536,2024-06-09,3,5729.0,entrada,11416
7537,2024-06-09,4,5730.0,entrada,4931
7538,2024-06-09,3,5731.0,entrada,3934
7539,2024-06-09,1,5724.0,entrada,14733
7540,2024-06-09,1,5715.0,entrada,7301
7541,2024-06-09,1,,salida,4159
7542,2024-06-09,3,5625.0,merma,396
7543,2024-06-09,3,,salida,31832
7544,2024-06-09,3,,salida,47558
7545,2024-06-10,3,5737.0,entrada,14399
7546,2024-06-10,4,5745.0,entrada,15488
7547,2024-06-10,2,5744.0,entrada,3432
7548,2024-06-10,3,5743.0,entrada,5019
7549,2024-06-10,3,5742.0,entrada,10972
7550,2024-06-10,3,5741.0,entrada,3731
7551,2024-06-10,3,5740.0,entrada,12106
7552,2024-06-10,4,5739.0,entrada,11331
7553,2024-06-10,1,5738.0,entrada,5181
7554,2024-06-10,3,5736.0,entrada,8351
7555,2024-06-10,2,5735.0,entrada,6173
7556,2024-06-10,4,5734.0,entrada,11188
7557,2024-06-10,3,5733.0,entrada,6295
7558,2024-06-10,1,5732.0,entrada,9490
7559,2024-06-10,2,,salida,2037
7560,2024-06-10,1,5631.0,merma,1126
7561,2024-06-10,1,,salida,382
7562,2024-06-10,3,,salida,8385
7563,2024-06-10,4,,salida,27801
7564,2024-06-11,3,5753.0,entrada,8187
7565,2024-06-11,2,5754.0,entrada,13577
7566,2024-06-11,4,5762.0,entrada,16808
7567,2024-06-11,3,5761.0,entrada,3545
7568,2024-06-11,4,5760.0,entrada,5017
7569,2024-06-11,1,5759.0,entrada,11014
7570,2024-06-11,4,5755.0,entrada,5602
7571,2024-06-11,4,5758.0,entrada,3079
7572,2024-06-11,1,5757.0,entrada,10036
7573,2024-06-11,1,5756.0,entrada,10329
7574,2024-06-11,4,5752.0,entrada,8086
7575,2024-06-11,2,5751.0,entrada,7147
7576,2024-06-11,1,5747.0,entrada,9197
7577,2024-06-11,4,5749.0,entrada,9312
7578,2024-06-11,2,5748.0,entrada,9811
7579,2024-06-11,1,5746.0,entrada,6297
7580,2024-06-11,3,5750.0,entrada,4136
7581,2024-06-11,2,,salida,34256
7582,2024-06-11,1,,salida,268
7583,2024-06-11,3,5697.0,merma,405
7584,2024-06-11,1,,salida,63517
7585,2024-06-12,3,5771.0,entrada,14589
7586,2024-06-12,3,5772.0,entrada,4824
7587,2024-06-12,1,5774.0,entrada,11030
7588,2024-06-12,2,5770.0,entrada,8373
7589,2024-06-12,3,5775.0,entrada,2742
7590,2024-06-12,3,5776.0,entrada,9749
7591,2024-06-12,4,5777.0,entrada,4778
7592,2024-06-12,1,5773.0,entrada,9071
7593,2024-06-12,4,5769.0,entrada,8959
7594,2024-06-12,4,5765.0,entrada,8569
7595,2024-06-12,1,5767.0,entrada,3907
7596,2024-06-12,2,5766.0,entrada,7612
7597,2024-06-12,3,5763.0,entrada,7052
7598,2024-06-12,1,,salida,120606
7599,2024-06-12,2,,salida,26059
7600,2024-06-12,1,,salida,33443
7601,2024-06-12,3,5778.0,entrada,16981
7602,2024-06-12,4,5727.0,merma,563
7603,2024-06-12,3,5768.0,entrada,6776
7604,2024-06-12,1,5704.0,merma,675
7605,2024-06-12,2,5764.0,entrada,9398
7606,2024-06-13,2,5787.0,entrada,14190
7607,2024-06-13,4,5788.0,entrada,4714
7608,2024-06-13,1,5791.0,entrada,3011
7609,2024-06-13,4,5786.0,entrada,9298
7610,2024-06-13,4,5785.0,entrada,8778
7611,2024-06-13,1,5784.0,entrada,6868
7612,2024-06-13,2,5783.0,entrada,4625
7613,2024-06-13,4,5782.0,entrada,7594
7614,2024-06-13,1,5781.0,entrada,8068
7615,2024-06-13,3,5780.0,entrada,11786
7616,2024-06-13,4,5779.0,entrada,6068
7617,2024-06-13,1,5792.0,entrada,11084
7618,2024-06-13,3,5793.0,entrada,4150
7619,2024-06-13,1,5794.0,entrada,13706
7620,2024-06-13,2,5645.0,merma,678
7621,2024-06-13,3,5789.0,entrada,10549
7622,2024-06-13,2,5790.0,entrada,9794
7623,2024-06-13,4,,salida,22571
7624,2024-06-13,1,,salida,58375
7625,2024-06-13,1,,salida,3712
7626,2024-06-13,3,,salida,7908
7627,2024-06-13,3,,salida,45625
7628,2024-06-14,3,5797.0,entrada,8874
7629,2024-06-14,4,,salida,3265
7630,2024-06-14,3,,salida,11885
7631,2024-06-14,4,5795.0,entrada,7779
7632,2024-06-14,3,5715.0,merma,853
7633,2024-06-14,4,5796.0,entrada,10232
7634,2024-06-14,3,,salida,49748
7635,2024-06-14,2,5693.0,merma,658
7636,2024-06-14,1,5798.0,entrada,7248
7637,2024-06-14,2,5803.0,entrada,5102
7638,2024-06-14,1,5799.0,entrada,4195
7639,2024-06-14,3,5800.0,entrada,6211
7640,2024-06-14,2,5801.0,entrada,9349
7641,2024-06-14,1,5802.0,entrada,13280
7642,2024-06-14,1,5804.0,entrada,9288
7643,2024-06-14,1,5805.0,entrada,10769
7644,2024-06-14,4,5808.0,entrada,14409
7645,2024-06-14,1,5807.0,entrada,5073
7646,2024-06-14,1,5806.0,entrada,2511
7647,2024-06-15,1,5811.0,entrada,8826
7648,2024-06-15,2,5810.0,entrada,12896
7649,2024-06-15,2,5809.0,entrada,7425
7650,2024-06-15,3,5821.0,entrada,15286
7651,2024-06-15,1,5819.0,entrada,10624
7652,2024-06-15,4,5814.0,entrada,8300
7653,2024-06-15,2,5817.0,entrada,12440
7654,2024-06-15,3,5816.0,entrada,4971
7655,2024-06-15,3,5815.0,entrada,13612
7656,2024-06-15,2,5813.0,entrada,7798
7657,2024-06-15,4,5820.0,entrada,3764
7658,2024-06-15,1,5812.0,entrada,4603
7659,2024-06-15,1,5818.0,entrada,11997
7660,2024-06-15,2,,salida,12186
7661,2024-06-15,3,,salida,23205
7662,2024-06-15,4,,salida,49157
7663,2024-06-15,1,5718.0,merma,710
7664,2024-06-15,1,,salida,13836
7665,2024-06-15,1,,salida,13796
7666,2024-06-15,1,5687.0,merma,548
7667,2024-06-15,4,,salida,78770
7668,2024-06-16,4,5822.0,entrada,6530
7669,2024-06-16,3,5823.0,entrada,10222
7670,2024-06-16,2,5824.0,entrada,8974
7671,2024-06-16,3,5825.0,entrada,8289
7672,2024-06-16,3,,salida,7375
7673,2024-06-16,2,,salida,50426
7674,2024-06-16,4,5828.0,entrada,6696
7675,2024-06-16,2,5829.0,entrada,6947
7676,2024-06-16,3,5830.0,entrada,9132
7677,2024-06-16,3,5831.0,entrada,13586
7678,2024-06-16,4,5832.0,entrada,5326
7679,2024-06-16,3,5833.0,entrada,9772
7680,2024-06-16,1,5834.0,entrada,11872
7681,2024-06-16,1,5835.0,entrada,10504
7682,2024-06-16,4,5826.0,entrada,9407
7683,2024-06-16,4,5827.0,entrada,3625
7684,2024-06-16,3,5837.0,entrada,3563
7685,2024-06-16,1,5836.0,entrada,5567
7686,2024-06-16,2,5753.0,merma,468
7687,2024-06-16,1,,salida,60021
7688,2024-06-16,1,5709.0,merma,998
7689,2024-06-16,3,5703.0,merma,247
7690,2024-06-17,2,5841.0,entrada,7060
7691,2024-06-17,1,5842.0,entrada,12456
7692,2024-06-17,1,5843.0,entrada,4988
7693,2024-06-17,4,5844.0,entrada,6973
7694,2024-06-17,3,5845.0,entrada,8431
7695,2024-06-17,3,5846.0,entrada,9560
7696,2024-06-17,2,5847.0,entrada,14305
7697,2024-06-17,1,5848.0,entrada,4879
7698,2024-06-17,2,5849.0,entrada,10453
7699,2024-06-17,4,5850.0,entrada,11457
7700,2024-06-17,3,5852.0,entrada,10107
7701,2024-06-17,2,5853.0,entrada,4981
7702,2024-06-17,4,5854.0,entrada,3484
7703,2024-06-17,2,5839.0,entrada,10863
7704,2024-06-17,3,5855.0,entrada,15137
7705,2024-06-17,2,5840.0,entrada,9913
7706,2024-06-17,3,5851.0,entrada,3142
7707,2024-06-17,3,,salida,30797
7708,2024-06-17,2,5838.0,entrada,5855
7709,2024-06-17,1,,salida,10488
7710,2024-06-17,2,,salida,3317
7711,2024-06-17,3,,salida,76139
7712,2024-06-18,2,5869.0,entrada,3774
7713,2024-06-18,1,5859.0,entrada,7619
7714,2024-06-18,2,5860.0,entrada,4729
7715,2024-06-18,1,5861.0,entrada,5231
7716,2024-06-18,4,5862.0,entrada,8273
7717,2024-06-18,3,5865.0,entrada,5759
7718,2024-06-18,3,5866.0,entrada,10809
7719,2024-06-18,3,5867.0,entrada,11567
7720,2024-06-18,2,5868.0,entrada,9504
7721,2024-06-18,4,5870.0,entrada,15951
7722,2024-06-18,4,5864.0,entrada,13345
7723,2024-06-18,2,5858.0,entrada,8690
7724,2024-06-18,1,5863.0,entrada,8262
7725,2024-06-18,4,5856.0,entrada,7520
7726,2024-06-18,2,,salida,4422
7727,2024-06-18,3,,salida,16711
7728,2024-06-18,1,,salida,30717
7729,2024-06-18,3,,salida,59311
7730,2024-06-18,4,5857.0,entrada,12026
7731,2024-06-19,4,5883.0,entrada,4534
7732,2024-06-19,1,5882.0,entrada,10139
7733,2024-06-19,1,5881.0,entrada,3444
7734,2024-06-19,2,5880.0,entrada,9689
7735,2024-06-19,2,5879.0,entrada,10345
7736,2024-06-19,4,5878.0,entrada,4541
7737,2024-06-19,3,5877.0,entrada,9085
7738,2024-06-19,1,5876.0,entrada,3949
7739,2024-06-19,1,5875.0,entrada,10803
7740,2024-06-19,2,5874.0,entrada,6830
7741,2024-06-19,2,5872.0,entrada,12423
7742,2024-06-19,3,5871.0,entrada,6723
7743,2024-06-19,1,,salida,16684
7744,2024-06-19,3,,salida,85843
7745,2024-06-19,3,5873.0,entrada,8989
7746,2024-06-20,1,5898.0,entrada,5060
7747,2024-06-20,4,5897.0,entrada,11012
7748,2024-06-20,3,5896.0,entrada,3562
7749,2024-06-20,1,5895.0,entrada,11071
7750,2024-06-20,1,5890.0,entrada,8567
7751,2024-06-20,3,5894.0,entrada,10344
7752,2024-06-20,1,5892.0,entrada,15914
7753,2024-06-20,2,5891.0,entrada,8825
7754,2024-06-20,1,5889.0,entrada,6848
7755,2024-06-20,1,5899.0,entrada,3823
7756,2024-06-20,1,5887.0,entrada,7209
7757,2024-06-20,3,5886.0,entrada,9062
7758,2024-06-20,4,5885.0,entrada,12470
7759,2024-06-20,4,5884.0,entrada,7457
7760,2024-06-20,1,,salida,124539
7761,2024-06-20,2,,salida,7421
7762,2024-06-20,3,,salida,17382
7763,2024-06-20,3,5751.0,merma,671
7764,2024-06-20,1,5829.0,merma,733
7765,2024-06-20,3,5888.0,entrada,3957
7766,2024-06-20,3,5900.0,entrada,17541
7767,2024-06-20,1,5893.0,entrada,5571
7768,2024-06-21,3,5906.0,entrada,5088
7769,2024-06-21,1,5914.0,entrada,3596
7770,2024-06-21,3,5913.0,entrada,5150
7771,2024-06-21,2,5912.0,entrada,9846
7772,2024-06-21,3,5911.0,entrada,3721
7773,2024-06-21,3,5910.0,entrada,10947
7774,2024-06-21,1,5909.0,entrada,14783
7775,2024-06-21,2,5908.0,entrada,10016
7776,2024-06-21,3,5907.0,entrada,9217
7777,2024-06-21,4,5905.0,entrada,8499
7778,2024-06-21,3,5904.0,entrada,7378
7779,2024-06-21,4,5903.0,entrada,9632
7780,2024-06-21,2,5902.0,entrada,11740
7781,2024-06-21,4,5901.0,entrada,5920
7782,2024-06-21,1,5869.0,merma,263
7783,2024-06-21,2,,salida,23125
7784,2024-06-21,2,,salida,15528
7785,2024-06-21,3,,salida,7960
7786,2024-06-21,3,,salida,2233
7787,2024-06-21,1,,salida,10477
7788,2024-06-21,2,5915.0,entrada,16130
7789,2024-06-21,4,,salida,2865
7790,2024-06-21,1,,salida,7178
7791,2024-06-22,2,5924.0,entrada,4336
7792,2024-06-22,1,5922.0,entrada,7863
7793,2024-06-22,1,5923.0,entrada,12912
7794,2024-06-22,3,5919.0,entrada,10067
7795,2024-06-22,2,5925.0,entrada,11883
7796,2024-06-22,4,5926.0,entrada,10809
7797,2024-06-22,4,5927.0,entrada,3314
7798,2024-06-22,1,5928.0,entrada,10935
7799,2024-06-22,3,5929.0,entrada,3842
7800,2024-06-22,1,5930.0,entrada,14365
7801,2024-06-22,2,5918.0,entrada,7588
7802,2024-06-22,1,5917.0,entrada,11582
7803,2024-06-22,1,5921.0,entrada,5866
7804,2024-06-22,1,5916.0,entrada,6460
7805,2024-06-22,2,,salida,38140
7806,2024-06-22,1,,salida,28791
7807,2024-06-22,3,,salida,11614
7808,2024-06-22,4,,salida,13046
7809,2024-06-22,3,,salida,2491
7810,2024-06-22,2,,salida,3725
7811,2024-06-22,1,,salida,12252
7812,2024-06-22,2,5848.0,merma,195
7813,2024-06-22,3,5841.0,merma,570
7814,2024-06-22,1,5920.0,entrada,4223
7815,2024-06-23,4,,salida,30895
7816,2024-06-23,2,5849.0,merma,452
7817,2024-06-23,4,5947.0,entrada,3584
7818,2024-06-23,4,5946.0,entrada,5102
7819,2024-06-23,3,5931.0,entrada,6788
7820,2024-06-23,1,5936.0,entrada,4188
7821,2024-06-23,3,5937.0,entrada,5577
7822,2024-06-23,4,5938.0,entrada,9086
7823,2024-06-23,1,5939.0,entrada,8353
7824,2024-06-23,1,5940.0,entrada,14377
7825,2024-06-23,4,5948.0,entrada,15234
7826,2024-06-23,3,5941.0,entrada,5159
7827,2024-06-23,3,5935.0,entrada,9989
7828,2024-06-23,3,5943.0,entrada,11958
7829,2024-06-23,4,5934.0,entrada,7499
7830,2024-06-23,4,5944.0,entrada,3154
7831,2024-06-23,4,5945.0,entrada,10808
7832,2024-06-23,4,5933.0,entrada,8582
7833,2024-06-23,1,5932.0,entrada,11212
7834,2024-06-23,2,5942.0,entrada,11240
7835,2024-06-24,2,,salida,9586
7836,2024-06-24,1,,salida,8550
7837,2024-06-24,4,,salida,33596
7838,2024-06-24,4,5964.0,entrada,15323
7839,2024-06-24,1,,salida,98310
7840,2024-06-24,3,5951.0,entrada,7396
7841,2024-06-24,4,5963.0,entrada,3812
7842,2024-06-24,2,5949.0,entrada,6811
7843,2024-06-24,1,5950.0,entrada,11372
7844,2024-06-24,3,5952.0,entrada,9880
7845,2024-06-24,4,5953.0,entrada,3674
7846,2024-06-24,3,5954.0,entrada,5924
7847,2024-06-24,4,5955.0,entrada,7976
7848,2024-06-24,1,,salida,2692
7849,2024-06-24,2,5956.0,entrada,8766
7850,2024-06-24,1,5858.0,merma,365
7851,2024-06-24,1,5958.0,entrada,4960
7852,2024-06-24,2,5959.0,entrada,11843
7853,2024-06-24,2,5960.0,entrada,10625
7854,2024-06-24,1,5961.0,entrada,9962
7855,2024-06-24,3,5962.0,entrada,4775
7856,2024-06-24,2,5957.0,entrada,13879
7857,2024-06-25,1,,salida,3079
7858,2024-06-25,3,,salida,50177
7859,2024-06-25,1,5969.0,entrada,9031
7860,2024-06-25,1,5974.0,entrada,4102
7861,2024-06-25,2,5968.0,entrada,8846
7862,2024-06-25,3,5967.0,entrada,5504
7863,2024-06-25,1,5966.0,entrada,6740
7864,2024-06-25,3,5965.0,entrada,10233
7865,2024-06-25,1,5971.0,entrada,10859
7866,2024-06-25,4,5972.0,entrada,3611
7867,2024-06-25,3,5973.0,entrada,11340
7868,2024-06-25,1,5970.0,entrada,9703
7869,2024-06-25,1,5975.0,entrada,16051
7870,2024-06-26,2,,salida,105735
7871,2024-06-26,1,,salida,5823
7872,2024-06-26,2,,salida,6160
7873,2024-06-26,1,,salida,146475
7874,2024-06-26,2,5991.0,entrada,15895
7875,2024-06-26,3,5990.0,entrada,3077
7876,2024-06-26,3,5977.0,entrada,10004
7877,2024-06-26,3,5989.0,entrada,5246
7878,2024-06-26,4,5988.0,entrada,9916
7879,2024-06-26,4,5987.0,entrada,3420
7880,2024-06-26,3,5986.0,entrada,9506
7881,2024-06-26,3,5985.0,entrada,10859
7882,2024-06-26,1,5976.0,entrada,7123
7883,2024-06-26,2,5984.0,entrada,4382
7884,2024-06-26,4,5982.0,entrada,8817
7885,2024-06-26,1,5981.0,entrada,7356
7886,2024-06-26,4,5980.0,entrada,4406
7887,2024-06-26,2,5979.0,entrada,10422
7888,2024-06-26,4,5978.0,entrada,6598
7889,2024-06-26,4,5983.0,entrada,13900
7890,2024-06-26,2,,salida,9413
7891,2024-06-27,2,,salida,41557
7892,2024-06-27,2,,salida,28305
7893,2024-06-27,3,,salida,61700
7894,2024-06-27,4,,salida,62943
7895,2024-06-27,2,,salida,12394
7896,2024-06-27,2,5998.0,entrada,8943
7897,2024-06-27,2,6006.0,entrada,3925
7898,2024-06-27,4,6007.0,entrada,17945
7899,2024-06-27,3,6005.0,entrada,5240
7900,2024-06-27,4,6004.0,entrada,11439
7901,2024-06-27,1,6003.0,entrada,3984
7902,2024-06-27,3,6001.0,entrada,10722
7903,2024-06-27,2,6000.0,entrada,5060
7904,2024-06-27,4,5999.0,entrada,15058
7905,2024-06-27,1,6002.0,entrada,11143
7906,2024-06-27,3,5997.0,entrada,6188
7907,2024-06-27,4,5996.0,entrada,4745
7908,2024-06-27,4,5995.0,entrada,10083
7909,2024-06-27,3,5994.0,entrada,7098
7910,2024-06-27,4,5993.0,entrada,10702
7911,2024-06-27,1,5992.0,entrada,6205
7912,2024-06-28,1,,salida,19122
7913,2024-06-28,2,6023.0,entrada,14847
7914,2024-06-28,4,6022.0,entrada,3236
7915,2024-06-28,4,6017.0,entrada,10887
7916,2024-06-28,3,6013.0,entrada,6170
7917,2024-06-28,4,6018.0,entrada,10418
7918,2024-06-28,4,6019.0,entrada,3274
7919,2024-06-28,3,6014.0,entrada,7006
7920,2024-06-28,4,,salida,5850
7921,2024-06-28,1,6021.0,entrada,4935
7922,2024-06-28,3,6012.0,entrada,3986
7923,2024-06-28,1,6020.0,entrada,10560
7924,2024-06-28,2,6010.0,entrada,7430
7925,2024-06-28,3,6009.0,entrada,9467
7926,2024-06-28,3,6008.0,entrada,10559
7927,2024-06-28,4,,salida,15635
7928,2024-06-28,4,6016.0,entrada,5458
7929,2024-06-28,1,,salida,51990
7930,2024-06-28,1,,salida,32011
7931,2024-06-28,3,,salida,37568
7932,2024-06-28,1,5973.0,merma,498
7933,2024-06-28,4,5941.0,merma,158
7934,2024-06-28,4,6011.0,entrada,9174
7935,2024-06-28,2,6015.0,entrada,9343
7936,2024-06-29,1,6029.0,entrada,3942
7937,2024-06-29,4,6028.0,entrada,10603
7938,2024-06-29,2,6030.0,entrada,6491
7939,2024-06-29,1,6031.0,entrada,8150
7940,2024-06-29,1,6032.0,entrada,8975
7941,2024-06-29,1,6033.0,entrada,13681
7942,2024-06-29,4,6034.0,entrada,5300
7943,2024-06-29,2,6035.0,entrada,11756
7944,2024-06-29,1,6036.0,entrada,3149
7945,2024-06-29,2,6037.0,entrada,10193
7946,2024-06-29,4,6038.0,entrada,4482
7947,2024-06-29,3,6039.0,entrada,4053
7948,2024-06-29,1,6040.0,entrada,15891
7949,2024-06-29,4,,salida,830
7950,2024-06-29,1,,salida,1161
7951,2024-06-29,3,6027.0,entrada,6791
7952,2024-06-29,2,,salida,32679
7953,2024-06-29,1,6026.0,entrada,8562
7954,2024-06-29,3,6025.0,entrada,10317
7955,2024-06-29,1,6024.0,entrada,6850
7956,2024-06-29,2,,salida,5993
7957,2024-06-29,4,5983.0,merma,689
7958,2024-06-30,3,,salida,13780
7959,2024-06-30,4,,salida,3192
7960,2024-06-30,4,,salida,25703
7961,2024-06-30,2,,salida,50724
7962,2024-06-30,4,,salida,8702
7963,2024-06-30,4,6053.0,entrada,3506
7964,2024-06-30,4,,salida,18933
7965,2024-06-30,2,6057.0,entrada,18320
7966,2024-06-30,4,6056.0,entrada,3502
7967,2024-06-30,1,6054.0,entrada,9481
7968,2024-06-30,3,6052.0,entrada,10543
7969,2024-06-30,3,6051.0,entrada,10403
7970,2024-06-30,2,6050.0,entrada,5086
7971,2024-06-30,2,6049.0,entrada,14895
7972,2024-06-30,3,6048.0,entrada,8621
7973,2024-06-30,1,6055.0,entrada,4650
7974,2024-06-30,2,6046.0,entrada,4650
7975,2024-06-30,3,6045.0,entrada,8614
7976,2024-06-30,1,6044.0,entrada,7503
7977,2024-06-30,4,6043.0,entrada,8162
7978,2024-06-30,2,6042.0,entrada,11301
7979,2024-06-30,2,6041.0,entrada,7064
7980,2024-06-30,1,6047.0,entrada,6676
7981,2024-07-01,2,6071.0,entrada,5122
7982,2024-07-01,4,6070.0,entrada,10134
7983,2024-07-01,1,6069.0,entrada,10246
7984,2024-07-01,4,6067.0,entrada,14006
7985,2024-07-01,1,6066.0,entrada,7856
7986,2024-07-01,2,6065.0,entrada,7981
7987,2024-07-01,4,6064.0,entrada,6668
7988,2024-07-01,3,6063.0,entrada,4849
7989,2024-07-01,3,6060.0,entrada,8569
7990,2024-07-01,2,6061.0,entrada,7717
7991,2024-07-01,3,6059.0,entrada,11523
7992,2024-07-01,3,6058.0,entrada,7171
7993,2024-07-01,2,,salida,6513
7994,2024-07-01,3,6072.0,entrada,3331
7995,2024-07-01,2,,salida,22468
7996,2024-07-01,1,,salida,9463
7997,2024-07-01,3,6062.0,entrada,8532
7998,2024-07-01,2,6073.0,entrada,14694
7999,2024-07-01,4,6068.0,entrada,5257
8000,2024-07-02,1,6085.0,entrada,11279
8001,2024-07-02,4,6008.0,merma,1077
8002,2024-07-02,1,6089.0,entrada,15595
8003,2024-07-02,1,5938.0,merma,750
8004,2024-07-02,2,,salida,3056
8005,2024-07-02,3,,salida,18383
8006,2024-07-02,1,6088.0,entrada,3895
8007,2024-07-02,4,6086.0,entrada,10040
8008,2024-07-02,2,6087.0,entrada,5847
8009,2024-07-02,1,6075.0,entrada,10781
8010,2024-07-02,4,6076.0,entrada,8887
8011,2024-07-02,1,6074.0,entrada,6175
8012,2024-07-02,2,6078.0,entrada,10810
8013,2024-07-02,1,6079.0,entrada,6731
8014,2024-07-02,2,6080.0,entrada,7628
8015,2024-07-02,1,6081.0,entrada,9385
8016,2024-07-02,2,6082.0,entrada,13883
8017,2024-07-02,2,6083.0,entrada,5052
8018,2024-07-02,2,6084.0,entrada,11042
8019,2024-07-02,2,6077.0,entrada,6407
8020,2024-07-03,1,6093.0,entrada,4876
8021,2024-07-03,4,6097.0,entrada,9084
8022,2024-07-03,3,6098.0,entrada,3167
8023,2024-07-03,1,6096.0,entrada,4484
8024,2024-07-03,3,6095.0,entrada,9035
8025,2024-07-03,1,6094.0,entrada,8892
8026,2024-07-03,3,6099.0,entrada,9179
8027,2024-07-03,4,6092.0,entrada,10620
8028,2024-07-03,2,,salida,16786
8029,2024-07-03,4,5993.0,merma,647
8030,2024-07-03,2,,salida,8723
8031,2024-07-03,2,6090.0,entrada,5952
8032,2024-07-03,1,,salida,1535
8033,2024-07-03,2,,salida,4845
8034,2024-07-03,2,,salida,26713
8035,2024-07-03,3,6100.0,entrada,4756
8036,2024-07-03,2,,salida,12853
8037,2024-07-03,1,,salida,26295
8038,2024-07-03,2,6101.0,entrada,3798
8039,2024-07-03,3,6024.0,merma,636
8040,2024-07-03,2,6091.0,entrada,11970
8041,2024-07-04,1,6117.0,entrada,15517
8042,2024-07-04,3,6114.0,entrada,10028
8043,2024-07-04,3,6115.0,entrada,5067
8044,2024-07-04,3,6116.0,entrada,3395
8045,2024-07-04,2,6109.0,entrada,10272
8046,2024-07-04,2,6110.0,entrada,13646
8047,2024-07-04,2,6111.0,entrada,10389
8048,2024-07-04,2,6112.0,entrada,11865
8049,2024-07-04,2,6106.0,entrada,10159
8050,2024-07-04,4,6107.0,entrada,4501
8051,2024-07-04,4,6108.0,entrada,8259
8052,2024-07-04,3,6113.0,entrada,3284
8053,2024-07-04,4,6105.0,entrada,6836
8054,2024-07-04,3,6104.0,entrada,7428
8055,2024-07-04,1,6103.0,entrada,9727
8056,2024-07-04,2,6102.0,entrada,7479
8057,2024-07-05,4,,salida,20924
8058,2024-07-05,4,,salida,12687
8059,2024-07-05,3,5981.0,merma,613
8060,2024-07-05,3,,salida,19768
8061,2024-07-05,3,6128.0,entrada,4981
8062,2024-07-05,2,,salida,23551
8063,2024-07-05,4,6127.0,entrada,13759
8064,2024-07-05,3,6126.0,entrada,8416
8065,2024-07-05,4,6125.0,entrada,8002
8066,2024-07-05,4,6124.0,entrada,6580
8067,2024-07-05,2,6123.0,entrada,4880
8068,2024-07-05,1,6122.0,entrada,9067
8069,2024-07-05,3,6121.0,entrada,7084
8070,2024-07-05,4,6120.0,entrada,9667
8071,2024-07-05,2,6119.0,entrada,10539
8072,2024-07-05,3,6118.0,entrada,6965
8073,2024-07-05,2,6130.0,entrada,4672
8074,2024-07-05,3,6129.0,entrada,3906
8075,2024-07-06,4,6095.0,merma,593
8076,2024-07-06,4,6142.0,entrada,3635
8077,2024-07-06,4,,salida,15148
8078,2024-07-06,2,6133.0,entrada,6624
8079,2024-07-06,1,6132.0,entrada,9940
8080,2024-07-06,2,6134.0,entrada,9628
8081,2024-07-06,3,6135.0,entrada,4463
8082,2024-07-06,2,6136.0,entrada,5937
8083,2024-07-06,3,6137.0,entrada,13104
8084,2024-07-06,3,6138.0,entrada,4998
8085,2024-07-06,2,6139.0,entrada,9810
8086,2024-07-06,1,6140.0,entrada,3283
8087,2024-07-06,1,6141.0,entrada,4508
8088,2024-07-06,4,6143.0,entrada,16707
8089,2024-07-06,4,,salida,7466
8090,2024-07-06,2,6131.0,entrada,6379
8091,2024-07-06,4,,salida,6261
8092,2024-07-06,4,,salida,86561
8093,2024-07-07,3,6154.0,entrada,11486
8094,2024-07-07,3,6159.0,entrada,15598
8095,2024-07-07,1,6158.0,entrada,3335
8096,2024-07-07,2,6157.0,entrada,4624
8097,2024-07-07,1,6156.0,entrada,11273
8098,2024-07-07,2,6155.0,entrada,11461
8099,2024-07-07,1,6153.0,entrada,5408
8100,2024-07-07,4,6152.0,entrada,12923
8101,2024-07-07,1,6151.0,entrada,9550
8102,2024-07-07,2,6150.0,entrada,10085
8103,2024-07-07,4,6149.0,entrada,6196
8104,2024-07-07,3,6148.0,entrada,3582
8105,2024-07-07,4,6147.0,entrada,7662
8106,2024-07-07,3,6146.0,entrada,9490
8107,2024-07-07,1,6145.0,entrada,9106
8108,2024-07-07,2,6144.0,entrada,7627
8109,2024-07-08,2,6167.0,entrada,9352
8110,2024-07-08,4,6168.0,entrada,12651
8111,2024-07-08,2,6169.0,entrada,5370
8112,2024-07-08,4,6166.0,entrada,9097
8113,2024-07-08,1,6164.0,entrada,8903
8114,2024-07-08,4,6163.0,entrada,7149
8115,2024-07-08,3,6165.0,entrada,6397
8116,2024-07-08,2,6161.0,entrada,10634
8117,2024-07-08,3,6160.0,entrada,6848
8118,2024-07-08,2,6170.0,entrada,3711
8119,2024-07-08,3,,salida,45544
8120,2024-07-08,1,,salida,9217
8121,2024-07-08,3,6162.0,entrada,8199
8122,2024-07-08,1,6171.0,entrada,9204
8123,2024-07-08,1,6172.0,entrada,4075
8124,2024-07-08,4,6173.0,entrada,3377
8125,2024-07-08,1,6174.0,entrada,14262
8126,2024-07-09,4,,salida,74217
8127,2024-07-09,3,,salida,61758
8128,2024-07-09,1,6048.0,merma,413
8129,2024-07-09,1,6062.0,merma,870
8130,2024-07-09,3,6064.0,merma,507
8131,2024-07-09,2,6188.0,entrada,16453
8132,2024-07-09,1,6187.0,entrada,3724
8133,2024-07-09,1,6186.0,entrada,3108
8134,2024-07-09,1,,salida,24823
8135,2024-07-09,2,6184.0,entrada,10475
8136,2024-07-09,4,6185.0,entrada,8701
8137,2024-07-09,3,6182.0,entrada,12218
8138,2024-07-09,4,6181.0,entrada,8366
8139,2024-07-09,1,6180.0,entrada,6588
8140,2024-07-09,1,6179.0,entrada,9603
8141,2024-07-09,3,6178.0,entrada,6936
8142,2024-07-09,4,6177.0,entrada,8875
8143,2024-07-09,1,6176.0,entrada,10601
8144,2024-07-09,1,6175.0,entrada,7425
8145,2024-07-09,1,6183.0,entrada,5308
8146,2024-07-10,4,6202.0,entrada,3405
8147,2024-07-10,3,6201.0,entrada,10101
8148,2024-07-10,2,6200.0,entrada,12643
8149,2024-07-10,2,6199.0,entrada,10838
8150,2024-07-10,1,,salida,20645
8151,2024-07-10,2,6192.0,entrada,10739
8152,2024-07-10,2,6197.0,entrada,12781
8153,2024-07-10,2,6196.0,entrada,7986
8154,2024-07-10,1,6195.0,entrada,8618
8155,2024-07-10,2,6194.0,entrada,5317
8156,2024-07-10,4,6193.0,entrada,4167
8157,2024-07-10,2,,salida,909
8158,2024-07-10,3,6203.0,entrada,15638
8159,2024-07-10,4,6191.0,entrada,6120
8160,2024-07-10,4,6190.0,entrada,12001
8161,2024-07-10,2,6189.0,entrada,6822
8162,2024-07-10,3,,salida,6775
8163,2024-07-10,3,6198.0,entrada,4949
8164,2024-07-11,4,,salida,16836
8165,2024-07-11,3,,salida,92543
8166,2024-07-11,3,,salida,10641
8167,2024-07-11,1,,salida,129
8168,2024-07-11,2,6215.0,entrada,12068
8169,2024-07-11,3,6205.0,entrada,11245
8170,2024-07-11,4,6218.0,entrada,3816
8171,2024-07-11,4,6217.0,entrada,9410
8172,2024-07-11,3,6216.0,entrada,3550
8173,2024-07-11,1,6204.0,entrada,7904
8174,2024-07-11,1,6206.0,entrada,9452
8175,2024-07-11,4,6207.0,entrada,6186
8176,2024-07-11,3,6208.0,entrada,11371
8177,2024-07-11,3,6209.0,entrada,4349
8178,2024-07-11,4,6210.0,entrada,6553
8179,2024-07-11,1,6211.0,entrada,8439
8180,2024-07-11,3,6212.0,entrada,10219
8181,2024-07-11,1,6213.0,entrada,13557
8182,2024-07-11,1,6219.0,entrada,16591
8183,2024-07-11,3,6214.0,entrada,11737
8184,2024-07-12,2,6224.0,entrada,4425
8185,2024-07-12,4,6225.0,entrada,6083
8186,2024-07-12,1,6226.0,entrada,6732
8187,2024-07-12,4,6227.0,entrada,10129
8188,2024-07-12,3,6228.0,entrada,13862
8189,2024-07-12,1,6229.0,entrada,5230
8190,2024-07-12,1,6230.0,entrada,10581
8191,2024-07-12,3,6231.0,entrada,11887
8192,2024-07-12,1,6222.0,entrada,7069
8193,2024-07-12,3,6232.0,entrada,3648
8194,2024-07-12,4,6233.0,entrada,10825
8195,2024-07-12,4,6234.0,entrada,4428
8196,2024-07-12,3,6235.0,entrada,4130
8197,2024-07-12,2,6223.0,entrada,9864
8198,2024-07-12,1,6221.0,entrada,9828
8199,2024-07-12,4,6236.0,entrada,14001
8200,2024-07-12,3,,salida,2320
8201,2024-07-12,2,6135.0,merma,407
8202,2024-07-12,2,,salida,2275
8203,2024-07-12,2,6166.0,merma,657
8204,2024-07-12,3,,salida,78843
8205,2024-07-12,2,,salida,6414
8206,2024-07-12,2,,salida,18646
8207,2024-07-12,3,6220.0,entrada,7738
8208,2024-07-12,2,,salida,42711
8209,2024-07-12,1,,salida,31211
8210,2024-07-13,3,6246.0,entrada,9841
8211,2024-07-13,4,6245.0,entrada,10857
8212,2024-07-13,4,,salida,80394
8213,2024-07-13,1,,salida,36163
8214,2024-07-13,1,6247.0,entrada,4543
8215,2024-07-13,4,,salida,97673
8216,2024-07-13,2,6244.0,entrada,11383
8217,2024-07-13,1,6238.0,entrada,12293
8218,2024-07-13,3,6242.0,entrada,6550
8219,2024-07-13,3,,salida,20256
8220,2024-07-13,1,6239.0,entrada,8490
8221,2024-07-13,2,6240.0,entrada,5734
8222,2024-07-13,4,6243.0,entrada,7876
8223,2024-07-13,1,,salida,130718
8224,2024-07-13,1,6241.0,entrada,3447
8225,2024-07-13,3,,salida,1955
8226,2024-07-13,3,6237.0,entrada,6650
8227,2024-07-13,1,6150.0,merma,314
8228,2024-07-14,2,6251.0,entrada,7474
8229,2024-07-14,2,,salida,15532
8230,2024-07-14,3,6263.0,entrada,16370
8231,2024-07-14,3,6262.0,entrada,3728
8232,2024-07-14,2,6250.0,entrada,9079
8233,2024-07-14,4,,salida,9195
8234,2024-07-14,4,6167.0,merma,416
8235,2024-07-14,2,6248.0,entrada,7312
8236,2024-07-14,2,6260.0,entrada,10139
8237,2024-07-14,2,6261.0,entrada,5427
8238,2024-07-14,2,6259.0,entrada,3190
8239,2024-07-14,3,6258.0,entrada,11184
8240,2024-07-14,4,6257.0,entrada,4096
8241,2024-07-14,2,6256.0,entrada,11158
8242,2024-07-14,3,6249.0,entrada,11751
8243,2024-07-14,2,6255.0,entrada,8766
8244,2024-07-14,4,6254.0,entrada,8008
8245,2024-07-14,3,6253.0,entrada,6584
8246,2024-07-14,4,,salida,24383
8247,2024-07-14,1,6252.0,entrada,8643
8248,2024-07-15,4,6275.0,entrada,4968
8249,2024-07-15,3,6274.0,entrada,3555
8250,2024-07-15,1,6273.0,entrada,10768
8251,2024-07-15,2,6272.0,entrada,4725
8252,2024-07-15,2,6271.0,entrada,15481
8253,2024-07-15,1,6267.0,entrada,4164
8254,2024-07-15,2,6269.0,entrada,7079
8255,2024-07-15,4,6268.0,entrada,6996
8256,2024-07-15,3,6265.0,entrada,11204
8257,2024-07-15,4,6264.0,entrada,7135
8258,2024-07-15,3,6276.0,entrada,4286
8259,2024-07-15,3,6270.0,entrada,10312
8260,2024-07-15,2,6277.0,entrada,14894
8261,2024-07-15,3,6266.0,entrada,10744
8262,2024-07-15,2,,salida,6300
8263,2024-07-15,2,6171.0,merma,877
8264,2024-07-15,4,,salida,110755
8265,2024-07-15,3,6212.0,merma,866
8266,2024-07-15,2,,salida,17289
8267,2024-07-15,4,,salida,11846
8268,2024-07-15,4,6191.0,merma,711
8269,2024-07-15,2,,salida,2787
8270,2024-07-15,1,,salida,5036
8271,2024-07-16,4,,salida,22075
8272,2024-07-16,1,,salida,41687
8273,2024-07-16,3,,salida,16779
8274,2024-07-16,4,6278.0,entrada,7528
8275,2024-07-16,3,6279.0,entrada,10071
8276,2024-07-16,2,6280.0,entrada,8708
8277,2024-07-16,2,6281.0,entrada,9550
8278,2024-07-16,1,6282.0,entrada,6870
8279,2024-07-16,1,6283.0,entrada,7557
8280,2024-07-16,2,6285.0,entrada,4783
8281,2024-07-16,1,6287.0,entrada,9539
8282,2024-07-16,3,6288.0,entrada,4511
8283,2024-07-16,1,6289.0,entrada,13863
8284,2024-07-16,3,,salida,361463
8285,2024-07-16,1,,salida,48175
8286,2024-07-16,1,6284.0,entrada,8753
8287,2024-07-16,3,6286.0,entrada,3266
8288,2024-07-17,3,,salida,109848
8289,2024-07-17,4,,salida,51424
8290,2024-07-17,3,,salida,9633
8291,2024-07-17,3,,salida,10453
8292,2024-07-17,2,6302.0,entrada,3229
8293,2024-07-17,1,6301.0,entrada,10571
8294,2024-07-17,1,6292.0,entrada,8191
8295,2024-07-17,2,6300.0,entrada,9375
8296,2024-07-17,1,6299.0,entrada,5111
8297,2024-07-17,3,6298.0,entrada,14239
8298,2024-07-17,4,6297.0,entrada,8743
8299,2024-07-17,2,6296.0,entrada,7008
8300,2024-07-17,1,6295.0,entrada,6867
8301,2024-07-17,1,6294.0,entrada,4457
8302,2024-07-17,2,6293.0,entrada,10457
8303,2024-07-17,3,6304.0,entrada,4658
8304,2024-07-17,4,6291.0,entrada,9528
8305,2024-07-17,4,6290.0,entrada,9883
8306,2024-07-17,3,6303.0,entrada,10797
8307,2024-07-17,4,6305.0,entrada,4042
8308,2024-07-17,2,6306.0,entrada,15365
8309,2024-07-17,4,6185.0,merma,1029
8310,2024-07-18,1,,salida,58811
8311,2024-07-18,3,,salida,828
8312,2024-07-18,2,,salida,36518
8313,2024-07-18,2,6234.0,merma,431
8314,2024-07-18,4,6315.0,entrada,4738
8315,2024-07-18,2,6319.0,entrada,4006
8316,2024-07-18,2,6307.0,entrada,10386
8317,2024-07-18,4,6308.0,entrada,9589
8318,2024-07-18,4,6309.0,entrada,6814
8319,2024-07-18,4,6320.0,entrada,16931
8320,2024-07-18,4,6311.0,entrada,4940
8321,2024-07-18,2,6310.0,entrada,10004
8322,2024-07-18,3,6314.0,entrada,15847
8323,2024-07-18,2,6316.0,entrada,10680
8324,2024-07-18,2,6317.0,entrada,3720
8325,2024-07-18,3,6318.0,entrada,4590
8326,2024-07-18,1,6313.0,entrada,8894
8327,2024-07-18,3,6312.0,entrada,6915
8328,2024-07-19,1,,salida,2275
8329,2024-07-19,2,,salida,574
8330,2024-07-19,3,6199.0,merma,468
8331,2024-07-19,2,6245.0,merma,494
8332,2024-07-19,2,6248.0,merma,220
8333,2024-07-19,4,6272.0,merma,237
8334,2024-07-19,1,6324.0,entrada,4634
8335,2024-07-19,3,6321.0,entrada,7360
8336,2024-07-19,4,6334.0,entrada,16805
8337,2024-07-19,4,6333.0,entrada,3942
8338,2024-07-19,2,6331.0,entrada,9033
8339,2024-07-19,3,6330.0,entrada,3244
8340,2024-07-19,1,6329.0,entrada,9978
8341,2024-07-19,4,6332.0,entrada,4872
8342,2024-07-19,4,6327.0,entrada,12674
8343,2024-07-19,2,6326.0,entrada,8284
8344,2024-07-19,4,6325.0,entrada,6344
8345,2024-07-19,1,6323.0,entrada,11284
8346,2024-07-19,2,6322.0,entrada,6855
8347,2024-07-19,3,6328.0,entrada,5048
8348,2024-07-20,2,6345.0,entrada,11369
8349,2024-07-20,1,6350.0,entrada,14888
8350,2024-07-20,1,6349.0,entrada,4071
8351,2024-07-20,1,6259.0,merma,316
8352,2024-07-20,4,,salida,24468
8353,2024-07-20,1,6348.0,entrada,4957
8354,2024-07-20,4,6347.0,entrada,10656
8355,2024-07-20,1,6346.0,entrada,3469
8356,2024-07-20,2,6344.0,entrada,4978
8357,2024-07-20,1,6342.0,entrada,7859
8358,2024-07-20,2,6341.0,entrada,9065
8359,2024-07-20,2,6340.0,entrada,6215
8360,2024-07-20,2,6339.0,entrada,9492
8361,2024-07-20,3,6335.0,entrada,5830
8362,2024-07-20,3,6338.0,entrada,7465
8363,2024-07-20,1,6336.0,entrada,12319
8364,2024-07-20,3,6337.0,entrada,10038
8365,2024-07-20,1,6343.0,entrada,15825
8366,2024-07-21,3,6355.0,entrada,4167
8367,2024-07-21,1,6363.0,entrada,9222
8368,2024-07-21,1,6357.0,entrada,9866
8369,2024-07-21,3,6358.0,entrada,12687
8370,2024-07-21,3,6361.0,entrada,11447
8371,2024-07-21,3,6360.0,entrada,11222
8372,2024-07-21,4,6362.0,entrada,3435
8373,2024-07-21,3,6267.0,merma,199
8374,2024-07-21,4,6365.0,entrada,13834
8375,2024-07-21,4,6359.0,entrada,4999
8376,2024-07-21,2,6354.0,entrada,10718
8377,2024-07-21,3,6356.0,entrada,8604
8378,2024-07-21,4,6352.0,entrada,9316
8379,2024-07-21,1,,salida,6610
8380,2024-07-21,4,,salida,13390
8381,2024-07-21,1,6353.0,entrada,7856
8382,2024-07-21,2,,salida,48
8383,2024-07-21,3,,salida,6380
8384,2024-07-21,1,6364.0,entrada,3773
8385,2024-07-21,2,6351.0,entrada,12027
8386,2024-07-21,3,,salida,29575
8387,2024-07-22,4,,salida,39568
8388,2024-07-22,4,6377.0,entrada,3102
8389,2024-07-22,2,6376.0,entrada,10964
8390,2024-07-22,3,6375.0,entrada,10434
8391,2024-07-22,1,6374.0,entrada,4773
8392,2024-07-22,1,6373.0,entrada,14012
8393,2024-07-22,1,6372.0,entrada,7758
8394,2024-07-22,3,6371.0,entrada,7686
8395,2024-07-22,2,6370.0,entrada,6562
8396,2024-07-22,3,6368.0,entrada,6008
8397,2024-07-22,4,6367.0,entrada,8399
8398,2024-07-22,4,6366.0,entrada,5678
8399,2024-07-22,2,,salida,2681
8400,2024-07-22,3,6265.0,merma,578
8401,2024-07-22,2,6289.0,merma,658
8402,2024-07-22,4,6369.0,entrada,9978
8403,2024-07-22,1,6379.0,entrada,4139
8404,2024-07-22,4,6378.0,entrada,9264
8405,2024-07-22,2,,salida,29072
8406,2024-07-22,1,6380.0,entrada,3518
8407,2024-07-23,3,6381.0,entrada,6639
8408,2024-07-23,1,6396.0,entrada,14838
8409,2024-07-23,4,,salida,1621
8410,2024-07-23,1,6395.0,entrada,4013
8411,2024-07-23,4,6394.0,entrada,4875
8412,2024-07-23,3,6393.0,entrada,11180
8413,2024-07-23,2,6392.0,entrada,3655
8414,2024-07-23,2,6391.0,entrada,11563
8415,2024-07-23,2,6389.0,entrada,4804
8416,2024-07-23,2,6388.0,entrada,12348
8417,2024-07-23,4,6387.0,entrada,9280
8418,2024-07-23,1,6386.0,entrada,7041
8419,2024-07-23,4,6385.0,entrada,3815
8420,2024-07-23,3,6384.0,entrada,10077
8421,2024-07-23,4,6383.0,entrada,10033
8422,2024-07-23,1,6390.0,entrada,9609
8423,2024-07-23,2,6382.0,entrada,9746
8424,2024-07-24,3,,salida,3894
8425,2024-07-24,3,6346.0,merma,265
8426,2024-07-24,1,6402.0,entrada,4720
8427,2024-07-24,1,6397.0,entrada,7174
8428,2024-07-24,3,6404.0,entrada,9745
8429,2024-07-24,2,6405.0,entrada,13765
8430,2024-07-24,1,6406.0,entrada,4625
8431,2024-07-24,2,6407.0,entrada,11023
8432,2024-07-24,1,6408.0,entrada,9229
8433,2024-07-24,2,6409.0,entrada,4766
8434,2024-07-24,3,6410.0,entrada,4024
8435,2024-07-24,3,6403.0,entrada,7158
8436,2024-07-24,1,6398.0,entrada,10826
8437,2024-07-24,1,6399.0,entrada,9524
8438,2024-07-24,2,6400.0,entrada,6570
8439,2024-07-24,3,6401.0,entrada,10056
8440,2024-07-25,1,6421.0,entrada,5259
8441,2024-07-25,2,,salida,23035
8442,2024-07-25,4,,salida,23469
8443,2024-07-25,1,6423.0,entrada,15287
8444,2024-07-25,1,6411.0,entrada,7600
8445,2024-07-25,4,6412.0,entrada,9191
8446,2024-07-25,3,6413.0,entrada,8700
8447,2024-07-25,4,6414.0,entrada,9516
8448,2024-07-25,3,6415.0,entrada,4093
8449,2024-07-25,2,6327.0,merma,843
8450,2024-07-25,1,6417.0,entrada,14174
8451,2024-07-25,3,6418.0,entrada,12659
8452,2024-07-25,2,6419.0,entrada,2854
8453,2024-07-25,1,6420.0,entrada,8315
8454,2024-07-25,3,6422.0,entrada,4016
8455,2024-07-25,2,6416.0,entrada,8044
8456,2024-07-25,1,,salida,142275
8457,2024-07-26,1,6436.0,entrada,3468
8458,2024-07-26,4,6435.0,entrada,11697
8459,2024-07-26,1,6432.0,entrada,8427
8460,2024-07-26,2,6437.0,entrada,10715
8461,2024-07-26,1,6438.0,entrada,5028
8462,2024-07-26,2,6439.0,entrada,3703
8463,2024-07-26,4,6440.0,entrada,14487
8464,2024-07-26,3,6431.0,entrada,7736
8465,2024-07-26,4,6430.0,entrada,5776
8466,2024-07-26,1,6349.0,merma,478
8467,2024-07-26,3,6434.0,entrada,9947
8468,2024-07-26,3,6429.0,entrada,4938
8469,2024-07-26,2,6427.0,entrada,7189
8470,2024-07-26,4,6426.0,entrada,8674
8471,2024-07-26,1,6425.0,entrada,10982
8472,2024-07-26,3,6424.0,entrada,6825
8473,2024-07-26,3,,salida,3923
8474,2024-07-26,4,6428.0,entrada,10194
8475,2024-07-26,1,6433.0,entrada,13579
8476,2024-07-27,2,6364.0,merma,429
8477,2024-07-27,2,6453.0,entrada,9958
8478,2024-07-27,2,6454.0,entrada,5120
8479,2024-07-27,2,6455.0,entrada,3479
8480,2024-07-27,3,6456.0,entrada,16778
8481,2024-07-27,2,6451.0,entrada,10598
8482,2024-07-27,3,6452.0,entrada,3183
8483,2024-07-27,2,6441.0,entrada,7669
8484,2024-07-27,4,,salida,9268
8485,2024-07-27,4,,salida,12686
8486,2024-07-27,1,,salida,22656
8487,2024-07-27,2,,salida,51654
8488,2024-07-27,4,6450.0,entrada,9760
8489,2024-07-27,3,,salida,1729
8490,2024-07-27,3,6449.0,entrada,14534
8491,2024-07-27,1,6447.0,entrada,8222
8492,2024-07-27,2,6446.0,entrada,6839
8493,2024-07-27,1,6445.0,entrada,4546
8494,2024-07-27,2,6444.0,entrada,10155
8495,2024-07-27,2,6443.0,entrada,9234
8496,2024-07-27,2,6442.0,entrada,10579
8497,2024-07-27,2,6448.0,entrada,9983
8498,2024-07-28,3,6458.0,entrada,6250
8499,2024-07-28,4,6457.0,entrada,9354
8500,2024-07-28,4,6459.0,entrada,10403
8501,2024-07-28,3,6466.0,entrada,10473
8502,2024-07-28,1,6461.0,entrada,6226
8503,2024-07-28,3,,salida,21631
8504,2024-07-28,2,,salida,23684
8505,2024-07-28,4,,salida,40374
8506,2024-07-28,3,,salida,75622
8507,2024-07-28,2,,salida,22310
8508,2024-07-28,2,6460.0,entrada,4719
8509,2024-07-28,2,6472.0,entrada,15589
8510,2024-07-28,3,6464.0,entrada,13858
8511,2024-07-28,3,6470.0,entrada,5024
8512,2024-07-28,2,6462.0,entrada,7652
8513,2024-07-28,4,6463.0,entrada,9488
8514,2024-07-28,2,6465.0,entrada,5679
8515,2024-07-28,2,6469.0,entrada,10028
8516,2024-07-28,3,6467.0,entrada,11462
8517,2024-07-28,3,6468.0,entrada,3691
8518,2024-07-28,3,6471.0,entrada,3746
8519,2024-07-29,3,,salida,23144
8520,2024-07-29,4,,salida,42674
8521,2024-07-29,3,,salida,13489
8522,2024-07-29,1,,salida,29482
8523,2024-07-29,4,,salida,20046
8524,2024-07-29,2,,salida,43366
8525,2024-07-29,3,6486.0,entrada,15953
8526,2024-07-29,1,6484.0,entrada,4524
8527,2024-07-29,2,6483.0,entrada,9949
8528,2024-07-29,1,6482.0,entrada,13070
8529,2024-07-29,1,6479.0,entrada,8554
8530,2024-07-29,3,6478.0,entrada,7215
8531,2024-07-29,4,6477.0,entrada,10275
8532,2024-07-29,4,6476.0,entrada,5633
8533,2024-07-29,4,6475.0,entrada,9162
8534,2024-07-29,2,6474.0,entrada,9339
8535,2024-07-29,3,6473.0,entrada,5860
8536,2024-07-29,3,6485.0,entrada,3968
8537,2024-07-29,1,6480.0,entrada,8651
8538,2024-07-29,3,6481.0,entrada,11581
8539,2024-07-30,3,6502.0,entrada,3992
8540,2024-07-30,3,,salida,48174
8541,2024-07-30,2,6487.0,entrada,6755
8542,2024-07-30,4,6488.0,entrada,11145
8543,2024-07-30,3,6489.0,entrada,9245
8544,2024-07-30,2,6490.0,entrada,7389
8545,2024-07-30,1,6491.0,entrada,10858
8546,2024-07-30,1,6492.0,entrada,3859
8547,2024-07-30,2,6493.0,entrada,5393
8548,2024-07-30,2,6494.0,entrada,8173
8549,2024-07-30,3,6495.0,entrada,9975
8550,2024-07-30,1,6496.0,entrada,5683
8551,2024-07-30,2,6497.0,entrada,10586
8552,2024-07-30,1,6498.0,entrada,12641
8553,2024-07-30,2,6499.0,entrada,3296
8554,2024-07-30,1,6500.0,entrada,10395
8555,2024-07-30,4,6501.0,entrada,5363
8556,2024-07-30,1,6503.0,entrada,13289
8557,2024-07-30,1,6395.0,merma,123
8558,2024-07-30,2,,salida,25488
8559,2024-07-30,1,,salida,34794
8560,2024-07-30,4,,salida,5631
8561,2024-07-31,4,6507.0,entrada,5923
8562,2024-07-31,4,,salida,75345
8563,2024-07-31,1,6508.0,entrada,8335
8564,2024-07-31,3,,salida,80243
8565,2024-07-31,1,6509.0,entrada,14641
8566,2024-07-31,4,6511.0,entrada,10215
8567,2024-07-31,4,6512.0,entrada,5201
8568,2024-07-31,3,6510.0,entrada,4803
8569,2024-07-31,4,6504.0,entrada,6993
8570,2024-07-31,1,6506.0,entrada,10960
8571,2024-07-31,1,6514.0,entrada,12426
8572,2024-07-31,1,6505.0,entrada,10247
8573,2024-07-31,1,,salida,1957
8574,2024-07-31,4,6393.0,merma,1120
8575,2024-07-31,2,6513.0,entrada,3563
8576,2024-08-01,2,,salida,48683
8577,2024-08-01,3,,salida,11277
8578,2024-08-01,3,6530.0,entrada,13643
8579,2024-08-01,1,6529.0,entrada,5247
8580,2024-08-01,2,6528.0,entrada,11411
8581,2024-08-01,1,6516.0,entrada,9703
8582,2024-08-01,1,6526.0,entrada,12137
8583,2024-08-01,1,6525.0,entrada,9297
8584,2024-08-01,1,6517.0,entrada,9793
8585,2024-08-01,1,6523.0,entrada,9296
8586,2024-08-01,3,6521.0,entrada,6215
8587,2024-08-01,3,6520.0,entrada,4729
8588,2024-08-01,1,6519.0,entrada,9348
8589,2024-08-01,2,6518.0,entrada,5798
8590,2024-08-01,3,6515.0,entrada,6767
8591,2024-08-01,1,6527.0,entrada,3408
8592,2024-08-01,3,6524.0,entrada,4242
8593,2024-08-01,2,6522.0,entrada,9088
8594,2024-08-01,2,6421.0,merma,266
8595,2024-08-02,4,6545.0,entrada,5383
8596,2024-08-02,1,6537.0,entrada,7542
8597,2024-08-02,3,6538.0,entrada,8445
8598,2024-08-02,4,6539.0,entrada,14756
8599,2024-08-02,2,6540.0,entrada,5226
8600,2024-08-02,2,,salida,16939
8601,2024-08-02,3,6534.0,entrada,6994
8602,2024-08-02,1,6533.0,entrada,9158
8603,2024-08-02,3,6532.0,entrada,8245
8604,2024-08-02,1,6531.0,entrada,5663
8605,2024-08-02,1,6536.0,entrada,6763
8606,2024-08-02,2,,salida,21480
8607,2024-08-02,2,,salida,24846
8608,2024-08-02,4,6547.0,entrada,14823
8609,2024-08-02,1,6546.0,entrada,3304
8610,2024-08-02,2,,salida,10722
8611,2024-08-02,4,6541.0,entrada,11058
8612,2024-08-02,4,6542.0,entrada,12050
8613,2024-08-02,1,6543.0,entrada,3600
8614,2024-08-02,2,6544.0,entrada,9001
8615,2024-08-02,3,6535.0,entrada,10915
8616,2024-08-03,3,,salida,32957
8617,2024-08-03,3,6560.0,entrada,3981
8618,2024-08-03,1,6559.0,entrada,5052
8619,2024-08-03,1,,salida,14332
8620,2024-08-03,2,,salida,18129
8621,2024-08-03,2,6561.0,entrada,16127
8622,2024-08-03,2,6558.0,entrada,10569
8623,2024-08-03,4,6556.0,entrada,9929
8624,2024-08-03,3,6555.0,entrada,5164
8625,2024-08-03,1,6554.0,entrada,15094
8626,2024-08-03,4,6553.0,entrada,8799
8627,2024-08-03,2,6552.0,entrada,8607
8628,2024-08-03,1,6551.0,entrada,6397
8629,2024-08-03,1,,salida,23996
8630,2024-08-03,1,6550.0,entrada,4912
8631,2024-08-03,1,6549.0,entrada,9237
8632,2024-08-03,4,6548.0,entrada,9699
8633,2024-08-03,2,,salida,1791
8634,2024-08-03,3,6557.0,entrada,12469
8635,2024-08-04,1,6562.0,entrada,6077
8636,2024-08-04,4,,salida,3659
8637,2024-08-04,3,6563.0,entrada,8275
8638,2024-08-04,3,6569.0,entrada,5077
8639,2024-08-04,2,6573.0,entrada,10730
8640,2024-08-04,2,6572.0,entrada,3841
8641,2024-08-04,1,6571.0,entrada,10994
8642,2024-08-04,3,6570.0,entrada,10690
8643,2024-08-04,3,6568.0,entrada,11914
8644,2024-08-04,1,6567.0,entrada,6353
8645,2024-08-04,1,6566.0,entrada,4633
8646,2024-08-04,2,6565.0,entrada,10686
8647,2024-08-04,3,6472.0,merma,740
8648,2024-08-04,1,6574.0,entrada,5468
8649,2024-08-04,3,6507.0,merma,320
8650,2024-08-04,3,,salida,21498
8651,2024-08-04,1,,salida,65686
8652,2024-08-04,3,6564.0,entrada,6846
8653,2024-08-04,4,6575.0,entrada,3459
8654,2024-08-05,4,6578.0,entrada,9307
8655,2024-08-05,4,6591.0,entrada,17380
8656,2024-08-05,3,6590.0,entrada,3922
8657,2024-08-05,4,6589.0,entrada,9586
8658,2024-08-05,4,6581.0,entrada,4141
8659,2024-08-05,4,6588.0,entrada,3536
8660,2024-08-05,3,6577.0,entrada,12128
8661,2024-08-05,1,6587.0,entrada,10174
8662,2024-08-05,3,6586.0,entrada,10290
8663,2024-08-05,2,6576.0,entrada,7148
8664,2024-08-05,3,,salida,6951
8665,2024-08-05,1,,salida,6433
8666,2024-08-05,2,6584.0,entrada,8963
8667,2024-08-05,4,6582.0,entrada,5640
8668,2024-08-05,3,,salida,22292
8669,2024-08-05,2,,salida,11086
8670,2024-08-05,2,6580.0,entrada,10712
8671,2024-08-05,4,,salida,1457
8672,2024-08-05,4,,salida,17319
8673,2024-08-05,1,,salida,86782
8674,2024-08-05,2,6583.0,entrada,8106
8675,2024-08-05,4,6585.0,entrada,4803
8676,2024-08-05,1,,salida,327
8677,2024-08-05,4,6579.0,entrada,6661
8678,2024-08-05,4,6517.0,merma,556
8679,2024-08-06,1,6607.0,entrada,15626
8680,2024-08-06,4,,salida,18696
8681,2024-08-06,2,6606.0,entrada,3351
8682,2024-08-06,1,6550.0,merma,408
8683,2024-08-06,1,6604.0,entrada,3762
8684,2024-08-06,4,6603.0,entrada,11474
8685,2024-08-06,4,6602.0,entrada,11300
8686,2024-08-06,3,6601.0,entrada,5049
8687,2024-08-06,3,6605.0,entrada,9370
8688,2024-08-06,1,6599.0,entrada,8918
8689,2024-08-06,1,6594.0,entrada,10326
8690,2024-08-06,2,6600.0,entrada,16015
8691,2024-08-06,4,6592.0,entrada,6984
8692,2024-08-06,1,6593.0,entrada,10314
8693,2024-08-06,1,6595.0,entrada,6826
8694,2024-08-06,2,6596.0,entrada,8645
8695,2024-08-06,2,6597.0,entrada,4202
8696,2024-08-06,1,6598.0,entrada,5625
8697,2024-08-07,1,,salida,6691
8698,2024-08-07,4,6621.0,entrada,4886
8699,2024-08-07,4,,salida,29490
8700,2024-08-07,3,,salida,12363
8701,2024-08-07,3,,salida,8200
8702,2024-08-07,3,6622.0,entrada,3994
8703,2024-08-07,1,,salida,1652
8704,2024-08-07,4,6620.0,entrada,11037
8705,2024-08-07,4,6618.0,entrada,10457
8706,2024-08-07,2,6617.0,entrada,4856
8707,2024-08-07,3,6616.0,entrada,7986
8708,2024-08-07,3,6615.0,entrada,8914
8709,2024-08-07,4,6614.0,entrada,6359
8710,2024-08-07,4,6613.0,entrada,4525
8711,2024-08-07,2,6612.0,entrada,10282
8712,2024-08-07,2,6611.0,entrada,6709
8713,2024-08-07,3,6610.0,entrada,8863
8714,2024-08-07,3,6609.0,entrada,10189
8715,2024-08-07,3,6608.0,entrada,6275
8716,2024-08-07,3,6619.0,entrada,3630
8717,2024-08-08,2,,salida,119612
8718,2024-08-08,1,,salida,8226
8719,2024-08-08,4,,salida,1589
8720,2024-08-08,2,,salida,16157
8721,2024-08-08,3,,salida,4818
8722,2024-08-08,2,6631.0,entrada,10540
8723,2024-08-08,2,6623.0,entrada,6506
8724,2024-08-08,3,6624.0,entrada,11106
8725,2024-08-08,3,6625.0,entrada,8408
8726,2024-08-08,4,6626.0,entrada,6168
8727,2024-08-08,4,6635.0,entrada,3785
8728,2024-08-08,1,6634.0,entrada,4880
8729,2024-08-08,3,6627.0,entrada,9823
8730,2024-08-08,1,6633.0,entrada,9397
8731,2024-08-08,4,6632.0,entrada,10448
8732,2024-08-08,3,6636.0,entrada,14323
8733,2024-08-08,2,6630.0,entrada,14408
8734,2024-08-08,3,6629.0,entrada,8012
8735,2024-08-08,2,6628.0,entrada,3657
8736,2024-08-09,4,6637.0,entrada,6210
8737,2024-08-09,1,6646.0,entrada,14890
8738,2024-08-09,4,6645.0,entrada,9232
8739,2024-08-09,2,6647.0,entrada,5404
8740,2024-08-09,1,6643.0,entrada,5935
8741,2024-08-09,4,6642.0,entrada,5089
8742,2024-08-09,3,6641.0,entrada,9586
8743,2024-08-09,4,6640.0,entrada,6519
8744,2024-08-09,1,6639.0,entrada,8549
8745,2024-08-09,2,6638.0,entrada,9850
8746,2024-08-09,4,6644.0,entrada,8207
8747,2024-08-09,2,6648.0,entrada,11002
8748,2024-08-09,3,,salida,14394
8749,2024-08-09,4,6650.0,entrada,3044
8750,2024-08-09,2,6545.0,merma,359
8751,2024-08-09,1,6521.0,merma,243
8752,2024-08-09,1,6649.0,entrada,10753
8753,2024-08-09,4,,salida,6229
8754,2024-08-09,2,,salida,5148
8755,2024-08-09,1,6651.0,entrada,9711
8756,2024-08-09,2,6652.0,entrada,3459
8757,2024-08-09,1,,salida,8359
8758,2024-08-09,3,6653.0,entrada,16037
8759,2024-08-10,1,,salida,25136
8760,2024-08-10,2,6524.0,merma,255
8761,2024-08-10,3,6668.0,entrada,15521
8762,2024-08-10,4,6666.0,entrada,5527
8763,2024-08-10,3,6665.0,entrada,10930
8764,2024-08-10,1,6663.0,entrada,13680
8765,2024-08-10,4,6662.0,entrada,12375
8766,2024-08-10,4,6661.0,entrada,5138
8767,2024-08-10,1,6667.0,entrada,3894
8768,2024-08-10,1,6659.0,entrada,8742
8769,2024-08-10,4,,salida,32987
8770,2024-08-10,3,6660.0,entrada,13446
8771,2024-08-10,4,6654.0,entrada,10963
8772,2024-08-10,3,6664.0,entrada,3240
8773,2024-08-10,4,6656.0,entrada,11309
8774,2024-08-10,3,6658.0,entrada,8515
8775,2024-08-10,1,6657.0,entrada,4647
8776,2024-08-10,2,6655.0,entrada,8234
8777,2024-08-11,4,6679.0,entrada,3824
8778,2024-08-11,2,6680.0,entrada,10234
8779,2024-08-11,4,6681.0,entrada,5005
8780,2024-08-11,2,6682.0,entrada,16424
8781,2024-08-11,2,6565.0,merma,1140
8782,2024-08-11,2,,salida,42268
8783,2024-08-11,3,6676.0,entrada,13949
8784,2024-08-11,3,6675.0,entrada,8644
8785,2024-08-11,1,6673.0,entrada,4929
8786,2024-08-11,2,6672.0,entrada,9672
8787,2024-08-11,1,6671.0,entrada,8454
8788,2024-08-11,2,6670.0,entrada,11361
8789,2024-08-11,4,6669.0,entrada,7303
8790,2024-08-11,1,6678.0,entrada,11535
8791,2024-08-11,3,,salida,22354
8792,2024-08-11,4,6674.0,entrada,8146
8793,2024-08-11,3,6677.0,entrada,5310
8794,2024-08-12,1,,salida,15679
8795,2024-08-12,3,6692.0,entrada,10515
8796,2024-08-12,1,6691.0,entrada,7813
8797,2024-08-12,1,6690.0,entrada,8718
8798,2024-08-12,2,6689.0,entrada,6995
8799,2024-08-12,4,6688.0,entrada,3920
8800,2024-08-12,2,6687.0,entrada,9548
8801,2024-08-12,2,6686.0,entrada,7007
8802,2024-08-12,4,6695.0,entrada,8739
8803,2024-08-12,4,,salida,5303
8804,2024-08-12,1,,salida,20977
8805,2024-08-12,2,6693.0,entrada,11741
8806,2024-08-12,2,6685.0,entrada,8753
8807,2024-08-12,4,6696.0,entrada,4926
8808,2024-08-12,3,6556.0,merma,601
8809,2024-08-12,4,6624.0,merma,754
8810,2024-08-12,4,6639.0,merma,871
8811,2024-08-12,1,,salida,10120
8812,2024-08-12,3,6697.0,entrada,3911
8813,2024-08-12,2,,salida,9768
8814,2024-08-12,1,,salida,8586
8815,2024-08-12,1,6698.0,entrada,15128
8816,2024-08-12,1,6683.0,entrada,6250
8817,2024-08-12,1,6684.0,entrada,11756
8818,2024-08-12,4,6694.0,entrada,3769
8819,2024-08-13,3,,salida,6457
8820,2024-08-13,4,,salida,12677
8821,2024-08-13,3,,salida,5946
8822,2024-08-13,4,,salida,122301
8823,2024-08-13,4,6699.0,entrada,7059
8824,2024-08-13,1,6700.0,entrada,10619
8825,2024-08-13,2,6702.0,entrada,6364
8826,2024-08-13,3,,salida,18024
8827,2024-08-13,3,6701.0,entrada,8006
8828,2024-08-13,2,6714.0,entrada,16000
8829,2024-08-13,2,6713.0,entrada,3609
8830,2024-08-13,1,6711.0,entrada,11632
8831,2024-08-13,4,6710.0,entrada,3225
8832,2024-08-13,3,6709.0,entrada,10295
8833,2024-08-13,2,6712.0,entrada,5041
8834,2024-08-13,4,6707.0,entrada,9114
8835,2024-08-13,2,6706.0,entrada,8515
8836,2024-08-13,4,6705.0,entrada,6806
8837,2024-08-13,2,6704.0,entrada,4935
8838,2024-08-13,2,6703.0,entrada,10268
8839,2024-08-13,3,6708.0,entrada,4924
8840,2024-08-14,2,6724.0,entrada,4596
8841,2024-08-14,3,6730.0,entrada,16775
8842,2024-08-14,2,6729.0,entrada,3182
8843,2024-08-14,3,6728.0,entrada,6054
8844,2024-08-14,3,6727.0,entrada,9773
8845,2024-08-14,2,6725.0,entrada,9728
8846,2024-08-14,4,6723.0,entrada,9062
8847,2024-08-14,3,6716.0,entrada,10531
8848,2024-08-14,4,6721.0,entrada,5420
8849,2024-08-14,2,6720.0,entrada,5289
8850,2024-08-14,2,6719.0,entrada,10766
8851,2024-08-14,3,6718.0,entrada,6814
8852,2024-08-14,2,6717.0,entrada,9031
8853,2024-08-14,4,6715.0,entrada,6497
8854,2024-08-14,1,6722.0,entrada,9549
8855,2024-08-14,1,6726.0,entrada,2628
8856,2024-08-14,3,6675.0,merma,821
8857,2024-08-14,4,,salida,66515
8858,2024-08-14,2,,salida,18331
8859,2024-08-15,3,6744.0,entrada,3400
8860,2024-08-15,2,,salida,7125
8861,2024-08-15,2,6731.0,entrada,6355
8862,2024-08-15,1,6732.0,entrada,9953
8863,2024-08-15,1,6733.0,entrada,5710
8864,2024-08-15,2,6734.0,entrada,10090
8865,2024-08-15,2,,salida,174246
8866,2024-08-15,1,,salida,5161
8867,2024-08-15,1,6735.0,entrada,5737
8868,2024-08-15,4,,salida,1734
8869,2024-08-15,2,6745.0,entrada,14613
8870,2024-08-15,4,6737.0,entrada,9576
8871,2024-08-15,4,6736.0,entrada,7308
8872,2024-08-15,1,6741.0,entrada,10663
8873,2024-08-15,2,6740.0,entrada,9785
8874,2024-08-15,2,6739.0,entrada,4913
8875,2024-08-15,3,6742.0,entrada,3335
8876,2024-08-15,1,6738.0,entrada,14317
8877,2024-08-15,1,6642.0,merma,504
8878,2024-08-15,2,,salida,39248
8879,2024-08-15,4,6743.0,entrada,9877
8880,2024-08-16,3,6749.0,entrada,7013
8881,2024-08-16,1,6762.0,entrada,15715
8882,2024-08-16,4,6761.0,entrada,3563
8883,2024-08-16,4,6760.0,entrada,4558
8884,2024-08-16,1,6759.0,entrada,3315
8885,2024-08-16,2,6758.0,entrada,12724
8886,2024-08-16,4,6757.0,entrada,10122
8887,2024-08-16,4,6756.0,entrada,3718
8888,2024-08-16,2,6755.0,entrada,14921
8889,2024-08-16,3,6753.0,entrada,8246
8890,2024-08-16,3,6750.0,entrada,11158
8891,2024-08-16,3,6754.0,entrada,9150
8892,2024-08-16,1,6748.0,entrada,8365
8893,2024-08-16,3,6747.0,entrada,9997
8894,2024-08-16,4,6682.0,merma,1778
8895,2024-08-16,4,6751.0,entrada,4765
8896,2024-08-16,2,6622.0,merma,186
8897,2024-08-16,2,6746.0,entrada,6727
8898,2024-08-16,4,,salida,10224
8899,2024-08-16,4,6752.0,entrada,5065
8900,2024-08-17,1,6771.0,entrada,12897
8901,2024-08-17,4,6772.0,entrada,9936
8902,2024-08-17,3,6773.0,entrada,11716
8903,2024-08-17,3,6774.0,entrada,10716
8904,2024-08-17,3,,salida,73220
8905,2024-08-17,4,6776.0,entrada,13088
8906,2024-08-17,1,,salida,5393
8907,2024-08-17,1,6770.0,entrada,9003
8908,2024-08-17,2,6720.0,merma,526
8909,2024-08-17,1,6775.0,entrada,4094
8910,2024-08-17,2,6768.0,entrada,4488
8911,2024-08-17,2,6769.0,entrada,7723
8912,2024-08-17,1,6766.0,entrada,7704
8913,2024-08-17,1,6765.0,entrada,10116
8914,2024-08-17,4,6764.0,entrada,10511
8915,2024-08-17,4,6763.0,entrada,6223
8916,2024-08-17,2,,salida,84511
8917,2024-08-17,3,6767.0,entrada,10640
8918,2024-08-18,3,6785.0,entrada,5030
8919,2024-08-18,4,6783.0,entrada,8730
8920,2024-08-18,1,6782.0,entrada,3933
8921,2024-08-18,2,6781.0,entrada,8428
8922,2024-08-18,4,6786.0,entrada,11144
8923,2024-08-18,4,6787.0,entrada,11957
8924,2024-08-18,3,6788.0,entrada,3536
8925,2024-08-18,3,6790.0,entrada,16282
8926,2024-08-18,1,6789.0,entrada,3956
8927,2024-08-18,4,,salida,16210
8928,2024-08-18,2,6779.0,entrada,9389
8929,2024-08-18,1,,salida,175851
8930,2024-08-18,1,,salida,5967
8931,2024-08-18,3,,salida,20022
8932,2024-08-18,4,6780.0,entrada,6099
8933,2024-08-18,2,6784.0,entrada,9957
8934,2024-08-18,2,6778.0,entrada,11020
8935,2024-08-18,4,6777.0,entrada,6484
8936,2024-08-19,4,6806.0,entrada,4985
8937,2024-08-19,1,,salida,20476
8938,2024-08-19,4,,salida,11149
8939,2024-08-19,3,,salida,26192
8940,2024-08-19,4,6805.0,entrada,8851
8941,2024-08-19,4,,salida,24091
8942,2024-08-19,3,6804.0,entrada,3631
8943,2024-08-19,4,6803.0,entrada,12085
8944,2024-08-19,2,6802.0,entrada,9682
8945,2024-08-19,4,6801.0,entrada,5291
8946,2024-08-19,1,6800.0,entrada,15834
8947,2024-08-19,2,6799.0,entrada,8145
8948,2024-08-19,1,6798.0,entrada,7251
8949,2024-08-19,3,,salida,1355
8950,2024-08-19,4,6796.0,entrada,4665
8951,2024-08-19,3,6797.0,entrada,5994
8952,2024-08-19,2,6794.0,entrada,6590
8953,2024-08-19,3,6807.0,entrada,4169
8954,2024-08-19,1,6808.0,entrada,17827
8955,2024-08-19,2,6665.0,merma,913
8956,2024-08-19,2,6795.0,entrada,9774
8957,2024-08-19,2,,salida,17042
8958,2024-08-19,4,6791.0,entrada,6135
8959,2024-08-19,1,6792.0,entrada,11487
8960,2024-08-19,2,6793.0,entrada,9764
8961,2024-08-20,1,6823.0,entrada,4707
8962,2024-08-20,1,6822.0,entrada,10880
8963,2024-08-20,1,6821.0,entrada,3662
8964,2024-08-20,4,6825.0,entrada,13881
8965,2024-08-20,4,6820.0,entrada,10871
8966,2024-08-20,3,6819.0,entrada,11719
8967,2024-08-20,3,,salida,1300
8968,2024-08-20,3,,salida,29875
8969,2024-08-20,3,6824.0,entrada,4178
8970,2024-08-20,3,,salida,2525
8971,2024-08-20,3,6818.0,entrada,4954
8972,2024-08-20,3,6817.0,entrada,13584
8973,2024-08-20,3,6816.0,entrada,9490
8974,2024-08-20,1,6815.0,entrada,8559
8975,2024-08-20,3,6814.0,entrada,6428
8976,2024-08-20,2,6813.0,entrada,4787
8977,2024-08-20,1,6812.0,entrada,9747
8978,2024-08-20,3,6810.0,entrada,8545
8979,2024-08-20,4,6811.0,entrada,7096
8980,2024-08-20,4,,salida,36716
8981,2024-08-20,3,,salida,12784
8982,2024-08-20,3,6809.0,entrada,10017
8983,2024-08-21,4,6835.0,entrada,12678
8984,2024-08-21,3,6837.0,entrada,10813
8985,2024-08-21,1,6836.0,entrada,3514
8986,2024-08-21,2,6838.0,entrada,4678
8987,2024-08-21,2,6839.0,entrada,15303
8988,2024-08-21,4,6834.0,entrada,11227
8989,2024-08-21,3,6833.0,entrada,13969
8990,2024-08-21,2,6832.0,entrada,7883
8991,2024-08-21,2,6716.0,merma,430
8992,2024-08-21,3,,salida,416
8993,2024-08-21,2,6760.0,merma,370
8994,2024-08-21,2,,salida,987
8995,2024-08-21,3,6827.0,entrada,11983
8996,2024-08-21,3,6826.0,entrada,6804
8997,2024-08-21,1,6828.0,entrada,9637
8998,2024-08-21,3,6829.0,entrada,7607
8999,2024-08-21,2,6830.0,entrada,5444
9000,2024-08-21,3,6831.0,entrada,7908
9001,2024-08-21,4,,salida,5059
9002,2024-08-22,2,6843.0,entrada,8063
9003,2024-08-22,1,6743.0,merma,449
9004,2024-08-22,3,6840.0,entrada,6405
9005,2024-08-22,2,6841.0,entrada,10473
9006,2024-08-22,4,6842.0,entrada,8232
9007,2024-08-22,1,6844.0,entrada,4907
9008,2024-08-22,3,6849.0,entrada,10607
9009,2024-08-22,4,6846.0,entrada,8490
9010,2024-08-22,4,6845.0,entrada,7839
9011,2024-08-22,3,6854.0,entrada,16502
9012,2024-08-22,3,6853.0,entrada,4945
9013,2024-08-22,2,6852.0,entrada,10094
9014,2024-08-22,2,,salida,40019
9015,2024-08-22,4,6850.0,entrada,10833
9016,2024-08-22,3,6848.0,entrada,4180
9017,2024-08-22,4,6847.0,entrada,13675
9018,2024-08-22,3,6851.0,entrada,2904
9019,2024-08-23,4,6862.0,entrada,8217
9020,2024-08-23,4,6719.0,merma,985
9021,2024-08-23,1,6858.0,entrada,6531
9022,2024-08-23,1,6748.0,merma,384
9023,2024-08-23,2,6859.0,entrada,12287
9024,2024-08-23,3,6860.0,entrada,5924
9025,2024-08-23,1,6861.0,entrada,7364
9026,2024-08-23,1,6857.0,entrada,9662
9027,2024-08-23,3,6866.0,entrada,3300
9028,2024-08-23,1,6864.0,entrada,10590
9029,2024-08-23,3,6865.0,entrada,12695
9030,2024-08-23,3,6867.0,entrada,10849
9031,2024-08-23,2,6868.0,entrada,4693
9032,2024-08-23,2,6869.0,entrada,3569
9033,2024-08-23,1,6870.0,entrada,15455
9034,2024-08-23,4,6855.0,entrada,6901
9035,2024-08-23,1,6863.0,entrada,5040
9036,2024-08-23,1,6856.0,entrada,10687
9037,2024-08-23,4,,salida,4289
9038,2024-08-23,2,,salida,5195
9039,2024-08-23,4,,salida,13165
9040,2024-08-23,1,,salida,23650
9041,2024-08-23,4,,salida,119602
9042,2024-08-24,1,6886.0,entrada,15620
9043,2024-08-24,4,,salida,10016
9044,2024-08-24,1,6883.0,entrada,10969
9045,2024-08-24,3,6871.0,entrada,6724
9046,2024-08-24,1,6872.0,entrada,9144
9047,2024-08-24,4,6873.0,entrada,5825
9048,2024-08-24,4,6874.0,entrada,10640
9049,2024-08-24,3,6876.0,entrada,6205
9050,2024-08-24,4,6877.0,entrada,8018
9051,2024-08-24,3,6878.0,entrada,9669
9052,2024-08-24,2,6879.0,entrada,15535
9053,2024-08-24,2,6880.0,entrada,4383
9054,2024-08-24,3,6881.0,entrada,10118
9055,2024-08-24,3,6885.0,entrada,3492
9056,2024-08-24,3,6884.0,entrada,5010
9057,2024-08-24,3,6875.0,entrada,3951
9058,2024-08-24,1,,salida,19123
9059,2024-08-24,4,6882.0,entrada,4018
9060,2024-08-24,1,,salida,12056
9061,2024-08-25,2,,salida,4783
9062,2024-08-25,4,,salida,2424
9063,2024-08-25,3,6828.0,merma,461
9064,2024-08-25,4,6813.0,merma,189
9065,2024-08-25,2,6894.0,entrada,13169
9066,2024-08-25,1,6893.0,entrada,9052
9067,2024-08-25,2,6892.0,entrada,9051
9068,2024-08-25,2,6890.0,entrada,4537
9069,2024-08-25,4,6889.0,entrada,6971
9070,2024-08-25,4,6891.0,entrada,6153
9071,2024-08-25,4,6900.0,entrada,14934
9072,2024-08-25,3,,salida,3119
9073,2024-08-25,3,6887.0,entrada,6665
9074,2024-08-25,4,,salida,1692
9075,2024-08-25,1,6888.0,entrada,8629
9076,2024-08-25,4,6895.0,entrada,4574
9077,2024-08-25,2,,salida,424021
9078,2024-08-25,1,6897.0,entrada,9778
9079,2024-08-25,2,6898.0,entrada,3495
9080,2024-08-25,3,6899.0,entrada,3146
9081,2024-08-25,2,6896.0,entrada,10819
9082,2024-08-26,2,,salida,8578
9083,2024-08-26,1,6915.0,entrada,3686
9084,2024-08-26,3,6914.0,entrada,11635
9085,2024-08-26,1,6913.0,entrada,3493
9086,2024-08-26,4,6912.0,entrada,10728
9087,2024-08-26,3,6916.0,entrada,14888
9088,2024-08-26,3,6905.0,entrada,4497
9089,2024-08-26,2,6907.0,entrada,8311
9090,2024-08-26,4,,salida,12672
9091,2024-08-26,1,6911.0,entrada,11512
9092,2024-08-26,3,6910.0,entrada,4987
9093,2024-08-26,3,6909.0,entrada,12509
9094,2024-08-26,3,6901.0,entrada,7118
9095,2024-08-26,4,6908.0,entrada,9090
9096,2024-08-26,1,,salida,20605
9097,2024-08-26,2,6906.0,entrada,5568
9098,2024-08-26,3,6904.0,entrada,8044
9099,2024-08-26,2,6903.0,entrada,8172
9100,2024-08-26,1,6902.0,entrada,11462
9101,2024-08-27,4,6930.0,entrada,3311
9102,2024-08-27,3,6929.0,entrada,8933
9103,2024-08-27,1,6928.0,entrada,3491
9104,2024-08-27,2,6921.0,entrada,4231
9105,2024-08-27,3,6923.0,entrada,8746
9106,2024-08-27,3,6926.0,entrada,5580
9107,2024-08-27,4,6925.0,entrada,13253
9108,2024-08-27,2,6920.0,entrada,7067
9109,2024-08-27,1,6924.0,entrada,8294
9110,2024-08-27,4,6927.0,entrada,9994
9111,2024-08-27,2,6922.0,entrada,5627
9112,2024-08-27,3,,salida,2655
9113,2024-08-27,1,6919.0,entrada,8374
9114,2024-08-27,2,6842.0,merma,848
9115,2024-08-27,1,,salida,78427
9116,2024-08-27,1,6918.0,entrada,11336
9117,2024-08-27,3,6917.0,entrada,7196
9118,2024-08-28,3,6945.0,entrada,15467
9119,2024-08-28,1,6944.0,entrada,3680
9120,2024-08-28,4,6943.0,entrada,5314
9121,2024-08-28,2,6942.0,entrada,3506
9122,2024-08-28,2,6940.0,entrada,5213
9123,2024-08-28,4,6931.0,entrada,10464
9124,2024-08-28,2,6938.0,entrada,8882
9125,2024-08-28,1,6937.0,entrada,9437
9126,2024-08-28,1,6936.0,entrada,6679
9127,2024-08-28,3,6935.0,entrada,4779
9128,2024-08-28,2,6934.0,entrada,10917
9129,2024-08-28,2,6933.0,entrada,6902
9130,2024-08-28,2,6932.0,entrada,9451
9131,2024-08-28,2,6939.0,entrada,11547
9132,2024-08-28,4,6941.0,entrada,9291
9133,2024-08-28,1,,salida,30741
9134,2024-08-28,4,,salida,7750
9135,2024-08-28,2,,salida,18810
9136,2024-08-28,3,,salida,201
9137,2024-08-28,1,,salida,12902
9138,2024-08-28,2,6798.0,merma,838
9139,2024-08-28,2,6868.0,merma,317
9140,2024-08-29,3,,salida,11379
9141,2024-08-29,4,6952.0,entrada,8544
9142,2024-08-29,2,6953.0,entrada,13033
9143,2024-08-29,2,6954.0,entrada,5070
9144,2024-08-29,3,6955.0,entrada,11186
9145,2024-08-29,2,6958.0,entrada,9992
9146,2024-08-29,4,6957.0,entrada,2746
9147,2024-08-29,3,,salida,5856
9148,2024-08-29,2,6959.0,entrada,5000
9149,2024-08-29,1,6960.0,entrada,13959
9150,2024-08-29,4,6956.0,entrada,11388
9151,2024-08-29,4,6950.0,entrada,6397
9152,2024-08-29,2,6951.0,entrada,8504
9153,2024-08-29,3,6948.0,entrada,10981
9154,2024-08-29,3,6947.0,entrada,8336
9155,2024-08-29,3,6946.0,entrada,6472
9156,2024-08-29,4,6906.0,merma,172
9157,2024-08-29,4,6891.0,merma,346
9158,2024-08-29,3,6848.0,merma,470
9159,2024-08-29,2,6819.0,merma,1217
9160,2024-08-29,3,,salida,142047
9161,2024-08-29,4,,salida,10565
9162,2024-08-29,4,6949.0,entrada,4679
9163,2024-08-30,4,6971.0,entrada,3540
9164,2024-08-30,3,6970.0,entrada,4827
9165,2024-08-30,2,6969.0,entrada,11778
9166,2024-08-30,2,6968.0,entrada,3328
9167,2024-08-30,4,6967.0,entrada,10865
9168,2024-08-30,2,6966.0,entrada,12684
9169,2024-08-30,1,6961.0,entrada,11147
9170,2024-08-30,1,6964.0,entrada,4796
9171,2024-08-30,1,6963.0,entrada,10313
9172,2024-08-30,2,6962.0,entrada,6908
9173,2024-08-30,4,,salida,27715
9174,2024-08-30,1,6930.0,merma,176
9175,2024-08-30,2,6965.0,entrada,9379
9176,2024-08-30,1,,salida,205180
9177,2024-08-31,4,6973.0,entrada,9367
9178,2024-08-31,4,6979.0,entrada,4774
9179,2024-08-31,4,6983.0,entrada,9954
9180,2024-08-31,1,6982.0,entrada,3383
9181,2024-08-31,2,6981.0,entrada,11754
9182,2024-08-31,2,6980.0,entrada,9641
9183,2024-08-31,4,6985.0,entrada,3747
9184,2024-08-31,1,6978.0,entrada,8378
9185,2024-08-31,4,6977.0,entrada,6360
9186,2024-08-31,4,6984.0,entrada,4587
9187,2024-08-31,4,6976.0,entrada,4444
9188,2024-08-31,4,6972.0,entrada,5536
9189,2024-08-31,2,,salida,41592
9190,2024-08-31,2,6896.0,merma,705
9191,2024-08-31,2,6975.0,entrada,10090
9192,2024-08-31,3,6974.0,entrada,6464
9193,2024-09-01,3,6998.0,entrada,3741
9194,2024-09-01,4,6997.0,entrada,10921
9195,2024-09-01,4,6996.0,entrada,9969
9196,2024-09-01,3,6995.0,entrada,13008
9197,2024-09-01,2,6989.0,entrada,7369
9198,2024-09-01,3,,salida,2873
9199,2024-09-01,1,6999.0,entrada,10180
9200,2024-09-01,3,7000.0,entrada,4736
9201,2024-09-01,4,7001.0,entrada,3958
9202,2024-09-01,3,6994.0,entrada,10068
9203,2024-09-01,1,6993.0,entrada,7965
9204,2024-09-01,3,6986.0,entrada,5963
9205,2024-09-01,3,6991.0,entrada,4704
9206,2024-09-01,3,6990.0,entrada,9818
9207,2024-09-01,2,6988.0,entrada,9632
9208,2024-09-01,4,6987.0,entrada,10252
9209,2024-09-01,1,,salida,111817
9210,2024-09-01,4,6912.0,merma,1003
9211,2024-09-01,3,6920.0,merma,422
9212,2024-09-01,1,6923.0,merma,984
9213,2024-09-01,4,6958.0,merma,868
9214,2024-09-01,4,6992.0,entrada,6270
9215,2024-09-01,4,7002.0,entrada,14899
9216,2024-09-02,3,7016.0,entrada,3773
9217,2024-09-02,1,,salida,38179
9218,2024-09-02,4,,salida,6316
9219,2024-09-02,1,7008.0,entrada,7992
9220,2024-09-02,4,,salida,5353
9221,2024-09-02,3,,salida,35069
9222,2024-09-02,2,7009.0,entrada,7880
9223,2024-09-02,3,7017.0,entrada,13890
9224,2024-09-02,4,,salida,9737
9225,2024-09-02,4,7007.0,entrada,5343
9226,2024-09-02,1,7014.0,entrada,3406
9227,2024-09-02,3,7005.0,entrada,7039
9228,2024-09-02,1,7004.0,entrada,11385
9229,2024-09-02,3,7006.0,entrada,9531
9230,2024-09-02,2,6881.0,merma,1076
9231,2024-09-02,3,7003.0,entrada,7527
9232,2024-09-02,3,7011.0,entrada,5236
9233,2024-09-02,4,7015.0,entrada,11375
9234,2024-09-02,3,7012.0,entrada,9862
9235,2024-09-02,1,7010.0,entrada,14726
9236,2024-09-02,3,7013.0,entrada,10056
9237,2024-09-03,3,7023.0,entrada,7315
9238,2024-09-03,3,7025.0,entrada,15287
9239,2024-09-03,4,7026.0,entrada,4502
9240,2024-09-03,1,7032.0,entrada,15229
9241,2024-09-03,2,7031.0,entrada,5175
9242,2024-09-03,2,7030.0,entrada,9961
9243,2024-09-03,4,7029.0,entrada,2946
9244,2024-09-03,1,7024.0,entrada,8513
9245,2024-09-03,4,7022.0,entrada,6065
9246,2024-09-03,1,7018.0,entrada,7678
9247,2024-09-03,2,7020.0,entrada,9419
9248,2024-09-03,2,7019.0,entrada,9631
9249,2024-09-03,3,,salida,227454
9250,2024-09-03,3,,salida,10897
9251,2024-09-03,1,7028.0,entrada,12943
9252,2024-09-03,4,,salida,32840
9253,2024-09-03,4,,salida,9783
9254,2024-09-03,4,,salida,82435
9255,2024-09-03,1,,salida,57066
9256,2024-09-03,4,7021.0,entrada,5225
9257,2024-09-03,1,7027.0,entrada,9976
9258,2024-09-04,2,7037.0,entrada,8945
9259,2024-09-04,2,7034.0,entrada,10956
9260,2024-09-04,4,7046.0,entrada,14535
9261,2024-09-04,2,7045.0,entrada,3583
9262,2024-09-04,2,7044.0,entrada,5025
9263,2024-09-04,4,,salida,37403
9264,2024-09-04,4,,salida,50461
9265,2024-09-04,3,,salida,15491
9266,2024-09-04,3,7033.0,entrada,6650
9267,2024-09-04,4,7043.0,entrada,9244
9268,2024-09-04,2,7041.0,entrada,11509
9269,2024-09-04,2,7040.0,entrada,10316
9270,2024-09-04,4,7039.0,entrada,14608
9271,2024-09-04,3,7038.0,entrada,10321
9272,2024-09-04,2,7036.0,entrada,6375
9273,2024-09-04,3,7035.0,entrada,9471
9274,2024-09-04,3,7042.0,entrada,3510
9275,2024-09-04,2,,salida,7744
9276,2024-09-05,4,7003.0,merma,499
9277,2024-09-05,4,7061.0,entrada,13765
9278,2024-09-05,4,7058.0,entrada,9865
9279,2024-09-05,4,7060.0,entrada,3622
9280,2024-09-05,4,7059.0,entrada,5162
9281,2024-09-05,4,7057.0,entrada,3175
9282,2024-09-05,1,7056.0,entrada,10364
9283,2024-09-05,2,7055.0,entrada,4906
9284,2024-09-05,1,7054.0,entrada,13512
9285,2024-09-05,3,7053.0,entrada,8071
9286,2024-09-05,1,7051.0,entrada,5244
9287,2024-09-05,3,7050.0,entrada,10144
9288,2024-09-05,4,7052.0,entrada,7168
9289,2024-09-05,4,7048.0,entrada,8517
9290,2024-09-05,2,7047.0,entrada,7098
9291,2024-09-05,4,,salida,28694
9292,2024-09-05,4,6944.0,merma,233
9293,2024-09-05,4,,salida,15251
9294,2024-09-05,1,,salida,17437
9295,2024-09-05,1,,salida,13268
9296,2024-09-05,4,7049.0,entrada,7635
9297,2024-09-05,3,,salida,9370
9298,2024-09-05,4,,salida,87752
9299,2024-09-06,4,7071.0,entrada,10039
9300,2024-09-06,2,7072.0,entrada,3063
9301,2024-09-06,1,7075.0,entrada,15588
9302,2024-09-06,4,7074.0,entrada,3407
9303,2024-09-06,4,7070.0,entrada,5397
9304,2024-09-06,3,7073.0,entrada,11325
9305,2024-09-06,2,7069.0,entrada,13904
9306,2024-09-06,2,,salida,80592
9307,2024-09-06,4,7067.0,entrada,8449
9308,2024-09-06,4,7066.0,entrada,4501
9309,2024-09-06,2,7065.0,entrada,8831
9310,2024-09-06,3,7064.0,entrada,7282
9311,2024-09-06,4,7063.0,entrada,9440
9312,2024-09-06,3,7062.0,entrada,6954
9313,2024-09-06,4,,salida,33087
9314,2024-09-06,2,,salida,55063
9315,2024-09-06,1,7068.0,entrada,8143
9316,2024-09-06,3,6949.0,merma,421
9317,2024-09-07,4,7090.0,entrada,3940
9318,2024-09-07,1,7081.0,entrada,6961
9319,2024-09-07,2,7082.0,entrada,7638
9320,2024-09-07,4,7080.0,entrada,3994
9321,2024-09-07,2,7083.0,entrada,9259
9322,2024-09-07,4,7084.0,entrada,12072
9323,2024-09-07,3,7085.0,entrada,9948
9324,2024-09-07,2,7086.0,entrada,10030
9325,2024-09-07,3,,salida,43058
9326,2024-09-07,3,,salida,5847
9327,2024-09-07,4,7087.0,entrada,3167
9328,2024-09-07,3,7091.0,entrada,14540
9329,2024-09-07,2,7088.0,entrada,10264
9330,2024-09-07,1,,salida,28394
9331,2024-09-07,4,7079.0,entrada,10362
9332,2024-09-07,1,7078.0,entrada,6608
9333,2024-09-07,3,7089.0,entrada,5449
9334,2024-09-07,1,7077.0,entrada,9208
9335,2024-09-07,4,7076.0,entrada,10674
9336,2024-09-08,3,7097.0,entrada,6495
9337,2024-09-08,2,7106.0,entrada,14646
9338,2024-09-08,2,7105.0,entrada,3176
9339,2024-09-08,4,7104.0,entrada,4722
9340,2024-09-08,3,7098.0,entrada,8618
9341,2024-09-08,2,7102.0,entrada,3540
9342,2024-09-08,4,7101.0,entrada,4385
9343,2024-09-08,1,7103.0,entrada,11782
9344,2024-09-08,3,7093.0,entrada,9322
9345,2024-09-08,2,7094.0,entrada,8631
9346,2024-09-08,2,7100.0,entrada,13602
9347,2024-09-08,4,7099.0,entrada,8754
9348,2024-09-08,3,,salida,35610
9349,2024-09-08,3,7096.0,entrada,4979
9350,2024-09-08,4,7092.0,entrada,7393
9351,2024-09-08,2,7095.0,entrada,7468
9352,2024-09-09,2,7115.0,entrada,4827
9353,2024-09-09,4,7113.0,entrada,8491
9354,2024-09-09,4,7112.0,entrada,7820
9355,2024-09-09,2,7109.0,entrada,6639
9356,2024-09-09,4,7110.0,entrada,4533
9357,2024-09-09,4,7108.0,entrada,8292
9358,2024-09-09,4,7107.0,entrada,6716
9359,2024-09-09,3,7116.0,entrada,10732
9360,2024-09-09,3,7111.0,entrada,5846
9361,2024-09-09,1,7117.0,entrada,12584
9362,2024-09-09,4,7114.0,entrada,12803
9363,2024-09-09,3,7119.0,entrada,4459
9364,2024-09-09,3,7120.0,entrada,3977
9365,2024-09-09,3,7121.0,entrada,15605
9366,2024-09-09,4,7066.0,merma,232
9367,2024-09-09,4,7063.0,merma,1040
9368,2024-09-09,4,7056.0,merma,1000
9369,2024-09-09,2,6984.0,merma,239
9370,2024-09-09,2,,salida,94578
9371,2024-09-09,1,7118.0,entrada,10809
9372,2024-09-10,3,7086.0,merma,762
9373,2024-09-10,2,6993.0,merma,734
9374,2024-09-10,1,,salida,28488
9375,2024-09-10,4,,salida,40978
9376,2024-09-10,3,,salida,7973
9377,2024-09-10,4,7136.0,entrada,13525
9378,2024-09-10,3,7135.0,entrada,3276
9379,2024-09-10,4,7133.0,entrada,9680
9380,2024-09-10,1,7132.0,entrada,3524
9381,2024-09-10,1,7131.0,entrada,10978
9382,2024-09-10,2,7130.0,entrada,10322
9383,2024-09-10,1,7129.0,entrada,14513
9384,2024-09-10,2,7128.0,entrada,8234
9385,2024-09-10,4,7127.0,entrada,6257
9386,2024-09-10,1,7126.0,entrada,4794
9387,2024-09-10,2,7125.0,entrada,9780
9388,2024-09-10,1,7123.0,entrada,10076
9389,2024-09-10,2,7122.0,entrada,6266
9390,2024-09-10,2,7134.0,entrada,4717
9391,2024-09-10,3,7124.0,entrada,6481
9392,2024-09-11,1,7059.0,merma,615
9393,2024-09-11,1,7068.0,merma,755
9394,2024-09-11,1,7096.0,merma,476
9395,2024-09-11,4,7150.0,entrada,3974
9396,2024-09-11,4,7137.0,entrada,10011
9397,2024-09-11,1,7149.0,entrada,5860
9398,2024-09-11,4,7148.0,entrada,10248
9399,2024-09-11,1,7147.0,entrada,3565
9400,2024-09-11,1,7146.0,entrada,11431
9401,2024-09-11,3,7145.0,entrada,11572
9402,2024-09-11,3,7144.0,entrada,4329
9403,2024-09-11,4,7151.0,entrada,13268
9404,2024-09-11,3,7143.0,entrada,11115
9405,2024-09-11,2,,salida,2497
9406,2024-09-11,2,,salida,96520
9407,2024-09-11,3,7141.0,entrada,6316
9408,2024-09-11,1,,salida,12963
9409,2024-09-11,2,7140.0,entrada,12718
9410,2024-09-11,3,7139.0,entrada,6494
9411,2024-09-11,1,7138.0,entrada,9272
9412,2024-09-11,3,7142.0,entrada,8913
9413,2024-09-11,4,,salida,35281
9414,2024-09-12,4,7110.0,merma,378
9415,2024-09-12,3,,salida,20571
9416,2024-09-12,1,7158.0,entrada,8855
9417,2024-09-12,1,7154.0,entrada,5934
9418,2024-09-12,2,7155.0,entrada,11317
9419,2024-09-12,1,7156.0,entrada,4609
9420,2024-09-12,1,,salida,70801
9421,2024-09-12,4,7157.0,entrada,5733
9422,2024-09-12,3,7159.0,entrada,8917
9423,2024-09-12,4,7160.0,entrada,14299
9424,2024-09-12,4,7161.0,entrada,4645
9425,2024-09-12,2,7162.0,entrada,11020
9426,2024-09-12,3,7153.0,entrada,7891
9427,2024-09-12,3,7163.0,entrada,9545
9428,2024-09-12,3,7165.0,entrada,9509
9429,2024-09-12,1,7166.0,entrada,4737
9430,2024-09-12,3,7167.0,entrada,3586
9431,2024-09-12,4,7168.0,entrada,16243
9432,2024-09-12,3,,salida,41139
9433,2024-09-12,2,,salida,16884
9434,2024-09-12,3,,salida,157078
9435,2024-09-12,4,7164.0,entrada,3521
9436,2024-09-12,2,7152.0,entrada,10877
9437,2024-09-13,1,7179.0,entrada,9242
9438,2024-09-13,4,,salida,77078
9439,2024-09-13,4,,salida,5381
9440,2024-09-13,1,7180.0,entrada,10208
9441,2024-09-13,2,7177.0,entrada,11559
9442,2024-09-13,1,7181.0,entrada,3421
9443,2024-09-13,2,7169.0,entrada,6374
9444,2024-09-13,4,7170.0,entrada,11689
9445,2024-09-13,3,7171.0,entrada,9089
9446,2024-09-13,3,7172.0,entrada,9190
9447,2024-09-13,4,7173.0,entrada,4275
9448,2024-09-13,3,7174.0,entrada,6008
9449,2024-09-13,4,7178.0,entrada,6052
9450,2024-09-13,1,7175.0,entrada,8313
9451,2024-09-13,1,7182.0,entrada,9660
9452,2024-09-13,2,7184.0,entrada,13035
9453,2024-09-13,2,7074.0,merma,304
9454,2024-09-13,1,7183.0,entrada,3326
9455,2024-09-13,4,7176.0,entrada,7698
9456,2024-09-14,1,7186.0,entrada,8830
9457,2024-09-14,3,7185.0,entrada,6013
9458,2024-09-14,4,7196.0,entrada,14211
9459,2024-09-14,3,7195.0,entrada,3861
9460,2024-09-14,4,7193.0,entrada,13863
9461,2024-09-14,2,7192.0,entrada,3582
9462,2024-09-14,3,7191.0,entrada,11968
9463,2024-09-14,4,7194.0,entrada,4814
9464,2024-09-14,1,,salida,9201
9465,2024-09-14,2,7189.0,entrada,10187
9466,2024-09-14,4,7188.0,entrada,7150
9467,2024-09-14,1,7187.0,entrada,4838
9468,2024-09-14,2,7144.0,merma,257
9469,2024-09-14,2,7190.0,entrada,5310
9470,2024-09-15,2,7207.0,entrada,11103
9471,2024-09-15,2,7064.0,merma,223
9472,2024-09-15,1,7211.0,entrada,3964
9473,2024-09-15,3,7210.0,entrada,4831
9474,2024-09-15,4,7209.0,entrada,2736
9475,2024-09-15,3,7208.0,entrada,11756
9476,2024-09-15,1,7206.0,entrada,13884
9477,2024-09-15,3,7200.0,entrada,6235
9478,2024-09-15,4,7204.0,entrada,10322
9479,2024-09-15,2,7203.0,entrada,6995
9480,2024-09-15,3,7202.0,entrada,4488
9481,2024-09-15,2,7201.0,entrada,9710
9482,2024-09-15,1,,salida,30488
9483,2024-09-15,4,7199.0,entrada,9510
9484,2024-09-15,1,7197.0,entrada,6434
9485,2024-09-15,2,,salida,18076
9486,2024-09-15,1,,salida,29981
9487,2024-09-15,4,7205.0,entrada,9545
9488,2024-09-15,1,7198.0,entrada,10758
9489,2024-09-16,4,7226.0,entrada,4583
9490,2024-09-16,4,7214.0,entrada,8802
9491,2024-09-16,2,7212.0,entrada,6198
9492,2024-09-16,3,7227.0,entrada,3561
9493,2024-09-16,2,7225.0,entrada,10909
9494,2024-09-16,2,7224.0,entrada,3423
9495,2024-09-16,1,7223.0,entrada,13012
9496,2024-09-16,2,7222.0,entrada,10222
9497,2024-09-16,4,7221.0,entrada,5399
9498,2024-09-16,3,7220.0,entrada,13845
9499,2024-09-16,2,7228.0,entrada,14816
9500,2024-09-16,2,,salida,22634
9501,2024-09-16,4,7219.0,entrada,8542
9502,2024-09-16,3,,salida,33580
9503,2024-09-16,2,7215.0,entrada,5766
9504,2024-09-16,4,7216.0,entrada,9378
9505,2024-09-16,2,7213.0,entrada,11072
9506,2024-09-16,1,7217.0,entrada,4734
9507,2024-09-16,2,7218.0,entrada,9491
9508,2024-09-16,1,,salida,8177
9509,2024-09-16,4,,salida,45870
9510,2024-09-17,2,7245.0,entrada,15944
9511,2024-09-17,3,7244.0,entrada,3903
9512,2024-09-17,1,7243.0,entrada,4945
9513,2024-09-17,3,7242.0,entrada,9697
9514,2024-09-17,1,7241.0,entrada,3109
9515,2024-09-17,4,7240.0,entrada,12637
9516,2024-09-17,2,7239.0,entrada,9323
9517,2024-09-17,3,7237.0,entrada,12945
9518,2024-09-17,1,7236.0,entrada,8421
9519,2024-09-17,3,7235.0,entrada,8809
9520,2024-09-17,1,7233.0,entrada,3715
9521,2024-09-17,4,7232.0,entrada,9112
9522,2024-09-17,3,7231.0,entrada,6866
9523,2024-09-17,4,7230.0,entrada,11299
9524,2024-09-17,1,7238.0,entrada,4763
9525,2024-09-17,3,7234.0,entrada,6797
9526,2024-09-17,3,7229.0,entrada,7701
9527,2024-09-17,1,,salida,2475
9528,2024-09-17,3,,salida,29083
9529,2024-09-17,3,,salida,2880
9530,2024-09-17,4,,salida,3651
9531,2024-09-17,4,,salida,35737
9532,2024-09-17,2,,salida,5705
9533,2024-09-18,1,7258.0,entrada,3015
9534,2024-09-18,2,7257.0,entrada,5310
9535,2024-09-18,2,7256.0,entrada,11488
9536,2024-09-18,1,7246.0,entrada,7264
9537,2024-09-18,2,7247.0,entrada,10856
9538,2024-09-18,3,7250.0,entrada,7826
9539,2024-09-18,3,7249.0,entrada,5734
9540,2024-09-18,4,7259.0,entrada,15555
9541,2024-09-18,2,7251.0,entrada,9590
9542,2024-09-18,4,7252.0,entrada,14019
9543,2024-09-18,1,7253.0,entrada,10597
9544,2024-09-18,4,7248.0,entrada,9548
9545,2024-09-18,1,7254.0,entrada,11200
9546,2024-09-18,3,7255.0,entrada,3709
9547,2024-09-18,1,7194.0,merma,303
9548,2024-09-18,2,,salida,16775
9549,2024-09-18,3,7153.0,merma,431
9550,2024-09-18,4,,salida,672
9551,2024-09-19,1,7268.0,entrada,12382
9552,2024-09-19,2,7157.0,merma,269
9553,2024-09-19,2,7124.0,merma,424
9554,2024-09-19,3,7274.0,entrada,18366
9555,2024-09-19,2,7273.0,entrada,11104
9556,2024-09-19,4,7272.0,entrada,3353
9557,2024-09-19,2,7271.0,entrada,11843
9558,2024-09-19,4,7270.0,entrada,10583
9559,2024-09-19,1,7269.0,entrada,5301
9560,2024-09-19,4,7260.0,entrada,6781
9561,2024-09-19,1,7261.0,entrada,10391
9562,2024-09-19,1,7262.0,entrada,9262
9563,2024-09-19,2,7263.0,entrada,6733
9564,2024-09-19,4,7264.0,entrada,9650
9565,2024-09-19,1,7265.0,entrada,4259
9566,2024-09-19,3,7267.0,entrada,8920
9567,2024-09-19,1,7266.0,entrada,5519
9568,2024-09-19,2,7222.0,merma,1126
9569,2024-09-19,2,7221.0,merma,605
9570,2024-09-19,2,,salida,21255
9571,2024-09-19,2,,salida,121901
9572,2024-09-19,4,,salida,27590
9573,2024-09-19,4,,salida,48354
9574,2024-09-19,3,,salida,24108
9575,2024-09-19,1,,salida,10546
9576,2024-09-20,3,7282.0,entrada,12710
9577,2024-09-20,4,7279.0,entrada,5082
9578,2024-09-20,3,7280.0,entrada,6784
9579,2024-09-20,2,7281.0,entrada,7966
9580,2024-09-20,1,7284.0,entrada,11122
9581,2024-09-20,4,7278.0,entrada,10996
9582,2024-09-20,3,7285.0,entrada,3401
9583,2024-09-20,1,7286.0,entrada,11742
9584,2024-09-20,1,7287.0,entrada,4454
9585,2024-09-20,4,7288.0,entrada,4072
9586,2024-09-20,1,7289.0,entrada,16756
9587,2024-09-20,3,7283.0,entrada,5240
9588,2024-09-20,2,7277.0,entrada,6337
9589,2024-09-20,3,7276.0,entrada,9996
9590,2024-09-20,1,7275.0,entrada,7588
9591,2024-09-20,4,,salida,66287
9592,2024-09-20,2,,salida,1183
9593,2024-09-20,1,7156.0,merma,265
9594,2024-09-20,3,,salida,5828
9595,2024-09-20,2,7177.0,merma,1002
9596,2024-09-20,4,,salida,42424
9597,2024-09-21,2,7302.0,entrada,11703
9598,2024-09-21,1,7297.0,entrada,10401
9599,2024-09-21,2,7305.0,entrada,14268
9600,2024-09-21,2,7304.0,entrada,3624
9601,2024-09-21,2,7195.0,merma,350
9602,2024-09-21,4,7301.0,entrada,2984
9603,2024-09-21,1,7300.0,entrada,9361
9604,2024-09-21,3,7299.0,entrada,4829
9605,2024-09-21,2,7298.0,entrada,14459
9606,2024-09-21,1,,salida,44809
9607,2024-09-21,3,7296.0,entrada,9170
9608,2024-09-21,1,7303.0,entrada,4754
9609,2024-09-21,2,7294.0,entrada,4712
9610,2024-09-21,2,7293.0,entrada,11017
9611,2024-09-21,3,7292.0,entrada,6266
9612,2024-09-21,4,7291.0,entrada,9359
9613,2024-09-21,1,7290.0,entrada,10779
9614,2024-09-21,2,,salida,8440
9615,2024-09-21,3,,salida,29763
9616,2024-09-21,2,,salida,95012
9617,2024-09-21,3,,salida,27134
9618,2024-09-21,4,7243.0,merma,390
9619,2024-09-21,2,7295.0,entrada,6562
9620,2024-09-22,1,7319.0,entrada,3669
9621,2024-09-22,4,7320.0,entrada,8998
9622,2024-09-22,2,7321.0,entrada,4673
9623,2024-09-22,1,,salida,49905
9624,2024-09-22,3,7318.0,entrada,12460
9625,2024-09-22,2,,salida,10018
9626,2024-09-22,4,7322.0,entrada,13940
9627,2024-09-22,4,7317.0,entrada,10516
9628,2024-09-22,1,,salida,1285
9629,2024-09-22,4,7315.0,entrada,12632
9630,2024-09-22,1,7314.0,entrada,8784
9631,2024-09-22,3,7313.0,entrada,8503
9632,2024-09-22,4,7312.0,entrada,6821
9633,2024-09-22,1,7311.0,entrada,4574
9634,2024-09-22,2,7310.0,entrada,11328
9635,2024-09-22,1,7309.0,entrada,7171
9636,2024-09-22,3,7316.0,entrada,4451
9637,2024-09-22,3,7308.0,entrada,7912
9638,2024-09-22,1,,salida,14197
9639,2024-09-22,2,7306.0,entrada,6317
9640,2024-09-22,1,7307.0,entrada,9787
9641,2024-09-23,3,,salida,12003
9642,2024-09-23,3,,salida,3099
9643,2024-09-23,4,7336.0,entrada,18754
9644,2024-09-23,3,7285.0,merma,312
9645,2024-09-23,4,7236.0,merma,383
9646,2024-09-23,3,,salida,4139
9647,2024-09-23,1,7335.0,entrada,3484
9648,2024-09-23,1,7332.0,entrada,3563
9649,2024-09-23,1,7262.0,merma,696
9650,2024-09-23,2,7333.0,entrada,9300
9651,2024-09-23,3,,salida,4235
9652,2024-09-23,4,7331.0,entrada,11566
9653,2024-09-23,1,7330.0,entrada,10393
9654,2024-09-23,1,7329.0,entrada,6395
9655,2024-09-23,2,7328.0,entrada,7806
9656,2024-09-23,4,7327.0,entrada,4663
9657,2024-09-23,4,7326.0,entrada,9510
9658,2024-09-23,3,7325.0,entrada,6609
9659,2024-09-23,1,7324.0,entrada,9566
9660,2024-09-23,3,7334.0,entrada,4910
9661,2024-09-23,3,7323.0,entrada,7612
9662,2024-09-24,4,,salida,17655
9663,2024-09-24,4,,salida,66641
9664,2024-09-24,1,,salida,18386
9665,2024-09-24,1,7214.0,merma,1003
9666,2024-09-24,2,7292.0,merma,342
9667,2024-09-24,4,7344.0,entrada,10031
9668,2024-09-24,1,7349.0,entrada,3544
9669,2024-09-24,3,7352.0,entrada,16726
9670,2024-09-24,4,7351.0,entrada,3417
9671,2024-09-24,4,7350.0,entrada,9386
9672,2024-09-24,1,7348.0,entrada,11594
9673,2024-09-24,2,7347.0,entrada,10236
9674,2024-09-24,1,7345.0,entrada,12243
9675,2024-09-24,1,7346.0,entrada,5006
9676,2024-09-24,4,7342.0,entrada,7221
9677,2024-09-24,1,7341.0,entrada,4130
9678,2024-09-24,4,7340.0,entrada,10594
9679,2024-09-24,2,7339.0,entrada,7089
9680,2024-09-24,3,7338.0,entrada,9462
9681,2024-09-24,3,7337.0,entrada,11079
9682,2024-09-24,3,7343.0,entrada,8014
9683,2024-09-25,2,7320.0,merma,351
9684,2024-09-25,1,7366.0,entrada,3172
9685,2024-09-25,4,7367.0,entrada,9435
9686,2024-09-25,1,7369.0,entrada,3641
9687,2024-09-25,2,7368.0,entrada,4831
9688,2024-09-25,2,7259.0,merma,1566
9689,2024-09-25,2,,salida,34800
9690,2024-09-25,1,,salida,672
9691,2024-09-25,1,7365.0,entrada,12730
9692,2024-09-25,1,7370.0,entrada,16143
9693,2024-09-25,3,7364.0,entrada,10519
9694,2024-09-25,2,7358.0,entrada,5071
9695,2024-09-25,3,7362.0,entrada,15690
9696,2024-09-25,2,7353.0,entrada,6222
9697,2024-09-25,4,7354.0,entrada,11479
9698,2024-09-25,3,7363.0,entrada,4931
9699,2024-09-25,3,7356.0,entrada,6424
9700,2024-09-25,1,7355.0,entrada,8286
9701,2024-09-25,2,7359.0,entrada,6476
9702,2024-09-25,3,7360.0,entrada,9075
9703,2024-09-25,3,7361.0,entrada,8371
9704,2024-09-25,4,7357.0,entrada,10722
9705,2024-09-26,4,7384.0,entrada,10470
9706,2024-09-26,3,7265.0,merma,249
9707,2024-09-26,3,,salida,10655
9708,2024-09-26,2,,salida,6120
9709,2024-09-26,1,7386.0,entrada,15508
9710,2024-09-26,1,7385.0,entrada,3581
9711,2024-09-26,2,7383.0,entrada,3183
9712,2024-09-26,4,7374.0,entrada,7014
9713,2024-09-26,4,7381.0,entrada,9656
9714,2024-09-26,1,7380.0,entrada,12897
9715,2024-09-26,1,7379.0,entrada,9852
9716,2024-09-26,2,7378.0,entrada,9394
9717,2024-09-26,2,7377.0,entrada,6121
9718,2024-09-26,2,7376.0,entrada,5203
9719,2024-09-26,3,7382.0,entrada,11940
9720,2024-09-26,2,7375.0,entrada,9819
9721,2024-09-26,3,7373.0,entrada,8844
9722,2024-09-26,4,7372.0,entrada,8681
9723,2024-09-26,1,7371.0,entrada,6682
9724,2024-09-27,3,7403.0,entrada,15753
9725,2024-09-27,1,7314.0,merma,277
9726,2024-09-27,2,7296.0,merma,816
9727,2024-09-27,2,,salida,219701
9728,2024-09-27,1,,salida,14414
9729,2024-09-27,4,,salida,53181
9730,2024-09-27,1,,salida,52211
9731,2024-09-27,2,7402.0,entrada,3743
9732,2024-09-27,1,7391.0,entrada,9576
9733,2024-09-27,3,7400.0,entrada,9743
9734,2024-09-27,3,7387.0,entrada,6310
9735,2024-09-27,3,7388.0,entrada,9840
9736,2024-09-27,3,7389.0,entrada,8992
9737,2024-09-27,4,7390.0,entrada,7635
9738,2024-09-27,1,7392.0,entrada,4629
9739,2024-09-27,3,7393.0,entrada,6369
9740,2024-09-27,2,7394.0,entrada,9346
9741,2024-09-27,3,7395.0,entrada,8626
9742,2024-09-27,4,7396.0,entrada,4965
9743,2024-09-27,3,7397.0,entrada,10222
9744,2024-09-27,1,7401.0,entrada,5584
9745,2024-09-27,4,7399.0,entrada,3454
9746,2024-09-27,3,7398.0,entrada,12834
9747,2024-09-28,3,7417.0,entrada,11898
9748,2024-09-28,2,,salida,14024
9749,2024-09-28,4,,salida,89064
9750,2024-09-28,4,7404.0,entrada,6034
9751,2024-09-28,2,7405.0,entrada,11235
9752,2024-09-28,4,7406.0,entrada,8923
9753,2024-09-28,4,,salida,10411
9754,2024-09-28,1,,salida,6719
9755,2024-09-28,4,,salida,5925
9756,2024-09-28,2,7407.0,entrada,7238
9757,2024-09-28,1,,salida,28288
9758,2024-09-28,2,7408.0,entrada,11520
9759,2024-09-28,1,7416.0,entrada,3204
9760,2024-09-28,3,,salida,554
9761,2024-09-28,3,7409.0,entrada,5059
9762,2024-09-28,1,7410.0,entrada,6816
9763,2024-09-28,3,7411.0,entrada,8832
9764,2024-09-28,4,7412.0,entrada,7741
9765,2024-09-28,4,7413.0,entrada,14113
9766,2024-09-28,2,7414.0,entrada,5113
9767,2024-09-28,2,7415.0,entrada,11042
9768,2024-09-28,3,7324.0,merma,774
9769,2024-09-28,1,7420.0,entrada,13588
9770,2024-09-28,2,7419.0,entrada,3669
9771,2024-09-28,4,7418.0,entrada,5232
9772,2024-09-28,2,,salida,18594
9773,2024-09-29,2,,salida,14233
9774,2024-09-29,1,7329.0,merma,684
9775,2024-09-29,1,,salida,227
9776,2024-09-29,4,7421.0,entrada,7288
9777,2024-09-29,3,7433.0,entrada,3511
9778,2024-09-29,4,7436.0,entrada,15610
9779,2024-09-29,4,7435.0,entrada,4091
9780,2024-09-29,2,7434.0,entrada,11761
9781,2024-09-29,4,7432.0,entrada,11832
9782,2024-09-29,2,7431.0,entrada,10294
9783,2024-09-29,3,7430.0,entrada,5584
9784,2024-09-29,4,7428.0,entrada,8791
9785,2024-09-29,2,7429.0,entrada,13127
9786,2024-09-29,4,7426.0,entrada,5812
9787,2024-09-29,1,7425.0,entrada,4284
9788,2024-09-29,1,7424.0,entrada,10392
9789,2024-09-29,4,7423.0,entrada,9261
9790,2024-09-29,2,7422.0,entrada,12467
9791,2024-09-29,3,7427.0,entrada,8160
9792,2024-09-30,4,,salida,39904
9793,2024-09-30,2,7441.0,entrada,10725
9794,2024-09-30,4,7442.0,entrada,4202
9795,2024-09-30,2,7440.0,entrada,7056
9796,2024-09-30,1,7439.0,entrada,10053
9797,2024-09-30,4,7447.0,entrada,5013
9798,2024-09-30,4,7438.0,entrada,10723
9799,2024-09-30,3,7437.0,entrada,7821
9800,2024-09-30,1,,salida,35903
9801,2024-09-30,4,7443.0,entrada,5876
9802,2024-09-30,4,7371.0,merma,215
9803,2024-09-30,4,,salida,23680
9804,2024-09-30,4,7446.0,entrada,13907
9805,2024-09-30,1,7396.0,merma,154
9806,2024-09-30,3,7445.0,entrada,9389
9807,2024-09-30,4,7448.0,entrada,9174
9808,2024-09-30,1,,salida,86588
9809,2024-09-30,4,7449.0,entrada,2806
9810,2024-09-30,4,,salida,40355
9811,2024-09-30,2,7450.0,entrada,10201
9812,2024-09-30,4,7451.0,entrada,5655
9813,2024-09-30,2,7452.0,entrada,15504
9814,2024-09-30,1,7444.0,entrada,6168
9815,2024-10-01,4,7453.0,entrada,6026
9816,2024-10-01,3,7454.0,entrada,10082
9817,2024-10-01,1,7455.0,entrada,9801
9818,2024-10-01,3,7456.0,entrada,6781
9819,2024-10-01,4,7457.0,entrada,4503
9820,2024-10-01,4,7458.0,entrada,8526
9821,2024-10-01,4,7459.0,entrada,8763
9822,2024-10-01,4,7461.0,entrada,10190
9823,2024-10-01,3,7462.0,entrada,3261
9824,2024-10-01,2,7463.0,entrada,11802
9825,2024-10-01,1,7464.0,entrada,5081
9826,2024-10-01,1,7465.0,entrada,3825
9827,2024-10-01,3,7466.0,entrada,14301
9828,2024-10-01,3,7460.0,entrada,14382
9829,2024-10-01,1,,salida,100116
9830,2024-10-02,1,,salida,31868
9831,2024-10-02,4,,salida,32572
9832,2024-10-02,1,,salida,3226
9833,2024-10-02,1,7325.0,merma,730
9834,2024-10-02,2,,salida,29599
9835,2024-10-02,4,7478.0,entrada,4034
9836,2024-10-02,2,7473.0,entrada,8876
9837,2024-10-02,2,7467.0,entrada,7091
9838,2024-10-02,3,7468.0,entrada,8073
9839,2024-10-02,2,7469.0,entrada,6918
9840,2024-10-02,4,7470.0,entrada,9210
9841,2024-10-02,2,7471.0,entrada,5155
9842,2024-10-02,2,7472.0,entrada,8327
9843,2024-10-02,2,7479.0,entrada,14752
9844,2024-10-02,1,7474.0,entrada,14806
9845,2024-10-02,2,7475.0,entrada,4998
9846,2024-10-02,4,7476.0,entrada,9683
9847,2024-10-02,4,7477.0,entrada,3881
9848,2024-10-03,3,7489.0,entrada,4875
9849,2024-10-03,3,7490.0,entrada,10816
9850,2024-10-03,4,7491.0,entrada,11441
9851,2024-10-03,1,7492.0,entrada,3512
9852,2024-10-03,3,7484.0,entrada,9741
9853,2024-10-03,1,7493.0,entrada,9838
9854,2024-10-03,4,7494.0,entrada,3575
9855,2024-10-03,2,7495.0,entrada,17285
9856,2024-10-03,1,7378.0,merma,392
9857,2024-10-03,1,7488.0,entrada,14620
9858,2024-10-03,4,7487.0,entrada,9933
9859,2024-10-03,4,7447.0,merma,562
9860,2024-10-03,2,7485.0,entrada,4347
9861,2024-10-03,4,,salida,18574
9862,2024-10-03,1,7483.0,entrada,6734
9863,2024-10-03,4,7482.0,entrada,9469
9864,2024-10-03,3,7481.0,entrada,11882
9865,2024-10-03,3,7480.0,entrada,6432
9866,2024-10-03,2,,salida,10239
9867,2024-10-03,3,7486.0,entrada,6267
9868,2024-10-04,3,7505.0,entrada,10860
9869,2024-10-04,4,7502.0,entrada,8364
9870,2024-10-04,4,7501.0,entrada,4681
9871,2024-10-04,2,7500.0,entrada,10105
9872,2024-10-04,3,7496.0,entrada,6521
9873,2024-10-04,3,7498.0,entrada,9979
9874,2024-10-04,2,7497.0,entrada,10152
9875,2024-10-04,1,,salida,122866
9876,2024-10-04,1,,salida,932
9877,2024-10-04,4,7504.0,entrada,5640
9878,2024-10-04,3,7499.0,entrada,6823
9879,2024-10-04,4,7506.0,entrada,12813
9880,2024-10-04,3,7503.0,entrada,9178
9881,2024-10-04,3,7507.0,entrada,3438
9882,2024-10-04,4,7508.0,entrada,4266
9883,2024-10-04,1,7509.0,entrada,3317
9884,2024-10-05,1,7524.0,entrada,17970
9885,2024-10-05,1,7517.0,entrada,8486
9886,2024-10-05,4,7518.0,entrada,13588
9887,2024-10-05,1,7519.0,entrada,5537
9888,2024-10-05,4,7520.0,entrada,13039
9889,2024-10-05,2,7521.0,entrada,3932
9890,2024-10-05,3,7514.0,entrada,4598
9891,2024-10-05,1,7522.0,entrada,10028
9892,2024-10-05,2,7523.0,entrada,4046
9893,2024-10-05,2,7513.0,entrada,9337
9894,2024-10-05,1,7516.0,entrada,7444
9895,2024-10-05,2,7512.0,entrada,9299
9896,2024-10-05,1,7511.0,entrada,10021
9897,2024-10-05,2,7515.0,entrada,6225
9898,2024-10-05,4,,salida,117996
9899,2024-10-05,3,,salida,11942
9900,2024-10-05,2,7510.0,entrada,6463
9901,2024-10-06,1,,salida,7536
9902,2024-10-06,4,,salida,48449
9903,2024-10-06,4,,salida,6010
9904,2024-10-06,3,,salida,30628
9905,2024-10-06,1,7525.0,entrada,10292
9906,2024-10-06,4,7526.0,entrada,9807
9907,2024-10-06,1,7528.0,entrada,4130
9908,2024-10-06,3,7529.0,entrada,6628
9909,2024-10-06,2,7527.0,entrada,6365
9910,2024-10-06,2,7531.0,entrada,9611
9911,2024-10-06,2,7532.0,entrada,16333
9912,2024-10-06,4,7533.0,entrada,5107
9913,2024-10-06,3,7534.0,entrada,11233
9914,2024-10-06,2,7535.0,entrada,2759
9915,2024-10-06,1,7537.0,entrada,4219
9916,2024-10-06,4,7538.0,entrada,3730
9917,2024-10-06,2,7530.0,entrada,8699
9918,2024-10-06,1,7536.0,entrada,9680
9919,2024-10-07,4,,salida,8443
9920,2024-10-07,1,,salida,40503
9921,2024-10-07,2,,salida,25612
9922,2024-10-07,1,,salida,8967
9923,2024-10-07,2,,salida,591
9924,2024-10-07,2,,salida,1805
9925,2024-10-07,2,7551.0,entrada,3172
9926,2024-10-07,3,7550.0,entrada,9648
9927,2024-10-07,1,7552.0,entrada,10375
9928,2024-10-07,4,7553.0,entrada,14772
9929,2024-10-07,2,7482.0,merma,617
9930,2024-10-07,1,7461.0,merma,664
9931,2024-10-07,4,7549.0,entrada,4545
9932,2024-10-07,1,,salida,2449
9933,2024-10-07,3,7548.0,entrada,14794
9934,2024-10-07,3,7547.0,entrada,9244
9935,2024-10-07,3,7404.0,merma,634
9936,2024-10-07,4,7545.0,entrada,5963
9937,2024-10-07,3,7544.0,entrada,4674
9938,2024-10-07,1,7543.0,entrada,8827
9939,2024-10-07,2,7542.0,entrada,6352
9940,2024-10-07,1,7541.0,entrada,10472
9941,2024-10-07,2,7540.0,entrada,9889
9942,2024-10-07,1,7539.0,entrada,6811
9943,2024-10-07,4,7546.0,entrada,8749
9944,2024-10-08,2,7450.0,merma,1150
9945,2024-10-08,3,7454.0,merma,830
9946,2024-10-08,1,,salida,2209
9947,2024-10-08,1,,salida,21322
9948,2024-10-08,2,,salida,4478
9949,2024-10-08,3,7557.0,entrada,9292
9950,2024-10-08,3,7567.0,entrada,4747
9951,2024-10-08,1,7569.0,entrada,13508
9952,2024-10-08,3,7568.0,entrada,3503
9953,2024-10-08,4,7566.0,entrada,10279
9954,2024-10-08,1,7565.0,entrada,3284
9955,2024-10-08,4,7564.0,entrada,11382
9956,2024-10-08,1,7563.0,entrada,11911
9957,2024-10-08,2,7562.0,entrada,4566
9958,2024-10-08,2,7561.0,entrada,12735
9959,2024-10-08,4,7560.0,entrada,8783
9960,2024-10-08,3,7559.0,entrada,7031
9961,2024-10-08,4,7558.0,entrada,4798
9962,2024-10-08,2,7555.0,entrada,9759
9963,2024-10-08,3,7554.0,entrada,6334
9964,2024-10-08,4,7556.0,entrada,6146
9965,2024-10-09,1,7576.0,entrada,8959
9966,2024-10-09,1,7574.0,entrada,4550
9967,2024-10-09,4,7577.0,entrada,13859
9968,2024-10-09,3,7578.0,entrada,10549
9969,2024-10-09,1,7579.0,entrada,11215
9970,2024-10-09,2,7580.0,entrada,3626
9971,2024-10-09,1,7581.0,entrada,10257
9972,2024-10-09,1,7582.0,entrada,4588
9973,2024-10-09,3,7575.0,entrada,5475
9974,2024-10-09,1,7583.0,entrada,3508
9975,2024-10-09,3,7584.0,entrada,13924
9976,2024-10-09,1,7573.0,entrada,10754
9977,2024-10-09,1,,salida,15727
9978,2024-10-09,1,7571.0,entrada,12096
9979,2024-10-09,3,,salida,50208
9980,2024-10-09,2,7572.0,entrada,6029
9981,2024-10-09,1,7480.0,merma,271
9982,2024-10-09,4,7519.0,merma,404
9983,2024-10-09,4,7570.0,entrada,6932
9984,2024-10-10,1,7598.0,entrada,10634
9985,2024-10-10,4,7600.0,entrada,3940
9986,2024-10-10,3,7601.0,entrada,14395
9987,2024-10-10,4,7593.0,entrada,9385
9988,2024-10-10,3,,salida,3900
9989,2024-10-10,1,,salida,66798
9990,2024-10-10,2,7597.0,entrada,3631
9991,2024-10-10,3,7596.0,entrada,12201
9992,2024-10-10,4,7595.0,entrada,9534
9993,2024-10-10,4,7594.0,entrada,13380
9994,2024-10-10,3,7599.0,entrada,4753
9995,2024-10-10,3,7592.0,entrada,8730
9996,2024-10-10,4,7585.0,entrada,6758
9997,2024-10-10,3,7590.0,entrada,4902
9998,2024-10-10,3,7533.0,merma,442
9999,2024-10-10,2,7520.0,merma,1528
10000,2024-10-10,2,7591.0,entrada,6790
10001,2024-10-10,3,7476.0,merma,752
10002,2024-10-10,1,7453.0,merma,438
10003,2024-10-10,3,,salida,13363
10004,2024-10-10,2,7586.0,entrada,10982
10005,2024-10-10,4,7589.0,entrada,10699
10006,2024-10-10,1,7587.0,entrada,9774
10007,2024-10-10,4,7588.0,entrada,6241
10008,2024-10-11,1,7603.0,entrada,9886
10009,2024-10-11,2,,salida,566511
10010,2024-10-11,2,,salida,69
10011,2024-10-11,2,,salida,1350
10012,2024-10-11,2,7500.0,merma,513
10013,2024-10-11,4,7602.0,entrada,10489
10014,2024-10-11,3,7611.0,entrada,5293
10015,2024-10-11,4,,salida,4633
10016,2024-10-11,2,7612.0,entrada,15805
10017,2024-10-11,3,,salida,21978
10018,2024-10-11,1,7609.0,entrada,4911
10019,2024-10-11,2,7507.0,merma,341
10020,2024-10-11,2,7607.0,entrada,9115
10021,2024-10-11,4,7606.0,entrada,8055
10022,2024-10-11,2,7605.0,entrada,6534
10023,2024-10-11,1,7604.0,entrada,4051
10024,2024-10-11,3,7610.0,entrada,9623
10025,2024-10-11,2,7608.0,entrada,13600
10026,2024-10-12,1,7613.0,entrada,6292
10027,2024-10-12,4,7560.0,merma,697
10028,2024-10-12,4,7614.0,entrada,6420
10029,2024-10-12,3,7615.0,entrada,9375
10030,2024-10-12,2,7616.0,entrada,4656
10031,2024-10-12,1,7620.0,entrada,4869
10032,2024-10-12,4,7619.0,entrada,12397
10033,2024-10-12,1,7626.0,entrada,15745
10034,2024-10-12,4,7625.0,entrada,4610
10035,2024-10-12,2,7624.0,entrada,10542
10036,2024-10-12,3,7623.0,entrada,3664
10037,2024-10-12,4,7621.0,entrada,10885
10038,2024-10-12,1,7622.0,entrada,11489
10039,2024-10-12,3,7617.0,entrada,5348
10040,2024-10-12,1,,salida,25484
10041,2024-10-12,3,7618.0,entrada,8281
10042,2024-10-13,3,7640.0,entrada,5102
10043,2024-10-13,2,7639.0,entrada,9847
10044,2024-10-13,2,7634.0,entrada,13296
10045,2024-10-13,4,7642.0,entrada,14578
10046,2024-10-13,2,7638.0,entrada,3284
10047,2024-10-13,1,7637.0,entrada,12698
10048,2024-10-13,3,7636.0,entrada,10258
10049,2024-10-13,1,7635.0,entrada,4823
10050,2024-10-13,1,7641.0,entrada,3924
10051,2024-10-13,2,7633.0,entrada,8610
10052,2024-10-13,1,7629.0,entrada,9367
10053,2024-10-13,2,7632.0,entrada,8389
10054,2024-10-13,3,7631.0,entrada,7543
10055,2024-10-13,1,7630.0,entrada,4068
10056,2024-10-13,1,7628.0,entrada,8766
10057,2024-10-13,3,7627.0,entrada,6472
10058,2024-10-13,2,,salida,2825
10059,2024-10-13,2,,salida,31555
10060,2024-10-13,2,,salida,11473
10061,2024-10-13,4,,salida,70455
10062,2024-10-13,3,,salida,24249
10063,2024-10-14,2,7648.0,entrada,4088
10064,2024-10-14,2,7649.0,entrada,6167
10065,2024-10-14,1,7647.0,entrada,9901
10066,2024-10-14,2,7568.0,merma,129
10067,2024-10-14,3,7645.0,entrada,10148
10068,2024-10-14,2,7644.0,entrada,11461
10069,2024-10-14,4,7643.0,entrada,7195
10070,2024-10-14,1,7650.0,entrada,8400
10071,2024-10-14,1,7646.0,entrada,6933
10072,2024-10-14,1,7651.0,entrada,15742
10073,2024-10-14,2,7655.0,entrada,3722
10074,2024-10-14,1,7653.0,entrada,10508
10075,2024-10-14,4,7654.0,entrada,11429
10076,2024-10-14,1,7656.0,entrada,10369
10077,2024-10-14,2,7657.0,entrada,4511
10078,2024-10-14,3,7658.0,entrada,12668
10079,2024-10-14,1,,salida,1574
10080,2024-10-14,4,,salida,29363
10081,2024-10-14,3,,salida,38896
10082,2024-10-14,4,,salida,36795
10083,2024-10-14,3,,salida,4252
10084,2024-10-14,2,7652.0,entrada,5054
10085,2024-10-15,4,,salida,17395
10086,2024-10-15,3,,salida,8858
10087,2024-10-15,1,7671.0,entrada,17238
10088,2024-10-15,1,7669.0,entrada,4815
10089,2024-10-15,3,7670.0,entrada,3729
10090,2024-10-15,3,7667.0,entrada,11956
10091,2024-10-15,2,7659.0,entrada,7057
10092,2024-10-15,2,7660.0,entrada,10638
10093,2024-10-15,3,7661.0,entrada,5825
10094,2024-10-15,1,7668.0,entrada,3113
10095,2024-10-15,1,7663.0,entrada,5764
10096,2024-10-15,4,7662.0,entrada,10732
10097,2024-10-15,3,7664.0,entrada,8993
10098,2024-10-15,2,7665.0,entrada,7959
10099,2024-10-15,1,7666.0,entrada,14386
10100,2024-10-16,2,,salida,6316
10101,2024-10-16,2,,salida,3648
10102,2024-10-16,1,,salida,17257
10103,2024-10-16,3,,salida,9739
10104,2024-10-16,2,,salida,8433
10105,2024-10-16,1,,salida,61729
10106,2024-10-16,1,7595.0,merma,682
10107,2024-10-16,1,7685.0,entrada,3638
10108,2024-10-16,2,7678.0,entrada,8757
10109,2024-10-16,2,7686.0,entrada,15064
10110,2024-10-16,3,7684.0,entrada,9206
10111,2024-10-16,2,7683.0,entrada,3360
10112,2024-10-16,2,7682.0,entrada,11746
10113,2024-10-16,1,7681.0,entrada,9998
10114,2024-10-16,3,7680.0,entrada,4617
10115,2024-10-16,1,7679.0,entrada,9396
10116,2024-10-16,4,7672.0,entrada,6254
10117,2024-10-16,2,7677.0,entrada,5501
10118,2024-10-16,1,7676.0,entrada,4150
10119,2024-10-16,2,7675.0,entrada,10964
10120,2024-10-16,4,7674.0,entrada,10126
10121,2024-10-16,3,7673.0,entrada,10550
10122,2024-10-17,4,7691.0,entrada,4291
10123,2024-10-17,3,7690.0,entrada,7362
10124,2024-10-17,4,7694.0,entrada,10641
10125,2024-10-17,4,7687.0,entrada,6839
10126,2024-10-17,4,,salida,19747
10127,2024-10-17,2,7692.0,entrada,6090
10128,2024-10-17,2,7693.0,entrada,15087
10129,2024-10-17,1,7695.0,entrada,3260
10130,2024-10-17,2,7688.0,entrada,13440
10131,2024-10-17,1,7699.0,entrada,14039
10132,2024-10-17,2,7689.0,entrada,9381
10133,2024-10-17,2,7697.0,entrada,4499
10134,2024-10-17,1,7696.0,entrada,9976
10135,2024-10-17,2,7698.0,entrada,4047
10136,2024-10-18,3,7700.0,entrada,10961
10137,2024-10-18,4,7701.0,entrada,8010
10138,2024-10-18,4,7702.0,entrada,6364
10139,2024-10-18,3,7703.0,entrada,9264
10140,2024-10-18,3,7705.0,entrada,8376
10141,2024-10-18,3,7706.0,entrada,14948
10142,2024-10-18,3,7707.0,entrada,5552
10143,2024-10-18,3,7708.0,entrada,11793
10144,2024-10-18,3,7710.0,entrada,3680
10145,2024-10-18,1,7711.0,entrada,4376
10146,2024-10-18,3,7712.0,entrada,3580
10147,2024-10-18,3,7713.0,entrada,15755
10148,2024-10-18,3,7704.0,entrada,4411
10149,2024-10-18,4,7709.0,entrada,12201
10150,2024-10-18,1,,salida,18377
10151,2024-10-18,4,,salida,36689
10152,2024-10-18,4,,salida,35664
10153,2024-10-19,4,7715.0,entrada,10061
10154,2024-10-19,3,7716.0,entrada,9285
10155,2024-10-19,4,7719.0,entrada,4789
10156,2024-10-19,4,7714.0,entrada,5879
10157,2024-10-19,4,7720.0,entrada,6250
10158,2024-10-19,4,7721.0,entrada,8381
10159,2024-10-19,4,7722.0,entrada,13354
10160,2024-10-19,1,7723.0,entrada,4733
10161,2024-10-19,1,7724.0,entrada,12047
10162,2024-10-19,1,7725.0,entrada,3251
10163,2024-10-19,3,7726.0,entrada,5081
10164,2024-10-19,3,7727.0,entrada,3799
10165,2024-10-19,2,7718.0,entrada,10425
10166,2024-10-19,4,7717.0,entrada,7146
10167,2024-10-19,1,,salida,7027
10168,2024-10-19,2,7728.0,entrada,15668
10169,2024-10-20,3,7730.0,entrada,6440
10170,2024-10-20,4,7731.0,entrada,9534
10171,2024-10-20,4,7732.0,entrada,6051
10172,2024-10-20,1,7733.0,entrada,5772
10173,2024-10-20,2,7734.0,entrada,14538
10174,2024-10-20,2,7735.0,entrada,5136
10175,2024-10-20,4,7736.0,entrada,9229
10176,2024-10-20,2,7737.0,entrada,12754
10177,2024-10-20,1,7729.0,entrada,7505
10178,2024-10-20,3,,salida,7572
10179,2024-10-20,4,7739.0,entrada,10941
10180,2024-10-20,3,,salida,24252
10181,2024-10-20,1,7738.0,entrada,3381
10182,2024-10-20,2,,salida,32221
10183,2024-10-20,3,7740.0,entrada,5328
10184,2024-10-20,3,7741.0,entrada,15018
10185,2024-10-20,4,,salida,18664
10186,2024-10-20,2,,salida,38379
10187,2024-10-20,1,,salida,9761
10188,2024-10-21,2,7631.0,merma,414
10189,2024-10-21,2,7742.0,entrada,6425
10190,2024-10-21,1,7751.0,entrada,3531
10191,2024-10-21,4,7746.0,entrada,3919
10192,2024-10-21,4,7747.0,entrada,6513
10193,2024-10-21,4,7748.0,entrada,5155
10194,2024-10-21,4,7754.0,entrada,3495
10195,2024-10-21,4,7753.0,entrada,4858
10196,2024-10-21,2,7752.0,entrada,9618
10197,2024-10-21,4,7744.0,entrada,6968
10198,2024-10-21,3,7745.0,entrada,9783
10199,2024-10-21,4,7743.0,entrada,11689
10200,2024-10-21,3,,salida,29812
10201,2024-10-21,4,7750.0,entrada,12239
10202,2024-10-21,1,,salida,1923
10203,2024-10-21,3,,salida,372
10204,2024-10-21,2,7749.0,entrada,11018
10205,2024-10-21,1,,salida,15581
10206,2024-10-21,2,,salida,17152
10207,2024-10-22,4,7761.0,entrada,7968
10208,2024-10-22,2,,salida,7368
10209,2024-10-22,4,,salida,18897
10210,2024-10-22,4,,salida,4395
10211,2024-10-22,1,7755.0,entrada,7095
10212,2024-10-22,2,7756.0,entrada,10802
10213,2024-10-22,3,7757.0,entrada,6215
10214,2024-10-22,3,7758.0,entrada,11288
10215,2024-10-22,2,7759.0,entrada,4897
10216,2024-10-22,4,7760.0,entrada,6007
10217,2024-10-22,3,7764.0,entrada,9605
10218,2024-10-22,3,7763.0,entrada,13232
10219,2024-10-22,1,7765.0,entrada,12406
10220,2024-10-22,3,7766.0,entrada,3541
10221,2024-10-22,1,7767.0,entrada,9753
10222,2024-10-22,2,7768.0,entrada,4710
10223,2024-10-22,4,7769.0,entrada,13992
10224,2024-10-22,4,,salida,3089
10225,2024-10-22,3,7762.0,entrada,8326
10226,2024-10-23,4,,salida,50785
10227,2024-10-23,4,,salida,655
10228,2024-10-23,2,,salida,24393
10229,2024-10-23,1,7777.0,entrada,15397
10230,2024-10-23,4,7778.0,entrada,5574
10231,2024-10-23,4,7771.0,entrada,8593
10232,2024-10-23,2,7784.0,entrada,3453
10233,2024-10-23,2,7783.0,entrada,4950
10234,2024-10-23,2,7782.0,entrada,9626
10235,2024-10-23,2,7781.0,entrada,3634
10236,2024-10-23,2,7780.0,entrada,10800
10237,2024-10-23,1,7785.0,entrada,16353
10238,2024-10-23,3,7770.0,entrada,9473
10239,2024-10-23,3,7779.0,entrada,11782
10240,2024-10-23,3,7774.0,entrada,5239
10241,2024-10-23,3,7650.0,merma,256
10242,2024-10-23,1,7776.0,entrada,9407
10243,2024-10-23,2,7775.0,entrada,7794
10244,2024-10-23,1,7670.0,merma,310
10245,2024-10-23,3,7773.0,entrada,4187
10246,2024-10-23,4,7772.0,entrada,10881
10247,2024-10-24,4,7789.0,entrada,8063
10248,2024-10-24,2,7790.0,entrada,9716
10249,2024-10-24,3,7791.0,entrada,13450
10250,2024-10-24,2,7792.0,entrada,5040
10251,2024-10-24,4,7798.0,entrada,14187
10252,2024-10-24,3,7794.0,entrada,12145
10253,2024-10-24,1,7795.0,entrada,11098
10254,2024-10-24,2,7796.0,entrada,4911
10255,2024-10-24,2,7797.0,entrada,3926
10256,2024-10-24,1,7793.0,entrada,9893
10257,2024-10-24,3,7788.0,entrada,6125
10258,2024-10-24,1,7787.0,entrada,10335
10259,2024-10-24,1,7786.0,entrada,5805
10260,2024-10-24,3,,salida,13427
10261,2024-10-24,4,,salida,520
10262,2024-10-24,3,,salida,29147
10263,2024-10-24,2,,salida,67503
10264,2024-10-24,3,,salida,20751
10265,2024-10-25,4,7813.0,entrada,4984
10266,2024-10-25,1,,salida,32479
10267,2024-10-25,4,7811.0,entrada,3279
10268,2024-10-25,3,7810.0,entrada,13208
10269,2024-10-25,2,7809.0,entrada,4870
10270,2024-10-25,2,7808.0,entrada,11692
10271,2024-10-25,4,7807.0,entrada,9489
10272,2024-10-25,2,7806.0,entrada,8030
10273,2024-10-25,3,7805.0,entrada,5025
10274,2024-10-25,1,7804.0,entrada,4648
10275,2024-10-25,2,7801.0,entrada,10430
10276,2024-10-25,4,7802.0,entrada,6846
10277,2024-10-25,1,7814.0,entrada,3292
10278,2024-10-25,1,7800.0,entrada,10133
10279,2024-10-25,2,7799.0,entrada,5902
10280,2024-10-25,4,,salida,75204
10281,2024-10-25,2,,salida,11591
10282,2024-10-25,3,,salida,9208
10283,2024-10-25,1,,salida,174892
10284,2024-10-25,3,,salida,24127
10285,2024-10-25,4,7803.0,entrada,9168
10286,2024-10-25,1,7815.0,entrada,14669
10287,2024-10-25,2,7812.0,entrada,9804
10288,2024-10-26,4,7819.0,entrada,6694
10289,2024-10-26,4,7820.0,entrada,10379
10290,2024-10-26,1,,salida,17215
10291,2024-10-26,2,7696.0,merma,450
10292,2024-10-26,4,7831.0,entrada,16216
10293,2024-10-26,4,7829.0,entrada,3900
10294,2024-10-26,4,7828.0,entrada,3298
10295,2024-10-26,1,7827.0,entrada,10782
10296,2024-10-26,3,7826.0,entrada,11833
10297,2024-10-26,3,7830.0,entrada,3719
10298,2024-10-26,2,7824.0,entrada,13679
10299,2024-10-26,3,7823.0,entrada,8736
10300,2024-10-26,3,7822.0,entrada,6374
10301,2024-10-26,3,7821.0,entrada,4560
10302,2024-10-26,2,7816.0,entrada,6811
10303,2024-10-26,4,7817.0,entrada,12309
10304,2024-10-26,3,7825.0,entrada,4794
10305,2024-10-26,2,7818.0,entrada,8655
10306,2024-10-27,3,7847.0,entrada,3729
10307,2024-10-27,1,7848.0,entrada,16901
10308,2024-10-27,1,,salida,11295
10309,2024-10-27,1,,salida,35133
10310,2024-10-27,3,,salida,18983
10311,2024-10-27,2,,salida,17391
10312,2024-10-27,2,,salida,25014
10313,2024-10-27,3,7846.0,entrada,4471
10314,2024-10-27,3,7791.0,merma,1328
10315,2024-10-27,4,,salida,7029
10316,2024-10-27,4,7845.0,entrada,3400
10317,2024-10-27,2,7841.0,entrada,13663
10318,2024-10-27,4,7843.0,entrada,9915
10319,2024-10-27,1,7842.0,entrada,4965
10320,2024-10-27,4,,salida,83705
10321,2024-10-27,1,,salida,6167
10322,2024-10-27,3,7840.0,entrada,9824
10323,2024-10-27,2,7839.0,entrada,7289
10324,2024-10-27,1,7832.0,entrada,6926
10325,2024-10-27,4,7838.0,entrada,5713
10326,2024-10-27,2,7837.0,entrada,4881
10327,2024-10-27,1,7833.0,entrada,11630
10328,2024-10-27,2,7844.0,entrada,13054
10329,2024-10-27,4,7836.0,entrada,11074
10330,2024-10-27,1,7835.0,entrada,6259
10331,2024-10-27,3,7834.0,entrada,8256
10332,2024-10-28,3,,salida,11299
10333,2024-10-28,2,,salida,27058
10334,2024-10-28,4,,salida,36063
10335,2024-10-28,3,,salida,21477
10336,2024-10-28,2,,salida,64006
10337,2024-10-28,1,,salida,71573
10338,2024-10-28,1,7866.0,entrada,17372
10339,2024-10-28,4,7853.0,entrada,9899
10340,2024-10-28,2,7864.0,entrada,4558
10341,2024-10-28,3,7849.0,entrada,6294
10342,2024-10-28,2,7850.0,entrada,10322
10343,2024-10-28,3,7851.0,entrada,10089
10344,2024-10-28,1,7852.0,entrada,6693
10345,2024-10-28,3,7865.0,entrada,3155
10346,2024-10-28,3,7855.0,entrada,6280
10347,2024-10-28,2,7856.0,entrada,7610
10348,2024-10-28,4,7854.0,entrada,4660
10349,2024-10-28,1,7857.0,entrada,9782
10350,2024-10-28,2,7858.0,entrada,15067
10351,2024-10-28,1,7859.0,entrada,4887
10352,2024-10-28,3,7860.0,entrada,10607
10353,2024-10-28,1,7861.0,entrada,10910
10354,2024-10-28,1,7862.0,entrada,3461
10355,2024-10-28,3,7863.0,entrada,10145
10356,2024-10-29,1,,salida,1714
10357,2024-10-29,2,,salida,17288
10358,2024-10-29,3,,salida,27673
10359,2024-10-29,4,,salida,6415
10360,2024-10-29,3,,salida,3690
10361,2024-10-29,3,,salida,712
10362,2024-10-29,2,,salida,1585
10363,2024-10-29,4,7871.0,entrada,4179
10364,2024-10-29,3,7869.0,entrada,10436
10365,2024-10-29,2,7882.0,entrada,16718
10366,2024-10-29,1,7881.0,entrada,3560
10367,2024-10-29,3,7880.0,entrada,4948
10368,2024-10-29,4,7879.0,entrada,11114
10369,2024-10-29,4,7878.0,entrada,3353
10370,2024-10-29,1,7877.0,entrada,10633
10371,2024-10-29,2,7876.0,entrada,11228
10372,2024-10-29,4,7875.0,entrada,5287
10373,2024-10-29,3,7867.0,entrada,7132
10374,2024-10-29,1,7874.0,entrada,13765
10375,2024-10-29,2,7873.0,entrada,8557
10376,2024-10-29,3,7872.0,entrada,6851
10377,2024-10-29,1,7868.0,entrada,11802
10378,2024-10-29,4,7870.0,entrada,11309
10379,2024-10-30,2,7898.0,entrada,3765
10380,2024-10-30,2,7887.0,entrada,11262
10381,2024-10-30,3,7889.0,entrada,5728
10382,2024-10-30,3,7890.0,entrada,9371
10383,2024-10-30,1,7891.0,entrada,13285
10384,2024-10-30,1,7892.0,entrada,5233
10385,2024-10-30,2,7893.0,entrada,11254
10386,2024-10-30,3,7894.0,entrada,11681
10387,2024-10-30,4,7895.0,entrada,3398
10388,2024-10-30,4,7896.0,entrada,11571
10389,2024-10-30,2,7897.0,entrada,4962
10390,2024-10-30,3,7899.0,entrada,15016
10391,2024-10-30,2,7886.0,entrada,6889
10392,2024-10-30,1,7885.0,entrada,9023
10393,2024-10-30,2,7888.0,entrada,5270
10394,2024-10-30,2,7883.0,entrada,5883
10395,2024-10-30,1,7753.0,merma,377
10396,2024-10-30,4,7788.0,merma,254
10397,2024-10-30,3,,salida,8703
10398,2024-10-30,2,7884.0,entrada,10763
10399,2024-10-30,1,,salida,30991
10400,2024-10-30,4,,salida,79817
10401,2024-10-31,3,7906.0,entrada,6725
10402,2024-10-31,3,7907.0,entrada,8755
10403,2024-10-31,1,7908.0,entrada,9260
10404,2024-10-31,4,7909.0,entrada,14898
10405,2024-10-31,2,7910.0,entrada,5303
10406,2024-10-31,4,7911.0,entrada,10965
10407,2024-10-31,4,7913.0,entrada,2981
10408,2024-10-31,1,7914.0,entrada,5138
10409,2024-10-31,2,7915.0,entrada,3817
10410,2024-10-31,2,7916.0,entrada,13515
10411,2024-10-31,2,7912.0,entrada,12065
10412,2024-10-31,1,7905.0,entrada,4558
10413,2024-10-31,1,7903.0,entrada,7015
10414,2024-10-31,1,7902.0,entrada,9750
10415,2024-10-31,3,7901.0,entrada,11435
10416,2024-10-31,3,7900.0,entrada,6749
10417,2024-10-31,2,,salida,6424
10418,2024-10-31,2,7904.0,entrada,11564
10419,2024-11-01,2,,salida,32457
10420,2024-11-01,2,7927.0,entrada,3574
10421,2024-11-01,4,7931.0,entrada,17149
10422,2024-11-01,1,7930.0,entrada,3630
10423,2024-11-01,2,7929.0,entrada,4990
10424,2024-11-01,4,7928.0,entrada,10192
10425,2024-11-01,2,7923.0,entrada,9852
10426,2024-11-01,3,7926.0,entrada,12243
10427,2024-11-01,1,7925.0,entrada,11651
10428,2024-11-01,3,7924.0,entrada,5573
10429,2024-11-01,3,7922.0,entrada,7804
10430,2024-11-01,4,,salida,5962
10431,2024-11-01,4,7920.0,entrada,4435
10432,2024-11-01,3,7919.0,entrada,10455
10433,2024-11-01,3,7918.0,entrada,6543
10434,2024-11-01,2,7917.0,entrada,9988
10435,2024-11-01,2,7784.0,merma,362
10436,2024-11-01,2,,salida,13974
10437,2024-11-01,3,,salida,2731
10438,2024-11-01,1,7921.0,entrada,5984
10439,2024-11-01,1,,salida,56846
10440,2024-11-02,2,7944.0,entrada,10730
10441,2024-11-02,3,7945.0,entrada,4380
10442,2024-11-02,1,,salida,47579
10443,2024-11-02,4,,salida,5139
10444,2024-11-02,3,,salida,21431
10445,2024-11-02,2,,salida,92882
10446,2024-11-02,2,7943.0,entrada,3442
10447,2024-11-02,2,,salida,30333
10448,2024-11-02,2,7942.0,entrada,10533
10449,2024-11-02,3,7946.0,entrada,17106
10450,2024-11-02,4,7940.0,entrada,5818
10451,2024-11-02,3,7941.0,entrada,10486
10452,2024-11-02,3,7934.0,entrada,7562
10453,2024-11-02,3,7933.0,entrada,9980
10454,2024-11-02,3,7932.0,entrada,6431
10455,2024-11-02,4,7935.0,entrada,10686
10456,2024-11-02,3,7800.0,merma,888
10457,2024-11-02,2,7936.0,entrada,4834
10458,2024-11-02,4,7937.0,entrada,7676
10459,2024-11-02,4,7938.0,entrada,10500
10460,2024-11-02,1,7939.0,entrada,12924
10461,2024-11-03,4,,salida,19887
10462,2024-11-03,3,7962.0,entrada,3658
10463,2024-11-03,2,,salida,87540
10464,2024-11-03,1,,salida,5763
10465,2024-11-03,1,7963.0,entrada,14587
10466,2024-11-03,3,,salida,563
10467,2024-11-03,2,7961.0,entrada,5455
10468,2024-11-03,3,7952.0,entrada,6018
10469,2024-11-03,4,7959.0,entrada,3665
10470,2024-11-03,2,7955.0,entrada,15019
10471,2024-11-03,3,7956.0,entrada,5113
10472,2024-11-03,3,7954.0,entrada,8406
10473,2024-11-03,3,7953.0,entrada,7990
10474,2024-11-03,3,7951.0,entrada,4578
10475,2024-11-03,4,7950.0,entrada,11361
10476,2024-11-03,3,7949.0,entrada,6263
10477,2024-11-03,3,7948.0,entrada,10154
10478,2024-11-03,3,7947.0,entrada,6811
10479,2024-11-03,1,7960.0,entrada,9155
10480,2024-11-03,4,7958.0,entrada,11808
10481,2024-11-03,4,7957.0,entrada,10279
10482,2024-11-04,2,7972.0,entrada,9885
10483,2024-11-04,1,,salida,28328
10484,2024-11-04,4,,salida,569
10485,2024-11-04,3,7964.0,entrada,6318
10486,2024-11-04,1,7965.0,entrada,11587
10487,2024-11-04,2,,salida,7268
10488,2024-11-04,1,7966.0,entrada,9908
10489,2024-11-04,1,7971.0,entrada,8488
10490,2024-11-04,4,7967.0,entrada,7184
10491,2024-11-04,1,7969.0,entrada,4631
10492,2024-11-04,4,7970.0,entrada,5782
10493,2024-11-04,1,7918.0,merma,760
10494,2024-11-04,3,7978.0,entrada,16552
10495,2024-11-04,2,7976.0,entrada,9569
10496,2024-11-04,4,7975.0,entrada,10785
10497,2024-11-04,4,7974.0,entrada,10296
10498,2024-11-04,4,7973.0,entrada,5508
10499,2024-11-04,4,7968.0,entrada,10571
10500,2024-11-04,1,7977.0,entrada,5386
10501,2024-11-05,3,,salida,25364
10502,2024-11-05,3,,salida,3271
10503,2024-11-05,4,7989.0,entrada,10052
10504,2024-11-05,1,7992.0,entrada,4397
10505,2024-11-05,1,7991.0,entrada,9712
10506,2024-11-05,1,7990.0,entrada,2921
10507,2024-11-05,4,7988.0,entrada,11317
10508,2024-11-05,1,7987.0,entrada,4921
10509,2024-11-05,3,7986.0,entrada,13752
10510,2024-11-05,2,7985.0,entrada,9037
10511,2024-11-05,4,7983.0,entrada,6540
10512,2024-11-05,2,7984.0,entrada,9318
10513,2024-11-05,2,7981.0,entrada,7568
10514,2024-11-05,1,7980.0,entrada,10418
10515,2024-11-05,3,7994.0,entrada,15006
10516,2024-11-05,4,7979.0,entrada,6576
10517,2024-11-05,3,7982.0,entrada,9797
10518,2024-11-05,3,7993.0,entrada,3764
10519,2024-11-06,4,7995.0,entrada,7331
10520,2024-11-06,4,7871.0,merma,299
10521,2024-11-06,2,7906.0,merma,311
10522,2024-11-06,4,,salida,13219
10523,2024-11-06,3,7996.0,entrada,9426
10524,2024-11-06,4,8003.0,entrada,13945
10525,2024-11-06,2,7997.0,entrada,7180
10526,2024-11-06,3,7999.0,entrada,4389
10527,2024-11-06,1,8000.0,entrada,5983
10528,2024-11-06,2,8001.0,entrada,6964
10529,2024-11-06,1,8002.0,entrada,9006
10530,2024-11-06,1,8004.0,entrada,5543
10531,2024-11-06,3,8005.0,entrada,10899
10532,2024-11-06,4,7998.0,entrada,9840
10533,2024-11-06,4,8007.0,entrada,12035
10534,2024-11-06,1,8008.0,entrada,5019
10535,2024-11-06,4,8009.0,entrada,3964
10536,2024-11-06,3,8006.0,entrada,3296
10537,2024-11-07,4,8013.0,entrada,6802
10538,2024-11-07,2,8018.0,entrada,10837
10539,2024-11-07,1,8019.0,entrada,10726
10540,2024-11-07,4,8017.0,entrada,5493
10541,2024-11-07,4,8016.0,entrada,12571
10542,2024-11-07,2,8015.0,entrada,8181
10543,2024-11-07,2,8020.0,entrada,3339
10544,2024-11-07,2,8014.0,entrada,4374
10545,2024-11-07,2,8022.0,entrada,14781
10546,2024-11-07,3,8012.0,entrada,8385
10547,2024-11-07,4,,salida,131334
10548,2024-11-07,2,8011.0,entrada,9887
10549,2024-11-07,1,8010.0,entrada,6472
10550,2024-11-07,4,8021.0,entrada,9543
10551,2024-11-07,3,7876.0,merma,607
10552,2024-11-07,3,7884.0,merma,1142
10553,2024-11-07,4,7892.0,merma,171
10554,2024-11-07,1,,salida,29297
10555,2024-11-08,1,7991.0,merma,872
10556,2024-11-08,4,8034.0,entrada,11887
10557,2024-11-08,3,8028.0,entrada,5962
10558,2024-11-08,3,8024.0,entrada,10454
10559,2024-11-08,1,8038.0,entrada,3546
10560,2024-11-08,3,8039.0,entrada,17856
10561,2024-11-08,4,8035.0,entrada,3595
10562,2024-11-08,2,,salida,37810
10563,2024-11-08,4,8037.0,entrada,4943
10564,2024-11-08,4,,salida,13461
10565,2024-11-08,1,,salida,13784
10566,2024-11-08,1,8023.0,entrada,7239
10567,2024-11-08,4,,salida,11943
10568,2024-11-08,3,,salida,10786
10569,2024-11-08,4,8032.0,entrada,5471
10570,2024-11-08,3,8025.0,entrada,6622
10571,2024-11-08,2,8026.0,entrada,9152
10572,2024-11-08,1,8027.0,entrada,4530
10573,2024-11-08,3,,salida,74028
10574,2024-11-08,2,8033.0,entrada,11264
10575,2024-11-08,3,8036.0,entrada,9530
10576,2024-11-08,1,8031.0,entrada,13169
10577,2024-11-08,2,8030.0,entrada,8893
10578,2024-11-08,2,8029.0,entrada,7440
10579,2024-11-09,2,8052.0,entrada,2831
10580,2024-11-09,4,8055.0,entrada,3493
10581,2024-11-09,3,8040.0,entrada,6172
10582,2024-11-09,3,8041.0,entrada,12471
10583,2024-11-09,2,8042.0,entrada,8637
10584,2024-11-09,2,8043.0,entrada,7487
10585,2024-11-09,4,8044.0,entrada,10089
10586,2024-11-09,3,8046.0,entrada,6177
10587,2024-11-09,1,8054.0,entrada,5301
10588,2024-11-09,4,8048.0,entrada,13753
10589,2024-11-09,1,8049.0,entrada,5101
10590,2024-11-09,4,8050.0,entrada,8852
10591,2024-11-09,2,8053.0,entrada,9354
10592,2024-11-09,3,8045.0,entrada,4873
10593,2024-11-09,1,8047.0,entrada,7227
10594,2024-11-09,4,8051.0,entrada,12463
10595,2024-11-09,3,,salida,13684
10596,2024-11-09,4,7947.0,merma,570
10597,2024-11-09,1,7913.0,merma,195
10598,2024-11-10,1,7935.0,merma,780
10599,2024-11-10,2,8060.0,entrada,11101
10600,2024-11-10,2,8061.0,entrada,3947
10601,2024-11-10,4,8062.0,entrada,6865
10602,2024-11-10,1,8063.0,entrada,8972
10603,2024-11-10,4,8064.0,entrada,8762
10604,2024-11-10,2,8065.0,entrada,13535
10605,2024-11-10,2,8067.0,entrada,10853
10606,2024-11-10,1,8059.0,entrada,6127
10607,2024-11-10,1,8068.0,entrada,10066
10608,2024-11-10,3,8070.0,entrada,10663
10609,2024-11-10,3,8071.0,entrada,5722
10610,2024-11-10,4,8072.0,entrada,3592
10611,2024-11-10,3,8073.0,entrada,17633
10612,2024-11-10,3,,salida,6470
10613,2024-11-10,1,8066.0,entrada,4792
10614,2024-11-10,3,8058.0,entrada,8778
10615,2024-11-10,2,8069.0,entrada,3404
10616,2024-11-10,3,8056.0,entrada,7073
10617,2024-11-10,4,,salida,11547
10618,2024-11-10,2,8057.0,entrada,9791
10619,2024-11-10,3,,salida,74
10620,2024-11-10,4,,salida,13688
10621,2024-11-10,4,8008.0,merma,583
10622,2024-11-11,3,8078.0,entrada,3782
10623,2024-11-11,1,8079.0,entrada,5240
10624,2024-11-11,1,8081.0,entrada,8301
10625,2024-11-11,3,8083.0,entrada,10775
10626,2024-11-11,4,8077.0,entrada,8417
10627,2024-11-11,3,8084.0,entrada,11732
10628,2024-11-11,1,8085.0,entrada,3532
10629,2024-11-11,4,8086.0,entrada,10322
10630,2024-11-11,2,8087.0,entrada,5183
10631,2024-11-11,3,8088.0,entrada,14844
10632,2024-11-11,3,8082.0,entrada,15149
10633,2024-11-11,3,8076.0,entrada,9267
10634,2024-11-11,1,8080.0,entrada,8691
10635,2024-11-11,2,8074.0,entrada,7567
10636,2024-11-11,2,8075.0,entrada,10726
10637,2024-11-11,3,,salida,1647
10638,2024-11-11,2,,salida,1335
10639,2024-11-11,1,8032.0,merma,629
10640,2024-11-11,2,,salida,247915
10641,2024-11-12,3,,salida,7749
10642,2024-11-12,2,8099.0,entrada,5004
10643,2024-11-12,3,8100.0,entrada,3859
10644,2024-11-12,1,8101.0,entrada,15916
10645,2024-11-12,4,8096.0,entrada,12004
10646,2024-11-12,1,8095.0,entrada,5047
10647,2024-11-12,4,8094.0,entrada,13988
10648,2024-11-12,4,8093.0,entrada,8627
10649,2024-11-12,2,8092.0,entrada,6210
10650,2024-11-12,2,8091.0,entrada,4277
10651,2024-11-12,2,8090.0,entrada,6694
10652,2024-11-12,4,8089.0,entrada,10141
10653,2024-11-12,4,,salida,6272
10654,2024-11-12,2,,salida,2401
10655,2024-11-12,2,,salida,37654
10656,2024-11-12,4,8098.0,entrada,11093
10657,2024-11-12,2,,salida,7927
10658,2024-11-12,4,8097.0,entrada,3213
10659,2024-11-13,4,7968.0,merma,1105
10660,2024-11-13,3,7980.0,merma,804
10661,2024-11-13,2,8111.0,entrada,9295
10662,2024-11-13,3,8103.0,entrada,9636
10663,2024-11-13,4,,salida,20564
10664,2024-11-13,1,,salida,16231
10665,2024-11-13,3,,salida,19735
10666,2024-11-13,3,8102.0,entrada,10637
10667,2024-11-13,1,,salida,3331
10668,2024-11-13,3,,salida,8741
10669,2024-11-13,2,,salida,15538
10670,2024-11-13,2,,salida,29149
10671,2024-11-13,1,8117.0,entrada,14221
10672,2024-11-13,1,8116.0,entrada,3356
10673,2024-11-13,4,,salida,41012
10674,2024-11-13,4,8114.0,entrada,10754
10675,2024-11-13,2,8113.0,entrada,3413
10676,2024-11-13,3,8112.0,entrada,11985
10677,2024-11-13,3,8110.0,entrada,14689
10678,2024-11-13,4,8104.0,entrada,7599
10679,2024-11-13,4,8109.0,entrada,8804
10680,2024-11-13,1,8108.0,entrada,8942
10681,2024-11-13,3,8115.0,entrada,4756
10682,2024-11-13,3,8107.0,entrada,6509
10683,2024-11-13,3,8106.0,entrada,3901
10684,2024-11-13,1,8105.0,entrada,11122
10685,2024-11-14,3,8004.0,merma,336
10686,2024-11-14,1,,salida,46307
10687,2024-11-14,2,,salida,7624
10688,2024-11-14,2,,salida,32030
10689,2024-11-14,1,7992.0,merma,482
10690,2024-11-14,2,8133.0,entrada,16457
10691,2024-11-14,2,8127.0,entrada,4938
10692,2024-11-14,4,8131.0,entrada,4960
10693,2024-11-14,3,8118.0,entrada,7098
10694,2024-11-14,4,8119.0,entrada,11092
10695,2024-11-14,4,8120.0,entrada,9319
10696,2024-11-14,1,8121.0,entrada,7124
10697,2024-11-14,3,8122.0,entrada,4335
10698,2024-11-14,3,8132.0,entrada,3513
10699,2024-11-14,4,8123.0,entrada,6295
10700,2024-11-14,2,8125.0,entrada,9170
10701,2024-11-14,3,8126.0,entrada,13759
10702,2024-11-14,4,,salida,104214
10703,2024-11-14,2,8128.0,entrada,10843
10704,2024-11-14,4,8129.0,entrada,3223
10705,2024-11-14,4,8130.0,entrada,9079
10706,2024-11-14,1,8124.0,entrada,8008
10707,2024-11-15,3,,salida,9992
10708,2024-11-15,3,,salida,16564
10709,2024-11-15,2,,salida,3525
10710,2024-11-15,3,8140.0,entrada,8040
10711,2024-11-15,3,8144.0,entrada,10654
10712,2024-11-15,3,8134.0,entrada,6675
10713,2024-11-15,4,8135.0,entrada,9354
10714,2024-11-15,2,8136.0,entrada,6379
10715,2024-11-15,3,8137.0,entrada,10650
10716,2024-11-15,3,8138.0,entrada,4668
10717,2024-11-15,1,8139.0,entrada,6849
10718,2024-11-15,4,8141.0,entrada,7924
10719,2024-11-15,3,8142.0,entrada,14911
10720,2024-11-15,2,8143.0,entrada,5381
10721,2024-11-15,1,,salida,15546
10722,2024-11-15,1,8071.0,merma,436
10723,2024-11-15,2,8146.0,entrada,3195
10724,2024-11-15,2,8147.0,entrada,9547
10725,2024-11-15,1,8148.0,entrada,3800
10726,2024-11-15,4,8149.0,entrada,16525
10727,2024-11-15,3,8054.0,merma,351
10728,2024-11-15,1,8145.0,entrada,10451
10729,2024-11-16,4,,salida,20315
10730,2024-11-16,2,,salida,2888
10731,2024-11-16,4,,salida,26018
10732,2024-11-16,1,,salida,12582
10733,2024-11-16,4,,salida,80359
10734,2024-11-16,4,,salida,12944
10735,2024-11-16,2,,salida,12238
10736,2024-11-16,1,8164.0,entrada,3422
10737,2024-11-16,2,8150.0,entrada,6986
10738,2024-11-16,4,8163.0,entrada,4872
10739,2024-11-16,2,8162.0,entrada,11321
10740,2024-11-16,4,8161.0,entrada,3282
10741,2024-11-16,2,8160.0,entrada,12141
10742,2024-11-16,1,8159.0,entrada,11004
10743,2024-11-16,4,8158.0,entrada,5405
10744,2024-11-16,4,8156.0,entrada,9784
10745,2024-11-16,2,8155.0,entrada,6162
10746,2024-11-16,1,8157.0,entrada,8048
10747,2024-11-16,2,8153.0,entrada,10209
10748,2024-11-16,2,8152.0,entrada,6742
10749,2024-11-16,4,8151.0,entrada,9051
10750,2024-11-16,4,8154.0,entrada,4168
10751,2024-11-17,4,8177.0,entrada,10875
10752,2024-11-17,2,8172.0,entrada,8164
10753,2024-11-17,2,8178.0,entrada,3200
10754,2024-11-17,3,8179.0,entrada,10040
10755,2024-11-17,3,8180.0,entrada,4542
10756,2024-11-17,1,8181.0,entrada,3476
10757,2024-11-17,4,8182.0,entrada,16010
10758,2024-11-17,1,8176.0,entrada,12010
10759,2024-11-17,2,8175.0,entrada,4948
10760,2024-11-17,1,8174.0,entrada,13764
10761,2024-11-17,4,8173.0,entrada,9363
10762,2024-11-17,1,8171.0,entrada,6107
10763,2024-11-17,2,8169.0,entrada,11210
10764,2024-11-17,2,8168.0,entrada,6574
10765,2024-11-17,1,8167.0,entrada,9423
10766,2024-11-17,4,8166.0,entrada,10545
10767,2024-11-17,1,8165.0,entrada,6457
10768,2024-11-17,3,,salida,40303
10769,2024-11-17,3,,salida,28482
10770,2024-11-17,3,8170.0,entrada,3976
10771,2024-11-18,4,8189.0,entrada,8519
10772,2024-11-18,1,8190.0,entrada,13734
10773,2024-11-18,4,8191.0,entrada,5596
10774,2024-11-18,2,8192.0,entrada,11065
10775,2024-11-18,1,8193.0,entrada,11123
10776,2024-11-18,4,8188.0,entrada,6493
10777,2024-11-18,2,8187.0,entrada,4513
10778,2024-11-18,4,8184.0,entrada,11549
10779,2024-11-18,2,8185.0,entrada,6521
10780,2024-11-18,2,8183.0,entrada,6832
10781,2024-11-18,2,8194.0,entrada,3579
10782,2024-11-18,4,,salida,24138
10783,2024-11-18,1,,salida,6935
10784,2024-11-18,1,8063.0,merma,770
10785,2024-11-18,3,,salida,18571
10786,2024-11-18,1,8186.0,entrada,11008
10787,2024-11-18,4,8195.0,entrada,11176
10788,2024-11-18,2,,salida,880
10789,2024-11-19,2,8208.0,entrada,3194
10790,2024-11-19,1,8212.0,entrada,14835
10791,2024-11-19,3,8211.0,entrada,3509
10792,2024-11-19,2,8210.0,entrada,5090
10793,2024-11-19,3,8209.0,entrada,10084
10794,2024-11-19,4,8057.0,merma,566
10795,2024-11-19,4,8207.0,entrada,9384
10796,2024-11-19,4,8206.0,entrada,10929
10797,2024-11-19,4,8205.0,entrada,3885
10798,2024-11-19,1,8203.0,entrada,9882
10799,2024-11-19,2,8202.0,entrada,8332
10800,2024-11-19,4,8201.0,entrada,6248
10801,2024-11-19,3,8200.0,entrada,4798
10802,2024-11-19,4,8199.0,entrada,9063
10803,2024-11-19,4,8198.0,entrada,8806
10804,2024-11-19,2,8197.0,entrada,11722
10805,2024-11-19,3,8204.0,entrada,12699
10806,2024-11-19,4,,salida,17640
10807,2024-11-19,1,8196.0,entrada,6700
10808,2024-11-19,3,,salida,25512
10809,2024-11-19,4,,salida,21515
10810,2024-11-19,2,,salida,99478
10811,2024-11-19,4,8087.0,merma,416
10812,2024-11-19,1,8118.0,merma,292
10813,2024-11-19,3,8123.0,merma,649
10814,2024-11-20,4,8219.0,entrada,6005
10815,2024-11-20,4,8220.0,entrada,7097
10816,2024-11-20,3,8222.0,entrada,14307
10817,2024-11-20,1,8218.0,entrada,3879
10818,2024-11-20,4,8223.0,entrada,4568
10819,2024-11-20,1,8224.0,entrada,10795
10820,2024-11-20,2,8225.0,entrada,12275
10821,2024-11-20,2,8226.0,entrada,3148
10822,2024-11-20,2,8227.0,entrada,9416
10823,2024-11-20,1,8221.0,entrada,9264
10824,2024-11-20,4,8217.0,entrada,10685
10825,2024-11-20,2,8213.0,entrada,7419
10826,2024-11-20,1,8215.0,entrada,9194
10827,2024-11-20,2,8214.0,entrada,12923
10828,2024-11-20,2,,salida,6754
10829,2024-11-20,3,,salida,19014
10830,2024-11-20,1,8228.0,entrada,3972
10831,2024-11-20,1,,salida,90879
10832,2024-11-20,3,8216.0,entrada,6155
10833,2024-11-20,2,8229.0,entrada,16084
10834,2024-11-21,4,8235.0,entrada,6455
10835,2024-11-21,2,8234.0,entrada,10038
10836,2024-11-21,4,8233.0,entrada,7804
10837,2024-11-21,2,8232.0,entrada,8189
10838,2024-11-21,2,8231.0,entrada,11201
10839,2024-11-21,3,,salida,61891
10840,2024-11-21,3,,salida,2497
10841,2024-11-21,3,,salida,69387
10842,2024-11-21,3,,salida,13067
10843,2024-11-21,3,,salida,5335
10844,2024-11-21,2,8142.0,merma,1043
10845,2024-11-21,2,8236.0,entrada,9542
10846,2024-11-21,4,8237.0,entrada,13705
10847,2024-11-21,4,8230.0,entrada,6923
10848,2024-11-21,4,8239.0,entrada,12160
10849,2024-11-21,1,8240.0,entrada,3873
10850,2024-11-21,4,8241.0,entrada,9958
10851,2024-11-21,2,8242.0,entrada,4636
10852,2024-11-21,2,8243.0,entrada,4061
10853,2024-11-21,2,8238.0,entrada,10180
10854,2024-11-22,3,,salida,45567
10855,2024-11-22,1,,salida,16209
10856,2024-11-22,1,,salida,3889
10857,2024-11-22,4,,salida,809
10858,2024-11-22,2,8212.0,merma,1556
10859,2024-11-22,4,8259.0,entrada,15559
10860,2024-11-22,3,8258.0,entrada,3473
10861,2024-11-22,3,8257.0,entrada,5290
10862,2024-11-22,2,8256.0,entrada,9416
10863,2024-11-22,2,8255.0,entrada,3654
10864,2024-11-22,4,8253.0,entrada,10566
10865,2024-11-22,1,8252.0,entrada,13197
10866,2024-11-22,1,8251.0,entrada,10127
10867,2024-11-22,4,8250.0,entrada,7942
10868,2024-11-22,1,8249.0,entrada,5875
10869,2024-11-22,4,8248.0,entrada,4781
10870,2024-11-22,4,8247.0,entrada,10274
10871,2024-11-22,4,8254.0,entrada,11416
10872,2024-11-22,1,8246.0,entrada,7372
10873,2024-11-22,4,8245.0,entrada,10984
10874,2024-11-22,3,8244.0,entrada,6968
10875,2024-11-23,1,8276.0,entrada,3427
10876,2024-11-23,1,8277.0,entrada,15631
10877,2024-11-23,1,,salida,38915
10878,2024-11-23,2,,salida,17091
10879,2024-11-23,3,,salida,9100
10880,2024-11-23,2,,salida,9244
10881,2024-11-23,4,8274.0,entrada,9744
10882,2024-11-23,4,8275.0,entrada,4724
10883,2024-11-23,2,8272.0,entrada,10017
10884,2024-11-23,1,8264.0,entrada,9611
10885,2024-11-23,1,8266.0,entrada,5896
10886,2024-11-23,4,8267.0,entrada,9032
10887,2024-11-23,3,8263.0,entrada,7517
10888,2024-11-23,4,8262.0,entrada,8872
10889,2024-11-23,3,8261.0,entrada,10871
10890,2024-11-23,2,8273.0,entrada,2888
10891,2024-11-23,1,8260.0,entrada,6561
10892,2024-11-23,3,8268.0,entrada,8875
10893,2024-11-23,2,8269.0,entrada,14966
10894,2024-11-23,3,8270.0,entrada,5199
10895,2024-11-23,3,8271.0,entrada,9984
10896,2024-11-23,4,8265.0,entrada,4831
10897,2024-11-24,4,8290.0,entrada,3185
10898,2024-11-24,3,,salida,3703
10899,2024-11-24,1,,salida,24899
10900,2024-11-24,2,8291.0,entrada,10370
10901,2024-11-24,1,8292.0,entrada,4836
10902,2024-11-24,1,8293.0,entrada,3608
10903,2024-11-24,4,8184.0,merma,1243
10904,2024-11-24,2,,salida,25312
10905,2024-11-24,3,8289.0,entrada,12515
10906,2024-11-24,3,8278.0,entrada,6520
10907,2024-11-24,2,8279.0,entrada,10403
10908,2024-11-24,1,8280.0,entrada,10287
10909,2024-11-24,3,8281.0,entrada,6658
10910,2024-11-24,2,8282.0,entrada,11633
10911,2024-11-24,4,8283.0,entrada,4925
10912,2024-11-24,3,8284.0,entrada,5937
10913,2024-11-24,1,8286.0,entrada,12374
10914,2024-11-24,1,8287.0,entrada,5180
10915,2024-11-24,2,8288.0,entrada,10552
10916,2024-11-24,4,8285.0,entrada,8853
10917,2024-11-25,2,,salida,13808
10918,2024-11-25,1,,salida,1247
10919,2024-11-25,4,,salida,135986
10920,2024-11-25,1,,salida,5609
10921,2024-11-25,4,8297.0,entrada,6831
10922,2024-11-25,3,8296.0,entrada,10155
10923,2024-11-25,3,8306.0,entrada,10624
10924,2024-11-25,3,8309.0,entrada,15494
10925,2024-11-25,4,8308.0,entrada,3369
10926,2024-11-25,1,8307.0,entrada,4882
10927,2024-11-25,3,8305.0,entrada,8611
10928,2024-11-25,1,8304.0,entrada,5223
10929,2024-11-25,3,8302.0,entrada,9735
10930,2024-11-25,1,8303.0,entrada,13284
10931,2024-11-25,2,8300.0,entrada,6870
10932,2024-11-25,3,8299.0,entrada,5279
10933,2024-11-25,4,8298.0,entrada,11055
10934,2024-11-25,3,8294.0,entrada,6550
10935,2024-11-25,4,8295.0,entrada,10995
10936,2024-11-25,3,8301.0,entrada,8937
10937,2024-11-26,1,8321.0,entrada,3481
10938,2024-11-26,1,8320.0,entrada,10997
10939,2024-11-26,4,,salida,37324
10940,2024-11-26,2,8323.0,entrada,4752
10941,2024-11-26,1,8316.0,entrada,9471
10942,2024-11-26,2,,salida,10580
10943,2024-11-26,3,8188.0,merma,253
10944,2024-11-26,3,8324.0,entrada,3726
10945,2024-11-26,4,,salida,37394
10946,2024-11-26,1,8325.0,entrada,14953
10947,2024-11-26,2,8312.0,entrada,8684
10948,2024-11-26,4,8318.0,entrada,5304
10949,2024-11-26,3,8317.0,entrada,14879
10950,2024-11-26,4,8315.0,entrada,7670
10951,2024-11-26,4,8314.0,entrada,4360
10952,2024-11-26,3,8313.0,entrada,9602
10953,2024-11-26,1,8322.0,entrada,8908
10954,2024-11-26,2,8311.0,entrada,10452
10955,2024-11-26,2,8310.0,entrada,6999
10956,2024-11-26,3,8319.0,entrada,10953
10957,2024-11-26,4,8247.0,merma,739
10958,2024-11-27,3,8326.0,entrada,6556
10959,2024-11-27,4,8331.0,entrada,6395
10960,2024-11-27,1,,salida,2152
10961,2024-11-27,1,,salida,101828
10962,2024-11-27,1,,salida,4660
10963,2024-11-27,2,,salida,24682
10964,2024-11-27,1,8330.0,entrada,4527
10965,2024-11-27,2,,salida,70374
10966,2024-11-27,2,8328.0,entrada,8911
10967,2024-11-27,2,8327.0,entrada,10849
10968,2024-11-27,3,8335.0,entrada,10487
10969,2024-11-27,3,8339.0,entrada,14948
10970,2024-11-27,4,8338.0,entrada,10192
10971,2024-11-27,1,8336.0,entrada,13522
10972,2024-11-27,1,8329.0,entrada,6624
10973,2024-11-27,4,8337.0,entrada,2988
10974,2024-11-27,4,8334.0,entrada,4678
10975,2024-11-27,1,8333.0,entrada,14096
10976,2024-11-27,3,8332.0,entrada,9405
10977,2024-11-28,3,,salida,159926
10978,2024-11-28,2,,salida,46396
10979,2024-11-28,2,8353.0,entrada,9727
10980,2024-11-28,1,,salida,13892
10981,2024-11-28,2,,salida,13152
10982,2024-11-28,4,8345.0,entrada,4338
10983,2024-11-28,1,8355.0,entrada,3796
10984,2024-11-28,3,8354.0,entrada,5339
10985,2024-11-28,4,,salida,190102
10986,2024-11-28,4,8352.0,entrada,3707
10987,2024-11-28,4,8350.0,entrada,10305
10988,2024-11-28,2,,salida,23030
10989,2024-11-28,2,8344.0,entrada,9891
10990,2024-11-28,3,8343.0,entrada,7187
10991,2024-11-28,3,8342.0,entrada,8967
10992,2024-11-28,2,8349.0,entrada,4570
10993,2024-11-28,3,8341.0,entrada,11833
10994,2024-11-28,2,8348.0,entrada,13696
10995,2024-11-28,4,8340.0,entrada,6942
10996,2024-11-28,3,8351.0,entrada,10769
10997,2024-11-28,1,8347.0,entrada,7685
10998,2024-11-28,3,8346.0,entrada,6216
10999,2024-11-29,4,,salida,6658
11000,2024-11-29,4,8368.0,entrada,9677
11001,2024-11-29,2,,salida,37792
11002,2024-11-29,3,8369.0,entrada,4442
11003,2024-11-29,4,,salida,79287
11004,2024-11-29,4,,salida,27636
11005,2024-11-29,3,8356.0,entrada,7912
11006,2024-11-29,4,8366.0,entrada,10776
11007,2024-11-29,2,8365.0,entrada,5224
11008,2024-11-29,4,8364.0,entrada,8945
11009,2024-11-29,3,8371.0,entrada,15632
11010,2024-11-29,1,8363.0,entrada,8470
11011,2024-11-29,2,8362.0,entrada,5365
11012,2024-11-29,1,8361.0,entrada,4489
11013,2024-11-29,1,8360.0,entrada,10561
11014,2024-11-29,3,8359.0,entrada,7631
11015,2024-11-29,1,8358.0,entrada,8694
11016,2024-11-29,2,8357.0,entrada,9843
11017,2024-11-29,1,8367.0,entrada,12089
11018,2024-11-29,1,8370.0,entrada,4102
11019,2024-11-30,4,,salida,2994
11020,2024-11-30,1,8381.0,entrada,4808
11021,2024-11-30,4,8380.0,entrada,13946
11022,2024-11-30,1,,salida,78677
11023,2024-11-30,1,8379.0,entrada,9124
11024,2024-11-30,3,8386.0,entrada,3931
11025,2024-11-30,4,8377.0,entrada,5038
11026,2024-11-30,4,8376.0,entrada,10402
11027,2024-11-30,3,8375.0,entrada,6302
11028,2024-11-30,1,8374.0,entrada,9161
11029,2024-11-30,3,8373.0,entrada,11681
11030,2024-11-30,4,8372.0,entrada,7258
11031,2024-11-30,2,8385.0,entrada,5080
11032,2024-11-30,4,8378.0,entrada,8321
11033,2024-11-30,2,8387.0,entrada,15844
11034,2024-11-30,4,8383.0,entrada,3524
11035,2024-11-30,4,,salida,94704
11036,2024-11-30,3,,salida,66137
11037,2024-11-30,3,8382.0,entrada,11924
11038,2024-11-30,3,8384.0,entrada,10314
11039,2024-12-01,1,8389.0,entrada,8473
11040,2024-12-01,3,8390.0,entrada,6712
11041,2024-12-01,1,8391.0,entrada,11229
11042,2024-12-01,1,8392.0,entrada,4005
11043,2024-12-01,4,8393.0,entrada,6435
11044,2024-12-01,1,8394.0,entrada,9115
11045,2024-12-01,2,8395.0,entrada,12081
11046,2024-12-01,4,8396.0,entrada,4427
11047,2024-12-01,4,8397.0,entrada,12224
11048,2024-12-01,3,8253.0,merma,1217
11049,2024-12-01,1,8399.0,entrada,3761
11050,2024-12-01,2,8401.0,entrada,3834
11051,2024-12-01,3,8402.0,entrada,13619
11052,2024-12-01,3,8388.0,entrada,11833
11053,2024-12-01,2,,salida,5848
11054,2024-12-01,1,,salida,22391
11055,2024-12-01,4,,salida,65012
11056,2024-12-01,1,8344.0,merma,1058
11057,2024-12-01,4,8331.0,merma,246
11058,2024-12-01,3,8398.0,entrada,11767
11059,2024-12-01,1,8400.0,entrada,9757
11060,2024-12-02,3,8403.0,entrada,10604
11061,2024-12-02,3,8296.0,merma,1119
11062,2024-12-02,3,8311.0,merma,409
11063,2024-12-02,3,,salida,10310
11064,2024-12-02,1,,salida,26522
11065,2024-12-02,4,8404.0,entrada,8204
11066,2024-12-02,1,,salida,15163
11067,2024-12-02,4,8406.0,entrada,4179
11068,2024-12-02,4,8405.0,entrada,6830
11069,2024-12-02,1,8414.0,entrada,3110
11070,2024-12-02,3,8413.0,entrada,4949
11071,2024-12-02,3,8412.0,entrada,3516
11072,2024-12-02,2,8411.0,entrada,11668
11073,2024-12-02,4,8415.0,entrada,15938
11074,2024-12-02,4,8409.0,entrada,8420
11075,2024-12-02,2,8408.0,entrada,9220
11076,2024-12-02,2,8407.0,entrada,6491
11077,2024-12-02,3,8410.0,entrada,5456
11078,2024-12-03,3,8428.0,entrada,3515
11079,2024-12-03,1,8329.0,merma,290
11080,2024-12-03,3,,salida,14012
11081,2024-12-03,2,,salida,33192
11082,2024-12-03,2,8377.0,merma,526
11083,2024-12-03,3,8432.0,entrada,16070
11084,2024-12-03,3,8431.0,entrada,3821
11085,2024-12-03,2,8430.0,entrada,5230
11086,2024-12-03,2,8429.0,entrada,11176
11087,2024-12-03,2,8427.0,entrada,11755
11088,2024-12-03,3,8425.0,entrada,5628
11089,2024-12-03,4,8418.0,entrada,6142
11090,2024-12-03,3,8424.0,entrada,15527
11091,2024-12-03,4,8423.0,entrada,9156
11092,2024-12-03,3,8422.0,entrada,7858
11093,2024-12-03,3,8421.0,entrada,4884
11094,2024-12-03,4,8420.0,entrada,4982
11095,2024-12-03,1,8416.0,entrada,6563
11096,2024-12-03,3,8419.0,entrada,10998
11097,2024-12-03,3,8426.0,entrada,10466
11098,2024-12-03,4,8417.0,entrada,8888
11099,2024-12-04,1,,salida,3677
11100,2024-12-04,2,,salida,21806
11101,2024-12-04,4,8447.0,entrada,4199
11102,2024-12-04,3,,salida,22271
11103,2024-12-04,2,,salida,31137
11104,2024-12-04,4,8398.0,merma,1020
11105,2024-12-04,3,8360.0,merma,676
11106,2024-12-04,2,,salida,5476
11107,2024-12-04,3,8446.0,entrada,4908
11108,2024-12-04,4,8319.0,merma,869
11109,2024-12-04,4,8444.0,entrada,3816
11110,2024-12-04,1,8442.0,entrada,5694
11111,2024-12-04,2,8441.0,entrada,13024
11112,2024-12-04,4,8440.0,entrada,7429
11113,2024-12-04,2,8443.0,entrada,11659
11114,2024-12-04,2,8439.0,entrada,6877
11115,2024-12-04,2,8438.0,entrada,4854
11116,2024-12-04,4,8437.0,entrada,10473
11117,2024-12-04,3,8436.0,entrada,7241
11118,2024-12-04,3,8435.0,entrada,9474
11119,2024-12-04,2,8433.0,entrada,5679
11120,2024-12-04,2,8434.0,entrada,10184
11121,2024-12-04,1,8445.0,entrada,11171
11122,2024-12-05,4,,salida,7052
11123,2024-12-05,1,,salida,19850
11124,2024-12-05,4,8448.0,entrada,6238
11125,2024-12-05,3,8449.0,entrada,11816
11126,2024-12-05,4,8450.0,entrada,8440
11127,2024-12-05,2,8451.0,entrada,6514
11128,2024-12-05,3,8452.0,entrada,9072
11129,2024-12-05,3,,salida,18114
11130,2024-12-05,4,8458.0,entrada,10610
11131,2024-12-05,4,8453.0,entrada,4358
11132,2024-12-05,3,8454.0,entrada,5833
11133,2024-12-05,1,8459.0,entrada,11364
11134,2024-12-05,3,8456.0,entrada,13399
11135,2024-12-05,1,8457.0,entrada,5139
11136,2024-12-05,2,8463.0,entrada,17987
11137,2024-12-05,2,8462.0,entrada,2801
11138,2024-12-05,2,8461.0,entrada,9802
11139,2024-12-05,4,8460.0,entrada,3692
11140,2024-12-05,3,8455.0,entrada,8341
11141,2024-12-05,3,,salida,17226
11142,2024-12-06,4,8389.0,merma,774
11143,2024-12-06,4,,salida,138412
11144,2024-12-06,3,,salida,35654
11145,2024-12-06,3,8374.0,merma,827
11146,2024-12-06,3,8364.0,merma,802
11147,2024-12-06,2,,salida,8551
11148,2024-12-06,3,,salida,97529
11149,2024-12-06,2,,salida,31899
11150,2024-12-06,2,8477.0,entrada,5169
11151,2024-12-06,4,8472.0,entrada,5317
11152,2024-12-06,1,8475.0,entrada,3165
11153,2024-12-06,1,8474.0,entrada,12791
11154,2024-12-06,1,8473.0,entrada,11765
11155,2024-12-06,1,8479.0,entrada,12593
11156,2024-12-06,4,8471.0,entrada,13153
11157,2024-12-06,1,8470.0,entrada,9123
11158,2024-12-06,2,8469.0,entrada,6539
11159,2024-12-06,1,8468.0,entrada,4795
11160,2024-12-06,2,8478.0,entrada,3894
11161,2024-12-06,3,8466.0,entrada,9666
11162,2024-12-06,1,8467.0,entrada,10046
11163,2024-12-06,4,8464.0,entrada,5770
11164,2024-12-06,3,8465.0,entrada,10685
11165,2024-12-06,1,8476.0,entrada,9420
11166,2024-12-07,3,,salida,61814
11167,2024-12-07,2,8488.0,entrada,8982
11168,2024-12-07,2,8481.0,entrada,9849
11169,2024-12-07,4,8480.0,entrada,6594
11170,2024-12-07,1,8485.0,entrada,4611
11171,2024-12-07,4,8484.0,entrada,11072
11172,2024-12-07,4,,salida,12089
11173,2024-12-07,3,8483.0,entrada,6664
11174,2024-12-07,1,,salida,57709
11175,2024-12-07,4,8482.0,entrada,8564
11176,2024-12-07,3,8489.0,entrada,13653
11177,2024-12-07,3,8429.0,merma,1179
11178,2024-12-07,2,8404.0,merma,563
11179,2024-12-07,2,8487.0,entrada,10578
11180,2024-12-07,2,8496.0,entrada,16383
11181,2024-12-07,3,8495.0,entrada,4692
11182,2024-12-07,1,8494.0,entrada,10273
11183,2024-12-07,3,8493.0,entrada,3565
11184,2024-12-07,1,8492.0,entrada,10213
11185,2024-12-07,2,8491.0,entrada,11468
11186,2024-12-07,4,8490.0,entrada,5618
11187,2024-12-07,3,8486.0,entrada,6567
11188,2024-12-07,3,,salida,28927
11189,2024-12-08,3,,salida,22847
11190,2024-12-08,3,8498.0,entrada,10273
11191,2024-12-08,4,,salida,40539
11192,2024-12-08,4,8497.0,entrada,6795
11193,2024-12-08,3,8499.0,entrada,9203
11194,2024-12-08,1,8500.0,entrada,6477
11195,2024-12-08,2,8501.0,entrada,10164
11196,2024-12-08,1,8502.0,entrada,5027
11197,2024-12-08,2,8503.0,entrada,4803
11198,2024-12-08,1,8504.0,entrada,3213
11199,2024-12-08,3,8505.0,entrada,10083
11200,2024-12-08,3,,salida,507
11201,2024-12-08,1,8506.0,entrada,3439
11202,2024-12-08,3,,salida,7941
11203,2024-12-08,4,8507.0,entrada,16295
11204,2024-12-09,4,,salida,12698
11205,2024-12-09,1,,salida,79211
11206,2024-12-09,3,,salida,65003
11207,2024-12-09,3,,salida,18327
11208,2024-12-09,4,,salida,20439
11209,2024-12-09,2,,salida,26241
11210,2024-12-09,2,,salida,8858
11211,2024-12-09,2,,salida,59622
11212,2024-12-09,4,8515.0,entrada,5513
11213,2024-12-09,2,8516.0,entrada,11053
11214,2024-12-09,1,8519.0,entrada,9709
11215,2024-12-09,1,8520.0,entrada,4791
11216,2024-12-09,3,8521.0,entrada,3926
11217,2024-12-09,2,8522.0,entrada,16084
11218,2024-12-09,4,8518.0,entrada,3530
11219,2024-12-09,3,8514.0,entrada,14284
11220,2024-12-09,1,8513.0,entrada,8055
11221,2024-12-09,4,8512.0,entrada,6527
11222,2024-12-09,2,8517.0,entrada,12162
11223,2024-12-09,3,8510.0,entrada,10617
11224,2024-12-09,2,8509.0,entrada,6910
11225,2024-12-09,2,8508.0,entrada,9612
11226,2024-12-09,2,8511.0,entrada,4515
11227,2024-12-10,4,8531.0,entrada,10286
11228,2024-12-10,1,8530.0,entrada,5175
11229,2024-12-10,4,8533.0,entrada,3522
11230,2024-12-10,2,8534.0,entrada,4195
11231,2024-12-10,2,8535.0,entrada,15633
11232,2024-12-10,3,8525.0,entrada,8996
11233,2024-12-10,1,8524.0,entrada,11173
11234,2024-12-10,4,8523.0,entrada,6962
11235,2024-12-10,3,8529.0,entrada,9544
11236,2024-12-10,3,8528.0,entrada,6008
11237,2024-12-10,2,8532.0,entrada,12049
11238,2024-12-10,2,8526.0,entrada,9946
11239,2024-12-10,2,8527.0,entrada,4856
11240,2024-12-10,2,,salida,71642
11241,2024-12-10,2,,salida,51577
11242,2024-12-10,2,,salida,14798
11243,2024-12-10,4,8487.0,merma,343
11244,2024-12-11,1,,salida,18130
11245,2024-12-11,3,,salida,104576
11246,2024-12-11,3,8549.0,entrada,16095
11247,2024-12-11,1,8548.0,entrada,3919
11248,2024-12-11,2,8547.0,entrada,4763
11249,2024-12-11,2,8546.0,entrada,10172
11250,2024-12-11,1,8545.0,entrada,3017
11251,2024-12-11,2,8543.0,entrada,9361
11252,2024-12-11,3,8537.0,entrada,10500
11253,2024-12-11,1,8538.0,entrada,6708
11254,2024-12-11,1,8542.0,entrada,5433
11255,2024-12-11,1,,salida,685
11256,2024-12-11,2,8539.0,entrada,9365
11257,2024-12-11,2,,salida,20258
11258,2024-12-11,2,8541.0,entrada,14600
11259,2024-12-11,3,8540.0,entrada,5172
11260,2024-12-11,1,8544.0,entrada,12431
11261,2024-12-11,4,8536.0,entrada,6666
11262,2024-12-12,1,,salida,9148
11263,2024-12-12,1,8551.0,entrada,10391
11264,2024-12-12,4,8562.0,entrada,5073
11265,2024-12-12,2,8552.0,entrada,8647
11266,2024-12-12,2,8553.0,entrada,6511
11267,2024-12-12,3,8554.0,entrada,10105
11268,2024-12-12,4,8555.0,entrada,9336
11269,2024-12-12,1,8556.0,entrada,12593
11270,2024-12-12,1,8557.0,entrada,5138
11271,2024-12-12,4,8558.0,entrada,10420
11272,2024-12-12,1,8559.0,entrada,11326
11273,2024-12-12,4,8560.0,entrada,3360
11274,2024-12-12,2,8561.0,entrada,9876
11275,2024-12-12,1,,salida,11904
11276,2024-12-12,1,8563.0,entrada,3580
11277,2024-12-12,4,8564.0,entrada,16487
11278,2024-12-12,2,8463.0,merma,732
11279,2024-12-12,1,,salida,1633
11280,2024-12-12,4,8550.0,entrada,7235
11281,2024-12-12,1,,salida,5463
11282,2024-12-13,4,8493.0,merma,179
11283,2024-12-13,1,8518.0,merma,409
11284,2024-12-13,4,,salida,1489
11285,2024-12-13,2,,salida,5031
11286,2024-12-13,3,,salida,8191
11287,2024-12-13,1,,salida,2476
11288,2024-12-13,3,8575.0,entrada,10768
11289,2024-12-13,3,8570.0,entrada,5815
11290,2024-12-13,4,8578.0,entrada,14521
11291,2024-12-13,1,8577.0,entrada,3411
11292,2024-12-13,1,8574.0,entrada,3465
11293,2024-12-13,1,8573.0,entrada,9705
11294,2024-12-13,2,8572.0,entrada,13375
11295,2024-12-13,2,8571.0,entrada,9449
11296,2024-12-13,4,8576.0,entrada,4921
11297,2024-12-13,1,8569.0,entrada,4506
11298,2024-12-13,4,8568.0,entrada,10458
11299,2024-12-13,2,8567.0,entrada,7091
11300,2024-12-13,2,8566.0,entrada,10369
11301,2024-12-13,3,8565.0,entrada,5585
11302,2024-12-14,1,8588.0,entrada,11479
11303,2024-12-14,2,8502.0,merma,560
11304,2024-12-14,3,8511.0,merma,364
11305,2024-12-14,4,8593.0,entrada,15785
11306,2024-12-14,1,8592.0,entrada,3733
11307,2024-12-14,4,8591.0,entrada,5043
11308,2024-12-14,4,8590.0,entrada,10749
11309,2024-12-14,2,8589.0,entrada,3275
11310,2024-12-14,4,8586.0,entrada,13501
11311,2024-12-14,2,8587.0,entrada,5154
11312,2024-12-14,1,,salida,13578
11313,2024-12-14,3,8583.0,entrada,5775
11314,2024-12-14,4,,salida,18050
11315,2024-12-14,2,,salida,4730
11316,2024-12-14,2,,salida,23098
11317,2024-12-14,2,,salida,5582
11318,2024-12-14,3,8585.0,entrada,8367
11319,2024-12-14,3,8584.0,entrada,9279
11320,2024-12-14,3,,salida,36686
11321,2024-12-14,3,8579.0,entrada,6913
11322,2024-12-14,4,,salida,10612
11323,2024-12-14,4,,salida,7522
11324,2024-12-14,4,8582.0,entrada,4747
11325,2024-12-14,4,8580.0,entrada,7829
11326,2024-12-14,2,8581.0,entrada,9671
11327,2024-12-14,2,,salida,115835
11328,2024-12-15,4,8609.0,entrada,15190
11329,2024-12-15,2,8605.0,entrada,3478
11330,2024-12-15,4,8606.0,entrada,11105
11331,2024-12-15,3,8607.0,entrada,4882
11332,2024-12-15,1,8608.0,entrada,3948
11333,2024-12-15,2,,salida,12752
11334,2024-12-15,2,8604.0,entrada,10506
11335,2024-12-15,1,,salida,16757
11336,2024-12-15,3,8595.0,entrada,8481
11337,2024-12-15,2,,salida,1328
11338,2024-12-15,3,8596.0,entrada,6991
11339,2024-12-15,3,8597.0,entrada,10014
11340,2024-12-15,3,8598.0,entrada,5999
11341,2024-12-15,3,8594.0,entrada,12088
11342,2024-12-15,4,8599.0,entrada,9075
11343,2024-12-15,1,8601.0,entrada,14250
11344,2024-12-15,3,8602.0,entrada,4462
11345,2024-12-15,4,8603.0,entrada,10852
11346,2024-12-15,1,8600.0,entrada,9222
11347,2024-12-15,3,,salida,12797
11348,2024-12-16,2,8611.0,entrada,10429
11349,2024-12-16,1,8621.0,entrada,3612
11350,2024-12-16,2,8620.0,entrada,10743
11351,2024-12-16,2,8619.0,entrada,5651
11352,2024-12-16,3,8622.0,entrada,9178
11353,2024-12-16,2,8610.0,entrada,5982
11354,2024-12-16,2,8617.0,entrada,7527
11355,2024-12-16,4,8616.0,entrada,8481
11356,2024-12-16,2,8612.0,entrada,7465
11357,2024-12-16,3,8613.0,entrada,9439
11358,2024-12-16,2,8614.0,entrada,5345
11359,2024-12-16,4,8618.0,entrada,12877
11360,2024-12-16,4,8615.0,entrada,6334
11361,2024-12-16,3,8623.0,entrada,4262
11362,2024-12-16,1,8624.0,entrada,3576
11363,2024-12-16,1,,salida,75386
11364,2024-12-17,2,,salida,1018
11365,2024-12-17,1,8639.0,entrada,16300
11366,2024-12-17,3,8638.0,entrada,4901
11367,2024-12-17,2,8637.0,entrada,10533
11368,2024-12-17,4,8636.0,entrada,3385
11369,2024-12-17,4,8635.0,entrada,10277
11370,2024-12-17,4,8634.0,entrada,11605
11371,2024-12-17,2,8633.0,entrada,4679
11372,2024-12-17,2,8632.0,entrada,14756
11373,2024-12-17,1,8631.0,entrada,9451
11374,2024-12-17,2,8630.0,entrada,8113
11375,2024-12-17,3,8629.0,entrada,6171
11376,2024-12-17,2,8628.0,entrada,4553
11377,2024-12-17,1,,salida,35478
11378,2024-12-17,4,,salida,294
11379,2024-12-17,2,8627.0,entrada,11120
11380,2024-12-17,1,,salida,41040
11381,2024-12-17,3,8554.0,merma,1080
11382,2024-12-17,3,8626.0,entrada,6145
11383,2024-12-17,1,8625.0,entrada,11747
11384,2024-12-18,2,8640.0,entrada,6969
11385,2024-12-18,3,8641.0,entrada,12008
11386,2024-12-18,2,8642.0,entrada,8666
11387,2024-12-18,2,8646.0,entrada,6471
11388,2024-12-18,2,8644.0,entrada,9966
11389,2024-12-18,4,8528.0,merma,211
11390,2024-12-18,4,8538.0,merma,231
11391,2024-12-18,4,,salida,3612
11392,2024-12-18,3,,salida,26293
11393,2024-12-18,3,,salida,226
11394,2024-12-18,2,8656.0,entrada,14720
11395,2024-12-18,1,8655.0,entrada,4523
11396,2024-12-18,3,8654.0,entrada,4914
11397,2024-12-18,3,8653.0,entrada,3454
11398,2024-12-18,2,8652.0,entrada,10975
11399,2024-12-18,2,8651.0,entrada,10203
11400,2024-12-18,4,8650.0,entrada,5571
11401,2024-12-18,1,8649.0,entrada,15054
11402,2024-12-18,2,8648.0,entrada,9581
11403,2024-12-18,1,8647.0,entrada,8507
11404,2024-12-18,4,,salida,30425
11405,2024-12-18,1,8645.0,entrada,4390
11406,2024-12-18,1,8643.0,entrada,7001
11407,2024-12-19,4,,salida,18242
11408,2024-12-19,1,8660.0,entrada,11392
11409,2024-12-19,4,8658.0,entrada,8814
11410,2024-12-19,3,,salida,7696
11411,2024-12-19,1,8657.0,entrada,11560
11412,2024-12-19,4,,salida,66236
11413,2024-12-19,3,,salida,3642
11414,2024-12-19,2,8582.0,merma,528
11415,2024-12-19,2,8672.0,entrada,13569
11416,2024-12-19,4,8670.0,entrada,4984
11417,2024-12-19,1,8669.0,entrada,9210
11418,2024-12-19,3,8668.0,entrada,3769
11419,2024-12-19,2,8671.0,entrada,4008
11420,2024-12-19,2,8666.0,entrada,9069
11421,2024-12-19,3,8665.0,entrada,5026
11422,2024-12-19,1,8664.0,entrada,9644
11423,2024-12-19,2,8663.0,entrada,7982
11424,2024-12-19,3,8662.0,entrada,5535
11425,2024-12-19,1,8661.0,entrada,4188
11426,2024-12-19,3,8659.0,entrada,6307
11427,2024-12-19,4,8667.0,entrada,10866
11428,2024-12-20,4,8677.0,entrada,11454
11429,2024-12-20,2,8676.0,entrada,6097
11430,2024-12-20,4,8552.0,merma,812
11431,2024-12-20,4,8569.0,merma,540
11432,2024-12-20,3,,salida,63499
11433,2024-12-20,3,8675.0,entrada,8835
11434,2024-12-20,3,,salida,4808
11435,2024-12-20,2,8678.0,entrada,4882
11436,2024-12-20,1,8679.0,entrada,5831
11437,2024-12-20,3,8674.0,entrada,10335
11438,2024-12-20,2,,salida,2288
11439,2024-12-20,2,8680.0,entrada,9473
11440,2024-12-20,4,8687.0,entrada,4030
11441,2024-12-20,3,8686.0,entrada,4657
11442,2024-12-20,2,8685.0,entrada,9241
11443,2024-12-20,3,8673.0,entrada,7128
11444,2024-12-20,3,8688.0,entrada,14751
11445,2024-12-20,3,8684.0,entrada,11764
11446,2024-12-20,3,8683.0,entrada,5539
11447,2024-12-20,4,8682.0,entrada,13209
11448,2024-12-20,1,8681.0,entrada,8812
11449,2024-12-21,1,8701.0,entrada,3448
11450,2024-12-21,4,8690.0,entrada,11051
11451,2024-12-21,3,8702.0,entrada,11079
11452,2024-12-21,2,8689.0,entrada,8018
11453,2024-12-21,2,8700.0,entrada,12050
11454,2024-12-21,1,8703.0,entrada,4421
11455,2024-12-21,2,8695.0,entrada,8202
11456,2024-12-21,3,8698.0,entrada,5523
11457,2024-12-21,4,8697.0,entrada,13164
11458,2024-12-21,2,8696.0,entrada,9325
11459,2024-12-21,4,8694.0,entrada,6141
11460,2024-12-21,1,8693.0,entrada,10140
11461,2024-12-21,4,,salida,37198
11462,2024-12-21,2,,salida,7847
11463,2024-12-21,3,,salida,17948
11464,2024-12-21,2,8699.0,entrada,11742
11465,2024-12-21,1,8704.0,entrada,3259
11466,2024-12-21,2,8692.0,entrada,6505
11467,2024-12-21,2,,salida,24470
11468,2024-12-21,2,,salida,4163
11469,2024-12-21,3,,salida,8614
11470,2024-12-21,4,,salida,16157
11471,2024-12-21,1,8691.0,entrada,8846
11472,2024-12-21,2,,salida,2509
11473,2024-12-21,3,8705.0,entrada,14431
11474,2024-12-22,3,8706.0,entrada,6884
11475,2024-12-22,1,,salida,25602
11476,2024-12-22,3,,salida,5250
11477,2024-12-22,2,,salida,23435
11478,2024-12-22,4,,salida,277194
11479,2024-12-22,4,8721.0,entrada,16684
11480,2024-12-22,2,8720.0,entrada,3481
11481,2024-12-22,4,8713.0,entrada,10137
11482,2024-12-22,2,8718.0,entrada,9902
11483,2024-12-22,4,8707.0,entrada,10684
11484,2024-12-22,3,8708.0,entrada,8975
11485,2024-12-22,2,8709.0,entrada,9383
11486,2024-12-22,1,8717.0,entrada,3133
11487,2024-12-22,3,8710.0,entrada,4309
11488,2024-12-22,1,8716.0,entrada,13438
11489,2024-12-22,4,8711.0,entrada,7140
11490,2024-12-22,4,8712.0,entrada,8270
11491,2024-12-22,1,8719.0,entrada,5133
11492,2024-12-22,3,8715.0,entrada,5237
11493,2024-12-22,3,8714.0,entrada,16644
11494,2024-12-23,3,8736.0,entrada,15605
11495,2024-12-23,1,8735.0,entrada,4782
11496,2024-12-23,3,8734.0,entrada,3575
11497,2024-12-23,3,8733.0,entrada,11964
11498,2024-12-23,3,8731.0,entrada,5269
11499,2024-12-23,3,8730.0,entrada,13276
11500,2024-12-23,2,8729.0,entrada,10129
11501,2024-12-23,3,8728.0,entrada,6852
11502,2024-12-23,2,8725.0,entrada,8503
11503,2024-12-23,1,8724.0,entrada,7439
11504,2024-12-23,3,8723.0,entrada,9931
11505,2024-12-23,1,8722.0,entrada,6920
11506,2024-12-23,2,8732.0,entrada,11869
11507,2024-12-23,4,8727.0,entrada,6143
11508,2024-12-23,1,8726.0,entrada,4695
11509,2024-12-23,2,,salida,25030
11510,2024-12-23,4,8636.0,merma,359
11511,2024-12-23,1,,salida,26624
11512,2024-12-24,3,8738.0,entrada,10983
11513,2024-12-24,4,,salida,10261
11514,2024-12-24,4,,salida,14087
11515,2024-12-24,3,,salida,77429
11516,2024-12-24,3,8737.0,entrada,6536
11517,2024-12-24,3,8751.0,entrada,17121
11518,2024-12-24,1,8750.0,entrada,3394
11519,2024-12-24,2,8748.0,entrada,11226
11520,2024-12-24,3,8747.0,entrada,10914
11521,2024-12-24,1,8749.0,entrada,3483
11522,2024-12-24,2,8745.0,entrada,15594
11523,2024-12-24,3,8739.0,entrada,9651
11524,2024-12-24,3,8744.0,entrada,9079
11525,2024-12-24,3,8743.0,entrada,8198
11526,2024-12-24,2,8740.0,entrada,7048
11527,2024-12-24,1,8742.0,entrada,6737
11528,2024-12-24,4,8741.0,entrada,3946
11529,2024-12-24,4,8746.0,entrada,5234
11530,2024-12-25,1,,salida,6282
11531,2024-12-25,1,,salida,14168
11532,2024-12-25,1,8763.0,entrada,4779
11533,2024-12-25,4,8764.0,entrada,4162
11534,2024-12-25,1,8761.0,entrada,3741
11535,2024-12-25,3,8762.0,entrada,9884
11536,2024-12-25,3,8760.0,entrada,10726
11537,2024-12-25,3,,salida,10471
11538,2024-12-25,2,,salida,67062
11539,2024-12-25,3,8765.0,entrada,14594
11540,2024-12-25,4,8759.0,entrada,12356
11541,2024-12-25,3,8752.0,entrada,6324
11542,2024-12-25,4,8753.0,entrada,9695
11543,2024-12-25,3,8755.0,entrada,6066
11544,2024-12-25,2,8756.0,entrada,9084
11545,2024-12-25,4,8757.0,entrada,6218
11546,2024-12-25,4,8754.0,entrada,8551
11547,2024-12-25,3,8758.0,entrada,9201
11548,2024-12-26,3,8778.0,entrada,11027
11549,2024-12-26,2,,salida,4516
11550,2024-12-26,4,8771.0,entrada,4651
11551,2024-12-26,3,8777.0,entrada,11958
11552,2024-12-26,1,8781.0,entrada,4106
11553,2024-12-26,2,8782.0,entrada,16494
11554,2024-12-26,3,8776.0,entrada,5111
11555,2024-12-26,1,8775.0,entrada,12660
11556,2024-12-26,1,8774.0,entrada,9909
11557,2024-12-26,1,8773.0,entrada,7617
11558,2024-12-26,2,8772.0,entrada,5959
11559,2024-12-26,2,8779.0,entrada,11153
11560,2024-12-26,1,8770.0,entrada,11331
11561,2024-12-26,2,8780.0,entrada,4887
11562,2024-12-26,3,8768.0,entrada,8152
11563,2024-12-26,4,8769.0,entrada,6805
11564,2024-12-26,1,,salida,6127
11565,2024-12-26,2,8641.0,merma,869
11566,2024-12-26,1,,salida,3170
11567,2024-12-26,4,8766.0,entrada,7236
11568,2024-12-26,1,8767.0,entrada,11722
11569,2024-12-27,1,8799.0,entrada,18918
11570,2024-12-27,4,8797.0,entrada,10570
11571,2024-12-27,2,8796.0,entrada,2900
11572,2024-12-27,4,8790.0,entrada,7828
11573,2024-12-27,1,8795.0,entrada,11493
11574,2024-12-27,1,8794.0,entrada,11729
11575,2024-12-27,4,8793.0,entrada,4611
11576,2024-12-27,4,8792.0,entrada,12994
11577,2024-12-27,1,8798.0,entrada,3532
11578,2024-12-27,3,8789.0,entrada,6077
11579,2024-12-27,2,8791.0,entrada,8007
11580,2024-12-27,1,8787.0,entrada,10301
11581,2024-12-27,4,8786.0,entrada,7081
11582,2024-12-27,1,8785.0,entrada,8268
11583,2024-12-27,1,8784.0,entrada,10307
11584,2024-12-27,4,8783.0,entrada,6320
11585,2024-12-27,1,,salida,20438
11586,2024-12-27,1,8652.0,merma,431
11587,2024-12-27,2,8788.0,entrada,5101
11588,2024-12-28,3,8809.0,entrada,2932
11589,2024-12-28,2,8810.0,entrada,9445
11590,2024-12-28,3,8811.0,entrada,4217
11591,2024-12-28,1,8812.0,entrada,15855
11592,2024-12-28,4,8806.0,entrada,8865
11593,2024-12-28,1,8805.0,entrada,8856
11594,2024-12-28,2,8804.0,entrada,6115
11595,2024-12-28,4,8800.0,entrada,6824
11596,2024-12-28,2,8802.0,entrada,10524
11597,2024-12-28,2,8801.0,entrada,8668
11598,2024-12-28,3,8808.0,entrada,11377
11599,2024-12-28,3,,salida,29997
11600,2024-12-28,4,,salida,108150
11601,2024-12-28,1,,salida,201035
11602,2024-12-28,4,8803.0,entrada,4211
11603,2024-12-28,1,8807.0,entrada,12819
11604,2024-12-29,2,8819.0,entrada,10072
11605,2024-12-29,1,8814.0,entrada,8766
11606,2024-12-29,4,,salida,7473
11607,2024-12-29,1,,salida,8336
11608,2024-12-29,2,,salida,18487
11609,2024-12-29,1,,salida,26958
11610,2024-12-29,3,8813.0,entrada,6526
11611,2024-12-29,3,,salida,76667
11612,2024-12-29,1,,salida,19897
11613,2024-12-29,3,8696.0,merma,965
11614,2024-12-29,2,,salida,2016
11615,2024-12-29,3,8827.0,entrada,16479
11616,2024-12-29,4,8826.0,entrada,3689
11617,2024-12-29,3,,salida,29270
11618,2024-12-29,3,8824.0,entrada,11724
11619,2024-12-29,2,8815.0,entrada,5894
11620,2024-12-29,2,8816.0,entrada,8393
11621,2024-12-29,1,8817.0,entrada,6498
11622,2024-12-29,3,8818.0,entrada,7344
11623,2024-12-29,2,8735.0,merma,534
11624,2024-12-29,4,8820.0,entrada,4600
11625,2024-12-29,2,8821.0,entrada,10991
11626,2024-12-29,1,8825.0,entrada,5074
11627,2024-12-29,4,8823.0,entrada,3593
11628,2024-12-29,3,8822.0,entrada,10643
11629,2024-12-30,4,8838.0,entrada,3238
11630,2024-12-30,4,8828.0,entrada,7045
11631,2024-12-30,2,,salida,5174
11632,2024-12-30,3,8829.0,entrada,10483
11633,2024-12-30,4,8830.0,entrada,8464
11634,2024-12-30,4,8836.0,entrada,11112
11635,2024-12-30,1,8832.0,entrada,9228
11636,2024-12-30,2,,salida,20740
11637,2024-12-30,3,8831.0,entrada,6422
11638,2024-12-30,4,8834.0,entrada,9033
11639,2024-12-30,4,8835.0,entrada,4583
11640,2024-12-30,4,8842.0,entrada,16271
11641,2024-12-30,2,8841.0,entrada,4454
11642,2024-12-30,1,8840.0,entrada,4653
11643,2024-12-30,2,8839.0,entrada,10418
11644,2024-12-30,4,8833.0,entrada,4167
11645,2024-12-30,1,8837.0,entrada,12947
11646,2024-12-31,3,,salida,16128
11647,2024-12-31,4,,salida,9959
11648,2024-12-31,2,,salida,9330
11649,2024-12-31,3,,salida,62215
11650,2024-12-31,4,,salida,20575
11651,2024-12-31,4,,salida,21828
11652,2024-12-31,4,8848.0,entrada,6377
11653,2024-12-31,2,8857.0,entrada,4953
11654,2024-12-31,2,8810.0,merma,887
11655,2024-12-31,3,8843.0,entrada,6966
11656,2024-12-31,2,8844.0,entrada,11207
11657,2024-12-31,4,8845.0,entrada,6879
11658,2024-12-31,2,8846.0,entrada,10930
11659,2024-12-31,2,8858.0,entrada,13662
11660,2024-12-31,4,8849.0,entrada,7973
11661,2024-12-31,4,8847.0,entrada,4008
11662,2024-12-31,2,8851.0,entrada,12848
11663,2024-12-31,1,8852.0,entrada,5713
11664,2024-12-31,1,8853.0,entrada,10251
11665,2024-12-31,1,8854.0,entrada,10053
11666,2024-12-31,1,8855.0,entrada,3512
11667,2024-12-31,4,8856.0,entrada,10221
11668,2024-12-31,3,8850.0,entrada,9369
11669,2024-12-31,2,8802.0,merma,889
11670,2025-01-01,2,,salida,34063
11671,2025-01-01,3,,salida,1798
11672,2025-01-01,2,,salida,7466
11673,2025-01-01,4,,salida,18760
11674,2025-01-01,3,8866.0,entrada,8069
11675,2025-01-01,3,8874.0,entrada,16138
11676,2025-01-01,2,8871.0,entrada,12067
11677,2025-01-01,3,8872.0,entrada,3424
11678,2025-01-01,1,8873.0,entrada,5050
11679,2025-01-01,1,8870.0,entrada,10543
11680,2025-01-01,3,8869.0,entrada,5496
11681,2025-01-01,4,8868.0,entrada,15023
11682,2025-01-01,3,8867.0,entrada,8004
11683,2025-01-01,2,8865.0,entrada,6788
11684,2025-01-01,1,8864.0,entrada,4968
11685,2025-01-01,2,8794.0,merma,680
11686,2025-01-01,3,8859.0,entrada,7348
11687,2025-01-01,2,8860.0,entrada,10298
11688,2025-01-01,2,8861.0,entrada,8691
11689,2025-01-01,2,8862.0,entrada,7211
11690,2025-01-01,3,8863.0,entrada,10440
11691,2025-01-02,1,8887.0,entrada,3348
11692,2025-01-02,3,8875.0,entrada,6508
11693,2025-01-02,3,8876.0,entrada,11451
11694,2025-01-02,3,8877.0,entrada,5699
11695,2025-01-02,3,8878.0,entrada,10086
11696,2025-01-02,2,8880.0,entrada,5721
11697,2025-01-02,2,8881.0,entrada,7579
11698,2025-01-02,2,8883.0,entrada,15095
11699,2025-01-02,3,8890.0,entrada,4103
11700,2025-01-02,1,8884.0,entrada,5061
11701,2025-01-02,1,8797.0,merma,1050
11702,2025-01-02,4,8886.0,entrada,11319
11703,2025-01-02,3,8889.0,entrada,4659
11704,2025-01-02,1,8888.0,entrada,11169
11705,2025-01-02,2,8882.0,entrada,9064
11706,2025-01-02,4,8885.0,entrada,9826
11707,2025-01-02,1,8879.0,entrada,5044
11708,2025-01-02,3,,salida,11886
11709,2025-01-02,3,8780.0,merma,333
11710,2025-01-02,3,,salida,14837
11711,2025-01-02,2,,salida,692
11712,2025-01-02,2,,salida,1286
11713,2025-01-03,3,8776.0,merma,297
11714,2025-01-03,3,8893.0,entrada,9449
11715,2025-01-03,4,8906.0,entrada,15096
11716,2025-01-03,3,8905.0,entrada,4067
11717,2025-01-03,1,8904.0,entrada,4418
11718,2025-01-03,3,8903.0,entrada,10628
11719,2025-01-03,4,8900.0,entrada,10308
11720,2025-01-03,4,8901.0,entrada,13146
11721,2025-01-03,2,8892.0,entrada,9552
11722,2025-01-03,3,8899.0,entrada,5138
11723,2025-01-03,4,8898.0,entrada,14793
11724,2025-01-03,2,8897.0,entrada,8671
11725,2025-01-03,3,8896.0,entrada,8580
11726,2025-01-03,4,8902.0,entrada,3367
11727,2025-01-03,3,8891.0,entrada,6639
11728,2025-01-03,4,8894.0,entrada,6824
11729,2025-01-03,2,8835.0,merma,484
11730,2025-01-03,3,,salida,58887
11731,2025-01-03,2,8895.0,entrada,5993
11732,2025-01-04,1,8911.0,entrada,11542
11733,2025-01-04,3,8842.0,merma,764
11734,2025-01-04,1,,salida,15756
11735,2025-01-04,4,,salida,10567
11736,2025-01-04,4,,salida,18081
11737,2025-01-04,1,,salida,104628
11738,2025-01-04,1,,salida,40827
11739,2025-01-04,3,,salida,14745
11740,2025-01-04,3,8907.0,entrada,6254
11741,2025-01-04,4,8908.0,entrada,10813
11742,2025-01-04,1,8909.0,entrada,8618
11743,2025-01-04,2,8910.0,entrada,6993
11744,2025-01-04,1,8921.0,entrada,3841
11745,2025-01-04,2,8920.0,entrada,5838
11746,2025-01-04,2,8913.0,entrada,5840
11747,2025-01-04,3,8914.0,entrada,9967
11748,2025-01-04,2,8915.0,entrada,9341
11749,2025-01-04,3,8916.0,entrada,14325
11750,2025-01-04,3,8917.0,entrada,10279
11751,2025-01-04,4,8918.0,entrada,11722
11752,2025-01-04,4,8919.0,entrada,3158
11753,2025-01-04,1,8912.0,entrada,4926
11754,2025-01-04,1,,salida,172705
11755,2025-01-04,2,8922.0,entrada,14326
11756,2025-01-04,4,,salida,8623
11757,2025-01-05,4,8935.0,entrada,11082
11758,2025-01-05,2,8938.0,entrada,3648
11759,2025-01-05,3,8937.0,entrada,4683
11760,2025-01-05,1,8939.0,entrada,16272
11761,2025-01-05,4,8934.0,entrada,10052
11762,2025-01-05,3,8936.0,entrada,9792
11763,2025-01-05,2,8933.0,entrada,5294
11764,2025-01-05,4,8924.0,entrada,12365
11765,2025-01-05,4,,salida,17329
11766,2025-01-05,1,8932.0,entrada,13851
11767,2025-01-05,2,8807.0,merma,1419
11768,2025-01-05,2,8886.0,merma,943
11769,2025-01-05,4,8931.0,entrada,8511
11770,2025-01-05,3,8923.0,entrada,6544
11771,2025-01-05,4,8929.0,entrada,6355
11772,2025-01-05,3,8930.0,entrada,8849
11773,2025-01-05,2,8925.0,entrada,8722
11774,2025-01-05,2,8926.0,entrada,7384
11775,2025-01-05,4,8927.0,entrada,10026
11776,2025-01-05,4,8928.0,entrada,4536
11777,2025-01-06,2,8955.0,entrada,14217
11778,2025-01-06,4,8954.0,entrada,3842
11779,2025-01-06,3,8953.0,entrada,5133
11780,2025-01-06,3,8951.0,entrada,3234
11781,2025-01-06,2,,salida,15814
11782,2025-01-06,4,8949.0,entrada,4789
11783,2025-01-06,3,8952.0,entrada,10887
11784,2025-01-06,3,8947.0,entrada,8353
11785,2025-01-06,3,8948.0,entrada,13202
11786,2025-01-06,3,,salida,42935
11787,2025-01-06,2,8940.0,entrada,6990
11788,2025-01-06,4,8941.0,entrada,9848
11789,2025-01-06,1,8942.0,entrada,8351
11790,2025-01-06,3,8950.0,entrada,11185
11791,2025-01-06,1,8944.0,entrada,10263
11792,2025-01-06,1,8945.0,entrada,6021
11793,2025-01-06,2,8946.0,entrada,7752
11794,2025-01-06,1,8943.0,entrada,7297
11795,2025-01-07,4,8970.0,entrada,5648
11796,2025-01-07,2,8969.0,entrada,10950
11797,2025-01-07,4,8968.0,entrada,3292
11798,2025-01-07,1,8967.0,entrada,11447
11799,2025-01-07,3,8966.0,entrada,5466
11800,2025-01-07,3,8965.0,entrada,12701
11801,2025-01-07,3,8964.0,entrada,7597
11802,2025-01-07,1,8962.0,entrada,6561
11803,2025-01-07,1,8961.0,entrada,4368
11804,2025-01-07,3,8960.0,entrada,10363
11805,2025-01-07,2,8958.0,entrada,8997
11806,2025-01-07,3,8957.0,entrada,10125
11807,2025-01-07,1,8956.0,entrada,7196
11808,2025-01-07,3,8971.0,entrada,3449
11809,2025-01-07,1,8963.0,entrada,9085
11810,2025-01-07,3,8959.0,entrada,7236
11811,2025-01-07,3,8972.0,entrada,18047
11812,2025-01-07,3,,salida,30884
11813,2025-01-07,1,,salida,99287
11814,2025-01-08,4,8973.0,entrada,6284
11815,2025-01-08,1,8988.0,entrada,15557
11816,2025-01-08,1,8985.0,entrada,9660
11817,2025-01-08,1,8984.0,entrada,3305
11818,2025-01-08,1,8983.0,entrada,10368
11819,2025-01-08,3,8982.0,entrada,4960
11820,2025-01-08,2,8981.0,entrada,14148
11821,2025-01-08,3,8980.0,entrada,9989
11822,2025-01-08,4,8979.0,entrada,5737
11823,2025-01-08,4,8978.0,entrada,4377
11824,2025-01-08,2,8977.0,entrada,12159
11825,2025-01-08,2,8975.0,entrada,8408
11826,2025-01-08,3,8987.0,entrada,3735
11827,2025-01-08,3,8974.0,entrada,11145
11828,2025-01-08,4,,salida,698
11829,2025-01-08,3,8888.0,merma,1088
11830,2025-01-08,3,8976.0,entrada,6472
11831,2025-01-08,1,8986.0,entrada,5198
11832,2025-01-09,2,,salida,19684
11833,2025-01-09,1,,salida,106008
11834,2025-01-09,1,8846.0,merma,361
11835,2025-01-09,2,8869.0,merma,549
11836,2025-01-09,3,8897.0,merma,394
11837,2025-01-09,1,8901.0,merma,1008
11838,2025-01-09,1,8997.0,entrada,8809
11839,2025-01-09,4,8990.0,entrada,10859
11840,2025-01-09,4,9002.0,entrada,4771
11841,2025-01-09,1,9003.0,entrada,3363
11842,2025-01-09,2,9004.0,entrada,13907
11843,2025-01-09,1,9001.0,entrada,9049
11844,2025-01-09,4,9000.0,entrada,3331
11845,2025-01-09,1,8999.0,entrada,10711
11846,2025-01-09,2,8998.0,entrada,4893
11847,2025-01-09,2,8989.0,entrada,7257
11848,2025-01-09,4,8996.0,entrada,9244
11849,2025-01-09,3,8995.0,entrada,6220
11850,2025-01-09,4,8991.0,entrada,9434
11851,2025-01-09,1,8994.0,entrada,3932
11852,2025-01-09,1,8992.0,entrada,5859
11853,2025-01-09,1,8993.0,entrada,8492
11854,2025-01-10,1,9005.0,entrada,7521
11855,2025-01-10,2,9006.0,entrada,11005
11856,2025-01-10,2,9007.0,entrada,7731
11857,2025-01-10,1,9008.0,entrada,4583
11858,2025-01-10,2,9009.0,entrada,6540
11859,2025-01-10,3,9010.0,entrada,8865
11860,2025-01-10,3,8917.0,merma,341
11861,2025-01-10,3,8933.0,merma,475
11862,2025-01-10,3,,salida,11444
11863,2025-01-10,3,,salida,82852
11864,2025-01-10,2,,salida,7245
11865,2025-01-10,1,9011.0,entrada,9214
11866,2025-01-10,2,9013.0,entrada,3643
11867,2025-01-10,1,9012.0,entrada,12656
11868,2025-01-10,2,9014.0,entrada,4863
11869,2025-01-10,1,9015.0,entrada,3164
11870,2025-01-11,1,9029.0,entrada,4563
11871,2025-01-11,1,,salida,109295
11872,2025-01-11,3,,salida,57397
11873,2025-01-11,2,,salida,117475
11874,2025-01-11,3,,salida,102298
11875,2025-01-11,3,9016.0,entrada,7009
11876,2025-01-11,2,9017.0,entrada,11124
11877,2025-01-11,2,9018.0,entrada,8760
11878,2025-01-11,3,8892.0,merma,649
11879,2025-01-11,4,9019.0,entrada,7468
11880,2025-01-11,3,9020.0,entrada,10112
11881,2025-01-11,3,9021.0,entrada,4474
11882,2025-01-11,1,9022.0,entrada,5175
11883,2025-01-11,3,9023.0,entrada,9098
11884,2025-01-11,1,9024.0,entrada,15017
11885,2025-01-11,4,9025.0,entrada,4824
11886,2025-01-11,3,9026.0,entrada,10701
11887,2025-01-11,4,9030.0,entrada,3705
11888,2025-01-11,4,9028.0,entrada,8921
11889,2025-01-11,2,9027.0,entrada,3358
11890,2025-01-11,3,,salida,30413
11891,2025-01-12,1,9038.0,entrada,15840
11892,2025-01-12,4,9046.0,entrada,18391
11893,2025-01-12,2,9044.0,entrada,5234
11894,2025-01-12,3,9043.0,entrada,10330
11895,2025-01-12,2,9042.0,entrada,3671
11896,2025-01-12,4,9041.0,entrada,11497
11897,2025-01-12,1,9040.0,entrada,10327
11898,2025-01-12,1,9039.0,entrada,5196
11899,2025-01-12,4,9037.0,entrada,8323
11900,2025-01-12,1,9036.0,entrada,7659
11901,2025-01-12,3,,salida,74282
11902,2025-01-12,2,9035.0,entrada,7251
11903,2025-01-12,3,9034.0,entrada,4756
11904,2025-01-12,1,9045.0,entrada,4063
11905,2025-01-12,3,,salida,2912
11906,2025-01-12,3,,salida,24179
11907,2025-01-12,2,,salida,29483
11908,2025-01-12,2,,salida,8089
11909,2025-01-12,2,,salida,36844
11910,2025-01-12,4,9032.0,entrada,11249
11911,2025-01-12,4,9002.0,merma,506
11912,2025-01-12,1,9033.0,entrada,10669
11913,2025-01-12,1,9031.0,entrada,7804
11914,2025-01-13,4,9064.0,entrada,25785
11915,2025-01-13,4,9063.0,entrada,7134
11916,2025-01-13,1,9056.0,entrada,25527
11917,2025-01-13,4,9062.0,entrada,9199
11918,2025-01-13,2,9061.0,entrada,17713
11919,2025-01-13,1,9060.0,entrada,6859
11920,2025-01-13,3,9059.0,entrada,21033
11921,2025-01-13,2,9058.0,entrada,18799
11922,2025-01-13,1,9057.0,entrada,8722
11923,2025-01-13,3,9055.0,entrada,14730
11924,2025-01-13,1,9052.0,entrada,8139
11925,2025-01-13,4,9053.0,entrada,10905
11926,2025-01-13,4,,salida,10398
11927,2025-01-13,3,9051.0,entrada,17405
11928,2025-01-13,3,9050.0,entrada,13153
11929,2025-01-13,3,9049.0,entrada,16475
11930,2025-01-13,1,9048.0,entrada,20980
11931,2025-01-13,2,9047.0,entrada,11457
11932,2025-01-13,3,,salida,40551
11933,2025-01-13,2,9054.0,entrada,16123
11934,2025-01-14,1,9069.0,entrada,7973
11935,2025-01-14,2,,salida,30213
11936,2025-01-14,3,9065.0,entrada,10997
11937,2025-01-14,2,9066.0,entrada,19901
11938,2025-01-14,2,9067.0,entrada,19734
11939,2025-01-14,1,9068.0,entrada,18299
11940,2025-01-14,1,9070.0,entrada,9351
11941,2025-01-14,2,9074.0,entrada,9455
11942,2025-01-14,1,9072.0,entrada,15063
11943,2025-01-14,2,,salida,20104
11944,2025-01-14,4,,salida,12669
11945,2025-01-14,4,8993.0,merma,587
11946,2025-01-14,2,9071.0,entrada,15172
11947,2025-01-14,2,9081.0,entrada,27491
11948,2025-01-14,3,9080.0,entrada,6598
11949,2025-01-14,4,8990.0,merma,1121
11950,2025-01-14,3,9078.0,entrada,20162
11951,2025-01-14,4,9077.0,entrada,6525
11952,2025-01-14,1,9076.0,entrada,17287
11953,2025-01-14,4,9075.0,entrada,16645
11954,2025-01-14,1,8945.0,merma,356
11955,2025-01-14,2,9073.0,entrada,26939
11956,2025-01-14,3,9079.0,entrada,8438
11957,2025-01-15,1,8981.0,merma,1117
11958,2025-01-15,2,,salida,12638
11959,2025-01-15,2,,salida,120213
11960,2025-01-15,2,,salida,250587
11961,2025-01-15,3,,salida,39523
11962,2025-01-15,1,,salida,107796
11963,2025-01-15,3,,salida,55262
11964,2025-01-15,4,,salida,8876
11965,2025-01-15,1,9097.0,entrada,26555
11966,2025-01-15,4,9094.0,entrada,17793
11967,2025-01-15,3,9095.0,entrada,8066
11968,2025-01-15,2,9082.0,entrada,10475
11969,2025-01-15,2,9083.0,entrada,16690
11970,2025-01-15,1,9084.0,entrada,12823
11971,2025-01-15,4,9085.0,entrada,19416
11972,2025-01-15,4,9096.0,entrada,7570
11973,2025-01-15,4,9087.0,entrada,13763
11974,2025-01-15,2,9086.0,entrada,11299
11975,2025-01-15,4,9089.0,entrada,24261
11976,2025-01-15,1,9090.0,entrada,10000
11977,2025-01-15,1,9091.0,entrada,19606
11978,2025-01-15,3,9092.0,entrada,20314
11979,2025-01-15,3,9093.0,entrada,6369
11980,2025-01-15,4,9088.0,entrada,15432
11981,2025-01-16,1,9049.0,merma,1389
11982,2025-01-16,1,9098.0,entrada,13675
11983,2025-01-16,1,9099.0,entrada,20306
11984,2025-01-16,2,9100.0,entrada,14932
11985,2025-01-16,1,9102.0,entrada,22946
11986,2025-01-16,4,9103.0,entrada,8125
11987,2025-01-16,4,9101.0,entrada,11892
11988,2025-01-16,3,9105.0,entrada,16860
11989,2025-01-16,3,9112.0,entrada,6340
11990,2025-01-16,3,9109.0,entrada,21466
11991,2025-01-16,4,9111.0,entrada,7870
11992,2025-01-16,3,9104.0,entrada,11188
11993,2025-01-16,1,9110.0,entrada,6267
11994,2025-01-16,4,9107.0,entrada,8589
11995,2025-01-16,1,9106.0,entrada,22100
11996,2025-01-16,1,9108.0,entrada,20050
11997,2025-01-17,2,9129.0,entrada,5623
11998,2025-01-17,3,9128.0,entrada,9495
11999,2025-01-17,3,9126.0,entrada,6530
12000,2025-01-17,4,9125.0,entrada,20272
12001,2025-01-17,1,9124.0,entrada,19815
12002,2025-01-17,3,9123.0,entrada,9018
12003,2025-01-17,1,9122.0,entrada,25960
12004,2025-01-17,2,9121.0,entrada,15337
12005,2025-01-17,1,9120.0,entrada,12704
12006,2025-01-17,4,9127.0,entrada,17615
12007,2025-01-17,4,9118.0,entrada,8556
12008,2025-01-17,2,9119.0,entrada,11085
12009,2025-01-17,2,9113.0,entrada,12852
12010,2025-01-17,3,,salida,10421
12011,2025-01-17,2,9115.0,entrada,16112
12012,2025-01-17,3,9114.0,entrada,22198
12013,2025-01-17,1,,salida,15342
12014,2025-01-17,1,9116.0,entrada,12316
12015,2025-01-17,1,9117.0,entrada,19558
12016,2025-01-18,4,9146.0,entrada,25220
12017,2025-01-18,1,9142.0,entrada,6151
12018,2025-01-18,2,9138.0,entrada,25875
12019,2025-01-18,4,9141.0,entrada,19498
12020,2025-01-18,4,9140.0,entrada,20646
12021,2025-01-18,1,9139.0,entrada,9450
12022,2025-01-18,4,9143.0,entrada,19840
12023,2025-01-18,1,9137.0,entrada,18669
12024,2025-01-18,1,9133.0,entrada,14107
12025,2025-01-18,3,9135.0,entrada,12043
12026,2025-01-18,3,9134.0,entrada,7339
12027,2025-01-18,2,9132.0,entrada,13929
12028,2025-01-18,1,9131.0,entrada,19065
12029,2025-01-18,4,9130.0,entrada,12159
12030,2025-01-18,2,9145.0,entrada,5483
12031,2025-01-18,4,,salida,21214
12032,2025-01-18,3,,salida,13021
12033,2025-01-18,1,9136.0,entrada,14884
12034,2025-01-18,1,9144.0,entrada,8885
12035,2025-01-19,3,,salida,21254
12036,2025-01-19,4,9147.0,entrada,12487
12037,2025-01-19,1,,salida,50579
12038,2025-01-19,2,,salida,58195
12039,2025-01-19,2,,salida,1071
12040,2025-01-19,2,,salida,325847
12041,2025-01-19,4,9158.0,entrada,6014
12042,2025-01-19,4,9157.0,entrada,8952
12043,2025-01-19,3,9156.0,entrada,21399
12044,2025-01-19,4,9149.0,entrada,11507
12045,2025-01-19,4,9154.0,entrada,8796
12046,2025-01-19,4,9153.0,entrada,24890
12047,2025-01-19,1,9148.0,entrada,17767
12048,2025-01-19,3,9150.0,entrada,11825
12049,2025-01-19,2,9151.0,entrada,17642
12050,2025-01-19,2,9152.0,entrada,17726
12051,2025-01-19,3,9155.0,entrada,19863
12052,2025-01-20,1,,salida,5795
12053,2025-01-20,3,9174.0,entrada,27084
12054,2025-01-20,4,9173.0,entrada,7076
12055,2025-01-20,4,9172.0,entrada,8221
12056,2025-01-20,2,9171.0,entrada,16801
12057,2025-01-20,3,9170.0,entrada,6407
12058,2025-01-20,3,9168.0,entrada,19792
12059,2025-01-20,3,9167.0,entrada,9452
12060,2025-01-20,1,9166.0,entrada,17439
12061,2025-01-20,3,9165.0,entrada,15956
12062,2025-01-20,2,9163.0,entrada,8229
12063,2025-01-20,1,9162.0,entrada,17704
12064,2025-01-20,3,9161.0,entrada,14053
12065,2025-01-20,1,9160.0,entrada,15154
12066,2025-01-20,3,9159.0,entrada,11113
12067,2025-01-20,1,9169.0,entrada,19651
12068,2025-01-20,1,9020.0,merma,939
12069,2025-01-20,2,9164.0,entrada,11424
12070,2025-01-21,2,9185.0,entrada,9518
12071,2025-01-21,1,9175.0,entrada,14603
12072,2025-01-21,1,9176.0,entrada,19083
12073,2025-01-21,3,9190.0,entrada,6305
12074,2025-01-21,3,9036.0,merma,514
12075,2025-01-21,2,9189.0,entrada,7770
12076,2025-01-21,2,9069.0,merma,827
12077,2025-01-21,3,9188.0,entrada,18800
12078,2025-01-21,1,,salida,13790
12079,2025-01-21,2,9187.0,entrada,19494
12080,2025-01-21,3,9186.0,entrada,19300
12081,2025-01-21,3,9184.0,entrada,26653
12082,2025-01-21,2,9183.0,entrada,16223
12083,2025-01-21,4,,salida,22541
12084,2025-01-21,3,,salida,104389
12085,2025-01-21,2,9177.0,entrada,17425
12086,2025-01-21,1,9178.0,entrada,12125
12087,2025-01-21,1,9179.0,entrada,15732
12088,2025-01-21,4,9182.0,entrada,17617
12089,2025-01-21,2,9180.0,entrada,7614
12090,2025-01-21,3,9181.0,entrada,11560
12091,2025-01-22,4,9192.0,entrada,15920
12092,2025-01-22,2,9191.0,entrada,12339
12093,2025-01-22,4,9198.0,entrada,22797
12094,2025-01-22,3,9197.0,entrada,18364
12095,2025-01-22,2,9196.0,entrada,16049
12096,2025-01-22,3,9201.0,entrada,20825
12097,2025-01-22,3,9195.0,entrada,11065
12098,2025-01-22,4,9205.0,entrada,6887
12099,2025-01-22,2,9202.0,entrada,6545
12100,2025-01-22,4,9204.0,entrada,9478
12101,2025-01-22,3,9199.0,entrada,9903
12102,2025-01-22,3,,salida,56894
12103,2025-01-22,4,9203.0,entrada,22411
12104,2025-01-22,1,,salida,22933
12105,2025-01-22,3,,salida,86799
12106,2025-01-22,1,9194.0,entrada,7698
12107,2025-01-22,4,,salida,136392
12108,2025-01-22,4,9193.0,entrada,17886
12109,2025-01-22,2,9200.0,entrada,20110
12110,2025-01-22,1,9206.0,entrada,26553
12111,2025-01-23,1,9215.0,entrada,16094
12112,2025-01-23,3,9219.0,entrada,6152
12113,2025-01-23,2,9217.0,entrada,8672
12114,2025-01-23,2,9220.0,entrada,18469
12115,2025-01-23,3,9221.0,entrada,7517
12116,2025-01-23,3,9216.0,entrada,23216
12117,2025-01-23,4,9218.0,entrada,16657
12118,2025-01-23,1,9222.0,entrada,30379
12119,2025-01-23,3,9213.0,entrada,12743
12120,2025-01-23,4,9207.0,entrada,12320
12121,2025-01-23,4,9210.0,entrada,11045
12122,2025-01-23,2,9164.0,merma,889
12123,2025-01-23,1,9209.0,entrada,16084
12124,2025-01-23,3,9208.0,entrada,20575
12125,2025-01-23,2,9214.0,entrada,16223
12126,2025-01-23,3,9212.0,entrada,8227
12127,2025-01-23,3,9211.0,entrada,19448
12128,2025-01-23,2,,salida,176530
12129,2025-01-24,1,9239.0,entrada,6057
12130,2025-01-24,4,,salida,8827
12131,2025-01-24,2,,salida,134912
12132,2025-01-24,3,,salida,90402
12133,2025-01-24,3,,salida,51055
12134,2025-01-24,3,9240.0,entrada,27039
12135,2025-01-24,1,9223.0,entrada,12922
12136,2025-01-24,4,9224.0,entrada,18444
12137,2025-01-24,3,9225.0,entrada,15410
12138,2025-01-24,2,9226.0,entrada,13029
12139,2025-01-24,4,9227.0,entrada,16498
12140,2025-01-24,2,9235.0,entrada,19318
12141,2025-01-24,4,9229.0,entrada,9838
12142,2025-01-24,2,9230.0,entrada,17358
12143,2025-01-24,4,9231.0,entrada,16339
12144,2025-01-24,4,9232.0,entrada,22752
12145,2025-01-24,3,9234.0,entrada,17699
12146,2025-01-24,3,9228.0,entrada,7346
12147,2025-01-24,1,9236.0,entrada,6056
12148,2025-01-24,3,9237.0,entrada,18462
12149,2025-01-24,1,9238.0,entrada,9439
12150,2025-01-24,4,9233.0,entrada,8426
12151,2025-01-25,3,,salida,5601
12152,2025-01-25,3,9241.0,entrada,19129
12153,2025-01-25,2,,salida,52158
12154,2025-01-25,4,9257.0,entrada,25231
12155,2025-01-25,2,9256.0,entrada,6896
12156,2025-01-25,3,9254.0,entrada,19530
12157,2025-01-25,1,9255.0,entrada,8528
12158,2025-01-25,2,9252.0,entrada,20017
12159,2025-01-25,1,9251.0,entrada,21482
12160,2025-01-25,2,9250.0,entrada,8889
12161,2025-01-25,3,9249.0,entrada,24916
12162,2025-01-25,2,9248.0,entrada,16603
12163,2025-01-25,2,9242.0,entrada,18495
12164,2025-01-25,4,9247.0,entrada,15443
12165,2025-01-25,1,9253.0,entrada,5875
12166,2025-01-25,2,9246.0,entrada,11283
12167,2025-01-25,1,9245.0,entrada,8305
12168,2025-01-25,4,9244.0,entrada,19912
12169,2025-01-25,2,9243.0,entrada,11712
12170,2025-01-26,2,9271.0,entrada,6928
12171,2025-01-26,3,,salida,18374
12172,2025-01-26,1,,salida,5864
12173,2025-01-26,1,,salida,8222
12174,2025-01-26,4,,salida,177883
12175,2025-01-26,3,9270.0,entrada,8633
12176,2025-01-26,2,9213.0,merma,565
12177,2025-01-26,1,9268.0,entrada,20455
12178,2025-01-26,2,9259.0,entrada,15819
12179,2025-01-26,3,9260.0,entrada,11036
12180,2025-01-26,3,9261.0,entrada,19088
12181,2025-01-26,2,9269.0,entrada,18431
12182,2025-01-26,1,9161.0,merma,1312
12183,2025-01-26,2,9262.0,entrada,7500
12184,2025-01-26,3,9258.0,entrada,12432
12185,2025-01-26,2,9263.0,entrada,11216
12186,2025-01-26,4,9264.0,entrada,14766
12187,2025-01-26,3,9265.0,entrada,17300
12188,2025-01-26,3,9266.0,entrada,22594
12189,2025-01-26,2,9267.0,entrada,8408
12190,2025-01-27,3,,salida,97756
12191,2025-01-27,3,,salida,30003
12192,2025-01-27,2,,salida,1136
12193,2025-01-27,3,,salida,55992
12194,2025-01-27,3,9236.0,merma,343
12195,2025-01-27,2,9158.0,merma,620
12196,2025-01-27,3,9278.0,entrada,17215
12197,2025-01-27,1,9273.0,entrada,19563
12198,2025-01-27,2,9277.0,entrada,16229
12199,2025-01-27,3,9286.0,entrada,27869
12200,2025-01-27,3,9285.0,entrada,6185
12201,2025-01-27,4,9272.0,entrada,11441
12202,2025-01-27,2,9284.0,entrada,9302
12203,2025-01-27,3,9276.0,entrada,11884
12204,2025-01-27,4,9275.0,entrada,17292
12205,2025-01-27,4,9283.0,entrada,6594
12206,2025-01-27,4,9282.0,entrada,19410
12207,2025-01-27,4,9281.0,entrada,18848
12208,2025-01-27,3,9280.0,entrada,9525
12209,2025-01-27,4,9279.0,entrada,23393
12210,2025-01-27,2,9274.0,entrada,18616
12211,2025-01-28,1,9300.0,entrada,9316
12212,2025-01-28,2,9299.0,entrada,20035
12213,2025-01-28,3,9291.0,entrada,18163
12214,2025-01-28,3,9297.0,entrada,20850
12215,2025-01-28,3,9296.0,entrada,8266
12216,2025-01-28,4,9295.0,entrada,15757
12217,2025-01-28,3,9298.0,entrada,6542
12218,2025-01-28,4,9293.0,entrada,10405
12219,2025-01-28,4,9292.0,entrada,9589
12220,2025-01-28,1,9290.0,entrada,13450
12221,2025-01-28,4,9301.0,entrada,7362
12222,2025-01-28,4,,salida,135976
12223,2025-01-28,1,,salida,2320
12224,2025-01-28,1,9289.0,entrada,17293
12225,2025-01-28,3,,salida,13419
12226,2025-01-28,2,9294.0,entrada,16734
12227,2025-01-28,1,,salida,3346
12228,2025-01-28,1,9287.0,entrada,12674
12229,2025-01-28,1,9288.0,entrada,20363
12230,2025-01-29,2,,salida,73206
12231,2025-01-29,1,,salida,15069
12232,2025-01-29,3,9302.0,entrada,14052
12233,2025-01-29,3,9303.0,entrada,18598
12234,2025-01-29,1,9304.0,entrada,16862
12235,2025-01-29,3,9305.0,entrada,11604
12236,2025-01-29,4,9306.0,entrada,20720
12237,2025-01-29,2,9307.0,entrada,7522
12238,2025-01-29,3,9308.0,entrada,14415
12239,2025-01-29,1,9223.0,merma,430
12240,2025-01-29,1,9217.0,merma,764
12241,2025-01-29,3,9251.0,merma,1873
12242,2025-01-29,3,9310.0,entrada,24232
12243,2025-01-29,3,,salida,1766
12244,2025-01-29,1,9311.0,entrada,18920
12245,2025-01-29,3,9312.0,entrada,16644
12246,2025-01-29,3,9313.0,entrada,6280
12247,2025-01-29,2,9314.0,entrada,9362
12248,2025-01-29,1,9315.0,entrada,6489
12249,2025-01-29,1,9316.0,entrada,31358
12250,2025-01-29,4,9309.0,entrada,15682
12251,2025-01-29,4,,salida,119477
12252,2025-01-30,3,,salida,24400
12253,2025-01-30,3,,salida,22258
12254,2025-01-30,3,,salida,4466
12255,2025-01-30,2,,salida,60626
12256,2025-01-30,4,9326.0,entrada,10058
12257,2025-01-30,4,9191.0,merma,507
12258,2025-01-30,2,9333.0,entrada,29675
12259,2025-01-30,3,9332.0,entrada,6438
12260,2025-01-30,4,9331.0,entrada,8592
12261,2025-01-30,3,9330.0,entrada,17758
12262,2025-01-30,4,9329.0,entrada,6400
12263,2025-01-30,1,9327.0,entrada,18444
12264,2025-01-30,3,9325.0,entrada,21803
12265,2025-01-30,1,9324.0,entrada,17219
12266,2025-01-30,3,9323.0,entrada,14125
12267,2025-01-30,4,9328.0,entrada,19667
12268,2025-01-30,1,9321.0,entrada,19449
12269,2025-01-30,1,9320.0,entrada,10953
12270,2025-01-30,4,9319.0,entrada,16715
12271,2025-01-30,3,9318.0,entrada,20060
12272,2025-01-30,2,9317.0,entrada,13528
12273,2025-01-30,4,9280.0,merma,702
12274,2025-01-30,3,9322.0,entrada,8424
12275,2025-01-31,3,,salida,38058
12276,2025-01-31,1,9343.0,entrada,24921
12277,2025-01-31,3,9342.0,entrada,17317
12278,2025-01-31,2,,salida,13
12279,2025-01-31,4,9338.0,entrada,18384
12280,2025-01-31,3,9341.0,entrada,15157
12281,2025-01-31,1,9340.0,entrada,11409
12282,2025-01-31,1,9339.0,entrada,7609
12283,2025-01-31,4,,salida,44099
12284,2025-01-31,1,,salida,198152
12285,2025-01-31,4,9344.0,entrada,9123
12286,2025-01-31,3,9347.0,entrada,20145
12287,2025-01-31,4,9345.0,entrada,21884
12288,2025-01-31,1,9241.0,merma,1384
12289,2025-01-31,2,9261.0,merma,874
12290,2025-01-31,3,9334.0,entrada,13770
12291,2025-01-31,4,9335.0,entrada,18869
12292,2025-01-31,2,9348.0,entrada,9233
12293,2025-01-31,4,,salida,61867
12294,2025-01-31,2,9336.0,entrada,16747
12295,2025-01-31,4,9346.0,entrada,6729
12296,2025-01-31,3,9337.0,entrada,12354
12297,2025-02-01,3,,salida,42069
12298,2025-02-01,2,,salida,25907
12299,2025-02-01,3,,salida,76014
12300,2025-02-01,2,,salida,131648
12301,2025-02-01,1,,salida,130946
12302,2025-02-01,2,,salida,256904
12303,2025-02-01,3,,salida,31169
12304,2025-02-01,3,9360.0,entrada,20057
12305,2025-02-01,3,9363.0,entrada,6920
12306,2025-02-01,3,9362.0,entrada,9581
12307,2025-02-01,4,9361.0,entrada,17847
12308,2025-02-01,4,9359.0,entrada,18524
12309,2025-02-01,2,9358.0,entrada,9746
12310,2025-02-01,3,9357.0,entrada,27218
12311,2025-02-01,3,9356.0,entrada,15865
12312,2025-02-01,2,9355.0,entrada,15988
12313,2025-02-01,3,9354.0,entrada,12488
12314,2025-02-01,2,9352.0,entrada,12358
12315,2025-02-01,2,9351.0,entrada,13732
12316,2025-02-01,3,9353.0,entrada,8751
12317,2025-02-01,2,9349.0,entrada,11714
12318,2025-02-01,4,9299.0,merma,1373
12319,2025-02-01,2,9350.0,entrada,20408
12320,2025-02-02,4,9369.0,entrada,10024
12321,2025-02-02,4,9374.0,entrada,19109
12322,2025-02-02,2,9375.0,entrada,19191
12323,2025-02-02,4,9376.0,entrada,5562
12324,2025-02-02,1,9377.0,entrada,17351
12325,2025-02-02,1,9378.0,entrada,8726
12326,2025-02-02,1,9379.0,entrada,7134
12327,2025-02-02,2,9380.0,entrada,23101
12328,2025-02-02,4,9373.0,entrada,7920
12329,2025-02-02,4,9371.0,entrada,14300
12330,2025-02-02,4,9370.0,entrada,15947
12331,2025-02-02,2,9368.0,entrada,7261
12332,2025-02-02,1,9372.0,entrada,25016
12333,2025-02-02,1,9366.0,entrada,12991
12334,2025-02-02,3,9365.0,entrada,15874
12335,2025-02-02,2,9364.0,entrada,20218
12336,2025-02-02,3,9303.0,merma,2000
12337,2025-02-02,2,9314.0,merma,368
12338,2025-02-02,1,9367.0,entrada,18483
12339,2025-02-03,2,9389.0,entrada,16108
12340,2025-02-03,3,9390.0,entrada,10953
12341,2025-02-03,1,9391.0,entrada,18020
12342,2025-02-03,2,,salida,2508
12343,2025-02-03,1,9395.0,entrada,31157
12344,2025-02-03,4,9394.0,entrada,8439
12345,2025-02-03,3,9393.0,entrada,19663
12346,2025-02-03,2,9388.0,entrada,13282
12347,2025-02-03,3,9392.0,entrada,21264
12348,2025-02-03,4,,salida,410
12349,2025-02-03,2,9387.0,entrada,12189
12350,2025-02-03,3,9382.0,entrada,17827
12351,2025-02-03,1,9385.0,entrada,17619
12352,2025-02-03,1,9386.0,entrada,8389
12353,2025-02-03,4,,salida,11049
12354,2025-02-03,2,9381.0,entrada,12090
12355,2025-02-03,1,9342.0,merma,562
12356,2025-02-03,4,9383.0,entrada,17334
12357,2025-02-03,2,9384.0,entrada,13391
12358,2025-02-03,2,9264.0,merma,1507
12359,2025-02-04,1,9406.0,entrada,8683
12360,2025-02-04,1,,salida,84
12361,2025-02-04,2,,salida,52760
12362,2025-02-04,2,,salida,12186
12363,2025-02-04,1,9411.0,entrada,25832
12364,2025-02-04,4,9410.0,entrada,9746
12365,2025-02-04,1,9409.0,entrada,17120
12366,2025-02-04,2,9408.0,entrada,5849
12367,2025-02-04,4,9407.0,entrada,22029
12368,2025-02-04,2,9405.0,entrada,27389
12369,2025-02-04,4,9284.0,merma,571
12370,2025-02-04,1,9403.0,entrada,17283
12371,2025-02-04,2,9402.0,entrada,13271
12372,2025-02-04,2,9401.0,entrada,7514
12373,2025-02-04,3,9400.0,entrada,15278
12374,2025-02-04,4,9399.0,entrada,12386
12375,2025-02-04,2,9398.0,entrada,16172
12376,2025-02-04,2,9397.0,entrada,20943
12377,2025-02-04,1,9396.0,entrada,12267
12378,2025-02-04,1,9404.0,entrada,17197
12379,2025-02-05,1,9329.0,merma,400
12380,2025-02-05,1,,salida,7179
12381,2025-02-05,4,9335.0,merma,723
12382,2025-02-05,4,,salida,23677
12383,2025-02-05,4,,salida,18730
12384,2025-02-05,2,,salida,2730
12385,2025-02-05,1,,salida,4646
12386,2025-02-05,4,9372.0,merma,1030
12387,2025-02-05,4,,salida,14897
12388,2025-02-05,3,9415.0,entrada,7945
12389,2025-02-05,1,9421.0,entrada,16575
12390,2025-02-05,2,9414.0,entrada,21372
12391,2025-02-05,1,9413.0,entrada,14293
12392,2025-02-05,1,9412.0,entrada,13282
12393,2025-02-05,4,9417.0,entrada,18746
12394,2025-02-05,2,9418.0,entrada,9026
12395,2025-02-05,2,9419.0,entrada,21232
12396,2025-02-05,4,9420.0,entrada,20886
12397,2025-02-05,1,9416.0,entrada,14221
12398,2025-02-05,3,9422.0,entrada,8339
12399,2025-02-05,1,9423.0,entrada,7306
12400,2025-02-05,4,9424.0,entrada,26012
12401,2025-02-06,2,9425.0,entrada,10559
12402,2025-02-06,3,,salida,11272
12403,2025-02-06,3,9426.0,entrada,20515
12404,2025-02-06,2,,salida,11689
12405,2025-02-06,2,9427.0,entrada,16168
12406,2025-02-06,4,9428.0,entrada,18599
12407,2025-02-06,1,9429.0,entrada,7412
12408,2025-02-06,4,9439.0,entrada,28096
12409,2025-02-06,1,9438.0,entrada,6375
12410,2025-02-06,1,9319.0,merma,763
12411,2025-02-06,1,9295.0,merma,628
12412,2025-02-06,1,9437.0,entrada,9243
12413,2025-02-06,3,9435.0,entrada,18859
12414,2025-02-06,1,9436.0,entrada,19223
12415,2025-02-06,1,9434.0,entrada,7760
12416,2025-02-06,2,9433.0,entrada,24896
12417,2025-02-06,2,9432.0,entrada,14810
12418,2025-02-06,2,9431.0,entrada,14673
12419,2025-02-06,3,9430.0,entrada,10006
12420,2025-02-07,1,9446.0,entrada,10795
12421,2025-02-07,4,9440.0,entrada,13707
12422,2025-02-07,4,9445.0,entrada,8610
12423,2025-02-07,1,9444.0,entrada,18956
12424,2025-02-07,1,9447.0,entrada,13908
12425,2025-02-07,3,9442.0,entrada,18449
12426,2025-02-07,1,9449.0,entrada,9468
12427,2025-02-07,3,9398.0,merma,494
12428,2025-02-07,4,9323.0,merma,966
12429,2025-02-07,2,9448.0,entrada,24793
12430,2025-02-07,3,,salida,12868
12431,2025-02-07,4,9455.0,entrada,30808
12432,2025-02-07,2,9454.0,entrada,8759
12433,2025-02-07,1,9443.0,entrada,12100
12434,2025-02-07,3,9452.0,entrada,6387
12435,2025-02-07,1,9451.0,entrada,21289
12436,2025-02-07,4,9441.0,entrada,19835
12437,2025-02-07,2,9450.0,entrada,16948
12438,2025-02-07,3,,salida,72556
12439,2025-02-07,4,9453.0,entrada,18102
12440,2025-02-08,1,9415.0,merma,529
12441,2025-02-08,4,9472.0,entrada,6497
12442,2025-02-08,4,9471.0,entrada,7504
12443,2025-02-08,1,9470.0,entrada,16543
12444,2025-02-08,1,9469.0,entrada,5315
12445,2025-02-08,3,9468.0,entrada,19879
12446,2025-02-08,3,9466.0,entrada,8307
12447,2025-02-08,2,9465.0,entrada,26260
12448,2025-02-08,1,9464.0,entrada,15870
12449,2025-02-08,2,9463.0,entrada,18226
12450,2025-02-08,2,9461.0,entrada,7537
12451,2025-02-08,3,9459.0,entrada,10841
12452,2025-02-08,2,9458.0,entrada,17856
12453,2025-02-08,2,9457.0,entrada,22103
12454,2025-02-08,2,9456.0,entrada,12059
12455,2025-02-08,1,9467.0,entrada,18263
12456,2025-02-08,3,9462.0,entrada,11171
12457,2025-02-08,1,9460.0,entrada,18286
12458,2025-02-08,4,,salida,72834
12459,2025-02-08,1,,salida,29377
12460,2025-02-08,4,,salida,57101
12461,2025-02-08,3,,salida,54995
12462,2025-02-08,1,,salida,82789
12463,2025-02-08,3,,salida,16924
12464,2025-02-09,4,9473.0,entrada,11796
12465,2025-02-09,4,9489.0,entrada,29761
12466,2025-02-09,2,9488.0,entrada,6311
12467,2025-02-09,2,9487.0,entrada,9595
12468,2025-02-09,4,9486.0,entrada,19307
12469,2025-02-09,1,,salida,30098
12470,2025-02-09,1,,salida,14506
12471,2025-02-09,3,9384.0,merma,1425
12472,2025-02-09,2,9475.0,entrada,12184
12473,2025-02-09,1,9474.0,entrada,16155
12474,2025-02-09,4,9485.0,entrada,5741
12475,2025-02-09,3,9476.0,entrada,17290
12476,2025-02-09,3,9478.0,entrada,11661
12477,2025-02-09,4,9479.0,entrada,15281
12478,2025-02-09,1,9480.0,entrada,18157
12479,2025-02-09,3,9477.0,entrada,8435
12480,2025-02-09,2,9482.0,entrada,9188
12481,2025-02-09,1,9483.0,entrada,18781
12482,2025-02-09,3,9484.0,entrada,21764
12483,2025-02-09,4,9481.0,entrada,23973
12484,2025-02-10,3,9374.0,merma,1620
12485,2025-02-10,4,9412.0,merma,1236
12486,2025-02-10,2,9490.0,entrada,6236
12487,2025-02-10,3,9491.0,entrada,10406
12488,2025-02-10,2,9492.0,entrada,9707
12489,2025-02-10,2,9493.0,entrada,6728
12490,2025-02-10,4,9494.0,entrada,10054
12491,2025-02-10,4,9495.0,entrada,5906
12492,2025-02-10,1,9496.0,entrada,7761
12493,2025-02-10,1,9502.0,entrada,10585
12494,2025-02-10,2,9499.0,entrada,4843
12495,2025-02-10,1,9503.0,entrada,3810
12496,2025-02-10,3,9504.0,entrada,3933
12497,2025-02-10,3,9505.0,entrada,15031
12498,2025-02-10,4,,salida,15139
12499,2025-02-10,1,,salida,147125
12500,2025-02-10,3,,salida,10896
12501,2025-02-10,1,,salida,28000
12502,2025-02-10,4,,salida,67301
12503,2025-02-10,1,9497.0,entrada,9075
12504,2025-02-10,4,,salida,99939
12505,2025-02-10,2,,salida,5839
12506,2025-02-10,4,9498.0,entrada,11678
12507,2025-02-10,2,9500.0,entrada,11018
12508,2025-02-10,1,9501.0,entrada,12765
12509,2025-02-10,3,,salida,31082
12510,2025-02-11,2,9514.0,entrada,8439
12511,2025-02-11,2,9515.0,entrada,14290
12512,2025-02-11,2,9516.0,entrada,4626
12513,2025-02-11,2,9517.0,entrada,9032
12514,2025-02-11,3,9513.0,entrada,8904
12515,2025-02-11,3,9520.0,entrada,4113
12516,2025-02-11,2,9507.0,entrada,10688
12517,2025-02-11,2,9510.0,entrada,8900
12518,2025-02-11,4,9521.0,entrada,3769
12519,2025-02-11,3,9511.0,entrada,4447
12520,2025-02-11,4,9518.0,entrada,3589
12521,2025-02-11,2,9377.0,merma,1149
12522,2025-02-11,3,9519.0,entrada,9912
12523,2025-02-11,2,9512.0,entrada,6970
12524,2025-02-11,1,9506.0,entrada,5887
12525,2025-02-11,1,9508.0,entrada,8756
12526,2025-02-11,3,9509.0,entrada,7445
12527,2025-02-11,1,,salida,6946
12528,2025-02-11,2,,salida,29927
12529,2025-02-11,3,,salida,33272
12530,2025-02-11,4,,salida,2097
12531,2025-02-12,2,,salida,126016
12532,2025-02-12,1,9532.0,entrada,9938
12533,2025-02-12,2,9531.0,entrada,4737
12534,2025-02-12,4,9530.0,entrada,12505
12535,2025-02-12,1,9529.0,entrada,9507
12536,2025-02-12,2,9528.0,entrada,5646
12537,2025-02-12,2,9527.0,entrada,4541
12538,2025-02-12,2,9526.0,entrada,12065
12539,2025-02-12,4,9533.0,entrada,11512
12540,2025-02-12,2,9534.0,entrada,3216
12541,2025-02-12,3,9524.0,entrada,7790
12542,2025-02-12,3,9535.0,entrada,9968
12543,2025-02-12,2,9523.0,entrada,10445
12544,2025-02-12,1,9536.0,entrada,3545
12545,2025-02-12,2,9522.0,entrada,7232
12546,2025-02-12,3,,salida,37759
12547,2025-02-12,2,,salida,20783
12548,2025-02-12,3,,salida,791
12549,2025-02-12,1,,salida,58585
12550,2025-02-12,4,9525.0,entrada,7170
12551,2025-02-13,1,,salida,37333
12552,2025-02-13,4,,salida,14583
12553,2025-02-13,2,9548.0,entrada,10590
12554,2025-02-13,3,9547.0,entrada,3357
12555,2025-02-13,1,9540.0,entrada,9198
12556,2025-02-13,2,9538.0,entrada,11390
12557,2025-02-13,2,9539.0,entrada,8353
12558,2025-02-13,4,9550.0,entrada,3889
12559,2025-02-13,3,9541.0,entrada,4214
12560,2025-02-13,3,9542.0,entrada,5336
12561,2025-02-13,4,9551.0,entrada,15256
12562,2025-02-13,4,9543.0,entrada,8805
12563,2025-02-13,2,9544.0,entrada,12691
12564,2025-02-13,3,9545.0,entrada,5154
12565,2025-02-13,1,9537.0,entrada,6825
12566,2025-02-13,4,9546.0,entrada,9826
12567,2025-02-13,4,9491.0,merma,702
12568,2025-02-13,4,9549.0,entrada,5095
12569,2025-02-14,2,9553.0,entrada,9321
12570,2025-02-14,4,9554.0,entrada,7009
12571,2025-02-14,2,,salida,17114
12572,2025-02-14,1,,salida,28082
12573,2025-02-14,4,9560.0,entrada,13749
12574,2025-02-14,4,9559.0,entrada,8209
12575,2025-02-14,1,9558.0,entrada,8888
12576,2025-02-14,1,9557.0,entrada,6748
12577,2025-02-14,3,9552.0,entrada,6085
12578,2025-02-14,2,9471.0,merma,572
12579,2025-02-14,4,9568.0,entrada,16513
12580,2025-02-14,3,9567.0,entrada,3609
12581,2025-02-14,1,9566.0,entrada,4640
12582,2025-02-14,3,9565.0,entrada,11178
12583,2025-02-14,2,9564.0,entrada,3156
12584,2025-02-14,3,9563.0,entrada,13640
12585,2025-02-14,3,9562.0,entrada,11385
12586,2025-02-14,3,9561.0,entrada,4544
12587,2025-02-14,2,9556.0,entrada,4564
12588,2025-02-14,1,9555.0,entrada,9363
12589,2025-02-15,2,,salida,70916
12590,2025-02-15,3,,salida,21748
12591,2025-02-15,1,,salida,13847
12592,2025-02-15,4,,salida,53818
12593,2025-02-15,4,9585.0,entrada,16440
12594,2025-02-15,3,9466.0,merma,557
12595,2025-02-15,3,9569.0,entrada,6082
12596,2025-02-15,2,9570.0,entrada,9803
12597,2025-02-15,2,9571.0,entrada,8822
12598,2025-02-15,1,9572.0,entrada,9847
12599,2025-02-15,4,9520.0,merma,476
12600,2025-02-15,3,9574.0,entrada,5071
12601,2025-02-15,4,9575.0,entrada,7778
12602,2025-02-15,2,9576.0,entrada,8450
12603,2025-02-15,1,9577.0,entrada,13644
12604,2025-02-15,3,9578.0,entrada,4760
12605,2025-02-15,1,9579.0,entrada,10063
12606,2025-02-15,2,9580.0,entrada,10984
12607,2025-02-15,2,9581.0,entrada,3244
12608,2025-02-15,1,9582.0,entrada,9975
12609,2025-02-15,3,9583.0,entrada,4947
12610,2025-02-15,2,9584.0,entrada,3593
12611,2025-02-15,4,,salida,12202
12612,2025-02-15,2,9573.0,entrada,5037
12613,2025-02-16,1,,salida,48642
12614,2025-02-16,2,9591.0,entrada,4209
12615,2025-02-16,2,9586.0,entrada,6603
12616,2025-02-16,3,9587.0,entrada,9791
12617,2025-02-16,2,9588.0,entrada,8844
12618,2025-02-16,1,9589.0,entrada,7759
12619,2025-02-16,2,9590.0,entrada,11258
12620,2025-02-16,3,9592.0,entrada,10362
12621,2025-02-16,1,9593.0,entrada,12196
12622,2025-02-16,3,9594.0,entrada,9460
12623,2025-02-16,4,9596.0,entrada,3465
12624,2025-02-16,2,9597.0,entrada,10741
12625,2025-02-16,2,9595.0,entrada,12092
12626,2025-02-16,3,9598.0,entrada,3899
12627,2025-02-16,4,9599.0,entrada,3704
12628,2025-02-16,3,,salida,3699
12629,2025-02-16,2,,salida,25032
12630,2025-02-16,1,,salida,104623
12631,2025-02-16,4,,salida,7400
12632,2025-02-16,2,,salida,11401
12633,2025-02-17,1,9610.0,entrada,6117
12634,2025-02-17,2,9604.0,entrada,10218
12635,2025-02-17,1,9608.0,entrada,9380
12636,2025-02-17,1,9607.0,entrada,6989
12637,2025-02-17,1,9602.0,entrada,8804
12638,2025-02-17,2,9606.0,entrada,7745
12639,2025-02-17,3,9601.0,entrada,11519
12640,2025-02-17,3,9600.0,entrada,7691
12641,2025-02-17,1,9611.0,entrada,13372
12642,2025-02-17,4,9603.0,entrada,7405
12643,2025-02-17,3,9465.0,merma,1909
12644,2025-02-17,4,9609.0,entrada,13931
12645,2025-02-17,2,9612.0,entrada,11379
12646,2025-02-17,2,,salida,61414
12647,2025-02-17,1,,salida,13724
12648,2025-02-17,1,,salida,52686
12649,2025-02-17,1,,salida,20536
12650,2025-02-17,4,,salida,27298
12651,2025-02-17,4,,salida,4275
12652,2025-02-17,4,,salida,3335
12653,2025-02-17,2,,salida,7674
12654,2025-02-17,1,9616.0,entrada,3827
12655,2025-02-17,3,9605.0,entrada,4909
12656,2025-02-17,1,9613.0,entrada,3257
12657,2025-02-17,1,9614.0,entrada,10667
12658,2025-02-17,3,9615.0,entrada,5166
12659,2025-02-18,4,,salida,21344
12660,2025-02-18,3,9490.0,merma,444
12661,2025-02-18,3,,salida,13525
12662,2025-02-18,1,9618.0,entrada,10394
12663,2025-02-18,4,9630.0,entrada,3805
12664,2025-02-18,4,9628.0,entrada,10924
12665,2025-02-18,1,,salida,2101
12666,2025-02-18,4,9627.0,entrada,10678
12667,2025-02-18,1,9577.0,merma,479
12668,2025-02-18,2,9626.0,entrada,11254
12669,2025-02-18,1,9629.0,entrada,4987
12670,2025-02-18,1,9619.0,entrada,9197
12671,2025-02-18,4,9620.0,entrada,5026
12672,2025-02-18,4,9621.0,entrada,6193
12673,2025-02-18,4,9625.0,entrada,5256
12674,2025-02-18,2,9624.0,entrada,14812
12675,2025-02-18,3,9617.0,entrada,6644
12676,2025-02-18,3,9622.0,entrada,7446
12677,2025-02-18,1,9623.0,entrada,9178
12678,2025-02-19,4,,salida,20136
12679,2025-02-19,4,,salida,25325
12680,2025-02-19,4,,salida,14923
12681,2025-02-19,3,,salida,19104
12682,2025-02-19,3,,salida,12896
12683,2025-02-19,4,,salida,18746
12684,2025-02-19,1,9635.0,entrada,4195
12685,2025-02-19,4,9550.0,merma,235
12686,2025-02-19,4,9647.0,entrada,15282
12687,2025-02-19,1,9646.0,entrada,3583
12688,2025-02-19,2,9645.0,entrada,4871
12689,2025-02-19,2,9644.0,entrada,10238
12690,2025-02-19,3,9643.0,entrada,2995
12691,2025-02-19,3,9641.0,entrada,10364
12692,2025-02-19,1,9640.0,entrada,4691
12693,2025-02-19,4,9639.0,entrada,12508
12694,2025-02-19,4,9642.0,entrada,10569
12695,2025-02-19,3,9637.0,entrada,9532
12696,2025-02-19,3,9638.0,entrada,8918
12697,2025-02-19,4,9632.0,entrada,10616
12698,2025-02-19,3,9633.0,entrada,6947
12699,2025-02-19,2,9631.0,entrada,5969
12700,2025-02-19,3,9636.0,entrada,5643
12701,2025-02-19,1,9634.0,entrada,11230
12702,2025-02-20,2,9654.0,entrada,6171
12703,2025-02-20,4,9663.0,entrada,4897
12704,2025-02-20,2,9662.0,entrada,9461
12705,2025-02-20,2,9661.0,entrada,3701
12706,2025-02-20,4,9660.0,entrada,12859
12707,2025-02-20,1,9659.0,entrada,11326
12708,2025-02-20,1,9658.0,entrada,4914
12709,2025-02-20,1,9657.0,entrada,15149
12710,2025-02-20,2,9656.0,entrada,9313
12711,2025-02-20,2,9655.0,entrada,9422
12712,2025-02-20,2,,salida,1958
12713,2025-02-20,2,9648.0,entrada,6652
12714,2025-02-20,3,9653.0,entrada,3966
12715,2025-02-20,4,9652.0,entrada,10803
12716,2025-02-20,3,9651.0,entrada,7129
12717,2025-02-20,4,9650.0,entrada,10621
12718,2025-02-20,2,,salida,16960
12719,2025-02-20,2,9649.0,entrada,10560
12720,2025-02-20,4,9665.0,entrada,15623
12721,2025-02-20,4,,salida,51447
12722,2025-02-20,4,,salida,2082
12723,2025-02-20,3,,salida,11057
12724,2025-02-20,2,,salida,32426
12725,2025-02-20,1,9664.0,entrada,3940
12726,2025-02-21,3,9668.0,entrada,10646
12727,2025-02-21,1,9680.0,entrada,14486
12728,2025-02-21,2,9670.0,entrada,6174
12729,2025-02-21,2,9671.0,entrada,8372
12730,2025-02-21,3,9672.0,entrada,12033
12731,2025-02-21,2,9673.0,entrada,5076
12732,2025-02-21,2,9667.0,entrada,10765
12733,2025-02-21,2,9674.0,entrada,10485
12734,2025-02-21,1,9675.0,entrada,12284
12735,2025-02-21,1,9676.0,entrada,3531
12736,2025-02-21,3,9677.0,entrada,9828
12737,2025-02-21,3,9678.0,entrada,5082
12738,2025-02-21,2,9679.0,entrada,3624
12739,2025-02-21,1,9669.0,entrada,4596
12740,2025-02-21,3,,salida,74178
12741,2025-02-21,2,,salida,33335
12742,2025-02-21,1,9585.0,merma,633
12743,2025-02-21,1,9526.0,merma,637
12744,2025-02-21,1,9666.0,entrada,6637
12745,2025-02-22,4,9688.0,entrada,9313
12746,2025-02-22,3,9697.0,entrada,13782
12747,2025-02-22,2,9696.0,entrada,3497
12748,2025-02-22,1,9695.0,entrada,4878
12749,2025-02-22,1,9694.0,entrada,10486
12750,2025-02-22,1,9689.0,entrada,16078
12751,2025-02-22,1,9693.0,entrada,3608
12752,2025-02-22,4,9691.0,entrada,11325
12753,2025-02-22,3,9681.0,entrada,5321
12754,2025-02-22,3,9682.0,entrada,11700
12755,2025-02-22,4,9683.0,entrada,9233
12756,2025-02-22,3,9684.0,entrada,6177
12757,2025-02-22,3,9690.0,entrada,4921
12758,2025-02-22,1,9686.0,entrada,6279
12759,2025-02-22,3,9687.0,entrada,9436
12760,2025-02-22,3,9692.0,entrada,13185
12761,2025-02-22,2,9685.0,entrada,10790
12762,2025-02-22,3,,salida,44322
12763,2025-02-22,3,,salida,21944
12764,2025-02-22,1,,salida,4285
12765,2025-02-22,1,,salida,1213
12766,2025-02-22,2,,salida,6566
12767,2025-02-22,2,,salida,14501
12768,2025-02-22,4,,salida,52743
12769,2025-02-23,2,9698.0,entrada,6756
12770,2025-02-23,3,9703.0,entrada,6527
12771,2025-02-23,4,9704.0,entrada,8221
12772,2025-02-23,2,9705.0,entrada,9184
12773,2025-02-23,1,9706.0,entrada,13297
12774,2025-02-23,3,9708.0,entrada,10725
12775,2025-02-23,2,9702.0,entrada,12161
12776,2025-02-23,3,9709.0,entrada,3743
12777,2025-02-23,3,9710.0,entrada,11691
12778,2025-02-23,3,9711.0,entrada,4156
12779,2025-02-23,1,9712.0,entrada,3257
12780,2025-02-23,2,9707.0,entrada,5429
12781,2025-02-23,3,9701.0,entrada,6721
12782,2025-02-23,1,,salida,16548
12783,2025-02-23,1,9699.0,entrada,9911
12784,2025-02-23,2,9713.0,entrada,15987
12785,2025-02-23,4,,salida,51965
12786,2025-02-23,4,,salida,111323
12787,2025-02-23,3,,salida,8885
12788,2025-02-23,2,,salida,117671
12789,2025-02-23,4,,salida,124350
12790,2025-02-23,2,,salida,12182
12791,2025-02-23,3,,salida,39900
12792,2025-02-23,4,9700.0,entrada,7926
12793,2025-02-24,3,,salida,318876
12794,2025-02-24,2,,salida,27987
12795,2025-02-24,1,9714.0,entrada,6660
12796,2025-02-24,1,9715.0,entrada,10909
12797,2025-02-24,1,9727.0,entrada,9811
12798,2025-02-24,3,9594.0,merma,844
12799,2025-02-24,2,9729.0,entrada,3980
12800,2025-02-24,1,9728.0,entrada,5748
12801,2025-02-24,1,9726.0,entrada,3169
12802,2025-02-24,3,9725.0,entrada,11674
12803,2025-02-24,2,9723.0,entrada,5151
12804,2025-02-24,3,9724.0,entrada,10667
12805,2025-02-24,4,9721.0,entrada,9732
12806,2025-02-24,2,9720.0,entrada,8166
12807,2025-02-24,3,9719.0,entrada,5684
12808,2025-02-24,3,9718.0,entrada,4500
12809,2025-02-24,3,9717.0,entrada,11990
12810,2025-02-24,3,9722.0,entrada,13909
12811,2025-02-24,1,9716.0,entrada,10086
12812,2025-02-25,4,9742.0,entrada,5359
12813,2025-02-25,1,,salida,3170
12814,2025-02-25,2,9741.0,entrada,10863
12815,2025-02-25,2,,salida,169509
12816,2025-02-25,1,9744.0,entrada,16125
12817,2025-02-25,2,,salida,18959
12818,2025-02-25,2,,salida,41984
12819,2025-02-25,1,9743.0,entrada,3694
12820,2025-02-25,4,,salida,11894
12821,2025-02-25,3,9733.0,entrada,7124
12822,2025-02-25,4,9739.0,entrada,11167
12823,2025-02-25,2,9738.0,entrada,10494
12824,2025-02-25,2,9737.0,entrada,9117
12825,2025-02-25,2,9736.0,entrada,8366
12826,2025-02-25,3,9735.0,entrada,4200
12827,2025-02-25,2,9734.0,entrada,9645
12828,2025-02-25,2,9732.0,entrada,8177
12829,2025-02-25,4,9731.0,entrada,11540
12830,2025-02-25,4,9730.0,entrada,7163
12831,2025-02-25,1,9740.0,entrada,3296
12832,2025-02-25,3,,salida,11579
12833,2025-02-25,1,9666.0,merma,476
12834,2025-02-26,2,9749.0,entrada,6321
12835,2025-02-26,4,9754.0,entrada,11149
12836,2025-02-26,4,9753.0,entrada,4936
12837,2025-02-26,4,9752.0,entrada,13681
12838,2025-02-26,4,9751.0,entrada,8388
12839,2025-02-26,3,9750.0,entrada,8245
12840,2025-02-26,4,9756.0,entrada,4386
12841,2025-02-26,3,9748.0,entrada,4076
12842,2025-02-26,3,9747.0,entrada,11532
12843,2025-02-26,3,9746.0,entrada,7594
12844,2025-02-26,2,9745.0,entrada,9176
12845,2025-02-26,3,9757.0,entrada,14589
12846,2025-02-26,4,9664.0,merma,356
12847,2025-02-26,4,,salida,10228
12848,2025-02-26,2,,salida,30917
12849,2025-02-26,1,9612.0,merma,1234
12850,2025-02-26,2,9635.0,merma,237
12851,2025-02-26,4,,salida,2823
12852,2025-02-26,1,9755.0,entrada,9938
12853,2025-02-27,1,9772.0,entrada,4754
12854,2025-02-27,3,9771.0,entrada,10296
12855,2025-02-27,2,9770.0,entrada,4245
12856,2025-02-27,4,9769.0,entrada,10460
12857,2025-02-27,3,9768.0,entrada,12232
12858,2025-02-27,4,,salida,10454
12859,2025-02-27,3,,salida,13967
12860,2025-02-27,1,,salida,54464
12861,2025-02-27,3,,salida,15389
12862,2025-02-27,3,,salida,5005
12863,2025-02-27,1,,salida,345
12864,2025-02-27,1,9725.0,merma,597
12865,2025-02-27,2,9767.0,entrada,5600
12866,2025-02-27,2,9766.0,entrada,14000
12867,2025-02-27,1,9761.0,entrada,6584
12868,2025-02-27,3,9764.0,entrada,8185
12869,2025-02-27,2,9640.0,merma,404
12870,2025-02-27,2,,salida,23171
12871,2025-02-27,2,9765.0,entrada,8654
12872,2025-02-27,2,9758.0,entrada,7396
12873,2025-02-27,3,9773.0,entrada,17162
12874,2025-02-27,4,9760.0,entrada,8228
12875,2025-02-27,2,9763.0,entrada,6559
12876,2025-02-27,4,9762.0,entrada,4879
12877,2025-02-27,3,9759.0,entrada,10867
12878,2025-02-28,2,9777.0,entrada,10614
12879,2025-02-28,3,9722.0,merma,430
12880,2025-02-28,4,9778.0,entrada,4283
12881,2025-02-28,1,9774.0,entrada,6639
12882,2025-02-28,3,9779.0,entrada,5887
12883,2025-02-28,2,9780.0,entrada,7659
12884,2025-02-28,1,9781.0,entrada,13654
12885,2025-02-28,2,9783.0,entrada,9792
12886,2025-02-28,2,,salida,9841
12887,2025-02-28,2,9789.0,entrada,16651
12888,2025-02-28,1,9788.0,entrada,3549
12889,2025-02-28,3,9787.0,entrada,4797
12890,2025-02-28,4,9786.0,entrada,11443
12891,2025-02-28,1,9785.0,entrada,3352
12892,2025-02-28,3,9782.0,entrada,4996
12893,2025-02-28,1,9784.0,entrada,11488
12894,2025-02-28,3,9775.0,entrada,8595
12895,2025-02-28,4,9641.0,merma,911
12896,2025-02-28,2,,salida,83119
12897,2025-02-28,2,,salida,13033
12898,2025-02-28,1,,salida,27421
12899,2025-02-28,4,9776.0,entrada,5592
12900,2025-03-01,3,,salida,15694
12901,2025-03-01,1,,salida,2447
12902,2025-03-01,1,9790.0,entrada,6184
12903,2025-03-01,1,9791.0,entrada,8390
12904,2025-03-01,1,9799.0,entrada,4670
12905,2025-03-01,4,9793.0,entrada,8824
12906,2025-03-01,2,9794.0,entrada,4504
12907,2025-03-01,4,9795.0,entrada,6837
12908,2025-03-01,4,9792.0,entrada,6686
12909,2025-03-01,1,9796.0,entrada,8428
12910,2025-03-01,4,9798.0,entrada,13130
12911,2025-03-01,1,9797.0,entrada,10576
12912,2025-03-01,1,9800.0,entrada,10691
12913,2025-03-01,2,9801.0,entrada,3675
12914,2025-03-01,4,9804.0,entrada,15782
12915,2025-03-01,1,9803.0,entrada,3284
12916,2025-03-01,4,9802.0,entrada,5311
12917,2025-03-01,4,9672.0,merma,751
12918,2025-03-02,1,,salida,9988
12919,2025-03-02,4,,salida,23288
12920,2025-03-02,4,,salida,14422
12921,2025-03-02,3,9817.0,entrada,15153
12922,2025-03-02,2,9816.0,entrada,3711
12923,2025-03-02,4,9815.0,entrada,4044
12924,2025-03-02,4,9813.0,entrada,11814
12925,2025-03-02,2,9812.0,entrada,10410
12926,2025-03-02,1,9811.0,entrada,9728
12927,2025-03-02,2,9805.0,entrada,11286
12928,2025-03-02,1,9810.0,entrada,8803
12929,2025-03-02,1,9809.0,entrada,6072
12930,2025-03-02,4,9682.0,merma,734
12931,2025-03-02,4,9806.0,entrada,8581
12932,2025-03-02,1,9807.0,entrada,7419
12933,2025-03-02,2,9814.0,entrada,9193
12934,2025-03-02,4,9808.0,entrada,10067
12935,2025-03-03,2,,salida,47611
12936,2025-03-03,3,9706.0,merma,399
12937,2025-03-03,2,9784.0,merma,1359
12938,2025-03-03,4,,salida,16721
12939,2025-03-03,2,9833.0,entrada,4694
12940,2025-03-03,1,9832.0,entrada,9739
12941,2025-03-03,1,9831.0,entrada,3663
12942,2025-03-03,4,9830.0,entrada,11566
12943,2025-03-03,4,9829.0,entrada,9775
12944,2025-03-03,2,9828.0,entrada,4324
12945,2025-03-03,2,9827.0,entrada,14992
12946,2025-03-03,1,9834.0,entrada,16467
12947,2025-03-03,1,9825.0,entrada,9015
12948,2025-03-03,1,9826.0,entrada,8496
12949,2025-03-03,1,9818.0,entrada,6817
12950,2025-03-03,1,9819.0,entrada,10145
12951,2025-03-03,2,9820.0,entrada,8631
12952,2025-03-03,2,,salida,37893
12953,2025-03-03,1,9822.0,entrada,9542
12954,2025-03-03,4,9823.0,entrada,4314
12955,2025-03-03,2,9824.0,entrada,6337
12956,2025-03-03,3,9821.0,entrada,7211
12957,2025-03-04,2,,salida,20057
12958,2025-03-04,1,9849.0,entrada,15900
12959,2025-03-04,4,9848.0,entrada,3612
12960,2025-03-04,3,9847.0,entrada,4200
12961,2025-03-04,3,9846.0,entrada,3897
12962,2025-03-04,4,9845.0,entrada,11674
12963,2025-03-04,4,9844.0,entrada,10546
12964,2025-03-04,3,9842.0,entrada,8895
12965,2025-03-04,2,9841.0,entrada,8587
12966,2025-03-04,4,9840.0,entrada,5736
12967,2025-03-04,1,9838.0,entrada,10882
12968,2025-03-04,1,9837.0,entrada,8624
12969,2025-03-04,2,9836.0,entrada,9137
12970,2025-03-04,1,9835.0,entrada,6793
12971,2025-03-04,4,9843.0,entrada,4764
12972,2025-03-04,3,9839.0,entrada,4472
12973,2025-03-04,1,,salida,30843
12974,2025-03-04,1,9755.0,merma,638
12975,2025-03-05,4,9859.0,entrada,15444
12976,2025-03-05,2,9860.0,entrada,4809
12977,2025-03-05,4,,salida,31199
12978,2025-03-05,2,9862.0,entrada,12940
12979,2025-03-05,2,9863.0,entrada,3377
12980,2025-03-05,2,9864.0,entrada,10322
12981,2025-03-05,4,9865.0,entrada,4777
12982,2025-03-05,1,9866.0,entrada,4125
12983,2025-03-05,1,9781.0,merma,535
12984,2025-03-05,2,,salida,11457
12985,2025-03-05,3,9851.0,entrada,11143
12986,2025-03-05,3,9852.0,entrada,9621
12987,2025-03-05,3,9853.0,entrada,6759
12988,2025-03-05,4,9854.0,entrada,11081
12989,2025-03-05,1,9855.0,entrada,4482
12990,2025-03-05,3,9856.0,entrada,5705
12991,2025-03-05,3,9857.0,entrada,7682
12992,2025-03-05,2,9858.0,entrada,8636
12993,2025-03-05,1,9850.0,entrada,6772
12994,2025-03-05,2,9867.0,entrada,15710
12995,2025-03-05,1,9861.0,entrada,11173
12996,2025-03-05,2,,salida,19092
12997,2025-03-05,4,,salida,5882
12998,2025-03-06,1,9872.0,entrada,4733
12999,2025-03-06,1,9877.0,entrada,11377
13000,2025-03-06,4,9876.0,entrada,11433
13001,2025-03-06,1,9875.0,entrada,6079
13002,2025-03-06,3,9874.0,entrada,13170
13003,2025-03-06,2,9873.0,entrada,10223
13004,2025-03-06,4,9880.0,entrada,2956
13005,2025-03-06,2,9871.0,entrada,8512
13006,2025-03-06,3,9870.0,entrada,6207
13007,2025-03-06,1,9869.0,entrada,11881
13008,2025-03-06,4,9868.0,entrada,6893
13009,2025-03-06,3,9881.0,entrada,16702
13010,2025-03-06,1,,salida,15463
13011,2025-03-06,4,9878.0,entrada,9268
13012,2025-03-06,1,9879.0,entrada,4704
13013,2025-03-06,2,,salida,31123
13014,2025-03-06,4,,salida,99525
13015,2025-03-07,2,9886.0,entrada,8066
13016,2025-03-07,1,,salida,24084
13017,2025-03-07,3,,salida,62169
13018,2025-03-07,3,9882.0,entrada,10587
13019,2025-03-07,3,,salida,32587
13020,2025-03-07,3,9883.0,entrada,7199
13021,2025-03-07,1,9884.0,entrada,5979
13022,2025-03-07,3,9885.0,entrada,8427
13023,2025-03-07,2,,salida,6145
13024,2025-03-07,3,9887.0,entrada,13271
13025,2025-03-07,4,9888.0,entrada,5795
13026,2025-03-07,4,9889.0,entrada,11280
13027,2025-03-07,4,9890.0,entrada,12102
13028,2025-03-07,3,9893.0,entrada,4920
13029,2025-03-07,2,9892.0,entrada,9537
13030,2025-03-07,1,,salida,48558
13031,2025-03-07,2,9894.0,entrada,4021
13032,2025-03-07,2,9895.0,entrada,17175
13033,2025-03-07,1,9891.0,entrada,3355
13034,2025-03-08,1,9911.0,entrada,13871
13035,2025-03-08,4,9910.0,entrada,4652
13036,2025-03-08,2,9909.0,entrada,10780
13037,2025-03-08,4,9908.0,entrada,2789
13038,2025-03-08,4,9907.0,entrada,13284
13039,2025-03-08,2,9905.0,entrada,5668
13040,2025-03-08,1,9904.0,entrada,9183
13041,2025-03-08,1,9903.0,entrada,8214
13042,2025-03-08,1,9902.0,entrada,5776
13043,2025-03-08,2,9900.0,entrada,11122
13044,2025-03-08,1,9899.0,entrada,6453
13045,2025-03-08,4,9898.0,entrada,9899
13046,2025-03-08,3,,salida,7598
13047,2025-03-08,4,9897.0,entrada,11521
13048,2025-03-08,3,9867.0,merma,1548
13049,2025-03-08,4,9896.0,entrada,6474
13050,2025-03-08,3,9802.0,merma,621
13051,2025-03-08,2,9901.0,entrada,4409
13052,2025-03-08,2,9906.0,entrada,10331
13053,2025-03-09,4,9916.0,entrada,4511
13054,2025-03-09,3,9912.0,entrada,6488
13055,2025-03-09,4,9913.0,entrada,12086
13056,2025-03-09,2,9914.0,entrada,8650
13057,2025-03-09,4,9915.0,entrada,8122
13058,2025-03-09,2,,salida,9017
13059,2025-03-09,3,9925.0,entrada,14121
13060,2025-03-09,2,9924.0,entrada,3825
13061,2025-03-09,2,9923.0,entrada,4595
13062,2025-03-09,2,9922.0,entrada,11018
13063,2025-03-09,3,9921.0,entrada,12604
13064,2025-03-09,1,9919.0,entrada,4929
13065,2025-03-09,3,9918.0,entrada,8386
13066,2025-03-09,2,9920.0,entrada,10632
13067,2025-03-09,1,9807.0,merma,371
13068,2025-03-09,4,9917.0,entrada,5880
13069,2025-03-10,3,9937.0,entrada,12464
13070,2025-03-10,2,9938.0,entrada,3616
13071,2025-03-10,4,9933.0,entrada,8317
13072,2025-03-10,2,9939.0,entrada,10221
13073,2025-03-10,4,9940.0,entrada,5131
13074,2025-03-10,2,9941.0,entrada,2705
13075,2025-03-10,1,9942.0,entrada,14454
13076,2025-03-10,2,9936.0,entrada,10936
13077,2025-03-10,1,9935.0,entrada,6046
13078,2025-03-10,3,,salida,335073
13079,2025-03-10,4,9934.0,entrada,9702
13080,2025-03-10,3,9932.0,entrada,6546
13081,2025-03-10,3,9931.0,entrada,4355
13082,2025-03-10,4,9930.0,entrada,10801
13083,2025-03-10,1,9926.0,entrada,6767
13084,2025-03-10,2,9927.0,entrada,11831
13085,2025-03-10,2,,salida,158
13086,2025-03-10,1,9929.0,entrada,7230
13087,2025-03-10,1,9928.0,entrada,8502
13088,2025-03-11,2,9950.0,entrada,14956
13089,2025-03-11,4,9949.0,entrada,9024
13090,2025-03-11,2,9948.0,entrada,10049
13091,2025-03-11,1,9947.0,entrada,5887
13092,2025-03-11,1,9946.0,entrada,3957
13093,2025-03-11,4,9945.0,entrada,10493
13094,2025-03-11,2,9944.0,entrada,8854
13095,2025-03-11,4,9952.0,entrada,9101
13096,2025-03-11,4,9957.0,entrada,4069
13097,2025-03-11,4,9956.0,entrada,5067
13098,2025-03-11,4,9955.0,entrada,12227
13099,2025-03-11,1,9954.0,entrada,3383
13100,2025-03-11,2,9953.0,entrada,11131
13101,2025-03-11,4,9943.0,entrada,6490
13102,2025-03-11,2,9951.0,entrada,5212
13103,2025-03-11,4,9958.0,entrada,13563
13104,2025-03-11,1,,salida,12464
13105,2025-03-11,2,,salida,2754
13106,2025-03-11,4,,salida,38891
13107,2025-03-11,4,,salida,36287
13108,2025-03-12,2,,salida,2009
13109,2025-03-12,1,,salida,17391
13110,2025-03-12,2,9959.0,entrada,6398
13111,2025-03-12,2,9960.0,entrada,11341
13112,2025-03-12,3,9962.0,entrada,10485
13113,2025-03-12,3,9963.0,entrada,4580
13114,2025-03-12,4,9972.0,entrada,3387
13115,2025-03-12,3,9965.0,entrada,7820
13116,2025-03-12,1,9966.0,entrada,5459
13117,2025-03-12,2,9967.0,entrada,11073
13118,2025-03-12,4,9968.0,entrada,11621
13119,2025-03-12,4,9969.0,entrada,3316
13120,2025-03-12,2,9970.0,entrada,10879
13121,2025-03-12,4,9971.0,entrada,5105
13122,2025-03-12,3,,salida,123552
13123,2025-03-12,1,9964.0,entrada,7442
13124,2025-03-12,1,9961.0,entrada,6576
13125,2025-03-12,3,,salida,3514
13126,2025-03-12,2,9828.0,merma,165
13127,2025-03-12,1,,salida,13294
13128,2025-03-13,3,9984.0,entrada,3536
13129,2025-03-13,2,9974.0,entrada,10770
13130,2025-03-13,3,9973.0,entrada,6843
13131,2025-03-13,4,9986.0,entrada,4820
13132,2025-03-13,2,,salida,10453
13133,2025-03-13,3,9975.0,entrada,9160
13134,2025-03-13,3,9976.0,entrada,6863
13135,2025-03-13,4,9977.0,entrada,9984
13136,2025-03-13,4,9978.0,entrada,5167
13137,2025-03-13,2,9985.0,entrada,10007
13138,2025-03-13,4,9980.0,entrada,11748
13139,2025-03-13,1,9881.0,merma,1186
13140,2025-03-13,4,9983.0,entrada,10208
13141,2025-03-13,4,9981.0,entrada,5136
13142,2025-03-13,2,9982.0,entrada,9355
13143,2025-03-13,2,9979.0,entrada,7002
13144,2025-03-13,3,,salida,27668
13145,2025-03-14,2,9998.0,entrada,3557
13146,2025-03-14,3,9997.0,entrada,11866
13147,2025-03-14,4,9996.0,entrada,12319
13148,2025-03-14,4,9995.0,entrada,5043
13149,2025-03-14,2,9994.0,entrada,15804
13150,2025-03-14,4,9992.0,entrada,8549
13151,2025-03-14,4,9991.0,entrada,5248
13152,2025-03-14,1,9990.0,entrada,4171
13153,2025-03-14,2,9989.0,entrada,9213
13154,2025-03-14,2,9988.0,entrada,6782
13155,2025-03-14,1,9987.0,entrada,9333
13156,2025-03-14,1,10000.0,entrada,3640
13157,2025-03-14,2,9993.0,entrada,8392
13158,2025-03-14,3,10001.0,entrada,15390
13159,2025-03-14,2,9999.0,entrada,9540
13160,2025-03-14,2,,salida,74545
13161,2025-03-14,2,,salida,14087
13162,2025-03-14,3,,salida,36345
13163,2025-03-15,3,10006.0,entrada,4210
13164,2025-03-15,3,,salida,189621
13165,2025-03-15,2,10007.0,entrada,5469
13166,2025-03-15,4,,salida,15603
13167,2025-03-15,2,,salida,91525
13168,2025-03-15,4,10013.0,entrada,4843
13169,2025-03-15,3,10014.0,entrada,3810
13170,2025-03-15,3,10011.0,entrada,2942
13171,2025-03-15,1,10010.0,entrada,11662
13172,2025-03-15,3,10009.0,entrada,10247
13173,2025-03-15,4,10008.0,entrada,4961
13174,2025-03-15,4,10002.0,entrada,10494
13175,2025-03-15,3,10003.0,entrada,9369
13176,2025-03-15,4,10004.0,entrada,7532
13177,2025-03-15,4,10005.0,entrada,9290
13178,2025-03-15,1,10012.0,entrada,9410
13179,2025-03-15,2,,salida,28897
13180,2025-03-16,3,,salida,43132
13181,2025-03-16,3,,salida,33200
13182,2025-03-16,2,,salida,15752
13183,2025-03-16,4,9896.0,merma,713
13184,2025-03-16,2,10021.0,entrada,4978
13185,2025-03-16,1,10024.0,entrada,3879
13186,2025-03-16,3,10023.0,entrada,10480
13187,2025-03-16,1,10022.0,entrada,11432
13188,2025-03-16,3,10020.0,entrada,10144
13189,2025-03-16,4,10019.0,entrada,8539
13190,2025-03-16,3,10018.0,entrada,6366
13191,2025-03-16,1,10016.0,entrada,8225
13192,2025-03-16,3,10015.0,entrada,9983
13193,2025-03-16,1,10025.0,entrada,16805
13194,2025-03-16,3,10017.0,entrada,4175
13195,2025-03-17,1,,salida,19898
13196,2025-03-17,1,10026.0,entrada,7377
13197,2025-03-17,1,9945.0,merma,974
13198,2025-03-17,1,9974.0,merma,548
13199,2025-03-17,1,9990.0,merma,212
13200,2025-03-17,4,10041.0,entrada,3954
13201,2025-03-17,2,10040.0,entrada,4038
13202,2025-03-17,4,10039.0,entrada,9807
13203,2025-03-17,2,10038.0,entrada,4054
13204,2025-03-17,3,10037.0,entrada,12349
13205,2025-03-17,1,10036.0,entrada,9938
13206,2025-03-17,1,10042.0,entrada,15589
13207,2025-03-17,4,10034.0,entrada,13825
13208,2025-03-17,1,10033.0,entrada,7834
13209,2025-03-17,2,10032.0,entrada,8717
13210,2025-03-17,1,10031.0,entrada,5833
13211,2025-03-17,2,10030.0,entrada,4748
13212,2025-03-17,1,10029.0,entrada,10222
13213,2025-03-17,3,10028.0,entrada,9512
13214,2025-03-17,3,10027.0,entrada,12564
13215,2025-03-17,1,10035.0,entrada,5309
13216,2025-03-18,2,,salida,12466
13217,2025-03-18,2,10054.0,entrada,10056
13218,2025-03-18,2,10053.0,entrada,5212
13219,2025-03-18,3,10052.0,entrada,10658
13220,2025-03-18,4,10051.0,entrada,8517
13221,2025-03-18,2,10050.0,entrada,9184
13222,2025-03-18,4,10049.0,entrada,6723
13223,2025-03-18,2,10045.0,entrada,9315
13224,2025-03-18,2,10047.0,entrada,10093
13225,2025-03-18,3,10046.0,entrada,7960
13226,2025-03-18,3,10044.0,entrada,10554
13227,2025-03-18,3,10043.0,entrada,7461
13228,2025-03-18,4,,salida,24479
13229,2025-03-18,2,10057.0,entrada,5043
13230,2025-03-18,2,10048.0,entrada,4649
13231,2025-03-18,2,,salida,33522
13232,2025-03-18,2,10056.0,entrada,11573
13233,2025-03-18,1,10059.0,entrada,15839
13234,2025-03-18,1,10055.0,entrada,10308
13235,2025-03-18,2,,salida,57266
13236,2025-03-18,1,10058.0,entrada,3931
13237,2025-03-18,3,,salida,33054
13238,2025-03-18,3,9981.0,merma,386
13239,2025-03-19,2,10061.0,entrada,10811
13240,2025-03-19,3,10062.0,entrada,6941
13241,2025-03-19,4,10075.0,entrada,16839
13242,2025-03-19,1,10074.0,entrada,3765
13243,2025-03-19,1,10064.0,entrada,6678
13244,2025-03-19,3,10063.0,entrada,4431
13245,2025-03-19,3,10060.0,entrada,5660
13246,2025-03-19,4,10067.0,entrada,13455
13247,2025-03-19,2,10068.0,entrada,5050
13248,2025-03-19,1,10069.0,entrada,12517
13249,2025-03-19,2,10070.0,entrada,12903
13250,2025-03-19,2,10071.0,entrada,3370
13251,2025-03-19,4,10065.0,entrada,7324
13252,2025-03-19,3,10066.0,entrada,8698
13253,2025-03-19,2,10073.0,entrada,5010
13254,2025-03-19,4,9934.0,merma,898
13255,2025-03-19,4,,salida,117659
13256,2025-03-19,3,,salida,17911
13257,2025-03-19,1,,salida,61706
13258,2025-03-19,1,10072.0,entrada,11403
13259,2025-03-20,4,10080.0,entrada,9957
13260,2025-03-20,3,10091.0,entrada,3813
13261,2025-03-20,1,10090.0,entrada,4913
13262,2025-03-20,3,10089.0,entrada,10723
13263,2025-03-20,3,10088.0,entrada,3920
13264,2025-03-20,3,10087.0,entrada,11387
13265,2025-03-20,4,10085.0,entrada,14242
13266,2025-03-20,2,10084.0,entrada,8822
13267,2025-03-20,2,10083.0,entrada,7957
13268,2025-03-20,2,10076.0,entrada,6599
13269,2025-03-20,1,10077.0,entrada,11177
13270,2025-03-20,2,10082.0,entrada,6556
13271,2025-03-20,3,10078.0,entrada,8415
13272,2025-03-20,2,10079.0,entrada,7339
13273,2025-03-20,1,10086.0,entrada,5674
13274,2025-03-20,1,10081.0,entrada,4158
13275,2025-03-20,4,,salida,1518
13276,2025-03-20,4,10092.0,entrada,15264
13277,2025-03-20,1,,salida,27552
13278,2025-03-20,2,9944.0,merma,436
13279,2025-03-20,2,,salida,56760
13280,2025-03-20,3,10029.0,merma,491
13281,2025-03-20,4,,salida,19051
13282,2025-03-20,3,,salida,24737
13283,2025-03-21,2,10016.0,merma,520
13284,2025-03-21,4,10053.0,merma,208
13285,2025-03-21,4,10104.0,entrada,4831
13286,2025-03-21,4,10103.0,entrada,9243
13287,2025-03-21,2,10101.0,entrada,11347
13288,2025-03-21,4,10100.0,entrada,14139
13289,2025-03-21,1,10099.0,entrada,9639
13290,2025-03-21,4,10098.0,entrada,8614
13291,2025-03-21,3,10097.0,entrada,7101
13292,2025-03-21,2,10096.0,entrada,4521
13293,2025-03-21,1,10102.0,entrada,3693
13294,2025-03-21,2,10094.0,entrada,6578
13295,2025-03-21,4,10095.0,entrada,11061
13296,2025-03-21,2,,salida,282083
13297,2025-03-21,2,,salida,9015
13298,2025-03-21,3,,salida,2686
13299,2025-03-21,1,,salida,6148
13300,2025-03-21,1,,salida,10673
13301,2025-03-21,1,10093.0,entrada,10742
13302,2025-03-22,2,10111.0,entrada,8841
13303,2025-03-22,4,10023.0,merma,400
13304,2025-03-22,3,,salida,3514
13305,2025-03-22,4,10118.0,entrada,3468
13306,2025-03-22,1,10117.0,entrada,3885
13307,2025-03-22,2,10116.0,entrada,9657
13308,2025-03-22,1,10115.0,entrada,3254
13309,2025-03-22,2,10114.0,entrada,11275
13310,2025-03-22,2,10113.0,entrada,11864
13311,2025-03-22,4,10112.0,entrada,5270
13312,2025-03-22,4,10109.0,entrada,3926
13313,2025-03-22,2,,salida,5364
13314,2025-03-22,2,10108.0,entrada,9932
13315,2025-03-22,1,10107.0,entrada,7115
13316,2025-03-22,4,10106.0,entrada,9406
13317,2025-03-22,4,10105.0,entrada,6021
13318,2025-03-22,1,9991.0,merma,283
13319,2025-03-22,4,,salida,6546
13320,2025-03-22,4,,salida,150969
13321,2025-03-22,4,,salida,19673
13322,2025-03-22,4,,salida,13694
13323,2025-03-22,1,10110.0,entrada,6158
13324,2025-03-23,2,10131.0,entrada,11231
13325,2025-03-23,2,,salida,77676
13326,2025-03-23,4,10133.0,entrada,17880
13327,2025-03-23,2,10130.0,entrada,3449
13328,2025-03-23,1,10132.0,entrada,3954
13329,2025-03-23,2,10129.0,entrada,11850
13330,2025-03-23,1,10126.0,entrada,9403
13331,2025-03-23,1,10127.0,entrada,13323
13332,2025-03-23,4,,salida,53702
13333,2025-03-23,3,,salida,6486
13334,2025-03-23,2,,salida,16555
13335,2025-03-23,4,,salida,2250
13336,2025-03-23,2,10128.0,entrada,11601
13337,2025-03-23,2,10120.0,entrada,10172
13338,2025-03-23,3,10121.0,entrada,9907
13339,2025-03-23,2,10119.0,entrada,6363
13340,2025-03-23,3,10125.0,entrada,9789
13341,2025-03-23,4,10123.0,entrada,9111
13342,2025-03-23,3,10124.0,entrada,4539
13343,2025-03-23,4,10122.0,entrada,7086
13344,2025-03-24,1,10150.0,entrada,14214
13345,2025-03-24,4,10149.0,entrada,3937
13346,2025-03-24,4,10148.0,entrada,9746
13347,2025-03-24,2,10147.0,entrada,3392
13348,2025-03-24,4,10145.0,entrada,10352
13349,2025-03-24,2,10144.0,entrada,5528
13350,2025-03-24,2,10143.0,entrada,14533
13351,2025-03-24,2,10139.0,entrada,4801
13352,2025-03-24,4,10135.0,entrada,10872
13353,2025-03-24,2,10136.0,entrada,8560
13354,2025-03-24,3,10137.0,entrada,5869
13355,2025-03-24,2,10138.0,entrada,10813
13356,2025-03-24,1,10141.0,entrada,8965
13357,2025-03-24,2,10140.0,entrada,5909
13358,2025-03-24,3,10142.0,entrada,8644
13359,2025-03-24,3,10146.0,entrada,12799
13360,2025-03-24,2,10134.0,entrada,6182
13361,2025-03-24,3,,salida,5420
13362,2025-03-24,4,,salida,7376
13363,2025-03-24,4,,salida,34406
13364,2025-03-25,4,10151.0,entrada,7736
13365,2025-03-25,2,10152.0,entrada,10069
13366,2025-03-25,1,10153.0,entrada,9351
13367,2025-03-25,1,10154.0,entrada,8029
13368,2025-03-25,2,10155.0,entrada,10039
13369,2025-03-25,3,10156.0,entrada,4039
13370,2025-03-25,4,10157.0,entrada,7415
13371,2025-03-25,3,10159.0,entrada,9267
13372,2025-03-25,1,10044.0,merma,705
13373,2025-03-25,2,10160.0,entrada,5037
13374,2025-03-25,4,10161.0,entrada,10850
13375,2025-03-25,4,10162.0,entrada,11122
13376,2025-03-25,1,10163.0,entrada,4894
13377,2025-03-25,4,10164.0,entrada,3904
13378,2025-03-25,4,10165.0,entrada,16054
13379,2025-03-25,1,10158.0,entrada,8290
13380,2025-03-25,1,10074.0,merma,273
13381,2025-03-25,1,10112.0,merma,200
13382,2025-03-25,2,,salida,32420
13383,2025-03-25,4,,salida,37580
13384,2025-03-26,2,10171.0,entrada,3938
13385,2025-03-26,2,10176.0,entrada,5147
13386,2025-03-26,2,10177.0,entrada,10577
13387,2025-03-26,1,10178.0,entrada,11542
13388,2025-03-26,3,10179.0,entrada,3373
13389,2025-03-26,3,10180.0,entrada,4769
13390,2025-03-26,2,10181.0,entrada,3538
13391,2025-03-26,1,10182.0,entrada,14624
13392,2025-03-26,4,10173.0,entrada,7735
13393,2025-03-26,1,10172.0,entrada,7183
13394,2025-03-26,2,10170.0,entrada,10232
13395,2025-03-26,3,10169.0,entrada,7628
13396,2025-03-26,2,10168.0,entrada,7514
13397,2025-03-26,4,10167.0,entrada,9575
13398,2025-03-26,4,10166.0,entrada,7293
13399,2025-03-26,2,,salida,52659
13400,2025-03-26,4,,salida,6997
13401,2025-03-26,3,10038.0,merma,269
13402,2025-03-26,4,10175.0,entrada,12198
13403,2025-03-26,2,10174.0,entrada,9666
13404,2025-03-27,1,10088.0,merma,334
13405,2025-03-27,1,,salida,245914
13406,2025-03-27,3,,salida,4104
13407,2025-03-27,2,10199.0,entrada,3959
13408,2025-03-27,4,10047.0,merma,532
13409,2025-03-27,4,10184.0,entrada,10181
13410,2025-03-27,1,10198.0,entrada,4896
13411,2025-03-27,1,10197.0,entrada,10248
13412,2025-03-27,4,10183.0,entrada,7475
13413,2025-03-27,2,10195.0,entrada,11428
13414,2025-03-27,2,10194.0,entrada,12261
13415,2025-03-27,1,10193.0,entrada,5462
13416,2025-03-27,1,10192.0,entrada,12322
13417,2025-03-27,3,10196.0,entrada,3317
13418,2025-03-27,3,10190.0,entrada,7952
13419,2025-03-27,2,10185.0,entrada,8598
13420,2025-03-27,3,10186.0,entrada,6694
13421,2025-03-27,4,10191.0,entrada,8567
13422,2025-03-27,1,10187.0,entrada,11519
13423,2025-03-27,4,10055.0,merma,942
13424,2025-03-27,3,10188.0,entrada,5055
13425,2025-03-27,4,10189.0,entrada,6205
13426,2025-03-28,4,,salida,78503
13427,2025-03-28,4,,salida,9736
13428,2025-03-28,3,10201.0,entrada,10673
13429,2025-03-28,2,10203.0,entrada,6304
13430,2025-03-28,1,10204.0,entrada,10189
13431,2025-03-28,2,10205.0,entrada,7933
13432,2025-03-28,1,,salida,1474
13433,2025-03-28,2,10206.0,entrada,9669
13434,2025-03-28,2,10207.0,entrada,12141
13435,2025-03-28,2,10208.0,entrada,5667
13436,2025-03-28,4,10209.0,entrada,9915
13437,2025-03-28,1,,salida,9936
13438,2025-03-28,2,,salida,32842
13439,2025-03-28,3,10202.0,entrada,8998
13440,2025-03-28,4,10200.0,entrada,7177
13441,2025-03-28,4,10156.0,merma,328
13442,2025-03-28,4,10210.0,entrada,13038
13443,2025-03-28,2,10090.0,merma,152
13444,2025-03-28,4,10093.0,merma,1036
13445,2025-03-28,3,10106.0,merma,702
13446,2025-03-28,1,10211.0,entrada,3424
13447,2025-03-28,2,10212.0,entrada,9632
13448,2025-03-28,2,10215.0,entrada,14826
13449,2025-03-28,1,10214.0,entrada,3347
13450,2025-03-28,4,10213.0,entrada,5028
13451,2025-03-29,4,10223.0,entrada,8765
13452,2025-03-29,1,10224.0,entrada,9138
13453,2025-03-29,3,10225.0,entrada,14859
13454,2025-03-29,1,10226.0,entrada,4941
13455,2025-03-29,2,10082.0,merma,628
13456,2025-03-29,4,10229.0,entrada,3190
13457,2025-03-29,2,10222.0,entrada,6873
13458,2025-03-29,2,10230.0,entrada,10129
13459,2025-03-29,3,10231.0,entrada,5147
13460,2025-03-29,2,10232.0,entrada,4008
13461,2025-03-29,1,10233.0,entrada,15775
13462,2025-03-29,4,10227.0,entrada,10714
13463,2025-03-29,2,10221.0,entrada,4896
13464,2025-03-29,1,10228.0,entrada,11074
13465,2025-03-29,1,,salida,23641
13466,2025-03-29,3,10219.0,entrada,7106
13467,2025-03-29,1,10218.0,entrada,8364
13468,2025-03-29,4,10217.0,entrada,10337
13469,2025-03-29,3,10216.0,entrada,6172
13470,2025-03-29,2,10220.0,entrada,10442
13471,2025-03-29,3,10148.0,merma,823
13472,2025-03-30,1,10241.0,entrada,8499
13473,2025-03-30,4,10242.0,entrada,9861
13474,2025-03-30,4,10243.0,entrada,12083
13475,2025-03-30,2,10244.0,entrada,5171
13476,2025-03-30,1,10246.0,entrada,3046
13477,2025-03-30,4,10247.0,entrada,10361
13478,2025-03-30,2,10248.0,entrada,4799
13479,2025-03-30,1,10249.0,entrada,3613
13480,2025-03-30,1,10245.0,entrada,10227
13481,2025-03-30,2,10239.0,entrada,4433
13482,2025-03-30,4,10240.0,entrada,6126
13483,2025-03-30,3,10237.0,entrada,6962
13484,2025-03-30,2,10236.0,entrada,8344
13485,2025-03-30,3,10235.0,entrada,10112
13486,2025-03-30,2,10234.0,entrada,6500
13487,2025-03-30,3,10103.0,merma,566
13488,2025-03-30,2,,salida,14637
13489,2025-03-30,3,10238.0,entrada,9243
13490,2025-03-31,1,10257.0,entrada,5743
13491,2025-03-31,3,10256.0,entrada,14050
13492,2025-03-31,1,10255.0,entrada,8953
13493,2025-03-31,2,10254.0,entrada,7446
13494,2025-03-31,2,10253.0,entrada,5873
13495,2025-03-31,2,10252.0,entrada,7111
13496,2025-03-31,3,10264.0,entrada,16572
13497,2025-03-31,4,10250.0,entrada,7051
13498,2025-03-31,4,10260.0,entrada,3382
13499,2025-03-31,2,10263.0,entrada,4187
13500,2025-03-31,3,10261.0,entrada,11049
13501,2025-03-31,2,10259.0,entrada,12747
13502,2025-03-31,1,10251.0,entrada,8538
13503,2025-03-31,3,10258.0,entrada,9376
13504,2025-03-31,2,10262.0,entrada,5055
13505,2025-03-31,2,10185.0,merma,767
13506,2025-03-31,3,,salida,1734
13507,2025-03-31,1,10114.0,merma,497
13508,2025-03-31,1,10121.0,merma,1038
13509,2025-03-31,3,10166.0,merma,360
13510,2025-04-01,2,10275.0,entrada,12447
13511,2025-04-01,3,10276.0,entrada,3859
13512,2025-04-01,1,10272.0,entrada,8038
13513,2025-04-01,3,10278.0,entrada,5545
13514,2025-04-01,2,10279.0,entrada,3241
13515,2025-04-01,2,10280.0,entrada,14607
13516,2025-04-01,1,10271.0,entrada,6632
13517,2025-04-01,2,10270.0,entrada,4645
13518,2025-04-01,4,10269.0,entrada,10704
13519,2025-04-01,4,10268.0,entrada,7020
13520,2025-04-01,1,10277.0,entrada,9483
13521,2025-04-01,2,10266.0,entrada,10634
13522,2025-04-01,4,10274.0,entrada,4203
13523,2025-04-01,2,10158.0,merma,971
13524,2025-04-01,4,10265.0,entrada,6122
13525,2025-04-01,1,,salida,126344
13526,2025-04-01,2,,salida,9202
13527,2025-04-01,3,10267.0,entrada,9231
13528,2025-04-01,2,10273.0,entrada,13457
13529,2025-04-02,2,,salida,25955
13530,2025-04-02,2,10295.0,entrada,17492
13531,2025-04-02,1,,salida,8243
13532,2025-04-02,3,,salida,96506
13533,2025-04-02,3,10294.0,entrada,4211
13534,2025-04-02,4,10281.0,entrada,7172
13535,2025-04-02,1,10292.0,entrada,9991
13536,2025-04-02,1,10291.0,entrada,3415
13537,2025-04-02,3,10290.0,entrada,12449
13538,2025-04-02,4,10289.0,entrada,9589
13539,2025-04-02,1,10293.0,entrada,5283
13540,2025-04-02,4,10287.0,entrada,9070
13541,2025-04-02,1,10288.0,entrada,13636
13542,2025-04-02,4,10285.0,entrada,6238
13543,2025-04-02,3,10206.0,merma,387
13544,2025-04-02,4,10233.0,merma,727
13545,2025-04-02,3,10284.0,entrada,4171
13546,2025-04-02,4,10283.0,entrada,8936
13547,2025-04-02,4,10282.0,entrada,7194
13548,2025-04-02,2,10286.0,entrada,8913
13549,2025-04-03,4,10296.0,entrada,11356
13550,2025-04-03,1,10297.0,entrada,7405
13551,2025-04-03,1,10298.0,entrada,10370
13552,2025-04-03,1,10299.0,entrada,4536
13553,2025-04-03,2,10301.0,entrada,9030
13554,2025-04-03,4,10308.0,entrada,5804
13555,2025-04-03,3,10302.0,entrada,15249
13556,2025-04-03,2,10303.0,entrada,5657
13557,2025-04-03,4,10304.0,entrada,10776
13558,2025-04-03,3,10305.0,entrada,10579
13559,2025-04-03,3,10306.0,entrada,3303
13560,2025-04-03,4,10307.0,entrada,10243
13561,2025-04-03,2,10300.0,entrada,8562
13562,2025-04-03,4,10309.0,entrada,3583
13563,2025-04-03,3,10310.0,entrada,14188
13564,2025-04-04,4,10320.0,entrada,13267
13565,2025-04-04,2,10321.0,entrada,5506
13566,2025-04-04,1,10322.0,entrada,9115
13567,2025-04-04,1,10323.0,entrada,11224
13568,2025-04-04,2,,salida,22021
13569,2025-04-04,1,10325.0,entrada,10747
13570,2025-04-04,4,10327.0,entrada,13756
13571,2025-04-04,1,10249.0,merma,112
13572,2025-04-04,3,10324.0,entrada,3598
13573,2025-04-04,4,10318.0,entrada,8707
13574,2025-04-04,3,10319.0,entrada,9289
13575,2025-04-04,2,10316.0,entrada,4351
13576,2025-04-04,1,10317.0,entrada,5785
13577,2025-04-04,1,,salida,6189
13578,2025-04-04,1,,salida,27094
13579,2025-04-04,3,,salida,11863
13580,2025-04-04,1,10326.0,entrada,4632
13581,2025-04-04,3,10312.0,entrada,10776
13582,2025-04-04,4,10313.0,entrada,7490
13583,2025-04-04,4,10314.0,entrada,7228
13584,2025-04-04,1,10315.0,entrada,10288
13585,2025-04-04,3,10311.0,entrada,6582
13586,2025-04-05,3,10340.0,entrada,16590
13587,2025-04-05,1,10339.0,entrada,3748
13588,2025-04-05,2,10338.0,entrada,5545
13589,2025-04-05,4,10337.0,entrada,12766
13590,2025-04-05,3,10336.0,entrada,10252
13591,2025-04-05,4,10333.0,entrada,5347
13592,2025-04-05,3,10332.0,entrada,4014
13593,2025-04-05,3,10331.0,entrada,10240
13594,2025-04-05,1,10329.0,entrada,8582
13595,2025-04-05,1,10328.0,entrada,9457
13596,2025-04-05,3,10335.0,entrada,9491
13597,2025-04-05,1,10330.0,entrada,6333
13598,2025-04-05,1,10334.0,entrada,8583
13599,2025-04-05,4,,salida,34688
13600,2025-04-05,1,,salida,58412
13601,2025-04-05,2,,salida,85510
13602,2025-04-05,3,,salida,3305
13603,2025-04-05,2,,salida,25732
13604,2025-04-06,4,10357.0,entrada,14686
13605,2025-04-06,1,10356.0,entrada,4580
13606,2025-04-06,4,10341.0,entrada,7026
13607,2025-04-06,4,10342.0,entrada,10440
13608,2025-04-06,4,10343.0,entrada,9350
13609,2025-04-06,3,10344.0,entrada,7668
13610,2025-04-06,1,10345.0,entrada,11053
13611,2025-04-06,2,10346.0,entrada,4609
13612,2025-04-06,1,10347.0,entrada,6316
13613,2025-04-06,2,10241.0,merma,983
13614,2025-04-06,4,10353.0,entrada,10794
13615,2025-04-06,4,10348.0,entrada,9412
13616,2025-04-06,4,10349.0,entrada,8190
13617,2025-04-06,2,10350.0,entrada,13790
13618,2025-04-06,1,10351.0,entrada,4881
13619,2025-04-06,4,10352.0,entrada,10947
13620,2025-04-06,1,10354.0,entrada,3900
13621,2025-04-06,2,10298.0,merma,967
13622,2025-04-06,4,10355.0,entrada,9131
13623,2025-04-06,4,,salida,2178
13624,2025-04-06,4,,salida,24674
13625,2025-04-06,1,,salida,9325
13626,2025-04-06,4,,salida,19956
13627,2025-04-07,3,,salida,14476
13628,2025-04-07,2,,salida,21951
13629,2025-04-07,1,,salida,11257
13630,2025-04-07,1,10358.0,entrada,9884
13631,2025-04-07,4,10360.0,entrada,10556
13632,2025-04-07,2,10361.0,entrada,11732
13633,2025-04-07,4,10362.0,entrada,9972
13634,2025-04-07,4,10363.0,entrada,12728
13635,2025-04-07,2,10359.0,entrada,15091
13636,2025-04-07,1,10365.0,entrada,20373
13637,2025-04-07,2,10366.0,entrada,7059
13638,2025-04-07,2,10367.0,entrada,14837
13639,2025-04-07,2,10368.0,entrada,5088
13640,2025-04-07,1,10369.0,entrada,7541
13641,2025-04-07,3,10364.0,entrada,15216
13642,2025-04-07,3,10370.0,entrada,5503
13643,2025-04-07,2,10371.0,entrada,23111
13644,2025-04-08,4,10379.0,entrada,12106
13645,2025-04-08,2,10375.0,entrada,12986
13646,2025-04-08,4,10387.0,entrada,22528
13647,2025-04-08,2,10374.0,entrada,12989
13648,2025-04-08,1,10386.0,entrada,5208
13649,2025-04-08,1,10372.0,entrada,11121
13650,2025-04-08,4,10385.0,entrada,7763
13651,2025-04-08,1,10384.0,entrada,13450
13652,2025-04-08,4,10383.0,entrada,17468
13653,2025-04-08,3,10382.0,entrada,16631
13654,2025-04-08,1,10381.0,entrada,24418
13655,2025-04-08,1,10380.0,entrada,11619
13656,2025-04-08,2,10377.0,entrada,6647
13657,2025-04-08,2,10378.0,entrada,9131
13658,2025-04-08,3,10376.0,entrada,17119
13659,2025-04-08,4,10373.0,entrada,16468
13660,2025-04-08,1,,salida,183516
13661,2025-04-08,2,,salida,49923
13662,2025-04-08,2,,salida,22877
13663,2025-04-08,4,,salida,42447
13664,2025-04-08,3,10242.0,merma,303
13665,2025-04-08,4,10262.0,merma,485
13666,2025-04-09,3,10397.0,entrada,15762
13667,2025-04-09,3,,salida,3230
13668,2025-04-09,2,,salida,3747
13669,2025-04-09,1,,salida,44096
13670,2025-04-09,2,,salida,12955
13671,2025-04-09,1,10395.0,entrada,18245
13672,2025-04-09,3,10388.0,entrada,9297
13673,2025-04-09,2,10389.0,entrada,17779
13674,2025-04-09,3,10390.0,entrada,12960
13675,2025-04-09,1,10391.0,entrada,14092
13676,2025-04-09,3,10392.0,entrada,10367
13677,2025-04-09,2,10393.0,entrada,11577
13678,2025-04-09,2,10398.0,entrada,5225
13679,2025-04-09,3,10399.0,entrada,20696
13680,2025-04-09,2,,salida,1375
13681,2025-04-09,2,10252.0,merma,514
13682,2025-04-09,3,10394.0,entrada,12902
13683,2025-04-09,1,10396.0,entrada,15543
13684,2025-04-10,3,10404.0,entrada,15475
13685,2025-04-10,2,10405.0,entrada,7589
13686,2025-04-10,4,10406.0,entrada,12741
13687,2025-04-10,4,10407.0,entrada,13547
13688,2025-04-10,4,10408.0,entrada,7213
13689,2025-04-10,4,10401.0,entrada,13649
13690,2025-04-10,1,10409.0,entrada,17359
13691,2025-04-10,3,10410.0,entrada,16550
13692,2025-04-10,4,10411.0,entrada,5294
13693,2025-04-10,2,10412.0,entrada,15118
13694,2025-04-10,4,10413.0,entrada,7385
13695,2025-04-10,1,10414.0,entrada,5751
13696,2025-04-10,3,10415.0,entrada,22982
13697,2025-04-10,2,10402.0,entrada,15033
13698,2025-04-10,2,10400.0,entrada,10679
13699,2025-04-10,4,10403.0,entrada,10573
13700,2025-04-10,1,,salida,380690
13701,2025-04-10,1,,salida,15418
13702,2025-04-10,4,,salida,8577
13703,2025-04-10,3,10316.0,merma,372
13704,2025-04-10,4,10308.0,merma,547
13705,2025-04-11,2,10426.0,entrada,5202
13706,2025-04-11,3,10425.0,entrada,17271
13707,2025-04-11,1,10424.0,entrada,7656
13708,2025-04-11,2,10428.0,entrada,7868
13709,2025-04-11,1,10417.0,entrada,16205
13710,2025-04-11,3,10423.0,entrada,21706
13711,2025-04-11,2,10422.0,entrada,10053
13712,2025-04-11,3,10421.0,entrada,7204
13713,2025-04-11,3,10420.0,entrada,15412
13714,2025-04-11,4,10429.0,entrada,5136
13715,2025-04-11,2,10419.0,entrada,8644
13716,2025-04-11,1,10430.0,entrada,25464
13717,2025-04-11,1,10418.0,entrada,13113
13718,2025-04-11,1,10427.0,entrada,13414
13719,2025-04-11,1,10416.0,entrada,10660
13720,2025-04-11,1,,salida,111785
13721,2025-04-11,1,10293.0,merma,541
13722,2025-04-11,2,10305.0,merma,906
13723,2025-04-11,3,,salida,11674
13724,2025-04-12,3,10435.0,entrada,13999
13725,2025-04-12,3,10445.0,entrada,6917
13726,2025-04-12,1,10444.0,entrada,14721
13727,2025-04-12,2,10443.0,entrada,17180
13728,2025-04-12,2,10442.0,entrada,15139
13729,2025-04-12,4,10436.0,entrada,7251
13730,2025-04-12,1,10441.0,entrada,7137
13731,2025-04-12,4,10440.0,entrada,19832
13732,2025-04-12,4,10439.0,entrada,15371
13733,2025-04-12,4,10438.0,entrada,12308
13734,2025-04-12,2,10437.0,entrada,9248
13735,2025-04-12,4,10446.0,entrada,24980
13736,2025-04-12,2,10434.0,entrada,10830
13737,2025-04-12,4,,salida,176513
13738,2025-04-12,3,10432.0,entrada,15852
13739,2025-04-12,1,10431.0,entrada,9925
13740,2025-04-12,1,10338.0,merma,452
13741,2025-04-12,4,10337.0,merma,1429
13742,2025-04-12,1,10433.0,entrada,13945
13743,2025-04-13,2,10454.0,entrada,23312
13744,2025-04-13,3,10457.0,entrada,18870
13745,2025-04-13,2,10458.0,entrada,4885
13746,2025-04-13,2,10456.0,entrada,15983
13747,2025-04-13,4,10452.0,entrada,9237
13748,2025-04-13,1,10459.0,entrada,8313
13749,2025-04-13,2,10455.0,entrada,8107
13750,2025-04-13,2,10460.0,entrada,4927
13751,2025-04-13,2,10461.0,entrada,23553
13752,2025-04-13,3,10453.0,entrada,11621
13753,2025-04-13,3,10451.0,entrada,6567
13754,2025-04-13,4,,salida,61282
13755,2025-04-13,4,10449.0,entrada,13683
13756,2025-04-13,1,10448.0,entrada,16920
13757,2025-04-13,2,10447.0,entrada,10443
13758,2025-04-13,3,,salida,14620
13759,2025-04-13,3,,salida,28171
13760,2025-04-13,2,,salida,23140
13761,2025-04-13,3,10450.0,entrada,9916
13762,2025-04-14,2,10476.0,entrada,25182
13763,2025-04-14,4,10474.0,entrada,14657
13764,2025-04-14,3,10475.0,entrada,5312
13765,2025-04-14,3,10469.0,entrada,13096
13766,2025-04-14,4,10473.0,entrada,4830
13767,2025-04-14,1,10472.0,entrada,16118
13768,2025-04-14,2,10471.0,entrada,7267
13769,2025-04-14,3,10470.0,entrada,17574
13770,2025-04-14,4,10468.0,entrada,11128
13771,2025-04-14,1,,salida,243
13772,2025-04-14,3,10466.0,entrada,5801
13773,2025-04-14,1,10465.0,entrada,18156
13774,2025-04-14,4,10464.0,entrada,11967
13775,2025-04-14,2,10463.0,entrada,11224
13776,2025-04-14,3,10462.0,entrada,16331
13777,2025-04-14,2,,salida,119512
13778,2025-04-14,2,10357.0,merma,986
13779,2025-04-14,3,,salida,80906
13780,2025-04-14,1,10467.0,entrada,9871
13781,2025-04-15,4,10489.0,entrada,15334
13782,2025-04-15,1,10488.0,entrada,5204
13783,2025-04-15,4,10487.0,entrada,15944
13784,2025-04-15,3,10486.0,entrada,16672
13785,2025-04-15,2,10485.0,entrada,7535
13786,2025-04-15,3,10484.0,entrada,19763
13787,2025-04-15,3,10479.0,entrada,15288
13788,2025-04-15,4,10482.0,entrada,11564
13789,2025-04-15,4,10481.0,entrada,8722
13790,2025-04-15,3,10480.0,entrada,7784
13791,2025-04-15,3,10478.0,entrada,9728
13792,2025-04-15,3,10477.0,entrada,10930
13793,2025-04-15,2,10490.0,entrada,8471
13794,2025-04-15,3,10483.0,entrada,11327
13795,2025-04-15,4,10491.0,entrada,21164
13796,2025-04-15,4,,salida,913
13797,2025-04-15,4,,salida,22422
13798,2025-04-15,4,10388.0,merma,840
13799,2025-04-15,2,10349.0,merma,727
13800,2025-04-15,4,,salida,150609
13801,2025-04-15,3,,salida,893
13802,2025-04-15,1,,salida,67829
13803,2025-04-16,1,,salida,111757
13804,2025-04-16,1,10506.0,entrada,16215
13805,2025-04-16,2,10505.0,entrada,5346
13806,2025-04-16,3,10504.0,entrada,17269
13807,2025-04-16,4,10503.0,entrada,15903
13808,2025-04-16,2,10502.0,entrada,6572
13809,2025-04-16,4,10501.0,entrada,18630
13810,2025-04-16,2,10500.0,entrada,13685
13811,2025-04-16,4,10499.0,entrada,13301
13812,2025-04-16,4,10498.0,entrada,10316
13813,2025-04-16,4,10497.0,entrada,6699
13814,2025-04-16,3,10496.0,entrada,15928
13815,2025-04-16,3,10495.0,entrada,8970
13816,2025-04-16,2,10507.0,entrada,7921
13817,2025-04-16,3,10493.0,entrada,15648
13818,2025-04-16,1,10492.0,entrada,10027
13819,2025-04-16,4,10453.0,merma,1133
13820,2025-04-16,2,10403.0,merma,561
13821,2025-04-16,4,,salida,41720
13822,2025-04-16,3,,salida,140958
13823,2025-04-16,4,,salida,43775
13824,2025-04-16,4,,salida,54592
13825,2025-04-16,1,10494.0,entrada,13763
13826,2025-04-16,2,10508.0,entrada,5160
13827,2025-04-17,1,10516.0,entrada,6614
13828,2025-04-17,2,10510.0,entrada,15035
13829,2025-04-17,3,10511.0,entrada,14080
13830,2025-04-17,4,10512.0,entrada,15413
13831,2025-04-17,1,10513.0,entrada,6329
13832,2025-04-17,4,10514.0,entrada,10762
13833,2025-04-17,3,10515.0,entrada,21303
13834,2025-04-17,1,10467.0,merma,795
13835,2025-04-17,4,10517.0,entrada,16127
13836,2025-04-17,1,10509.0,entrada,9752
13837,2025-04-17,4,10518.0,entrada,5038
13838,2025-04-17,4,10520.0,entrada,5211
13839,2025-04-17,3,10521.0,entrada,23856
13840,2025-04-17,1,,salida,12563
13841,2025-04-17,2,10384.0,merma,1158
13842,2025-04-17,2,,salida,17425
13843,2025-04-17,1,10445.0,merma,534
13844,2025-04-17,1,,salida,19457
13845,2025-04-17,1,10433.0,merma,449
13846,2025-04-17,3,10519.0,entrada,7281
13847,2025-04-17,4,10459.0,merma,348
13848,2025-04-18,3,10528.0,entrada,15387
13849,2025-04-18,4,10529.0,entrada,18787
13850,2025-04-18,2,,salida,9996
13851,2025-04-18,2,10535.0,entrada,22883
13852,2025-04-18,1,10532.0,entrada,19193
13853,2025-04-18,3,10523.0,entrada,17440
13854,2025-04-18,3,10527.0,entrada,9269
13855,2025-04-18,4,10526.0,entrada,6956
13856,2025-04-18,1,10525.0,entrada,8732
13857,2025-04-18,2,10524.0,entrada,17780
13858,2025-04-18,1,10534.0,entrada,7097
13859,2025-04-18,2,10522.0,entrada,11032
13860,2025-04-18,2,,salida,10965
13861,2025-04-18,4,10530.0,entrada,7599
13862,2025-04-18,1,10531.0,entrada,15576
13863,2025-04-18,3,10533.0,entrada,14161
13864,2025-04-19,3,10551.0,entrada,7036
13865,2025-04-19,2,10458.0,merma,240
13866,2025-04-19,2,,salida,13982
13867,2025-04-19,3,10498.0,merma,1097
13868,2025-04-19,3,,salida,22035
13869,2025-04-19,3,,salida,45578
13870,2025-04-19,1,10552.0,entrada,5371
13871,2025-04-19,3,10501.0,merma,1985
13872,2025-04-19,4,10545.0,entrada,21338
13873,2025-04-19,4,10546.0,entrada,6789
13874,2025-04-19,1,10536.0,entrada,9604
13875,2025-04-19,4,10550.0,entrada,14943
13876,2025-04-19,1,10537.0,entrada,16085
13877,2025-04-19,1,10549.0,entrada,5074
13878,2025-04-19,3,10538.0,entrada,11274
13879,2025-04-19,2,10539.0,entrada,10994
13880,2025-04-19,3,10548.0,entrada,18100
13881,2025-04-19,1,10540.0,entrada,13079
13882,2025-04-19,4,10547.0,entrada,16031
13883,2025-04-19,2,10541.0,entrada,7361
13884,2025-04-19,2,10542.0,entrada,10228
13885,2025-04-19,2,10543.0,entrada,12798
13886,2025-04-19,4,10544.0,entrada,13782
13887,2025-04-20,4,,salida,110389
13888,2025-04-20,2,,salida,28142
13889,2025-04-20,1,,salida,6065
13890,2025-04-20,4,,salida,44855
13891,2025-04-20,4,10437.0,merma,456
13892,2025-04-20,2,,salida,2568
13893,2025-04-20,2,,salida,13121
13894,2025-04-20,2,,salida,8528
13895,2025-04-20,2,,salida,33188
13896,2025-04-20,1,,salida,188328
13897,2025-04-20,2,10558.0,entrada,8513
13898,2025-04-20,1,10559.0,entrada,12585
13899,2025-04-20,1,10564.0,entrada,5130
13900,2025-04-20,1,10567.0,entrada,20903
13901,2025-04-20,3,10566.0,entrada,7254
13902,2025-04-20,1,10565.0,entrada,17042
13903,2025-04-20,2,10563.0,entrada,17515
13904,2025-04-20,4,10562.0,entrada,8873
13905,2025-04-20,2,10561.0,entrada,20316
13906,2025-04-20,3,10560.0,entrada,14790
13907,2025-04-20,1,10554.0,entrada,18500
13908,2025-04-20,4,10555.0,entrada,15397
13909,2025-04-20,3,10556.0,entrada,8658
13910,2025-04-20,2,10557.0,entrada,14445
13911,2025-04-20,4,10553.0,entrada,9031
13912,2025-04-21,3,,salida,12290
13913,2025-04-21,4,10573.0,entrada,13734
13914,2025-04-21,1,,salida,36022
13915,2025-04-21,3,10572.0,entrada,10098
13916,2025-04-21,4,10574.0,entrada,14288
13917,2025-04-21,1,10580.0,entrada,17373
13918,2025-04-21,1,10576.0,entrada,6342
13919,2025-04-21,4,10577.0,entrada,16706
13920,2025-04-21,2,10571.0,entrada,7421
13921,2025-04-21,1,10578.0,entrada,18029
13922,2025-04-21,4,10579.0,entrada,5008
13923,2025-04-21,3,10575.0,entrada,19833
13924,2025-04-21,2,10570.0,entrada,13604
13925,2025-04-21,4,,salida,11897
13926,2025-04-21,2,10569.0,entrada,15980
13927,2025-04-21,2,10568.0,entrada,8910
13928,2025-04-21,2,10582.0,entrada,5463
13929,2025-04-21,1,,salida,7844
13930,2025-04-21,4,10512.0,merma,853
13931,2025-04-21,1,10583.0,entrada,19274
13932,2025-04-21,3,10581.0,entrada,7305
13933,2025-04-22,2,10584.0,entrada,15147
13934,2025-04-22,1,10585.0,entrada,13841
13935,2025-04-22,1,10586.0,entrada,8647
13936,2025-04-22,1,10587.0,entrada,17396
13937,2025-04-22,1,10588.0,entrada,7315
13938,2025-04-22,1,10589.0,entrada,10078
13939,2025-04-22,2,10590.0,entrada,12615
13940,2025-04-22,1,,salida,63089
13941,2025-04-22,3,,salida,4973
13942,2025-04-22,1,10591.0,entrada,13175
13943,2025-04-22,4,,salida,31997
13944,2025-04-22,1,,salida,33139
13945,2025-04-22,4,,salida,31284
13946,2025-04-22,1,,salida,87587
13947,2025-04-22,1,,salida,64851
13948,2025-04-22,2,10497.0,merma,530
13949,2025-04-22,4,10594.0,entrada,18039
13950,2025-04-22,2,10592.0,entrada,21265
13951,2025-04-22,1,10595.0,entrada,5097
13952,2025-04-22,4,10596.0,entrada,12835
13953,2025-04-22,2,10597.0,entrada,8070
13954,2025-04-22,3,10598.0,entrada,5683
13955,2025-04-22,3,10599.0,entrada,24637
13956,2025-04-22,3,10593.0,entrada,7108
13957,2025-04-23,3,,salida,48543
13958,2025-04-23,3,,salida,61732
13959,2025-04-23,4,,salida,30767
13960,2025-04-23,1,10611.0,entrada,23574
13961,2025-04-23,2,,salida,30767
13962,2025-04-23,1,,salida,9582
13963,2025-04-23,4,,salida,65337
13964,2025-04-23,3,10610.0,entrada,8488
13965,2025-04-23,2,10608.0,entrada,6188
13966,2025-04-23,2,10605.0,entrada,20180
13967,2025-04-23,4,10606.0,entrada,7605
13968,2025-04-23,2,,salida,31463
13969,2025-04-23,1,10604.0,entrada,12111
13970,2025-04-23,1,10603.0,entrada,9941
13971,2025-04-23,2,10602.0,entrada,15168
13972,2025-04-23,4,10601.0,entrada,13481
13973,2025-04-23,3,10600.0,entrada,14113
13974,2025-04-23,1,10510.0,merma,1683
13975,2025-04-23,4,10537.0,merma,601
13976,2025-04-23,1,10607.0,entrada,16804
13977,2025-04-23,1,,salida,462
13978,2025-04-23,1,10609.0,entrada,16645
13979,2025-04-24,3,10622.0,entrada,7373
13980,2025-04-24,2,10508.0,merma,373
13981,2025-04-24,2,10621.0,entrada,18827
13982,2025-04-24,2,10628.0,entrada,24793
13983,2025-04-24,4,10627.0,entrada,5944
13984,2025-04-24,4,10626.0,entrada,7450
13985,2025-04-24,4,10612.0,entrada,11606
13986,2025-04-24,2,10613.0,entrada,13741
13987,2025-04-24,3,10625.0,entrada,15615
13988,2025-04-24,4,10614.0,entrada,13071
13989,2025-04-24,4,,salida,35408
13990,2025-04-24,4,10624.0,entrada,5216
13991,2025-04-24,3,10620.0,entrada,13950
13992,2025-04-24,2,10615.0,entrada,11734
13993,2025-04-24,1,10619.0,entrada,14121
13994,2025-04-24,1,,salida,7253
13995,2025-04-24,2,,salida,2989
13996,2025-04-24,1,10623.0,entrada,15690
13997,2025-04-24,2,10617.0,entrada,6369
13998,2025-04-24,3,10616.0,entrada,14885
13999,2025-04-24,1,10618.0,entrada,9287
14000,2025-04-25,3,10644.0,entrada,6837
14001,2025-04-25,4,10645.0,entrada,5638
14002,2025-04-25,1,10643.0,entrada,16441
14003,2025-04-25,1,10642.0,entrada,5352
14004,2025-04-25,2,10641.0,entrada,19115
14005,2025-04-25,3,10640.0,entrada,16290
14006,2025-04-25,2,10639.0,entrada,6924
14007,2025-04-25,1,10638.0,entrada,25245
14008,2025-04-25,4,10637.0,entrada,12021
14009,2025-04-25,1,10636.0,entrada,12862
14010,2025-04-25,4,10635.0,entrada,7101
14011,2025-04-25,1,10634.0,entrada,7248
14012,2025-04-25,4,10631.0,entrada,12913
14013,2025-04-25,2,10632.0,entrada,10670
14014,2025-04-25,1,,salida,66675
14015,2025-04-25,1,,salida,24054
14016,2025-04-25,1,,salida,34831
14017,2025-04-25,2,10633.0,entrada,16398
14018,2025-04-25,3,10629.0,entrada,8482
14019,2025-04-25,3,,salida,43272
14020,2025-04-25,4,10630.0,entrada,14023
14021,2025-04-25,1,,salida,123030
14022,2025-04-25,1,10646.0,entrada,22315
14023,2025-04-26,3,,salida,1153
14024,2025-04-26,2,,salida,2689
14025,2025-04-26,4,,salida,13201
14026,2025-04-26,1,,salida,32299
14027,2025-04-26,4,10515.0,merma,1954
14028,2025-04-26,3,10587.0,merma,1976
14029,2025-04-26,3,10557.0,merma,1403
14030,2025-04-26,4,10566.0,merma,555
14031,2025-04-26,1,10648.0,entrada,16401
14032,2025-04-26,1,10653.0,entrada,8821
14033,2025-04-26,4,10654.0,entrada,11903
14034,2025-04-26,3,10657.0,entrada,7013
14035,2025-04-26,1,10658.0,entrada,14506
14036,2025-04-26,2,10659.0,entrada,16833
14037,2025-04-26,1,10660.0,entrada,5268
14038,2025-04-26,3,10661.0,entrada,14635
14039,2025-04-26,4,10662.0,entrada,7013
14040,2025-04-26,3,10655.0,entrada,15064
14041,2025-04-26,1,10656.0,entrada,19820
14042,2025-04-26,1,10651.0,entrada,13935
14043,2025-04-26,2,10650.0,entrada,9655
14044,2025-04-26,3,10649.0,entrada,13887
14045,2025-04-26,4,10663.0,entrada,21805
14046,2025-04-26,1,10647.0,entrada,11559
14047,2025-04-26,3,10652.0,entrada,5271
14048,2025-04-27,3,10671.0,entrada,13473
14049,2025-04-27,1,10674.0,entrada,17497
14050,2025-04-27,3,10669.0,entrada,8833
14051,2025-04-27,4,10670.0,entrada,11239
14052,2025-04-27,4,,salida,32584
14053,2025-04-27,4,10668.0,entrada,14370
14054,2025-04-27,1,,salida,11621
14055,2025-04-27,1,,salida,6135
14056,2025-04-27,2,10672.0,entrada,16965
14057,2025-04-27,1,10680.0,entrada,23136
14058,2025-04-27,1,10679.0,entrada,6431
14059,2025-04-27,1,10678.0,entrada,7226
14060,2025-04-27,3,10677.0,entrada,13143
14061,2025-04-27,1,10676.0,entrada,4982
14062,2025-04-27,1,10675.0,entrada,17294
14063,2025-04-27,2,,salida,53749
14064,2025-04-27,4,,salida,39366
14065,2025-04-27,3,10673.0,entrada,6993
14066,2025-04-27,2,10666.0,entrada,11888
14067,2025-04-27,1,10665.0,entrada,16711
14068,2025-04-27,4,10664.0,entrada,10349
14069,2025-04-27,1,10667.0,entrada,10345
14070,2025-04-28,1,,salida,78463
14071,2025-04-28,1,10692.0,entrada,6729
14072,2025-04-28,4,10691.0,entrada,16025
14073,2025-04-28,3,10690.0,entrada,5616
14074,2025-04-28,2,10689.0,entrada,7420
14075,2025-04-28,2,10688.0,entrada,19234
14076,2025-04-28,3,10685.0,entrada,8571
14077,2025-04-28,2,10686.0,entrada,12888
14078,2025-04-28,4,10684.0,entrada,5961
14079,2025-04-28,3,10683.0,entrada,15392
14080,2025-04-28,3,10682.0,entrada,10386
14081,2025-04-28,2,10681.0,entrada,14026
14082,2025-04-28,3,10687.0,entrada,14955
14083,2025-04-28,3,10694.0,entrada,24704
14084,2025-04-28,1,10693.0,entrada,5491
14085,2025-04-28,1,10592.0,merma,1753
14086,2025-04-28,3,10562.0,merma,672
14087,2025-04-29,2,10696.0,entrada,17207
14088,2025-04-29,2,10649.0,merma,1528
14089,2025-04-29,4,10711.0,entrada,22696
14090,2025-04-29,3,10710.0,entrada,5339
14091,2025-04-29,1,10709.0,entrada,6642
14092,2025-04-29,1,10705.0,entrada,15774
14093,2025-04-29,3,10708.0,entrada,14157
14094,2025-04-29,2,10704.0,entrada,8780
14095,2025-04-29,2,10706.0,entrada,13948
14096,2025-04-29,3,10707.0,entrada,4971
14097,2025-04-29,1,10702.0,entrada,13126
14098,2025-04-29,1,10701.0,entrada,9389
14099,2025-04-29,3,10700.0,entrada,6475
14100,2025-04-29,4,10699.0,entrada,16569
14101,2025-04-29,2,10698.0,entrada,10763
14102,2025-04-29,3,10697.0,entrada,13080
14103,2025-04-29,3,10703.0,entrada,18533
14104,2025-04-29,3,10695.0,entrada,9734
14105,2025-04-30,2,10727.0,entrada,5249
14106,2025-04-30,4,10621.0,merma,574
14107,2025-04-30,1,10722.0,entrada,17335
14108,2025-04-30,4,10726.0,entrada,8564
14109,2025-04-30,4,10720.0,entrada,13944
14110,2025-04-30,4,10719.0,entrada,14065
14111,2025-04-30,2,10718.0,entrada,8987
14112,2025-04-30,1,10717.0,entrada,6571
14113,2025-04-30,1,10716.0,entrada,15923
14114,2025-04-30,2,10715.0,entrada,9237
14115,2025-04-30,4,10714.0,entrada,12307
14116,2025-04-30,1,10713.0,entrada,15437
14117,2025-04-30,4,10712.0,entrada,10502
14118,2025-04-30,1,10723.0,entrada,17145
14119,2025-04-30,4,10724.0,entrada,5519
14120,2025-04-30,3,10725.0,entrada,13609
14121,2025-04-30,4,10721.0,entrada,21987
14122,2025-04-30,3,10603.0,merma,1001
14123,2025-04-30,4,,salida,71852
14124,2025-04-30,4,,salida,58935
14125,2025-04-30,4,,salida,4847
14126,2025-04-30,3,,salida,5452
14127,2025-04-30,2,10589.0,merma,619
14128,2025-05-01,1,10667.0,merma,895
14129,2025-05-01,1,10728.0,entrada,10147
14130,2025-05-01,2,,salida,15760
14131,2025-05-01,1,,salida,28394
14132,2025-05-01,4,,salida,30534
14133,2025-05-01,1,,salida,83138
14134,2025-05-01,1,,salida,28155
14135,2025-05-01,2,,salida,3921
14136,2025-05-01,4,,salida,43282
14137,2025-05-01,2,10729.0,entrada,16246
14138,2025-05-01,3,10739.0,entrada,4953
14139,2025-05-01,2,10730.0,entrada,10863
14140,2025-05-01,1,10731.0,entrada,6539
14141,2025-05-01,3,10732.0,entrada,8685
14142,2025-05-01,4,10733.0,entrada,12146
14143,2025-05-01,2,10734.0,entrada,13879
14144,2025-05-01,1,10735.0,entrada,21154
14145,2025-05-01,2,10736.0,entrada,8313
14146,2025-05-01,4,10737.0,entrada,14152
14147,2025-05-01,3,10738.0,entrada,17530
14148,2025-05-01,3,10740.0,entrada,7511
14149,2025-05-01,1,10741.0,entrada,4770
14150,2025-05-01,1,10742.0,entrada,21262
14151,2025-05-02,3,10754.0,entrada,5899
14152,2025-05-02,3,,salida,9407
14153,2025-05-02,3,,salida,128475
14154,2025-05-02,1,10751.0,entrada,16393
14155,2025-05-02,3,10755.0,entrada,22825
14156,2025-05-02,2,10753.0,entrada,16045
14157,2025-05-02,2,,salida,84604
14158,2025-05-02,3,10752.0,entrada,16415
14159,2025-05-02,1,10746.0,entrada,8127
14160,2025-05-02,4,10749.0,entrada,11655
14161,2025-05-02,4,10748.0,entrada,8511
14162,2025-05-02,3,10747.0,entrada,6435
14163,2025-05-02,1,,salida,1976
14164,2025-05-02,4,10745.0,entrada,14891
14165,2025-05-02,4,10744.0,entrada,18129
14166,2025-05-02,3,10743.0,entrada,11076
14167,2025-05-02,4,10750.0,entrada,7903
14168,2025-05-03,2,10769.0,entrada,15480
14169,2025-05-03,4,10768.0,entrada,5238
14170,2025-05-03,3,10767.0,entrada,15535
14171,2025-05-03,3,10765.0,entrada,8271
14172,2025-05-03,2,10764.0,entrada,13178
14173,2025-05-03,1,10763.0,entrada,13387
14174,2025-05-03,3,10766.0,entrada,15020
14175,2025-05-03,1,10761.0,entrada,6141
14176,2025-05-03,1,10760.0,entrada,15799
14177,2025-05-03,1,10756.0,entrada,10271
14178,2025-05-03,4,10757.0,entrada,17210
14179,2025-05-03,1,,salida,18006
14180,2025-05-03,3,10770.0,entrada,7813
14181,2025-05-03,1,10762.0,entrada,8766
14182,2025-05-03,4,10771.0,entrada,4495
14183,2025-05-03,1,10759.0,entrada,9848
14184,2025-05-03,4,10758.0,entrada,12951
14185,2025-05-03,2,10772.0,entrada,22994
14186,2025-05-04,2,10773.0,entrada,10300
14187,2025-05-04,2,10787.0,entrada,5532
14188,2025-05-04,2,10632.0,merma,701
14189,2025-05-04,4,10786.0,entrada,16267
14190,2025-05-04,4,10657.0,merma,587
14191,2025-05-04,4,10785.0,entrada,4640
14192,2025-05-04,2,10693.0,merma,469
14193,2025-05-04,1,10783.0,entrada,5893
14194,2025-05-04,1,10782.0,entrada,20163
14195,2025-05-04,3,10780.0,entrada,13417
14196,2025-05-04,2,10779.0,entrada,10133
14197,2025-05-04,4,10778.0,entrada,7966
14198,2025-05-04,3,10777.0,entrada,15556
14199,2025-05-04,4,10776.0,entrada,9966
14200,2025-05-04,2,10775.0,entrada,13918
14201,2025-05-04,4,10774.0,entrada,15713
14202,2025-05-04,3,10781.0,entrada,14079
14203,2025-05-04,2,10784.0,entrada,15911
14204,2025-05-04,3,10788.0,entrada,25393
14205,2025-05-04,4,,salida,24267
14206,2025-05-04,1,,salida,79837
14207,2025-05-04,3,,salida,26561
14208,2025-05-04,1,,salida,680
14209,2025-05-04,1,,salida,746
14210,2025-05-05,2,10648.0,merma,1078
14211,2025-05-05,4,10754.0,merma,266
14212,2025-05-05,3,10803.0,entrada,15672
14213,2025-05-05,4,10802.0,entrada,3630
14214,2025-05-05,2,10801.0,entrada,4460
14215,2025-05-05,1,10800.0,entrada,10752
14216,2025-05-05,4,,salida,87869
14217,2025-05-05,1,10798.0,entrada,11391
14218,2025-05-05,3,10797.0,entrada,4940
14219,2025-05-05,2,,salida,73110
14220,2025-05-05,2,10795.0,entrada,8440
14221,2025-05-05,2,10790.0,entrada,9942
14222,2025-05-05,3,10796.0,entrada,13341
14223,2025-05-05,3,,salida,7928
14224,2025-05-05,2,10789.0,entrada,6588
14225,2025-05-05,3,10791.0,entrada,7264
14226,2025-05-05,4,10792.0,entrada,9365
14227,2025-05-05,2,10793.0,entrada,5158
14228,2025-05-05,4,10794.0,entrada,5871
14229,2025-05-05,2,,salida,191106
14230,2025-05-05,3,10799.0,entrada,12109
14231,2025-05-06,3,10805.0,entrada,8862
14232,2025-05-06,2,10806.0,entrada,9567
14233,2025-05-06,4,10814.0,entrada,4575
14234,2025-05-06,1,10807.0,entrada,6927
14235,2025-05-06,2,10808.0,entrada,10244
14236,2025-05-06,4,10809.0,entrada,5944
14237,2025-05-06,2,10810.0,entrada,8220
14238,2025-05-06,4,10811.0,entrada,5592
14239,2025-05-06,3,10812.0,entrada,10758
14240,2025-05-06,4,10813.0,entrada,13212
14241,2025-05-06,3,10804.0,entrada,6754
14242,2025-05-06,3,,salida,38200
14243,2025-05-06,4,,salida,31025
14244,2025-05-06,1,10742.0,merma,2341
14245,2025-05-06,3,,salida,18465
14246,2025-05-06,2,,salida,1705
14247,2025-05-06,2,,salida,1111
14248,2025-05-06,4,10671.0,merma,955
14249,2025-05-06,4,,salida,92345
14250,2025-05-06,2,,salida,106420
14251,2025-05-06,4,,salida,6853
14252,2025-05-06,4,,salida,1931
14253,2025-05-06,3,,salida,1619
14254,2025-05-06,4,,salida,22665
14255,2025-05-07,1,,salida,8437
14256,2025-05-07,4,,salida,26475
14257,2025-05-07,3,,salida,45072
14258,2025-05-07,1,10772.0,merma,2206
14259,2025-05-07,2,10761.0,merma,360
14260,2025-05-07,2,,salida,76253
14261,2025-05-07,4,10829.0,entrada,3149
14262,2025-05-07,3,10828.0,entrada,10148
14263,2025-05-07,2,10827.0,entrada,12673
14264,2025-05-07,4,10824.0,entrada,14668
14265,2025-05-07,3,10823.0,entrada,10005
14266,2025-05-07,3,10822.0,entrada,8303
14267,2025-05-07,2,10821.0,entrada,5973
14268,2025-05-07,2,10820.0,entrada,5056
14269,2025-05-07,1,,salida,27766
14270,2025-05-07,4,10825.0,entrada,4831
14271,2025-05-07,3,10830.0,entrada,13754
14272,2025-05-07,2,10818.0,entrada,6137
14273,2025-05-07,4,10817.0,entrada,9515
14274,2025-05-07,4,10816.0,entrada,10089
14275,2025-05-07,1,10815.0,entrada,6952
14276,2025-05-07,4,,salida,30891
14277,2025-05-07,2,,salida,34195
14278,2025-05-07,3,10819.0,entrada,9329
14279,2025-05-07,1,10826.0,entrada,8866
14280,2025-05-08,4,,salida,85417
14281,2025-05-08,3,,salida,15525
14282,2025-05-08,1,,salida,17146
14283,2025-05-08,1,10835.0,entrada,6367
14284,2025-05-08,4,10831.0,entrada,5857
14285,2025-05-08,1,10833.0,entrada,6369
14286,2025-05-08,4,10844.0,entrada,15576
14287,2025-05-08,2,10843.0,entrada,3424
14288,2025-05-08,2,10842.0,entrada,9788
14289,2025-05-08,2,10841.0,entrada,3004
14290,2025-05-08,3,10834.0,entrada,4345
14291,2025-05-08,1,10839.0,entrada,9763
14292,2025-05-08,2,10838.0,entrada,5777
14293,2025-05-08,4,10837.0,entrada,9629
14294,2025-05-08,3,10836.0,entrada,8484
14295,2025-05-08,1,10832.0,entrada,10524
14296,2025-05-08,4,10840.0,entrada,10184
14297,2025-05-09,1,10858.0,entrada,3934
14298,2025-05-09,1,,salida,21654
14299,2025-05-09,4,,salida,3776
14300,2025-05-09,2,,salida,4196
14301,2025-05-09,1,,salida,33805
14302,2025-05-09,1,,salida,258040
14303,2025-05-09,1,,salida,51997
14304,2025-05-09,3,10860.0,entrada,15637
14305,2025-05-09,3,10859.0,entrada,3650
14306,2025-05-09,3,10856.0,entrada,4160
14307,2025-05-09,2,10857.0,entrada,10034
14308,2025-05-09,3,10846.0,entrada,9860
14309,2025-05-09,1,10854.0,entrada,11416
14310,2025-05-09,2,10853.0,entrada,5664
14311,2025-05-09,4,10845.0,entrada,6053
14312,2025-05-09,4,10852.0,entrada,14299
14313,2025-05-09,2,10851.0,entrada,9148
14314,2025-05-09,3,10850.0,entrada,4534
14315,2025-05-09,2,10849.0,entrada,9814
14316,2025-05-09,2,10848.0,entrada,7024
14317,2025-05-09,2,10847.0,entrada,8893
14318,2025-05-09,4,10855.0,entrada,12191
14319,2025-05-10,2,10868.0,entrada,14298
14320,2025-05-10,2,10869.0,entrada,4873
14321,2025-05-10,2,10873.0,entrada,3632
14322,2025-05-10,2,10867.0,entrada,10312
14323,2025-05-10,1,10870.0,entrada,10806
14324,2025-05-10,2,10871.0,entrada,2944
14325,2025-05-10,3,10863.0,entrada,6870
14326,2025-05-10,3,10865.0,entrada,4689
14327,2025-05-10,3,10864.0,entrada,4465
14328,2025-05-10,3,10862.0,entrada,10593
14329,2025-05-10,4,10861.0,entrada,7188
14330,2025-05-10,2,,salida,9289
14331,2025-05-10,2,10866.0,entrada,8745
14332,2025-05-10,2,10874.0,entrada,16181
14333,2025-05-10,3,10872.0,entrada,5362
14334,2025-05-10,3,10807.0,merma,799
14335,2025-05-10,1,10738.0,merma,1887
14336,2025-05-11,2,10877.0,entrada,6594
14337,2025-05-11,1,,salida,503
14338,2025-05-11,3,,salida,5623
14339,2025-05-11,3,,salida,2464
14340,2025-05-11,1,10890.0,entrada,3528
14341,2025-05-11,3,10889.0,entrada,4769
14342,2025-05-11,3,10888.0,entrada,10525
14343,2025-05-11,2,10887.0,entrada,3396
14344,2025-05-11,4,10891.0,entrada,14413
14345,2025-05-11,2,10885.0,entrada,12071
14346,2025-05-11,3,10876.0,entrada,10771
14347,2025-05-11,4,10875.0,entrada,6878
14348,2025-05-11,2,10879.0,entrada,4251
14349,2025-05-11,2,10886.0,entrada,10879
14350,2025-05-11,1,10880.0,entrada,6706
14351,2025-05-11,2,10878.0,entrada,10173
14352,2025-05-11,2,10881.0,entrada,8215
14353,2025-05-11,4,10882.0,entrada,8905
14354,2025-05-11,3,10883.0,entrada,14722
14355,2025-05-11,3,10884.0,entrada,4859
14356,2025-05-12,1,10907.0,entrada,17493
14357,2025-05-12,1,10903.0,entrada,10989
14358,2025-05-12,2,,salida,18478
14359,2025-05-12,3,10906.0,entrada,3666
14360,2025-05-12,2,10905.0,entrada,11084
14361,2025-05-12,4,10904.0,entrada,3703
14362,2025-05-12,4,,salida,11847
14363,2025-05-12,1,10778.0,merma,912
14364,2025-05-12,4,,salida,1620
14365,2025-05-12,4,10902.0,entrada,12016
14366,2025-05-12,3,10901.0,entrada,4652
14367,2025-05-12,4,,salida,86423
14368,2025-05-12,1,10894.0,entrada,9955
14369,2025-05-12,3,10895.0,entrada,6648
14370,2025-05-12,2,,salida,111
14371,2025-05-12,1,10896.0,entrada,9059
14372,2025-05-12,4,10893.0,entrada,10512
14373,2025-05-12,2,10898.0,entrada,6911
14374,2025-05-12,4,10899.0,entrada,9229
14375,2025-05-12,2,10900.0,entrada,14066
14376,2025-05-12,1,10892.0,entrada,6685
14377,2025-05-12,4,10897.0,entrada,4841
14378,2025-05-13,4,10918.0,entrada,9539
14379,2025-05-13,3,10810.0,merma,890
14380,2025-05-13,3,10921.0,entrada,15432
14381,2025-05-13,3,10920.0,entrada,3318
14382,2025-05-13,3,10919.0,entrada,4765
14383,2025-05-13,4,10917.0,entrada,10300
14384,2025-05-13,3,10913.0,entrada,4533
14385,2025-05-13,4,10915.0,entrada,9228
14386,2025-05-13,1,10914.0,entrada,5678
14387,2025-05-13,1,10912.0,entrada,10096
14388,2025-05-13,3,10911.0,entrada,7299
14389,2025-05-13,2,10909.0,entrada,10148
14390,2025-05-13,4,10908.0,entrada,6795
14391,2025-05-13,1,,salida,39118
14392,2025-05-13,1,,salida,20558
14393,2025-05-13,2,10916.0,entrada,14144
14394,2025-05-13,1,10910.0,entrada,8501
14395,2025-05-14,4,10922.0,entrada,6974
14396,2025-05-14,1,,salida,9587
14397,2025-05-14,1,10923.0,entrada,9558
14398,2025-05-14,1,10924.0,entrada,10630
14399,2025-05-14,4,10925.0,entrada,4317
14400,2025-05-14,4,10926.0,entrada,5717
14401,2025-05-14,2,10927.0,entrada,9695
14402,2025-05-14,3,10928.0,entrada,8354
14403,2025-05-14,3,10929.0,entrada,15057
14404,2025-05-14,4,10930.0,entrada,4564
14405,2025-05-14,4,10931.0,entrada,12711
14406,2025-05-14,1,10932.0,entrada,12287
14407,2025-05-14,4,10933.0,entrada,3624
14408,2025-05-14,1,10934.0,entrada,11252
14409,2025-05-14,4,10935.0,entrada,5093
14410,2025-05-14,2,10936.0,entrada,3795
14411,2025-05-14,2,10937.0,entrada,14075
14412,2025-05-14,1,,salida,20427
14413,2025-05-14,2,,salida,39952
14414,2025-05-14,2,,salida,948
14415,2025-05-14,1,,salida,7105
14416,2025-05-14,3,,salida,48486
14417,2025-05-15,2,,salida,6231
14418,2025-05-15,2,,salida,12557
14419,2025-05-15,2,10904.0,merma,228
14420,2025-05-15,3,10939.0,entrada,11083
14421,2025-05-15,1,10949.0,entrada,3005
14422,2025-05-15,1,10938.0,entrada,6492
14423,2025-05-15,2,10940.0,entrada,6865
14424,2025-05-15,1,10941.0,entrada,11572
14425,2025-05-15,4,10942.0,entrada,5976
14426,2025-05-15,4,10943.0,entrada,7191
14427,2025-05-15,1,10944.0,entrada,10445
14428,2025-05-15,3,10945.0,entrada,13018
14429,2025-05-15,1,10946.0,entrada,10611
14430,2025-05-15,1,10947.0,entrada,11322
14431,2025-05-15,2,10948.0,entrada,3307
14432,2025-05-15,1,10950.0,entrada,15396
14433,2025-05-16,3,10962.0,entrada,11337
14434,2025-05-16,3,10963.0,entrada,3760
14435,2025-05-16,3,,salida,76221
14436,2025-05-16,1,,salida,3087
14437,2025-05-16,4,,salida,3885
14438,2025-05-16,2,,salida,472
14439,2025-05-16,2,10863.0,merma,548
14440,2025-05-16,2,10965.0,entrada,15030
14441,2025-05-16,1,,salida,25500
14442,2025-05-16,4,10964.0,entrada,10403
14443,2025-05-16,3,10961.0,entrada,4473
14444,2025-05-16,2,10958.0,entrada,7910
14445,2025-05-16,3,10959.0,entrada,9821
14446,2025-05-16,2,10957.0,entrada,5824
14447,2025-05-16,3,10956.0,entrada,4167
14448,2025-05-16,3,10955.0,entrada,9725
14449,2025-05-16,4,10954.0,entrada,8114
14450,2025-05-16,4,10953.0,entrada,8974
14451,2025-05-16,3,10960.0,entrada,12808
14452,2025-05-16,2,10952.0,entrada,9771
14453,2025-05-16,4,10951.0,entrada,6363
14454,2025-05-17,1,10976.0,entrada,10053
14455,2025-05-17,4,10977.0,entrada,11835
14456,2025-05-17,1,10978.0,entrada,3641
14457,2025-05-17,1,10981.0,entrada,18849
14458,2025-05-17,2,10980.0,entrada,3513
14459,2025-05-17,1,,salida,40986
14460,2025-05-17,1,10975.0,entrada,5308
14461,2025-05-17,4,10979.0,entrada,4555
14462,2025-05-17,1,10974.0,entrada,12445
14463,2025-05-17,3,10970.0,entrada,8914
14464,2025-05-17,1,10972.0,entrada,8301
14465,2025-05-17,3,10971.0,entrada,3899
14466,2025-05-17,4,10969.0,entrada,6127
14467,2025-05-17,1,10968.0,entrada,9086
14468,2025-05-17,4,10967.0,entrada,11913
14469,2025-05-17,4,10966.0,entrada,6891
14470,2025-05-17,1,10973.0,entrada,9012
14471,2025-05-17,1,10891.0,merma,761
14472,2025-05-18,2,10994.0,entrada,3451
14473,2025-05-18,3,10995.0,entrada,8730
14474,2025-05-18,1,10996.0,entrada,4907
14475,2025-05-18,4,10997.0,entrada,3990
14476,2025-05-18,4,,salida,24835
14477,2025-05-18,4,,salida,5981
14478,2025-05-18,4,10927.0,merma,579
14479,2025-05-18,4,,salida,2966
14480,2025-05-18,3,,salida,26199
14481,2025-05-18,2,10998.0,entrada,16711
14482,2025-05-18,3,10993.0,entrada,11930
14483,2025-05-18,1,10991.0,entrada,5317
14484,2025-05-18,4,10990.0,entrada,13950
14485,2025-05-18,3,10989.0,entrada,9629
14486,2025-05-18,3,10988.0,entrada,8230
14487,2025-05-18,1,10987.0,entrada,5234
14488,2025-05-18,4,10986.0,entrada,10873
14489,2025-05-18,4,10985.0,entrada,5890
14490,2025-05-18,2,10984.0,entrada,9202
14491,2025-05-18,4,10983.0,entrada,10621
14492,2025-05-18,1,10982.0,entrada,6254
14493,2025-05-18,1,10889.0,merma,415
14494,2025-05-18,2,10992.0,entrada,8678
14495,2025-05-19,4,,salida,14531
14496,2025-05-19,1,11011.0,entrada,4208
14497,2025-05-19,3,,salida,57189
14498,2025-05-19,3,11012.0,entrada,15477
14499,2025-05-19,2,11010.0,entrada,4615
14500,2025-05-19,3,11004.0,entrada,5645
14501,2025-05-19,1,11008.0,entrada,12485
14502,2025-05-19,3,11007.0,entrada,11951
14503,2025-05-19,3,10893.0,merma,931
14504,2025-05-19,2,10999.0,entrada,10721
14505,2025-05-19,4,11000.0,entrada,8936
14506,2025-05-19,2,11001.0,entrada,7347
14507,2025-05-19,3,11002.0,entrada,9079
14508,2025-05-19,4,11003.0,entrada,4058
14509,2025-05-19,3,11005.0,entrada,11710
14510,2025-05-19,1,11006.0,entrada,4390
14511,2025-05-19,2,11009.0,entrada,3458
14512,2025-05-20,2,10908.0,merma,218
14513,2025-05-20,4,,salida,26458
14514,2025-05-20,4,,salida,22128
14515,2025-05-20,2,,salida,23349
14516,2025-05-20,4,,salida,14819
14517,2025-05-20,3,,salida,59808
14518,2025-05-20,4,11018.0,entrada,6962
14519,2025-05-20,3,11025.0,entrada,10851
14520,2025-05-20,2,11026.0,entrada,4286
14521,2025-05-20,3,11022.0,entrada,11941
14522,2025-05-20,3,11021.0,entrada,5691
14523,2025-05-20,1,11027.0,entrada,15278
14524,2025-05-20,4,11020.0,entrada,14257
14525,2025-05-20,1,11019.0,entrada,9704
14526,2025-05-20,1,11024.0,entrada,3311
14527,2025-05-20,1,11023.0,entrada,10239
14528,2025-05-20,2,11016.0,entrada,9850
14529,2025-05-20,1,11015.0,entrada,9175
14530,2025-05-20,4,11014.0,entrada,11312
14531,2025-05-20,4,11013.0,entrada,5861
14532,2025-05-20,2,11017.0,entrada,4393
14533,2025-05-21,1,11041.0,entrada,4101
14534,2025-05-21,4,11042.0,entrada,16589
14535,2025-05-21,1,10989.0,merma,1129
14536,2025-05-21,2,,salida,5559
14537,2025-05-21,3,,salida,16749
14538,2025-05-21,4,11039.0,entrada,3146
14539,2025-05-21,3,11028.0,entrada,7344
14540,2025-05-21,1,11040.0,entrada,9658
14541,2025-05-21,2,11030.0,entrada,10159
14542,2025-05-21,2,11031.0,entrada,6738
14543,2025-05-21,2,,salida,188656
14544,2025-05-21,2,11032.0,entrada,9996
14545,2025-05-21,2,11033.0,entrada,4980
14546,2025-05-21,3,11029.0,entrada,10905
14547,2025-05-21,2,,salida,3409
14548,2025-05-21,2,11035.0,entrada,8502
14549,2025-05-21,4,11036.0,entrada,7359
14550,2025-05-21,1,11037.0,entrada,5271
14551,2025-05-21,3,11038.0,entrada,11429
14552,2025-05-21,2,,salida,8041
14553,2025-05-21,4,11034.0,entrada,5739
14554,2025-05-22,2,11054.0,entrada,10436
14555,2025-05-22,2,11053.0,entrada,10397
14556,2025-05-22,2,11052.0,entrada,5367
14557,2025-05-22,3,11051.0,entrada,14997
14558,2025-05-22,1,11050.0,entrada,8358
14559,2025-05-22,3,11049.0,entrada,7943
14560,2025-05-22,1,11046.0,entrada,10149
14561,2025-05-22,2,11047.0,entrada,4919
14562,2025-05-22,4,11045.0,entrada,6482
14563,2025-05-22,1,11044.0,entrada,9731
14564,2025-05-22,1,11043.0,entrada,7042
14565,2025-05-22,1,11055.0,entrada,3729
14566,2025-05-22,2,11048.0,entrada,6816
14567,2025-05-22,1,11056.0,entrada,11570
14568,2025-05-22,2,11057.0,entrada,5070
14569,2025-05-22,4,10996.0,merma,296
14570,2025-05-22,1,,salida,163948
14571,2025-05-22,1,,salida,3734
14572,2025-05-22,1,,salida,19590
14573,2025-05-22,4,,salida,26704
14574,2025-05-22,1,,salida,26288
14575,2025-05-22,3,11058.0,entrada,16648
14576,2025-05-22,1,,salida,3468
14577,2025-05-23,3,,salida,4464
14578,2025-05-23,1,10957.0,merma,536
14579,2025-05-23,3,,salida,37589
14580,2025-05-23,2,,salida,4375
14581,2025-05-23,2,,salida,36155
14582,2025-05-23,3,,salida,42897
14583,2025-05-23,2,,salida,15014
14584,2025-05-23,4,,salida,65272
14585,2025-05-23,3,11059.0,entrada,6924
14586,2025-05-23,3,,salida,12731
14587,2025-05-23,2,11072.0,entrada,11825
14588,2025-05-23,3,11062.0,entrada,10769
14589,2025-05-23,2,11063.0,entrada,6375
14590,2025-05-23,3,11064.0,entrada,8525
14591,2025-05-23,4,11065.0,entrada,9813
14592,2025-05-23,4,11060.0,entrada,10951
14593,2025-05-23,4,11066.0,entrada,4756
14594,2025-05-23,2,11061.0,entrada,6770
14595,2025-05-23,3,11068.0,entrada,11364
14596,2025-05-23,1,11069.0,entrada,3749
14597,2025-05-23,4,11070.0,entrada,10806
14598,2025-05-23,2,11071.0,entrada,5000
14599,2025-05-23,2,11067.0,entrada,10671
14600,2025-05-24,1,11079.0,entrada,5302
14601,2025-05-24,2,11077.0,entrada,9648
14602,2025-05-24,4,11080.0,entrada,8285
14603,2025-05-24,3,11081.0,entrada,8918
14604,2025-05-24,2,11076.0,entrada,7798
14605,2025-05-24,1,11078.0,entrada,4457
14606,2025-05-24,1,11085.0,entrada,9464
14607,2025-05-24,4,11084.0,entrada,9776
14608,2025-05-24,3,10998.0,merma,1303
14609,2025-05-24,3,11086.0,entrada,4205
14610,2025-05-24,1,11087.0,entrada,16209
14611,2025-05-24,4,11075.0,entrada,8691
14612,2025-05-24,1,11033.0,merma,511
14613,2025-05-24,1,11082.0,entrada,13525
14614,2025-05-24,2,11074.0,entrada,10181
14615,2025-05-24,3,11083.0,entrada,5315
14616,2025-05-24,3,11073.0,entrada,7318
14617,2025-05-24,4,,salida,12711
14618,2025-05-24,4,,salida,73641
14619,2025-05-24,2,,salida,7991
14620,2025-05-25,4,11089.0,entrada,11015
14621,2025-05-25,4,11097.0,entrada,9103
14622,2025-05-25,2,11096.0,entrada,5519
14623,2025-05-25,3,11095.0,entrada,14983
14624,2025-05-25,1,11094.0,entrada,9251
14625,2025-05-25,2,11093.0,entrada,8390
14626,2025-05-25,2,11092.0,entrada,6514
14627,2025-05-25,3,11091.0,entrada,5163
14628,2025-05-25,1,11090.0,entrada,8378
14629,2025-05-25,3,11100.0,entrada,10231
14630,2025-05-25,4,11088.0,entrada,7689
14631,2025-05-25,1,11101.0,entrada,4621
14632,2025-05-25,3,11098.0,entrada,11368
14633,2025-05-25,3,11102.0,entrada,3844
14634,2025-05-25,2,11103.0,entrada,15450
14635,2025-05-25,4,,salida,23264
14636,2025-05-25,1,,salida,21626
14637,2025-05-25,1,,salida,15180
14638,2025-05-25,1,10981.0,merma,2108
14639,2025-05-25,2,,salida,14686
14640,2025-05-25,2,,salida,85842
14641,2025-05-25,2,11099.0,entrada,3351
14642,2025-05-26,3,11113.0,entrada,5023
14643,2025-05-26,4,11112.0,entrada,15270
14644,2025-05-26,2,11111.0,entrada,8120
14645,2025-05-26,3,,salida,13554
14646,2025-05-26,3,11114.0,entrada,10412
14647,2025-05-26,1,11115.0,entrada,10681
14648,2025-05-26,4,11116.0,entrada,12228
14649,2025-05-26,1,11117.0,entrada,4496
14650,2025-05-26,4,11038.0,merma,1208
14651,2025-05-26,1,11119.0,entrada,13799
14652,2025-05-26,4,11110.0,entrada,7962
14653,2025-05-26,3,11109.0,entrada,6141
14654,2025-05-26,2,11107.0,entrada,10194
14655,2025-05-26,2,11118.0,entrada,3691
14656,2025-05-26,4,11106.0,entrada,7391
14657,2025-05-26,3,11105.0,entrada,9709
14658,2025-05-26,1,11104.0,entrada,9726
14659,2025-05-26,2,,salida,8126
14660,2025-05-26,4,,salida,32297
14661,2025-05-26,3,,salida,11086
14662,2025-05-26,4,,salida,27861
14663,2025-05-26,1,,salida,11200
14664,2025-05-26,1,11108.0,entrada,4675
14665,2025-05-26,4,,salida,387
14666,2025-05-27,4,11127.0,entrada,13001
14667,2025-05-27,4,11126.0,entrada,7988
14668,2025-05-27,3,11125.0,entrada,5973
14669,2025-05-27,3,11121.0,entrada,9652
14670,2025-05-27,4,11123.0,entrada,10328
14671,2025-05-27,3,11122.0,entrada,6131
14672,2025-05-27,1,11128.0,entrada,5874
14673,2025-05-27,2,11120.0,entrada,10798
14674,2025-05-27,2,11124.0,entrada,4370
14675,2025-05-27,4,11129.0,entrada,10053
14676,2025-05-27,1,,salida,10692
14677,2025-05-27,1,11131.0,entrada,9191
14678,2025-05-27,2,11132.0,entrada,3893
14679,2025-05-27,2,11133.0,entrada,16502
14680,2025-05-27,2,11008.0,merma,1111
14681,2025-05-27,4,,salida,175
14682,2025-05-27,1,,salida,104035
14683,2025-05-27,3,11130.0,entrada,3384
14684,2025-05-28,4,,salida,897
14685,2025-05-28,1,11028.0,merma,641
14686,2025-05-28,3,11012.0,merma,951
14687,2025-05-28,4,,salida,453
14688,2025-05-28,2,11046.0,merma,886
14689,2025-05-28,3,11139.0,entrada,8519
14690,2025-05-28,1,11149.0,entrada,18186
14691,2025-05-28,3,11135.0,entrada,10083
14692,2025-05-28,1,11136.0,entrada,10286
14693,2025-05-28,1,11137.0,entrada,3976
14694,2025-05-28,3,11138.0,entrada,6320
14695,2025-05-28,2,11140.0,entrada,9967
14696,2025-05-28,2,11141.0,entrada,13949
14697,2025-05-28,2,11142.0,entrada,5081
14698,2025-05-28,3,11143.0,entrada,10261
14699,2025-05-28,3,11148.0,entrada,3771
14700,2025-05-28,4,11144.0,entrada,9499
14701,2025-05-28,2,11147.0,entrada,5343
14702,2025-05-28,3,11145.0,entrada,3410
14703,2025-05-28,3,11146.0,entrada,10637
14704,2025-05-28,3,11134.0,entrada,6090
14705,2025-05-29,3,11151.0,entrada,10527
14706,2025-05-29,3,11153.0,entrada,5344
14707,2025-05-29,4,11154.0,entrada,10562
14708,2025-05-29,3,11155.0,entrada,4629
14709,2025-05-29,1,11156.0,entrada,6434
14710,2025-05-29,1,11157.0,entrada,8954
14711,2025-05-29,3,11158.0,entrada,14073
14712,2025-05-29,2,11159.0,entrada,5525
14713,2025-05-29,4,11160.0,entrada,10779
14714,2025-05-29,3,11161.0,entrada,11291
14715,2025-05-29,3,11162.0,entrada,3650
14716,2025-05-29,3,11163.0,entrada,9942
14717,2025-05-29,2,11164.0,entrada,5518
14718,2025-05-29,2,11165.0,entrada,3670
14719,2025-05-29,3,11152.0,entrada,8584
14720,2025-05-29,1,11098.0,merma,1195
14721,2025-05-29,3,11150.0,entrada,6446
14722,2025-05-29,2,,salida,881
14723,2025-05-29,3,,salida,5444
14724,2025-05-29,2,,salida,9990
14725,2025-05-29,1,,salida,13558
14726,2025-05-30,2,11170.0,entrada,4786
14727,2025-05-30,2,11166.0,entrada,6799
14728,2025-05-30,4,11167.0,entrada,10595
14729,2025-05-30,1,11168.0,entrada,6466
14730,2025-05-30,4,11169.0,entrada,10895
14731,2025-05-30,4,11181.0,entrada,16773
14732,2025-05-30,1,11172.0,entrada,7929
14733,2025-05-30,2,11173.0,entrada,8805
14734,2025-05-30,2,11174.0,entrada,5182
14735,2025-05-30,4,11175.0,entrada,11801
14736,2025-05-30,2,11176.0,entrada,11018
14737,2025-05-30,1,11177.0,entrada,3190
14738,2025-05-30,3,11178.0,entrada,10783
14739,2025-05-30,1,11171.0,entrada,6550
14740,2025-05-30,2,,salida,10731
14741,2025-05-30,1,,salida,13285
14742,2025-05-30,2,11180.0,entrada,3298
14743,2025-05-30,3,11056.0,merma,995
14744,2025-05-30,4,11062.0,merma,1227
14745,2025-05-30,2,11179.0,entrada,5200
14746,2025-05-31,1,11196.0,entrada,17641
14747,2025-05-31,1,11195.0,entrada,3610
14748,2025-05-31,2,11194.0,entrada,4900
14749,2025-05-31,2,11193.0,entrada,11241
14750,2025-05-31,1,11192.0,entrada,3163
14751,2025-05-31,4,11182.0,entrada,9093
14752,2025-05-31,1,11189.0,entrada,5300
14753,2025-05-31,4,11188.0,entrada,13460
14754,2025-05-31,2,11187.0,entrada,9850
14755,2025-05-31,1,11185.0,entrada,6783
14756,2025-05-31,1,11184.0,entrada,7443
14757,2025-05-31,2,11183.0,entrada,7837
14758,2025-05-31,2,11191.0,entrada,10794
14759,2025-05-31,3,11190.0,entrada,10333
14760,2025-05-31,3,11186.0,entrada,7749
14761,2025-05-31,4,,salida,11515
14762,2025-05-31,1,,salida,5201
14763,2025-05-31,2,,salida,24719
14764,2025-05-31,3,11103.0,merma,792
14765,2025-06-01,3,,salida,87470
14766,2025-06-01,2,11202.0,entrada,6401
14767,2025-06-01,4,11203.0,entrada,8737
14768,2025-06-01,1,11204.0,entrada,10543
14769,2025-06-01,3,11206.0,entrada,4386
14770,2025-06-01,4,11208.0,entrada,12618
14771,2025-06-01,4,11201.0,entrada,4593
14772,2025-06-01,1,11209.0,entrada,3729
14773,2025-06-01,4,11210.0,entrada,9891
14774,2025-06-01,1,11211.0,entrada,3874
14775,2025-06-01,3,11212.0,entrada,14392
14776,2025-06-01,3,11207.0,entrada,10734
14777,2025-06-01,3,11200.0,entrada,10576
14778,2025-06-01,2,11205.0,entrada,15158
14779,2025-06-01,2,11198.0,entrada,10235
14780,2025-06-01,2,11199.0,entrada,8737
14781,2025-06-01,3,,salida,5239
14782,2025-06-01,1,,salida,31381
14783,2025-06-01,3,,salida,1577
14784,2025-06-01,4,,salida,77964
14785,2025-06-01,4,,salida,2893
14786,2025-06-01,2,11073.0,merma,430
14787,2025-06-01,3,11092.0,merma,217
14788,2025-06-01,1,11197.0,entrada,6391
14789,2025-06-01,2,11149.0,merma,967
14790,2025-06-02,4,11139.0,merma,873
14791,2025-06-02,2,11228.0,entrada,3654
14792,2025-06-02,2,11227.0,entrada,4894
14793,2025-06-02,2,11226.0,entrada,11120
14794,2025-06-02,3,11224.0,entrada,10626
14795,2025-06-02,2,11223.0,entrada,11206
14796,2025-06-02,2,11222.0,entrada,5213
14797,2025-06-02,1,11221.0,entrada,11670
14798,2025-06-02,3,11220.0,entrada,8306
14799,2025-06-02,4,11218.0,entrada,4357
14800,2025-06-02,4,11217.0,entrada,8914
14801,2025-06-02,1,11216.0,entrada,6791
14802,2025-06-02,3,11215.0,entrada,9739
14803,2025-06-02,4,11213.0,entrada,6886
14804,2025-06-02,2,11082.0,merma,682
14805,2025-06-02,2,11127.0,merma,648
14806,2025-06-02,3,11229.0,entrada,13125
14807,2025-06-02,3,11219.0,entrada,5517
14808,2025-06-02,3,11214.0,entrada,10785
14809,2025-06-02,2,11225.0,entrada,3267
14810,2025-06-02,4,,salida,4633
14811,2025-06-02,4,,salida,8100
14812,2025-06-02,1,,salida,6598
14813,2025-06-03,3,11238.0,entrada,13286
14814,2025-06-03,2,11244.0,entrada,16226
14815,2025-06-03,3,11243.0,entrada,3956
14816,2025-06-03,4,11242.0,entrada,12020
14817,2025-06-03,1,11241.0,entrada,12704
14818,2025-06-03,2,11240.0,entrada,11059
14819,2025-06-03,4,11239.0,entrada,4765
14820,2025-06-03,1,11237.0,entrada,10681
14821,2025-06-03,1,11236.0,entrada,8881
14822,2025-06-03,4,11235.0,entrada,5964
14823,2025-06-03,4,11234.0,entrada,4422
14824,2025-06-03,3,11233.0,entrada,10247
14825,2025-06-03,1,11232.0,entrada,8683
14826,2025-06-03,2,11231.0,entrada,10842
14827,2025-06-03,2,11230.0,entrada,6375
14828,2025-06-03,3,,salida,6201
14829,2025-06-03,2,,salida,10494
14830,2025-06-03,3,,salida,1313
14831,2025-06-04,2,11252.0,entrada,7725
14832,2025-06-04,2,11251.0,entrada,7659
14833,2025-06-04,4,11250.0,entrada,3595
14834,2025-06-04,4,11249.0,entrada,10598
14835,2025-06-04,2,11261.0,entrada,15111
14836,2025-06-04,4,11247.0,entrada,9482
14837,2025-06-04,1,11246.0,entrada,9825
14838,2025-06-04,3,11245.0,entrada,6453
14839,2025-06-04,3,11253.0,entrada,8429
14840,2025-06-04,4,11248.0,entrada,6533
14841,2025-06-04,1,11255.0,entrada,4720
14842,2025-06-04,2,11254.0,entrada,14242
14843,2025-06-04,4,11257.0,entrada,12893
14844,2025-06-04,1,11258.0,entrada,3261
14845,2025-06-04,3,11259.0,entrada,10260
14846,2025-06-04,2,11260.0,entrada,4899
14847,2025-06-04,1,11256.0,entrada,10069
14848,2025-06-05,1,11143.0,merma,1034
14849,2025-06-05,3,,salida,2044
14850,2025-06-05,4,,salida,63685
14851,2025-06-05,1,,salida,3824
14852,2025-06-05,1,,salida,1455
14853,2025-06-05,1,,salida,8674
14854,2025-06-05,3,,salida,12121
14855,2025-06-05,3,,salida,120593
14856,2025-06-05,1,11276.0,entrada,13721
14857,2025-06-05,4,11275.0,entrada,3431
14858,2025-06-05,1,11274.0,entrada,4367
14859,2025-06-05,3,11273.0,entrada,10847
14860,2025-06-05,2,11271.0,entrada,10672
14861,2025-06-05,1,,salida,18813
14862,2025-06-05,2,11262.0,entrada,6021
14863,2025-06-05,1,11263.0,entrada,11789
14864,2025-06-05,3,11272.0,entrada,3303
14865,2025-06-05,4,11265.0,entrada,7027
14866,2025-06-05,2,11264.0,entrada,8883
14867,2025-06-05,4,11267.0,entrada,6558
14868,2025-06-05,1,11268.0,entrada,7142
14869,2025-06-05,2,11269.0,entrada,8503
14870,2025-06-05,1,11270.0,entrada,5769
14871,2025-06-05,4,11266.0,entrada,10801
14872,2025-06-06,1,,salida,4768
14873,2025-06-06,1,,salida,9126
14874,2025-06-06,2,,salida,134242
14875,2025-06-06,1,11208.0,merma,431
14876,2025-06-06,1,,salida,13253
14877,2025-06-06,4,11198.0,merma,1087
14878,2025-06-06,3,11289.0,entrada,9724
14879,2025-06-06,1,11288.0,entrada,3815
14880,2025-06-06,4,11277.0,entrada,6284
14881,2025-06-06,3,11290.0,entrada,4840
14882,2025-06-06,2,11278.0,entrada,9963
14883,2025-06-06,4,11279.0,entrada,9254
14884,2025-06-06,4,11280.0,entrada,7338
14885,2025-06-06,2,11281.0,entrada,9641
14886,2025-06-06,3,11282.0,entrada,7374
14887,2025-06-06,2,11283.0,entrada,7973
14888,2025-06-06,4,11291.0,entrada,3301
14889,2025-06-06,1,11285.0,entrada,15237
14890,2025-06-06,1,11284.0,entrada,8234
14891,2025-06-06,1,11287.0,entrada,11054
14892,2025-06-06,1,11286.0,entrada,4976
14893,2025-06-06,1,11292.0,entrada,15320
14894,2025-06-07,1,,salida,66085
14895,2025-06-07,3,,salida,17641
14896,2025-06-07,3,11295.0,entrada,6020
14897,2025-06-07,1,11296.0,entrada,9668
14898,2025-06-07,3,11297.0,entrada,4261
14899,2025-06-07,1,11294.0,entrada,11535
14900,2025-06-07,4,11298.0,entrada,7817
14901,2025-06-07,2,11293.0,entrada,6051
14902,2025-06-07,2,,salida,116863
14903,2025-06-07,3,11301.0,entrada,4657
14904,2025-06-07,4,,salida,5767
14905,2025-06-07,4,11299.0,entrada,9422
14906,2025-06-07,1,11308.0,entrada,16313
14907,2025-06-07,4,11307.0,entrada,3644
14908,2025-06-07,2,11306.0,entrada,5529
14909,2025-06-07,3,11305.0,entrada,10222
14910,2025-06-07,2,11304.0,entrada,3644
14911,2025-06-07,1,11303.0,entrada,11046
14912,2025-06-07,1,11302.0,entrada,9634
14913,2025-06-07,4,11300.0,entrada,15067
14914,2025-06-08,3,,salida,11268
14915,2025-06-08,4,11250.0,merma,201
14916,2025-06-08,3,,salida,8793
14917,2025-06-08,2,11222.0,merma,363
14918,2025-06-08,3,,salida,67545
14919,2025-06-08,3,11318.0,entrada,4918
14920,2025-06-08,3,11325.0,entrada,15232
14921,2025-06-08,1,11324.0,entrada,3535
14922,2025-06-08,2,11323.0,entrada,5211
14923,2025-06-08,1,11322.0,entrada,10062
14924,2025-06-08,4,11321.0,entrada,3704
14925,2025-06-08,2,11320.0,entrada,8753
14926,2025-06-08,2,11319.0,entrada,11660
14927,2025-06-08,3,11316.0,entrada,9228
14928,2025-06-08,1,11317.0,entrada,13435
14929,2025-06-08,1,11314.0,entrada,6319
14930,2025-06-08,1,11313.0,entrada,4507
14931,2025-06-08,2,11312.0,entrada,7080
14932,2025-06-08,2,11311.0,entrada,9081
14933,2025-06-08,2,11310.0,entrada,11071
14934,2025-06-08,3,11309.0,entrada,6255
14935,2025-06-08,1,11315.0,entrada,8276
14936,2025-06-09,2,11333.0,entrada,8989
14937,2025-06-09,1,,salida,32901
14938,2025-06-09,2,11338.0,entrada,10857
14939,2025-06-09,2,11336.0,entrada,10092
14940,2025-06-09,2,11182.0,merma,280
14941,2025-06-09,4,11340.0,entrada,3789
14942,2025-06-09,1,11272.0,merma,222
14943,2025-06-09,4,11337.0,entrada,3616
14944,2025-06-09,2,11332.0,entrada,7904
14945,2025-06-09,3,11341.0,entrada,14446
14946,2025-06-09,1,11330.0,entrada,4217
14947,2025-06-09,1,,salida,1502
14948,2025-06-09,2,11329.0,entrada,7430
14949,2025-06-09,2,11328.0,entrada,6862
14950,2025-06-09,1,11327.0,entrada,10152
14951,2025-06-09,2,11326.0,entrada,7357
14952,2025-06-09,3,11335.0,entrada,11803
14953,2025-06-09,1,11339.0,entrada,4528
14954,2025-06-09,2,11331.0,entrada,6348
14955,2025-06-09,2,11334.0,entrada,15179
14956,2025-06-10,4,11226.0,merma,1150
14957,2025-06-10,4,11241.0,merma,556
14958,2025-06-10,4,11342.0,entrada,6270
14959,2025-06-10,4,11343.0,entrada,12225
14960,2025-06-10,4,11344.0,entrada,8885
14961,2025-06-10,1,11345.0,entrada,6684
14962,2025-06-10,1,11346.0,entrada,4617
14963,2025-06-10,1,11347.0,entrada,6181
14964,2025-06-10,3,11348.0,entrada,8822
14965,2025-06-10,1,11349.0,entrada,9689
14966,2025-06-10,1,11350.0,entrada,12964
14967,2025-06-10,4,,salida,58117
14968,2025-06-10,2,,salida,6432
14969,2025-06-10,1,11352.0,entrada,9978
14970,2025-06-10,2,11353.0,entrada,12118
14971,2025-06-10,1,11354.0,entrada,11190
14972,2025-06-10,3,11355.0,entrada,4861
14973,2025-06-10,3,11356.0,entrada,3478
14974,2025-06-10,4,,salida,28482
14975,2025-06-10,2,,salida,29441
14976,2025-06-10,2,11357.0,entrada,15140
14977,2025-06-10,2,,salida,15815
14978,2025-06-10,1,,salida,287
14979,2025-06-10,1,,salida,9574
14980,2025-06-10,2,11257.0,merma,667
14981,2025-06-10,1,11199.0,merma,321
14982,2025-06-10,4,11351.0,entrada,5644
14983,2025-06-11,3,11358.0,entrada,8214
14984,2025-06-11,2,11361.0,entrada,7302
14985,2025-06-11,4,11360.0,entrada,7843
14986,2025-06-11,1,11364.0,entrada,5337
14987,2025-06-11,1,11367.0,entrada,4781
14988,2025-06-11,1,11366.0,entrada,14773
14989,2025-06-11,2,11365.0,entrada,8136
14990,2025-06-11,2,11370.0,entrada,10116
14991,2025-06-11,4,11363.0,entrada,4410
14992,2025-06-11,4,11362.0,entrada,9873
14993,2025-06-11,3,11371.0,entrada,15392
14994,2025-06-11,4,11368.0,entrada,10754
14995,2025-06-11,3,11369.0,entrada,3206
14996,2025-06-11,1,,salida,50841
14997,2025-06-11,1,,salida,18223
14998,2025-06-11,3,11359.0,entrada,9683
14999,2025-06-11,1,11310.0,merma,1251
15000,2025-06-12,4,11383.0,entrada,11458
15001,2025-06-12,3,11382.0,entrada,3339
15002,2025-06-12,2,11381.0,entrada,12235
15003,2025-06-12,3,11384.0,entrada,4865
15004,2025-06-12,1,11385.0,entrada,4001
15005,2025-06-12,3,11262.0,merma,435
15006,2025-06-12,2,11386.0,entrada,13036
15007,2025-06-12,2,,salida,45990
15008,2025-06-12,2,,salida,6597
15009,2025-06-12,4,,salida,7804
15010,2025-06-12,3,,salida,19656
15011,2025-06-12,4,,salida,1178
15012,2025-06-12,3,11380.0,entrada,5277
15013,2025-06-12,1,11379.0,entrada,7989
15014,2025-06-12,3,11246.0,merma,547
15015,2025-06-12,4,11377.0,entrada,6208
15016,2025-06-12,3,11378.0,entrada,8428
15017,2025-06-12,3,,salida,6107
15018,2025-06-12,2,,salida,35171
15019,2025-06-12,4,11372.0,entrada,7053
15020,2025-06-12,1,11320.0,merma,1002
15021,2025-06-12,4,11374.0,entrada,9890
15022,2025-06-12,4,11375.0,entrada,10947
15023,2025-06-12,4,11376.0,entrada,4151
15024,2025-06-12,4,11373.0,entrada,11492
15025,2025-06-13,4,,salida,100452
15026,2025-06-13,2,11399.0,entrada,11455
15027,2025-06-13,1,,salida,21651
15028,2025-06-13,2,,salida,778
15029,2025-06-13,3,11401.0,entrada,3734
15030,2025-06-13,2,11400.0,entrada,5296
15031,2025-06-13,3,11398.0,entrada,3124
15032,2025-06-13,1,11402.0,entrada,15240
15033,2025-06-13,1,11396.0,entrada,10128
15034,2025-06-13,3,11395.0,entrada,5612
15035,2025-06-13,1,11394.0,entrada,15085
15036,2025-06-13,3,11393.0,entrada,8665
15037,2025-06-13,3,11387.0,entrada,6885
15038,2025-06-13,1,11388.0,entrada,11562
15039,2025-06-13,2,11397.0,entrada,11706
15040,2025-06-13,4,11392.0,entrada,8433
15041,2025-06-13,3,11391.0,entrada,4966
15042,2025-06-13,3,11389.0,entrada,9581
15043,2025-06-13,2,11390.0,entrada,10307
15044,2025-06-14,3,11417.0,entrada,13758
15045,2025-06-14,1,11334.0,merma,1146
15046,2025-06-14,3,,salida,32772
15047,2025-06-14,3,,salida,3550
15048,2025-06-14,3,,salida,108834
15049,2025-06-14,1,11415.0,entrada,3336
15050,2025-06-14,4,11416.0,entrada,10897
15051,2025-06-14,2,11413.0,entrada,10998
15052,2025-06-14,2,11403.0,entrada,6319
15053,2025-06-14,2,11404.0,entrada,9357
15054,2025-06-14,3,11405.0,entrada,7132
15055,2025-06-14,3,11406.0,entrada,10105
15056,2025-06-14,3,11407.0,entrada,4822
15057,2025-06-14,3,11408.0,entrada,5902
15058,2025-06-14,1,11414.0,entrada,11392
15059,2025-06-14,4,11410.0,entrada,9697
15060,2025-06-14,3,11409.0,entrada,8458
15061,2025-06-14,1,11412.0,entrada,4860
15062,2025-06-14,3,11411.0,entrada,13865
15063,2025-06-15,1,11426.0,entrada,8759
15064,2025-06-15,4,,salida,54050
15065,2025-06-15,2,,salida,25124
15066,2025-06-15,4,,salida,43181
15067,2025-06-15,3,,salida,11231
15068,2025-06-15,1,,salida,2716
15069,2025-06-15,1,,salida,838
15070,2025-06-15,4,,salida,37525
15071,2025-06-15,2,,salida,1350
15072,2025-06-15,3,,salida,52549
15073,2025-06-15,2,11305.0,merma,782
15074,2025-06-15,2,11418.0,entrada,7165
15075,2025-06-15,3,11420.0,entrada,10118
15076,2025-06-15,3,11421.0,entrada,6506
15077,2025-06-15,4,11422.0,entrada,10033
15078,2025-06-15,4,11423.0,entrada,4271
15079,2025-06-15,4,11424.0,entrada,6403
15080,2025-06-15,4,11432.0,entrada,16229
15081,2025-06-15,1,11431.0,entrada,3695
15082,2025-06-15,1,11430.0,entrada,9785
15083,2025-06-15,4,11429.0,entrada,3579
15084,2025-06-15,4,11428.0,entrada,5278
15085,2025-06-15,4,11427.0,entrada,13384
15086,2025-06-15,1,11419.0,entrada,11898
15087,2025-06-15,2,11425.0,entrada,8312
15088,2025-06-16,3,,salida,9561
15089,2025-06-16,1,11325.0,merma,1514
15090,2025-06-16,2,11443.0,entrada,3430
15091,2025-06-16,1,11446.0,entrada,13491
15092,2025-06-16,1,11445.0,entrada,5355
15093,2025-06-16,3,11444.0,entrada,9706
15094,2025-06-16,4,11442.0,entrada,13372
15095,2025-06-16,1,11441.0,entrada,9346
15096,2025-06-16,3,11440.0,entrada,12068
15097,2025-06-16,4,11438.0,entrada,4667
15098,2025-06-16,1,11439.0,entrada,6621
15099,2025-06-16,2,11436.0,entrada,7014
15100,2025-06-16,4,11435.0,entrada,8335
15101,2025-06-16,3,11434.0,entrada,10491
15102,2025-06-16,4,11433.0,entrada,6473
15103,2025-06-16,2,11437.0,entrada,10816
15104,2025-06-17,4,,salida,49299
15105,2025-06-17,3,,salida,10627
15106,2025-06-17,2,,salida,24728
15107,2025-06-17,3,,salida,32311
15108,2025-06-17,3,11451.0,entrada,10472
15109,2025-06-17,4,11450.0,entrada,7169
15110,2025-06-17,4,11453.0,entrada,5748
15111,2025-06-17,3,11448.0,entrada,10952
15112,2025-06-17,4,11447.0,entrada,6851
15113,2025-06-17,1,11452.0,entrada,4681
15114,2025-06-17,3,11384.0,merma,301
15115,2025-06-17,1,11341.0,merma,744
15116,2025-06-17,2,11449.0,entrada,10281
15117,2025-06-17,1,11454.0,entrada,7798
15118,2025-06-17,1,11455.0,entrada,9841
15119,2025-06-17,4,11458.0,entrada,10875
15120,2025-06-17,1,11461.0,entrada,4969
15121,2025-06-17,2,11462.0,entrada,3777
15122,2025-06-17,4,11457.0,entrada,10979
15123,2025-06-17,2,11463.0,entrada,16665
15124,2025-06-17,4,11456.0,entrada,6054
15125,2025-06-17,4,11460.0,entrada,9543
15126,2025-06-17,4,11459.0,entrada,3749
15127,2025-06-18,2,11466.0,entrada,9693
15128,2025-06-18,4,11464.0,entrada,8175
15129,2025-06-18,2,11467.0,entrada,12064
15130,2025-06-18,2,11468.0,entrada,4719
15131,2025-06-18,1,11469.0,entrada,9260
15132,2025-06-18,4,11470.0,entrada,8161
15133,2025-06-18,4,11471.0,entrada,12522
15134,2025-06-18,3,11474.0,entrada,9585
15135,2025-06-18,3,11475.0,entrada,3083
15136,2025-06-18,1,11465.0,entrada,10928
15137,2025-06-18,1,11476.0,entrada,10981
15138,2025-06-18,2,11411.0,merma,1267
15139,2025-06-18,1,11376.0,merma,457
15140,2025-06-18,2,11477.0,entrada,5154
15141,2025-06-18,2,11478.0,entrada,3865
15142,2025-06-18,2,,salida,10549
15143,2025-06-18,4,,salida,7428
15144,2025-06-18,1,11479.0,entrada,14911
15145,2025-06-18,3,,salida,16466
15146,2025-06-18,1,,salida,166416
15147,2025-06-18,4,11472.0,entrada,5442
15148,2025-06-18,3,11473.0,entrada,9658
15149,2025-06-19,3,11483.0,entrada,5694
15150,2025-06-19,1,,salida,48221
15151,2025-06-19,3,11484.0,entrada,8170
15152,2025-06-19,4,11481.0,entrada,8849
15153,2025-06-19,2,11493.0,entrada,14746
15154,2025-06-19,4,11492.0,entrada,3468
15155,2025-06-19,4,11491.0,entrada,4810
15156,2025-06-19,2,11490.0,entrada,9217
15157,2025-06-19,1,11489.0,entrada,3529
15158,2025-06-19,1,11488.0,entrada,9496
15159,2025-06-19,2,11487.0,entrada,11386
15160,2025-06-19,3,11486.0,entrada,12877
15161,2025-06-19,1,11485.0,entrada,8880
15162,2025-06-19,4,11482.0,entrada,3880
15163,2025-06-19,1,11480.0,entrada,6733
15164,2025-06-20,3,11419.0,merma,416
15165,2025-06-20,3,,salida,38960
15166,2025-06-20,3,,salida,23978
15167,2025-06-20,2,11494.0,entrada,7409
15168,2025-06-20,3,11495.0,entrada,11399
15169,2025-06-20,1,11496.0,entrada,7028
15170,2025-06-20,3,11497.0,entrada,4849
15171,2025-06-20,2,11498.0,entrada,5791
15172,2025-06-20,3,11499.0,entrada,7454
15173,2025-06-20,2,11500.0,entrada,9339
15174,2025-06-20,3,11501.0,entrada,12439
15175,2025-06-20,3,11502.0,entrada,4750
15176,2025-06-20,4,11503.0,entrada,10021
15177,2025-06-20,2,11504.0,entrada,3054
15178,2025-06-20,3,11505.0,entrada,10759
15179,2025-06-20,3,,salida,49567
15180,2025-06-20,1,11506.0,entrada,4448
15181,2025-06-20,3,11507.0,entrada,3993
15182,2025-06-21,1,11509.0,entrada,7723
15183,2025-06-21,2,11510.0,entrada,4283
15184,2025-06-21,4,11511.0,entrada,5560
15185,2025-06-21,4,11512.0,entrada,8682
15186,2025-06-21,4,11513.0,entrada,13243
15187,2025-06-21,3,11515.0,entrada,10453
15188,2025-06-21,2,11516.0,entrada,11368
15189,2025-06-21,3,11517.0,entrada,3419
15190,2025-06-21,4,11518.0,entrada,9323
15191,2025-06-21,3,11519.0,entrada,5400
15192,2025-06-21,1,11520.0,entrada,4374
15193,2025-06-21,1,11521.0,entrada,14348
15194,2025-06-21,3,11508.0,entrada,6403
15195,2025-06-21,1,11514.0,entrada,5017
15196,2025-06-21,4,11475.0,merma,234
15197,2025-06-21,3,,salida,11082
15198,2025-06-21,1,,salida,84687
15199,2025-06-21,4,,salida,9103
15200,2025-06-22,4,11534.0,entrada,5284
15201,2025-06-22,2,11536.0,entrada,15760
15202,2025-06-22,4,11535.0,entrada,3456
15203,2025-06-22,4,,salida,4789
15204,2025-06-22,1,11533.0,entrada,10878
15205,2025-06-22,1,11532.0,entrada,3594
15206,2025-06-22,1,11531.0,entrada,11578
15207,2025-06-22,2,11530.0,entrada,11753
15208,2025-06-22,1,11529.0,entrada,13718
15209,2025-06-22,1,11527.0,entrada,5752
15210,2025-06-22,1,11528.0,entrada,9670
15211,2025-06-22,2,11525.0,entrada,7162
15212,2025-06-22,4,11524.0,entrada,8425
15213,2025-06-22,2,11523.0,entrada,9208
15214,2025-06-22,2,11522.0,entrada,6766
15215,2025-06-22,1,,salida,36462
15216,2025-06-22,3,,salida,36465
15217,2025-06-22,1,,salida,61447
15218,2025-06-22,3,11526.0,entrada,9496
15219,2025-06-23,2,11546.0,entrada,5854
15220,2025-06-23,1,11551.0,entrada,4795
15221,2025-06-23,3,11550.0,entrada,10220
15222,2025-06-23,1,11549.0,entrada,3335
15223,2025-06-23,2,11548.0,entrada,9776
15224,2025-06-23,1,,salida,4376
15225,2025-06-23,4,11547.0,entrada,11011
15226,2025-06-23,3,11545.0,entrada,14050
15227,2025-06-23,4,11552.0,entrada,14513
15228,2025-06-23,2,11543.0,entrada,8771
15229,2025-06-23,2,11542.0,entrada,6903
15230,2025-06-23,1,11541.0,entrada,5435
15231,2025-06-23,1,11540.0,entrada,10197
15232,2025-06-23,1,11539.0,entrada,7446
15233,2025-06-23,2,11538.0,entrada,11822
15234,2025-06-23,1,11537.0,entrada,7746
15235,2025-06-23,4,,salida,1558
15236,2025-06-23,1,11544.0,entrada,8686
15237,2025-06-23,3,,salida,9846
15238,2025-06-24,1,,salida,42426
15239,2025-06-24,4,11463.0,merma,699
15240,2025-06-24,2,11554.0,entrada,8638
15241,2025-06-24,2,11553.0,entrada,6445
15242,2025-06-24,2,11568.0,entrada,14729
15243,2025-06-24,4,11567.0,entrada,3742
15244,2025-06-24,2,11566.0,entrada,4996
15245,2025-06-24,2,11565.0,entrada,3543
15246,2025-06-24,3,11563.0,entrada,9675
15247,2025-06-24,3,11562.0,entrada,4567
15248,2025-06-24,2,11564.0,entrada,10723
15249,2025-06-24,1,11556.0,entrada,10318
15250,2025-06-24,1,11555.0,entrada,6783
15251,2025-06-24,3,11560.0,entrada,10125
15252,2025-06-24,4,11559.0,entrada,9800
15253,2025-06-24,3,11558.0,entrada,5745
15254,2025-06-24,4,11557.0,entrada,4596
15255,2025-06-24,2,11561.0,entrada,13088
15256,2025-06-25,1,11580.0,entrada,9730
15257,2025-06-25,4,11581.0,entrada,11141
15258,2025-06-25,3,11582.0,entrada,3132
15259,2025-06-25,1,11496.0,merma,630
15260,2025-06-25,1,11584.0,entrada,5374
15261,2025-06-25,4,11585.0,entrada,3948
15262,2025-06-25,2,11579.0,entrada,5118
15263,2025-06-25,4,11586.0,entrada,15916
15264,2025-06-25,2,11583.0,entrada,11138
15265,2025-06-25,1,11578.0,entrada,14925
15266,2025-06-25,4,11574.0,entrada,4349
15267,2025-06-25,4,11576.0,entrada,7804
15268,2025-06-25,2,11575.0,entrada,6262
15269,2025-06-25,3,11573.0,entrada,12589
15270,2025-06-25,2,11572.0,entrada,7329
15271,2025-06-25,2,11571.0,entrada,8258
15272,2025-06-25,2,11570.0,entrada,11589
15273,2025-06-25,1,11569.0,entrada,7769
15274,2025-06-25,4,,salida,860
15275,2025-06-25,3,,salida,5828
15276,2025-06-25,1,11577.0,entrada,9008
15277,2025-06-25,1,,salida,18379
15278,2025-06-26,1,11596.0,entrada,11601
15279,2025-06-26,2,11593.0,entrada,13520
15280,2025-06-26,1,11592.0,entrada,5950
15281,2025-06-26,1,11587.0,entrada,11670
15282,2025-06-26,2,11590.0,entrada,10056
15283,2025-06-26,4,11589.0,entrada,7068
15284,2025-06-26,4,11588.0,entrada,9903
15285,2025-06-26,4,11591.0,entrada,3696
15286,2025-06-26,1,11594.0,entrada,5056
15287,2025-06-26,3,11595.0,entrada,10082
15288,2025-06-26,4,,salida,33350
15289,2025-06-26,1,,salida,253517
15290,2025-06-26,2,,salida,60633
15291,2025-06-26,1,11600.0,entrada,3663
15292,2025-06-26,4,11599.0,entrada,5220
15293,2025-06-26,2,11598.0,entrada,11378
15294,2025-06-26,2,11601.0,entrada,14012
15295,2025-06-26,3,,salida,1537
15296,2025-06-26,2,,salida,22395
15297,2025-06-26,1,11597.0,entrada,2941
15298,2025-06-27,3,,salida,44941
15299,2025-06-27,2,11613.0,entrada,10924
15300,2025-06-27,2,,salida,17906
15301,2025-06-27,4,11618.0,entrada,13857
15302,2025-06-27,2,11617.0,entrada,3379
15303,2025-06-27,3,11616.0,entrada,4317
15304,2025-06-27,2,11615.0,entrada,11399
15305,2025-06-27,1,,salida,2982
15306,2025-06-27,2,11614.0,entrada,3544
15307,2025-06-27,1,11612.0,entrada,5015
15308,2025-06-27,1,11610.0,entrada,9643
15309,2025-06-27,1,11609.0,entrada,7158
15310,2025-06-27,3,11607.0,entrada,4987
15311,2025-06-27,1,11606.0,entrada,9283
15312,2025-06-27,4,11605.0,entrada,6388
15313,2025-06-27,2,11604.0,entrada,8833
15314,2025-06-27,2,11603.0,entrada,9771
15315,2025-06-27,3,11602.0,entrada,6480
15316,2025-06-27,3,11553.0,merma,460
15317,2025-06-27,3,,salida,100440
15318,2025-06-27,2,11611.0,entrada,12883
15319,2025-06-27,2,11608.0,entrada,6784
15320,2025-06-28,4,11632.0,entrada,3658
15321,2025-06-28,4,11633.0,entrada,15722
15322,2025-06-28,1,11629.0,entrada,10464
15323,2025-06-28,1,11631.0,entrada,4984
15324,2025-06-28,3,,salida,2911
15325,2025-06-28,2,11630.0,entrada,10323
15326,2025-06-28,3,11622.0,entrada,7090
15327,2025-06-28,2,11628.0,entrada,10894
15328,2025-06-28,1,11500.0,merma,803
15329,2025-06-28,1,11619.0,entrada,7128
15330,2025-06-28,1,11621.0,entrada,9274
15331,2025-06-28,4,11623.0,entrada,10429
15332,2025-06-28,3,11624.0,entrada,6849
15333,2025-06-28,3,11620.0,entrada,10353
15334,2025-06-28,3,11625.0,entrada,8630
15335,2025-06-28,3,11626.0,entrada,8643
15336,2025-06-28,1,11627.0,entrada,13998
15337,2025-06-28,4,,salida,13650
15338,2025-06-29,2,11644.0,entrada,9876
15339,2025-06-29,2,11643.0,entrada,5016
15340,2025-06-29,2,11637.0,entrada,6365
15341,2025-06-29,2,11646.0,entrada,3123
15342,2025-06-29,2,11641.0,entrada,7738
15343,2025-06-29,4,11647.0,entrada,9260
15344,2025-06-29,4,11648.0,entrada,4823
15345,2025-06-29,1,11640.0,entrada,6628
15346,2025-06-29,3,11649.0,entrada,3867
15347,2025-06-29,3,11650.0,entrada,15383
15348,2025-06-29,4,11645.0,entrada,10695
15349,2025-06-29,1,11642.0,entrada,7605
15350,2025-06-29,2,,salida,139
15351,2025-06-29,2,,salida,75142
15352,2025-06-29,1,,salida,32706
15353,2025-06-29,3,11636.0,entrada,8608
15354,2025-06-29,4,11635.0,entrada,9758
15355,2025-06-29,3,11634.0,entrada,7313
15356,2025-06-29,2,11639.0,entrada,4128
15357,2025-06-29,3,11524.0,merma,351
15358,2025-06-29,2,,salida,6323
15359,2025-06-29,4,11638.0,entrada,8512
15360,2025-06-30,2,,salida,10786
15361,2025-06-30,2,,salida,57683
15362,2025-06-30,4,11580.0,merma,370
15363,2025-06-30,3,11656.0,entrada,4369
15364,2025-06-30,1,11651.0,entrada,7123
15365,2025-06-30,3,,salida,1733
15366,2025-06-30,2,11654.0,entrada,6564
15367,2025-06-30,1,11653.0,entrada,7706
15368,2025-06-30,4,11666.0,entrada,15624
15369,2025-06-30,2,11665.0,entrada,3570
15370,2025-06-30,1,11664.0,entrada,5324
15371,2025-06-30,2,11663.0,entrada,3725
15372,2025-06-30,3,11655.0,entrada,10131
15373,2025-06-30,1,11661.0,entrada,9601
15374,2025-06-30,3,11660.0,entrada,5417
15375,2025-06-30,3,11659.0,entrada,14118
15376,2025-06-30,2,11657.0,entrada,7912
15377,2025-06-30,2,11652.0,entrada,10521
15378,2025-06-30,2,11658.0,entrada,9363
15379,2025-06-30,3,11662.0,entrada,12514
15380,2025-07-01,3,11679.0,entrada,3869
15381,2025-07-01,3,11678.0,entrada,5292
15382,2025-07-01,3,,salida,70535
15383,2025-07-01,4,,salida,45252
15384,2025-07-01,2,,salida,38371
15385,2025-07-01,4,11676.0,entrada,11634
15386,2025-07-01,4,11674.0,entrada,13350
15387,2025-07-01,2,11673.0,entrada,7594
15388,2025-07-01,1,11672.0,entrada,6084
15389,2025-07-01,2,11671.0,entrada,4997
15390,2025-07-01,2,11680.0,entrada,15820
15391,2025-07-01,3,11669.0,entrada,7019
15392,2025-07-01,2,11668.0,entrada,9215
15393,2025-07-01,1,11667.0,entrada,5933
15394,2025-07-01,1,11675.0,entrada,10829
15395,2025-07-01,4,11670.0,entrada,10219
15396,2025-07-01,2,11677.0,entrada,8502
15397,2025-07-01,3,,salida,60497
15398,2025-07-01,2,,salida,39518
15399,2025-07-01,2,,salida,33109
15400,2025-07-02,1,11683.0,entrada,7078
15401,2025-07-02,2,11682.0,entrada,7640
15402,2025-07-02,2,11692.0,entrada,5405
15403,2025-07-02,3,11691.0,entrada,3030
15404,2025-07-02,1,11690.0,entrada,11970
15405,2025-07-02,2,11689.0,entrada,5233
15406,2025-07-02,2,11681.0,entrada,11373
15407,2025-07-02,4,11688.0,entrada,12069
15408,2025-07-02,2,11687.0,entrada,9505
15409,2025-07-02,4,11686.0,entrada,8816
15410,2025-07-02,2,,salida,97776
15411,2025-07-02,4,11684.0,entrada,10855
15412,2025-07-02,1,,salida,7821
15413,2025-07-02,4,11685.0,entrada,5608
15414,2025-07-02,2,,salida,23644
15415,2025-07-03,3,11708.0,entrada,16166
15416,2025-07-03,1,11707.0,entrada,3761
15417,2025-07-03,4,11706.0,entrada,4452
15418,2025-07-03,4,11705.0,entrada,3086
15419,2025-07-03,3,11704.0,entrada,10590
15420,2025-07-03,3,11702.0,entrada,3834
15421,2025-07-03,1,11701.0,entrada,13508
15422,2025-07-03,2,11700.0,entrada,8935
15423,2025-07-03,4,11699.0,entrada,8999
15424,2025-07-03,2,11698.0,entrada,7163
15425,2025-07-03,3,11695.0,entrada,8970
15426,2025-07-03,3,11694.0,entrada,11827
15427,2025-07-03,2,11693.0,entrada,6651
15428,2025-07-03,1,11703.0,entrada,12418
15429,2025-07-03,1,11696.0,entrada,11001
15430,2025-07-03,4,11697.0,entrada,4431
15431,2025-07-03,2,,salida,29713
15432,2025-07-03,1,,salida,5663
15433,2025-07-03,4,11628.0,merma,541
15434,2025-07-03,2,,salida,9330
15435,2025-07-03,3,,salida,12625
15436,2025-07-03,2,,salida,12614
15437,2025-07-04,2,11721.0,entrada,4582
15438,2025-07-04,3,11720.0,entrada,9749
15439,2025-07-04,4,11718.0,entrada,8715
15440,2025-07-04,4,11717.0,entrada,10621
15441,2025-07-04,3,11716.0,entrada,5184
15442,2025-07-04,3,11715.0,entrada,8787
15443,2025-07-04,3,11714.0,entrada,5822
15444,2025-07-04,4,11713.0,entrada,4599
15445,2025-07-04,2,11719.0,entrada,3397
15446,2025-07-04,3,11722.0,entrada,15536
15447,2025-07-04,3,11710.0,entrada,11900
15448,2025-07-04,1,11709.0,entrada,6745
15449,2025-07-04,1,,salida,20708
15450,2025-07-04,4,,salida,4467
15451,2025-07-04,2,,salida,15155
15452,2025-07-04,1,,salida,19583
15453,2025-07-04,1,,salida,33616
15454,2025-07-04,4,11712.0,entrada,7497
15455,2025-07-04,3,11711.0,entrada,8033
15456,2025-07-04,2,,salida,30184
15457,2025-07-05,1,11729.0,entrada,7752
15458,2025-07-05,3,,salida,193
15459,2025-07-05,3,,salida,7938
15460,2025-07-05,2,,salida,3576
15461,2025-07-05,1,,salida,41265
15462,2025-07-05,4,,salida,42146
15463,2025-07-05,1,11730.0,entrada,10562
15464,2025-07-05,2,11739.0,entrada,12940
15465,2025-07-05,3,11738.0,entrada,3935
15466,2025-07-05,3,11737.0,entrada,5325
15467,2025-07-05,4,11736.0,entrada,10059
15468,2025-07-05,2,11724.0,entrada,10454
15469,2025-07-05,1,11734.0,entrada,10933
15470,2025-07-05,3,11733.0,entrada,12127
15471,2025-07-05,1,11732.0,entrada,4392
15472,2025-07-05,4,11723.0,entrada,7122
15473,2025-07-05,4,11728.0,entrada,6528
15474,2025-07-05,3,11731.0,entrada,13323
15475,2025-07-05,3,11727.0,entrada,4272
15476,2025-07-05,3,11735.0,entrada,3283
15477,2025-07-05,2,11725.0,entrada,7230
15478,2025-07-05,1,11726.0,entrada,10083
15479,2025-07-06,1,11753.0,entrada,13260
15480,2025-07-06,3,11752.0,entrada,4658
15481,2025-07-06,2,11751.0,entrada,10608
15482,2025-07-06,1,11750.0,entrada,10620
15483,2025-07-06,2,,salida,3189
15484,2025-07-06,2,11749.0,entrada,9598
15485,2025-07-06,1,11748.0,entrada,5325
15486,2025-07-06,1,11747.0,entrada,8028
15487,2025-07-06,1,11746.0,entrada,9387
15488,2025-07-06,4,11745.0,entrada,6724
15489,2025-07-06,2,11744.0,entrada,9580
15490,2025-07-06,4,11742.0,entrada,9678
15491,2025-07-06,4,11741.0,entrada,10526
15492,2025-07-06,4,11740.0,entrada,6881
15493,2025-07-06,1,,salida,1063
15494,2025-07-06,1,11743.0,entrada,6524
15495,2025-07-06,3,11604.0,merma,658
15496,2025-07-06,4,11612.0,merma,153
15497,2025-07-06,1,11706.0,merma,481
15498,2025-07-07,1,11758.0,entrada,9634
15499,2025-07-07,4,11696.0,merma,705
15500,2025-07-07,2,,salida,37460
15501,2025-07-07,1,,salida,5961
15502,2025-07-07,4,,salida,40383
15503,2025-07-07,4,11754.0,entrada,9263
15504,2025-07-07,1,11755.0,entrada,9096
15505,2025-07-07,3,11756.0,entrada,9285
15506,2025-07-07,3,11757.0,entrada,5924
15507,2025-07-07,3,11759.0,entrada,12813
15508,2025-07-07,2,11760.0,entrada,5660
15509,2025-07-07,2,11710.0,merma,1124
15510,2025-07-07,1,11762.0,entrada,11730
15511,2025-07-07,2,11763.0,entrada,9958
15512,2025-07-07,2,11764.0,entrada,4294
15513,2025-07-07,4,11765.0,entrada,3408
15514,2025-07-07,2,11761.0,entrada,9257
15515,2025-07-08,2,11776.0,entrada,14410
15516,2025-07-08,2,11773.0,entrada,8682
15517,2025-07-08,4,11781.0,entrada,15416
15518,2025-07-08,2,11777.0,entrada,3163
15519,2025-07-08,2,11778.0,entrada,9290
15520,2025-07-08,4,,salida,4336
15521,2025-07-08,2,11780.0,entrada,3611
15522,2025-07-08,1,,salida,512
15523,2025-07-08,2,,salida,4841
15524,2025-07-08,2,,salida,7764
15525,2025-07-08,3,,salida,39622
15526,2025-07-08,2,11779.0,entrada,5097
15527,2025-07-08,2,11774.0,entrada,15349
15528,2025-07-08,1,,salida,34634
15529,2025-07-08,1,11682.0,merma,442
15530,2025-07-08,1,11772.0,entrada,6888
15531,2025-07-08,1,11775.0,entrada,4688
15532,2025-07-08,1,11766.0,entrada,6991
15533,2025-07-08,3,11767.0,entrada,10015
15534,2025-07-08,1,11768.0,entrada,9932
15535,2025-07-08,2,11769.0,entrada,6834
15536,2025-07-08,4,11770.0,entrada,4836
15537,2025-07-08,1,11771.0,entrada,6714
15538,2025-07-09,4,11695.0,merma,600
15539,2025-07-09,2,11793.0,entrada,4675
15540,2025-07-09,2,11792.0,entrada,10163
15541,2025-07-09,1,11791.0,entrada,3446
15542,2025-07-09,2,11790.0,entrada,12046
15543,2025-07-09,3,11789.0,entrada,11597
15544,2025-07-09,1,11788.0,entrada,4957
15545,2025-07-09,3,11783.0,entrada,11531
15546,2025-07-09,4,11786.0,entrada,6578
15547,2025-07-09,4,11785.0,entrada,6667
15548,2025-07-09,1,11784.0,entrada,8409
15549,2025-07-09,2,11794.0,entrada,3545
15550,2025-07-09,2,11782.0,entrada,7116
15551,2025-07-09,2,11674.0,merma,1217
15552,2025-07-09,2,11678.0,merma,546
15553,2025-07-09,2,11787.0,entrada,8633
15554,2025-07-09,2,,salida,2056
15555,2025-07-09,2,11667.0,merma,647
15556,2025-07-09,2,11795.0,entrada,16588
15557,2025-07-09,2,,salida,25453
15558,2025-07-10,1,11810.0,entrada,3453
15559,2025-07-10,3,,salida,4693
15560,2025-07-10,2,11809.0,entrada,5589
15561,2025-07-10,4,11808.0,entrada,9472
15562,2025-07-10,3,11807.0,entrada,3391
15563,2025-07-10,3,11805.0,entrada,12078
15564,2025-07-10,3,11804.0,entrada,4820
15565,2025-07-10,2,11803.0,entrada,8869
15566,2025-07-10,2,11797.0,entrada,9412
15567,2025-07-10,2,11802.0,entrada,7592
15568,2025-07-10,3,11801.0,entrada,7056
15569,2025-07-10,4,11800.0,entrada,4665
15570,2025-07-10,3,11799.0,entrada,9867
15571,2025-07-10,2,11798.0,entrada,6977
15572,2025-07-10,2,11796.0,entrada,7089
15573,2025-07-10,2,,salida,10592
15574,2025-07-10,4,11806.0,entrada,13909
15575,2025-07-11,1,11818.0,entrada,14489
15576,2025-07-11,3,11825.0,entrada,15344
15577,2025-07-11,1,11823.0,entrada,5005
15578,2025-07-11,1,11822.0,entrada,9985
15579,2025-07-11,2,11821.0,entrada,3257
15580,2025-07-11,4,11820.0,entrada,11930
15581,2025-07-11,3,11819.0,entrada,9927
15582,2025-07-11,2,11824.0,entrada,4230
15583,2025-07-11,2,,salida,191404
15584,2025-07-11,1,11815.0,entrada,5966
15585,2025-07-11,3,11817.0,entrada,8515
15586,2025-07-11,4,,salida,157446
15587,2025-07-11,3,,salida,54815
15588,2025-07-11,2,,salida,26156
15589,2025-07-11,3,11816.0,entrada,8987
15590,2025-07-11,1,11812.0,entrada,9648
15591,2025-07-11,1,11813.0,entrada,9164
15592,2025-07-11,2,11814.0,entrada,6713
15593,2025-07-11,1,11811.0,entrada,7372
15594,2025-07-12,3,11840.0,entrada,4952
15595,2025-07-12,1,11839.0,entrada,11302
15596,2025-07-12,4,11838.0,entrada,3448
15597,2025-07-12,4,11837.0,entrada,10836
15598,2025-07-12,3,11836.0,entrada,10200
15599,2025-07-12,2,11835.0,entrada,5101
15600,2025-07-12,4,11833.0,entrada,8074
15601,2025-07-12,2,11832.0,entrada,5561
15602,2025-07-12,3,11831.0,entrada,4754
15603,2025-07-12,2,11829.0,entrada,5804
15604,2025-07-12,3,11828.0,entrada,9211
15605,2025-07-12,2,11827.0,entrada,10198
15606,2025-07-12,2,11826.0,entrada,7238
15607,2025-07-12,3,11834.0,entrada,9516
15608,2025-07-12,3,11830.0,entrada,10655
15609,2025-07-12,2,11842.0,entrada,14857
15610,2025-07-12,4,11715.0,merma,685
15611,2025-07-12,3,11841.0,entrada,4331
15612,2025-07-12,1,,salida,9896
15613,2025-07-12,3,,salida,45792
15614,2025-07-12,1,,salida,4794
15615,2025-07-12,3,,salida,121746
15616,2025-07-12,2,,salida,3850
15617,2025-07-12,4,,salida,1458
15618,2025-07-12,1,11765.0,merma,312
15619,2025-07-13,2,,salida,31779
15620,2025-07-13,1,11785.0,merma,209
15621,2025-07-13,4,,salida,923
15622,2025-07-13,4,,salida,14475
15623,2025-07-13,3,11843.0,entrada,7034
15624,2025-07-13,1,11844.0,entrada,9938
15625,2025-07-13,4,11845.0,entrada,11677
15626,2025-07-13,1,11847.0,entrada,5948
15627,2025-07-13,3,11848.0,entrada,15294
15628,2025-07-13,3,11849.0,entrada,5763
15629,2025-07-13,1,11850.0,entrada,9600
15630,2025-07-13,4,11846.0,entrada,4455
15631,2025-07-13,3,,salida,13637
15632,2025-07-13,4,11852.0,entrada,3675
15633,2025-07-13,1,11853.0,entrada,9985
15634,2025-07-13,1,,salida,33607
15635,2025-07-13,1,11854.0,entrada,4745
15636,2025-07-13,1,,salida,18438
15637,2025-07-13,1,,salida,23130
15638,2025-07-13,2,11851.0,entrada,11729
15639,2025-07-13,3,11855.0,entrada,3586
15640,2025-07-13,4,11856.0,entrada,18457
15641,2025-07-14,4,11866.0,entrada,5231
15642,2025-07-14,1,11865.0,entrada,14019
15643,2025-07-14,1,11864.0,entrada,9442
15644,2025-07-14,1,11861.0,entrada,4100
15645,2025-07-14,1,11862.0,entrada,6303
15646,2025-07-14,4,11860.0,entrada,9143
15647,2025-07-14,2,11859.0,entrada,6745
15648,2025-07-14,4,11867.0,entrada,9055
15649,2025-07-14,2,11863.0,entrada,9262
15650,2025-07-14,4,11868.0,entrada,13037
15651,2025-07-14,3,11872.0,entrada,3717
15652,2025-07-14,2,11870.0,entrada,11652
15653,2025-07-14,3,11771.0,merma,511
15654,2025-07-14,1,,salida,2923
15655,2025-07-14,1,,salida,12473
15656,2025-07-14,3,11758.0,merma,1119
15657,2025-07-14,3,11869.0,entrada,3500
15658,2025-07-14,3,11857.0,entrada,10945
15659,2025-07-14,4,11871.0,entrada,5511
15660,2025-07-14,3,11873.0,entrada,15728
15661,2025-07-14,1,11858.0,entrada,9549
15662,2025-07-15,3,11877.0,entrada,8693
15663,2025-07-15,1,,salida,5832
15664,2025-07-15,2,11874.0,entrada,5883
15665,2025-07-15,3,,salida,61704
15666,2025-07-15,2,11887.0,entrada,14756
15667,2025-07-15,2,11875.0,entrada,10012
15668,2025-07-15,4,11886.0,entrada,3635
15669,2025-07-15,1,11884.0,entrada,13081
15670,2025-07-15,2,11883.0,entrada,11199
15671,2025-07-15,4,11881.0,entrada,14794
15672,2025-07-15,3,11880.0,entrada,9175
15673,2025-07-15,2,11879.0,entrada,6228
15674,2025-07-15,4,11878.0,entrada,4343
15675,2025-07-15,1,11876.0,entrada,7264
15676,2025-07-15,3,11882.0,entrada,5161
15677,2025-07-15,3,11885.0,entrada,11375
15678,2025-07-16,4,11889.0,entrada,11068
15679,2025-07-16,2,11901.0,entrada,13379
15680,2025-07-16,4,,salida,49693
15681,2025-07-16,4,11900.0,entrada,4729
15682,2025-07-16,3,11899.0,entrada,3645
15683,2025-07-16,3,,salida,810
15684,2025-07-16,3,11898.0,entrada,10886
15685,2025-07-16,4,,salida,28455
15686,2025-07-16,3,,salida,137619
15687,2025-07-16,2,11896.0,entrada,11863
15688,2025-07-16,3,11895.0,entrada,8382
15689,2025-07-16,4,11894.0,entrada,7951
15690,2025-07-16,2,11893.0,entrada,6004
15691,2025-07-16,3,11892.0,entrada,10104
15692,2025-07-16,4,11891.0,entrada,6528
15693,2025-07-16,2,11897.0,entrada,5091
15694,2025-07-16,4,11890.0,entrada,7826
15695,2025-07-16,3,11768.0,merma,1002
15696,2025-07-16,2,,salida,15189
15697,2025-07-16,3,,salida,16107
15698,2025-07-16,1,11888.0,entrada,7018
15699,2025-07-16,3,11767.0,merma,488
15700,2025-07-17,1,11902.0,entrada,6898
15701,2025-07-17,3,11917.0,entrada,17850
15702,2025-07-17,2,11916.0,entrada,4075
15703,2025-07-17,1,11915.0,entrada,4578
15704,2025-07-17,2,11914.0,entrada,9299
15705,2025-07-17,2,11913.0,entrada,3132
15706,2025-07-17,2,11912.0,entrada,11642
15707,2025-07-17,3,11911.0,entrada,10599
15708,2025-07-17,1,11910.0,entrada,5394
15709,2025-07-17,2,11904.0,entrada,8327
15710,2025-07-17,1,11909.0,entrada,14494
15711,2025-07-17,4,11908.0,entrada,9476
15712,2025-07-17,1,11907.0,entrada,5252
15713,2025-07-17,4,11906.0,entrada,10219
15714,2025-07-17,3,11903.0,entrada,10299
15715,2025-07-17,2,11905.0,entrada,7843
15716,2025-07-17,4,11818.0,merma,1685
15717,2025-07-17,3,,salida,16324
15718,2025-07-17,2,,salida,7959
15719,2025-07-17,3,,salida,16146
15720,2025-07-17,2,,salida,9235
15721,2025-07-17,4,,salida,72816
15722,2025-07-17,3,,salida,17758
15723,2025-07-17,2,11772.0,merma,457
15724,2025-07-17,2,11856.0,merma,1190
15725,2025-07-17,2,,salida,8888
15726,2025-07-18,3,11924.0,entrada,6432
15727,2025-07-18,1,11932.0,entrada,4860
15728,2025-07-18,1,11931.0,entrada,10163
15729,2025-07-18,4,11930.0,entrada,10106
15730,2025-07-18,1,,salida,3927
15731,2025-07-18,4,,salida,9770
15732,2025-07-18,4,11929.0,entrada,9404
15733,2025-07-18,4,11928.0,entrada,4359
15734,2025-07-18,4,11927.0,entrada,13741
15735,2025-07-18,1,11918.0,entrada,6932
15736,2025-07-18,3,11926.0,entrada,10670
15737,2025-07-18,1,11919.0,entrada,10693
15738,2025-07-18,1,,salida,114971
15739,2025-07-18,1,11921.0,entrada,5857
15740,2025-07-18,3,11922.0,entrada,10385
15741,2025-07-18,2,11923.0,entrada,4422
15742,2025-07-18,2,11925.0,entrada,9352
15743,2025-07-18,1,11920.0,entrada,8931
15744,2025-07-18,3,11934.0,entrada,15215
15745,2025-07-18,4,,salida,101001
15746,2025-07-18,1,,salida,114955
15747,2025-07-18,2,,salida,7234
15748,2025-07-18,4,11798.0,merma,779
15749,2025-07-18,3,11933.0,entrada,3165
15750,2025-07-18,3,,salida,36453
15751,2025-07-19,4,11941.0,entrada,8823
15752,2025-07-19,4,11939.0,entrada,9842
15753,2025-07-19,3,11938.0,entrada,7639
15754,2025-07-19,4,11937.0,entrada,9087
15755,2025-07-19,2,11936.0,entrada,11173
15756,2025-07-19,2,11942.0,entrada,14686
15757,2025-07-19,4,11943.0,entrada,5098
15758,2025-07-19,2,11944.0,entrada,12164
15759,2025-07-19,2,11947.0,entrada,4507
15760,2025-07-19,3,11946.0,entrada,11148
15761,2025-07-19,1,11948.0,entrada,3831
15762,2025-07-19,1,11877.0,merma,423
15763,2025-07-19,1,11872.0,merma,413
15764,2025-07-19,1,,salida,29388
15765,2025-07-19,1,,salida,21249
15766,2025-07-19,1,,salida,75415
15767,2025-07-19,2,11945.0,entrada,3338
15768,2025-07-19,3,11940.0,entrada,4054
15769,2025-07-19,1,11949.0,entrada,16334
15770,2025-07-19,4,11935.0,entrada,6092
15771,2025-07-20,1,11829.0,merma,660
15772,2025-07-20,3,11964.0,entrada,16472
15773,2025-07-20,1,11963.0,entrada,3304
15774,2025-07-20,2,11962.0,entrada,9806
15775,2025-07-20,2,11961.0,entrada,3057
15776,2025-07-20,3,11960.0,entrada,12829
15777,2025-07-20,1,11959.0,entrada,10164
15778,2025-07-20,3,11958.0,entrada,5035
15779,2025-07-20,4,11957.0,entrada,14755
15780,2025-07-20,2,11956.0,entrada,8826
15781,2025-07-20,1,11955.0,entrada,7932
15782,2025-07-20,3,11954.0,entrada,10042
15783,2025-07-20,3,11953.0,entrada,6790
15784,2025-07-20,3,11951.0,entrada,10711
15785,2025-07-20,1,11952.0,entrada,8204
15786,2025-07-20,4,11858.0,merma,560
15787,2025-07-20,1,,salida,31564
15788,2025-07-20,2,,salida,19241
15789,2025-07-20,1,,salida,57255
15790,2025-07-20,1,11950.0,entrada,6198
15791,2025-07-21,4,11972.0,entrada,8647
15792,2025-07-21,1,11973.0,entrada,8692
15793,2025-07-21,3,11974.0,entrada,13821
15794,2025-07-21,3,11896.0,merma,1271
15795,2025-07-21,1,11909.0,merma,1109
15796,2025-07-21,1,11979.0,entrada,4209
15797,2025-07-21,1,11978.0,entrada,10947
15798,2025-07-21,3,11977.0,entrada,3279
15799,2025-07-21,2,11976.0,entrada,11447
15800,2025-07-21,3,11975.0,entrada,5357
15801,2025-07-21,1,,salida,7926
15802,2025-07-21,2,11971.0,entrada,6501
15803,2025-07-21,1,11970.0,entrada,4529
15804,2025-07-21,4,,salida,34466
15805,2025-07-21,3,11968.0,entrada,7389
15806,2025-07-21,3,11967.0,entrada,10760
15807,2025-07-21,4,11966.0,entrada,10331
15808,2025-07-21,4,11965.0,entrada,7357
15809,2025-07-21,4,,salida,88528
15810,2025-07-21,3,11969.0,entrada,10506
15811,2025-07-21,1,,salida,53394
15812,2025-07-21,3,,salida,15891
15813,2025-07-22,1,11992.0,entrada,2830
15814,2025-07-22,1,,salida,335
15815,2025-07-22,3,,salida,13559
15816,2025-07-22,3,11987.0,entrada,8744
15817,2025-07-22,1,,salida,26743
15818,2025-07-22,2,11993.0,entrada,11193
15819,2025-07-22,2,11996.0,entrada,16245
15820,2025-07-22,4,11995.0,entrada,3820
15821,2025-07-22,1,11994.0,entrada,4834
15822,2025-07-22,3,,salida,14577
15823,2025-07-22,2,11991.0,entrada,10802
15824,2025-07-22,2,11948.0,merma,378
15825,2025-07-22,2,11989.0,entrada,4987
15826,2025-07-22,1,11988.0,entrada,13088
15827,2025-07-22,4,11986.0,entrada,7943
15828,2025-07-22,1,11985.0,entrada,6483
15829,2025-07-22,1,11984.0,entrada,4555
15830,2025-07-22,1,11983.0,entrada,11055
15831,2025-07-22,4,11982.0,entrada,6958
15832,2025-07-22,1,11981.0,entrada,10611
15833,2025-07-22,2,11980.0,entrada,6764
15834,2025-07-22,4,,salida,5850
15835,2025-07-22,4,11990.0,entrada,9358
15836,2025-07-23,2,,salida,24906
15837,2025-07-23,3,12011.0,entrada,14671
15838,2025-07-23,2,,salida,23525
15839,2025-07-23,1,12010.0,entrada,3447
15840,2025-07-23,4,,salida,735
15841,2025-07-23,4,12008.0,entrada,9574
15842,2025-07-23,1,12005.0,entrada,4642
15843,2025-07-23,1,12002.0,entrada,6396
15844,2025-07-23,2,11894.0,merma,529
15845,2025-07-23,1,12001.0,entrada,4818
15846,2025-07-23,1,12009.0,entrada,5128
15847,2025-07-23,3,12000.0,entrada,8610
15848,2025-07-23,1,11999.0,entrada,9454
15849,2025-07-23,4,11887.0,merma,1404
15850,2025-07-23,1,11998.0,entrada,10629
15851,2025-07-23,2,11997.0,entrada,7155
15852,2025-07-23,1,12004.0,entrada,14607
15853,2025-07-23,3,12006.0,entrada,11740
15854,2025-07-23,3,12003.0,entrada,8430
15855,2025-07-23,4,12007.0,entrada,3912
15856,2025-07-24,2,12022.0,entrada,9654
15857,2025-07-24,1,,salida,25315
15858,2025-07-24,1,,salida,42645
15859,2025-07-24,3,,salida,50264
15860,2025-07-24,4,11921.0,merma,583
15861,2025-07-24,2,,salida,3025
15862,2025-07-24,4,,salida,22323
15863,2025-07-24,3,12012.0,entrada,6800
15864,2025-07-24,4,12013.0,entrada,6700
15865,2025-07-24,1,,salida,21163
15866,2025-07-24,2,12014.0,entrada,9905
15867,2025-07-24,1,12015.0,entrada,4854
15868,2025-07-24,2,12016.0,entrada,6661
15869,2025-07-24,2,12017.0,entrada,7294
15870,2025-07-24,3,12018.0,entrada,9395
15871,2025-07-24,1,12019.0,entrada,10837
15872,2025-07-24,1,12020.0,entrada,11792
15873,2025-07-24,4,12024.0,entrada,3619
15874,2025-07-24,3,12023.0,entrada,5023
15875,2025-07-24,3,12021.0,entrada,3139
15876,2025-07-24,1,12025.0,entrada,14195
15877,2025-07-25,4,12030.0,entrada,6395
15878,2025-07-25,4,12034.0,entrada,10867
15879,2025-07-25,2,12035.0,entrada,11485
15880,2025-07-25,2,,salida,6008
15881,2025-07-25,4,12036.0,entrada,3824
15882,2025-07-25,4,12037.0,entrada,16852
15883,2025-07-25,4,12029.0,entrada,4275
15884,2025-07-25,1,12028.0,entrada,10381
15885,2025-07-25,3,12027.0,entrada,6306
15886,2025-07-25,4,12026.0,entrada,6801
15887,2025-07-25,4,12033.0,entrada,12789
15888,2025-07-25,1,,salida,19984
15889,2025-07-25,2,12031.0,entrada,9803
15890,2025-07-25,2,11923.0,merma,196
15891,2025-07-25,1,12032.0,entrada,8484
15892,2025-07-25,3,11899.0,merma,277
15893,2025-07-25,4,11914.0,merma,662
15894,2025-07-26,2,11936.0,merma,670
15895,2025-07-26,2,12039.0,entrada,8333
15896,2025-07-26,4,12040.0,entrada,7700
15897,2025-07-26,4,12041.0,entrada,9456
15898,2025-07-26,1,12042.0,entrada,4267
15899,2025-07-26,1,12043.0,entrada,6044
15900,2025-07-26,2,12044.0,entrada,7430
15901,2025-07-26,3,,salida,2596
15902,2025-07-26,1,,salida,52968
15903,2025-07-26,1,12046.0,entrada,12737
15904,2025-07-26,2,12047.0,entrada,4283
15905,2025-07-26,4,12048.0,entrada,10721
15906,2025-07-26,4,12049.0,entrada,11574
15907,2025-07-26,2,12050.0,entrada,3403
15908,2025-07-26,4,12051.0,entrada,10330
15909,2025-07-26,4,12052.0,entrada,5147
15910,2025-07-26,3,12053.0,entrada,3845
15911,2025-07-26,4,12038.0,entrada,12074
15912,2025-07-26,3,12045.0,entrada,7928
15913,2025-07-26,4,12054.0,entrada,15221
15914,2025-07-26,3,,salida,12687
15915,2025-07-26,1,,salida,7736
15916,2025-07-26,3,,salida,1243
15917,2025-07-26,2,,salida,53068
15918,2025-07-26,1,,salida,11012
15919,2025-07-26,1,,salida,27515
15920,2025-07-27,4,12067.0,entrada,3546
15921,2025-07-27,3,12066.0,entrada,11252
15922,2025-07-27,3,12069.0,entrada,4542
15923,2025-07-27,1,12061.0,entrada,8114
15924,2025-07-27,1,12070.0,entrada,3998
15925,2025-07-27,2,12065.0,entrada,11009
15926,2025-07-27,4,12064.0,entrada,5358
15927,2025-07-27,3,12063.0,entrada,12124
15928,2025-07-27,2,12071.0,entrada,16055
15929,2025-07-27,4,12062.0,entrada,9648
15930,2025-07-27,1,12068.0,entrada,9646
15931,2025-07-27,1,12055.0,entrada,6505
15932,2025-07-27,4,,salida,6031
15933,2025-07-27,3,,salida,5648
15934,2025-07-27,1,12006.0,merma,480
15935,2025-07-27,2,12060.0,entrada,5804
15936,2025-07-27,4,11961.0,merma,343
15937,2025-07-27,4,12059.0,entrada,4115
15938,2025-07-27,3,12058.0,entrada,6851
15939,2025-07-27,2,12057.0,entrada,9076
15940,2025-07-27,4,12056.0,entrada,11185
15941,2025-07-28,4,,salida,4662
15942,2025-07-28,4,12080.0,entrada,5298
15943,2025-07-28,3,12079.0,entrada,13188
15944,2025-07-28,4,12075.0,entrada,9687
15945,2025-07-28,2,,salida,2516
15946,2025-07-28,2,12076.0,entrada,4739
15947,2025-07-28,2,,salida,8222
15948,2025-07-28,1,12073.0,entrada,10452
15949,2025-07-28,4,12072.0,entrada,6837
15950,2025-07-28,2,12078.0,entrada,8306
15951,2025-07-28,3,12086.0,entrada,15923
15952,2025-07-28,4,12085.0,entrada,3351
15953,2025-07-28,3,12084.0,entrada,4880
15954,2025-07-28,4,12083.0,entrada,3260
15955,2025-07-28,1,12082.0,entrada,12320
15956,2025-07-28,2,12081.0,entrada,9632
15957,2025-07-28,1,11993.0,merma,535
15958,2025-07-28,2,,salida,11602
15959,2025-07-28,4,,salida,6079
15960,2025-07-28,2,12074.0,entrada,7037
15961,2025-07-28,1,12077.0,entrada,6076
15962,2025-07-29,3,,salida,3131
15963,2025-07-29,3,12091.0,entrada,5008
15964,2025-07-29,2,,salida,26383
15965,2025-07-29,3,11995.0,merma,447
15966,2025-07-29,4,12087.0,entrada,11302
15967,2025-07-29,2,12088.0,entrada,8124
15968,2025-07-29,2,12089.0,entrada,7597
15969,2025-07-29,1,12090.0,entrada,10172
15970,2025-07-29,2,12093.0,entrada,9602
15971,2025-07-29,1,12092.0,entrada,6355
15972,2025-07-29,1,12095.0,entrada,14962
15973,2025-07-29,1,12096.0,entrada,5252
15974,2025-07-29,1,12097.0,entrada,10757
15975,2025-07-29,1,12098.0,entrada,3449
15976,2025-07-29,1,12099.0,entrada,5144
15977,2025-07-29,3,12100.0,entrada,4233
15978,2025-07-29,1,12101.0,entrada,16203
15979,2025-07-29,3,12094.0,entrada,8853
15980,2025-07-30,2,12117.0,entrada,5070
15981,2025-07-30,2,12116.0,entrada,8928
15982,2025-07-30,3,12115.0,entrada,3570
15983,2025-07-30,2,12114.0,entrada,10514
15984,2025-07-30,1,12113.0,entrada,10686
15985,2025-07-30,1,12103.0,entrada,10419
15986,2025-07-30,3,12111.0,entrada,13945
15987,2025-07-30,3,12119.0,entrada,13496
15988,2025-07-30,2,,salida,56106
15989,2025-07-30,3,,salida,23018
15990,2025-07-30,1,,salida,28261
15991,2025-07-30,1,,salida,9312
15992,2025-07-30,4,12112.0,entrada,5591
15993,2025-07-30,3,12102.0,entrada,6549
15994,2025-07-30,3,,salida,13092
15995,2025-07-30,2,12105.0,entrada,6343
15996,2025-07-30,1,12106.0,entrada,10660
15997,2025-07-30,4,12107.0,entrada,4375
15998,2025-07-30,2,12108.0,entrada,6042
15999,2025-07-30,3,12109.0,entrada,7445
16000,2025-07-30,1,12110.0,entrada,10168
16001,2025-07-30,2,12104.0,entrada,9261
16002,2025-07-30,1,12118.0,entrada,4164
16003,2025-07-31,3,,salida,3993
16004,2025-07-31,3,,salida,7719
16005,2025-07-31,2,,salida,10901
16006,2025-07-31,2,,salida,6328
16007,2025-07-31,4,,salida,7163
16008,2025-07-31,1,12127.0,entrada,4794
16009,2025-07-31,2,12126.0,entrada,9650
16010,2025-07-31,2,12134.0,entrada,14694
16011,2025-07-31,4,12132.0,entrada,4625
16012,2025-07-31,3,12131.0,entrada,10831
16013,2025-07-31,2,12130.0,entrada,3573
16014,2025-07-31,3,12129.0,entrada,10488
16015,2025-07-31,4,11985.0,merma,488
16016,2025-07-31,2,11989.0,merma,581
16017,2025-07-31,1,12133.0,entrada,3432
16018,2025-07-31,1,12122.0,entrada,8908
16019,2025-07-31,1,12125.0,entrada,6355
16020,2025-07-31,3,12128.0,entrada,10786
16021,2025-07-31,4,12124.0,entrada,9723
16022,2025-07-31,2,12121.0,entrada,11710
16023,2025-07-31,1,12123.0,entrada,7243
16024,2025-07-31,4,12120.0,entrada,6617
16025,2025-08-01,4,12144.0,entrada,10651
16026,2025-08-01,3,12143.0,entrada,4483
16027,2025-08-01,3,12142.0,entrada,14634
16028,2025-08-01,1,12141.0,entrada,8832
16029,2025-08-01,2,12145.0,entrada,11179
16030,2025-08-01,2,12139.0,entrada,5015
16031,2025-08-01,2,12138.0,entrada,6588
16032,2025-08-01,2,12089.0,merma,453
16033,2025-08-01,1,12136.0,entrada,11022
16034,2025-08-01,4,12135.0,entrada,6906
16035,2025-08-01,1,12146.0,entrada,3603
16036,2025-08-01,1,12150.0,entrada,15016
16037,2025-08-01,1,12147.0,entrada,9815
16038,2025-08-01,4,,salida,3022
16039,2025-08-01,4,12140.0,entrada,6417
16040,2025-08-01,4,12137.0,entrada,7643
16041,2025-08-01,4,,salida,123967
16042,2025-08-01,2,12148.0,entrada,5357
16043,2025-08-01,4,,salida,3838
16044,2025-08-01,3,12149.0,entrada,3711
16045,2025-08-02,4,12151.0,entrada,6525
16046,2025-08-02,4,12168.0,entrada,14391
16047,2025-08-02,1,12167.0,entrada,4195
16048,2025-08-02,4,12166.0,entrada,4923
16049,2025-08-02,4,12165.0,entrada,7933
16050,2025-08-02,3,12164.0,entrada,3293
16051,2025-08-02,2,12163.0,entrada,12084
16052,2025-08-02,1,12162.0,entrada,9511
16053,2025-08-02,1,12161.0,entrada,5035
16054,2025-08-02,3,12160.0,entrada,12833
16055,2025-08-02,3,12152.0,entrada,10613
16056,2025-08-02,2,12158.0,entrada,8606
16057,2025-08-02,4,12157.0,entrada,6612
16058,2025-08-02,4,12153.0,entrada,8399
16059,2025-08-02,4,12156.0,entrada,4670
16060,2025-08-02,2,12155.0,entrada,9856
16061,2025-08-02,3,12154.0,entrada,6841
16062,2025-08-02,4,12159.0,entrada,9296
16063,2025-08-02,4,12077.0,merma,473
16064,2025-08-02,4,,salida,26756
16065,2025-08-02,4,,salida,10406
16066,2025-08-02,2,,salida,13437
16067,2025-08-02,3,,salida,13478
16068,2025-08-03,1,12047.0,merma,462
16069,2025-08-03,2,12044.0,merma,312
16070,2025-08-03,3,12035.0,merma,1189
16071,2025-08-03,3,12184.0,entrada,15945
16072,2025-08-03,2,12183.0,entrada,4054
16073,2025-08-03,4,12182.0,entrada,5180
16074,2025-08-03,2,12180.0,entrada,3263
16075,2025-08-03,1,12178.0,entrada,9474
16076,2025-08-03,3,12172.0,entrada,11047
16077,2025-08-03,4,12177.0,entrada,4922
16078,2025-08-03,1,12176.0,entrada,13854
16079,2025-08-03,2,12175.0,entrada,7672
16080,2025-08-03,1,12174.0,entrada,6835
16081,2025-08-03,4,12173.0,entrada,4645
16082,2025-08-03,1,12179.0,entrada,11546
16083,2025-08-03,4,12171.0,entrada,8722
16084,2025-08-03,3,12181.0,entrada,10187
16085,2025-08-03,1,12169.0,entrada,7467
16086,2025-08-03,4,,salida,23614
16087,2025-08-03,2,,salida,11085
16088,2025-08-03,4,,salida,33565
16089,2025-08-03,4,,salida,12706
16090,2025-08-03,2,12170.0,entrada,11088
16091,2025-08-03,1,,salida,15325
16092,2025-08-04,1,12194.0,entrada,8714
16093,2025-08-04,2,12195.0,entrada,10824
16094,2025-08-04,1,12196.0,entrada,2960
16095,2025-08-04,2,12197.0,entrada,9601
16096,2025-08-04,2,12198.0,entrada,5487
16097,2025-08-04,3,12200.0,entrada,16880
16098,2025-08-04,3,12193.0,entrada,4722
16099,2025-08-04,4,12067.0,merma,332
16100,2025-08-04,2,12118.0,merma,466
16101,2025-08-04,2,,salida,14657
16102,2025-08-04,2,12199.0,entrada,3591
16103,2025-08-04,3,12192.0,entrada,7954
16104,2025-08-04,2,,salida,5617
16105,2025-08-04,1,12190.0,entrada,6238
16106,2025-08-04,1,,salida,6097
16107,2025-08-04,3,,salida,46609
16108,2025-08-04,1,12185.0,entrada,6299
16109,2025-08-04,2,12191.0,entrada,8709
16110,2025-08-04,1,12187.0,entrada,6084
16111,2025-08-04,1,12188.0,entrada,9931
16112,2025-08-04,2,12189.0,entrada,4060
16113,2025-08-04,3,12186.0,entrada,9360
16114,2025-08-05,2,,salida,24589
16115,2025-08-05,4,12214.0,entrada,5326
16116,2025-08-05,4,,salida,22582
16117,2025-08-05,3,12105.0,merma,281
16118,2025-08-05,4,,salida,18539
16119,2025-08-05,1,12132.0,merma,480
16120,2025-08-05,3,,salida,11302
16121,2025-08-05,4,,salida,10944
16122,2025-08-05,2,12216.0,entrada,17075
16123,2025-08-05,4,12215.0,entrada,3930
16124,2025-08-05,4,,salida,7585
16125,2025-08-05,4,12213.0,entrada,11585
16126,2025-08-05,1,12211.0,entrada,11283
16127,2025-08-05,3,,salida,861
16128,2025-08-05,2,12201.0,entrada,6684
16129,2025-08-05,3,12202.0,entrada,9740
16130,2025-08-05,3,,salida,44059
16131,2025-08-05,3,12204.0,entrada,6483
16132,2025-08-05,4,12205.0,entrada,9515
16133,2025-08-05,2,12212.0,entrada,11650
16134,2025-08-05,2,12203.0,entrada,9422
16135,2025-08-05,3,12206.0,entrada,4732
16136,2025-08-05,3,12207.0,entrada,5550
16137,2025-08-05,1,12208.0,entrada,7846
16138,2025-08-05,2,12209.0,entrada,14606
16139,2025-08-05,4,12210.0,entrada,5031
16140,2025-08-06,2,12229.0,entrada,3687
16141,2025-08-06,2,12231.0,entrada,5327
16142,2025-08-06,1,12232.0,entrada,4575
16143,2025-08-06,2,12228.0,entrada,11109
16144,2025-08-06,3,,salida,89644
16145,2025-08-06,3,12093.0,merma,1113
16146,2025-08-06,1,12230.0,entrada,9728
16147,2025-08-06,1,12134.0,merma,1683
16148,2025-08-06,1,12219.0,entrada,7661
16149,2025-08-06,2,,salida,12785
16150,2025-08-06,2,12227.0,entrada,11291
16151,2025-08-06,4,12226.0,entrada,4815
16152,2025-08-06,4,12225.0,entrada,12014
16153,2025-08-06,3,12224.0,entrada,9523
16154,2025-08-06,1,12223.0,entrada,9172
16155,2025-08-06,3,12222.0,entrada,6028
16156,2025-08-06,2,12221.0,entrada,4154
16157,2025-08-06,3,12220.0,entrada,10962
16158,2025-08-06,4,12218.0,entrada,9683
16159,2025-08-06,4,12217.0,entrada,6546
16160,2025-08-06,2,,salida,30245
16161,2025-08-06,3,,salida,22192
16162,2025-08-06,1,,salida,15734
16163,2025-08-07,3,12246.0,entrada,3721
16164,2025-08-07,1,,salida,11422
16165,2025-08-07,1,,salida,58531
16166,2025-08-07,4,12244.0,entrada,11305
16167,2025-08-07,3,12245.0,entrada,3832
16168,2025-08-07,1,12243.0,entrada,4319
16169,2025-08-07,4,,salida,36780
16170,2025-08-07,2,12239.0,entrada,6221
16171,2025-08-07,3,12241.0,entrada,7601
16172,2025-08-07,2,12240.0,entrada,7681
16173,2025-08-07,4,12237.0,entrada,9936
16174,2025-08-07,4,12236.0,entrada,7404
16175,2025-08-07,4,12235.0,entrada,9371
16176,2025-08-07,3,12234.0,entrada,10827
16177,2025-08-07,4,12233.0,entrada,7570
16178,2025-08-07,2,12242.0,entrada,12814
16179,2025-08-07,3,12247.0,entrada,15776
16180,2025-08-07,2,12238.0,entrada,4081
16181,2025-08-07,4,12098.0,merma,365
16182,2025-08-07,4,12182.0,merma,422
16183,2025-08-07,1,12140.0,merma,217
16184,2025-08-08,3,12248.0,entrada,6892
16185,2025-08-08,4,12253.0,entrada,4363
16186,2025-08-08,2,12254.0,entrada,5289
16187,2025-08-08,3,12255.0,entrada,8253
16188,2025-08-08,3,12256.0,entrada,9681
16189,2025-08-08,4,12257.0,entrada,11947
16190,2025-08-08,3,12259.0,entrada,11715
16191,2025-08-08,3,12260.0,entrada,3476
16192,2025-08-08,1,12261.0,entrada,10621
16193,2025-08-08,1,12262.0,entrada,3503
16194,2025-08-08,2,,salida,37747
16195,2025-08-08,2,,salida,19592
16196,2025-08-08,3,12258.0,entrada,4884
16197,2025-08-08,2,12149.0,merma,168
16198,2025-08-08,1,,salida,38028
16199,2025-08-08,3,12181.0,merma,462
16200,2025-08-08,3,12249.0,entrada,12189
16201,2025-08-08,3,12215.0,merma,435
16202,2025-08-08,1,12250.0,entrada,7903
16203,2025-08-08,4,12251.0,entrada,6879
16204,2025-08-08,3,12252.0,entrada,9789
16205,2025-08-09,3,12277.0,entrada,16182
16206,2025-08-09,3,12271.0,entrada,13463
16207,2025-08-09,4,12272.0,entrada,4603
16208,2025-08-09,4,12273.0,entrada,8783
16209,2025-08-09,2,12274.0,entrada,11123
16210,2025-08-09,2,12276.0,entrada,9667
16211,2025-08-09,4,12270.0,entrada,9738
16212,2025-08-09,2,12152.0,merma,758
16213,2025-08-09,3,,salida,58135
16214,2025-08-09,3,,salida,61386
16215,2025-08-09,4,,salida,3161
16216,2025-08-09,2,12275.0,entrada,3185
16217,2025-08-09,2,12269.0,entrada,7958
16218,2025-08-09,4,12268.0,entrada,6888
16219,2025-08-09,2,12267.0,entrada,4278
16220,2025-08-09,3,12204.0,merma,597
16221,2025-08-09,3,12263.0,entrada,7345
16222,2025-08-09,3,,salida,9669
16223,2025-08-09,2,12265.0,entrada,9801
16224,2025-08-09,3,12266.0,entrada,10328
16225,2025-08-09,1,12264.0,entrada,12616
16226,2025-08-10,1,,salida,12957
16227,2025-08-10,1,,salida,150765
16228,2025-08-10,1,12289.0,entrada,2932
16229,2025-08-10,2,,salida,377
16230,2025-08-10,1,,salida,209
16231,2025-08-10,2,,salida,337850
16232,2025-08-10,2,12293.0,entrada,14333
16233,2025-08-10,2,12292.0,entrada,3763
16234,2025-08-10,3,12291.0,entrada,4416
16235,2025-08-10,2,12290.0,entrada,9570
16236,2025-08-10,1,,salida,7328
16237,2025-08-10,1,12287.0,entrada,9720
16238,2025-08-10,4,12286.0,entrada,5157
16239,2025-08-10,3,12285.0,entrada,7670
16240,2025-08-10,2,12284.0,entrada,6270
16241,2025-08-10,4,12283.0,entrada,4408
16242,2025-08-10,4,12282.0,entrada,10835
16243,2025-08-10,3,12281.0,entrada,6751
16244,2025-08-10,3,12280.0,entrada,8680
16245,2025-08-10,2,12279.0,entrada,11251
16246,2025-08-10,3,12278.0,entrada,5979
16247,2025-08-10,2,12241.0,merma,683
16248,2025-08-10,4,,salida,7571
16249,2025-08-10,3,12288.0,entrada,11622
16250,2025-08-10,2,12155.0,merma,585
16251,2025-08-11,1,,salida,3672
16252,2025-08-11,1,,salida,41610
16253,2025-08-11,2,,salida,16389
16254,2025-08-11,4,,salida,19902
16255,2025-08-11,1,12298.0,entrada,3971
16256,2025-08-11,3,12304.0,entrada,3676
16257,2025-08-11,4,12303.0,entrada,12611
16258,2025-08-11,4,12302.0,entrada,10734
16259,2025-08-11,3,12301.0,entrada,13193
16260,2025-08-11,3,12300.0,entrada,10012
16261,2025-08-11,3,12299.0,entrada,8822
16262,2025-08-11,1,12305.0,entrada,3535
16263,2025-08-11,2,12296.0,entrada,8952
16264,2025-08-11,2,12295.0,entrada,11134
16265,2025-08-11,2,12294.0,entrada,6930
16266,2025-08-11,1,,salida,5024
16267,2025-08-11,3,12297.0,entrada,7664
16268,2025-08-12,3,,salida,17864
16269,2025-08-12,2,,salida,39230
16270,2025-08-12,4,,salida,47780
16271,2025-08-12,3,12306.0,entrada,7268
16272,2025-08-12,3,12317.0,entrada,9356
16273,2025-08-12,1,12320.0,entrada,16559
16274,2025-08-12,4,12308.0,entrada,10881
16275,2025-08-12,4,12309.0,entrada,4832
16276,2025-08-12,3,12310.0,entrada,6876
16277,2025-08-12,2,12307.0,entrada,9977
16278,2025-08-12,1,12312.0,entrada,9927
16279,2025-08-12,1,12313.0,entrada,13187
16280,2025-08-12,3,12311.0,entrada,8685
16281,2025-08-12,3,12315.0,entrada,10705
16282,2025-08-12,3,12316.0,entrada,2905
16283,2025-08-12,4,12318.0,entrada,4989
16284,2025-08-12,2,12314.0,entrada,5513
16285,2025-08-12,2,12319.0,entrada,3820
16286,2025-08-13,4,12323.0,entrada,8091
16287,2025-08-13,3,,salida,4234
16288,2025-08-13,4,12321.0,entrada,6830
16289,2025-08-13,1,,salida,29538
16290,2025-08-13,3,,salida,10237
16291,2025-08-13,4,12322.0,entrada,10240
16292,2025-08-13,4,12324.0,entrada,11153
16293,2025-08-13,3,12336.0,entrada,16591
16294,2025-08-13,1,12334.0,entrada,5117
16295,2025-08-13,1,12333.0,entrada,9016
16296,2025-08-13,4,12332.0,entrada,3301
16297,2025-08-13,2,12331.0,entrada,11779
16298,2025-08-13,4,12330.0,entrada,10401
16299,2025-08-13,4,12329.0,entrada,5713
16300,2025-08-13,3,12335.0,entrada,3320
16301,2025-08-13,1,12328.0,entrada,14708
16302,2025-08-13,1,12327.0,entrada,9175
16303,2025-08-13,3,12326.0,entrada,5886
16304,2025-08-13,2,12325.0,entrada,4893
16305,2025-08-14,2,,salida,18296
16306,2025-08-14,1,,salida,7398
16307,2025-08-14,4,,salida,6490
16308,2025-08-14,1,,salida,2341
16309,2025-08-14,3,12343.0,entrada,6484
16310,2025-08-14,1,12344.0,entrada,7142
16311,2025-08-14,4,12342.0,entrada,3789
16312,2025-08-14,4,12345.0,entrada,8771
16313,2025-08-14,1,12346.0,entrada,14924
16314,2025-08-14,3,12347.0,entrada,10903
16315,2025-08-14,3,12348.0,entrada,11347
16316,2025-08-14,2,12349.0,entrada,3332
16317,2025-08-14,2,12350.0,entrada,11615
16318,2025-08-14,2,12351.0,entrada,4839
16319,2025-08-14,1,12341.0,entrada,9793
16320,2025-08-14,2,12340.0,entrada,7548
16321,2025-08-14,2,12339.0,entrada,8012
16322,2025-08-14,1,12338.0,entrada,10030
16323,2025-08-14,1,12337.0,entrada,7363
16324,2025-08-14,2,12352.0,entrada,3494
16325,2025-08-15,1,,salida,26283
16326,2025-08-15,3,12236.0,merma,438
16327,2025-08-15,2,,salida,12246
16328,2025-08-15,4,12233.0,merma,233
16329,2025-08-15,1,12363.0,entrada,10600
16330,2025-08-15,4,,salida,82117
16331,2025-08-15,3,12353.0,entrada,6504
16332,2025-08-15,4,12355.0,entrada,8599
16333,2025-08-15,4,12356.0,entrada,6484
16334,2025-08-15,1,12357.0,entrada,9368
16335,2025-08-15,2,12358.0,entrada,4839
16336,2025-08-15,2,12359.0,entrada,6145
16337,2025-08-15,3,12360.0,entrada,9037
16338,2025-08-15,3,12361.0,entrada,8392
16339,2025-08-15,1,12362.0,entrada,4435
16340,2025-08-15,1,,salida,4482
16341,2025-08-15,4,12364.0,entrada,11801
16342,2025-08-15,2,12366.0,entrada,10679
16343,2025-08-15,4,12367.0,entrada,4591
16344,2025-08-15,2,12368.0,entrada,3914
16345,2025-08-15,4,12369.0,entrada,16075
16346,2025-08-15,1,,salida,17896
16347,2025-08-15,2,,salida,6517
16348,2025-08-15,3,12365.0,entrada,3374
16349,2025-08-15,4,12354.0,entrada,10173
16350,2025-08-16,1,,salida,15775
16351,2025-08-16,1,,salida,5848
16352,2025-08-16,4,,salida,27613
16353,2025-08-16,4,12383.0,entrada,5146
16354,2025-08-16,4,12287.0,merma,691
16355,2025-08-16,4,12382.0,entrada,9990
16356,2025-08-16,1,12381.0,entrada,3403
16357,2025-08-16,4,12380.0,entrada,10813
16358,2025-08-16,2,12379.0,entrada,10692
16359,2025-08-16,3,12378.0,entrada,14502
16360,2025-08-16,2,12377.0,entrada,9073
16361,2025-08-16,4,12376.0,entrada,9997
16362,2025-08-16,2,12384.0,entrada,3172
16363,2025-08-16,3,12375.0,entrada,4197
16364,2025-08-16,2,12373.0,entrada,7776
16365,2025-08-16,4,12372.0,entrada,9769
16366,2025-08-16,1,12371.0,entrada,10561
16367,2025-08-16,2,12370.0,entrada,7550
16368,2025-08-16,2,12234.0,merma,1105
16369,2025-08-16,2,12374.0,entrada,10257
16370,2025-08-16,3,,salida,21331
16371,2025-08-17,3,,salida,23182
16372,2025-08-17,4,,salida,2941
16373,2025-08-17,4,12399.0,entrada,4375
16374,2025-08-17,1,12397.0,entrada,3430
16375,2025-08-17,3,12387.0,entrada,7924
16376,2025-08-17,1,12303.0,merma,920
16377,2025-08-17,3,12388.0,entrada,6067
16378,2025-08-17,2,12307.0,merma,943
16379,2025-08-17,3,12389.0,entrada,10294
16380,2025-08-17,2,12390.0,entrada,4796
16381,2025-08-17,2,12391.0,entrada,5816
16382,2025-08-17,4,12392.0,entrada,8027
16383,2025-08-17,1,12393.0,entrada,9515
16384,2025-08-17,2,12394.0,entrada,12564
16385,2025-08-17,4,12395.0,entrada,10049
16386,2025-08-17,4,12396.0,entrada,11512
16387,2025-08-17,2,12385.0,entrada,8033
16388,2025-08-17,4,12386.0,entrada,10301
16389,2025-08-17,4,12400.0,entrada,3957
16390,2025-08-17,4,12401.0,entrada,15245
16391,2025-08-17,3,,salida,33832
16392,2025-08-17,1,12342.0,merma,192
16393,2025-08-17,3,12398.0,entrada,10203
16394,2025-08-18,1,12411.0,entrada,2737
16395,2025-08-18,3,12402.0,entrada,6588
16396,2025-08-18,3,12403.0,entrada,6976
16397,2025-08-18,1,12404.0,entrada,7815
16398,2025-08-18,2,12405.0,entrada,9325
16399,2025-08-18,3,12406.0,entrada,7025
16400,2025-08-18,2,12407.0,entrada,9591
16401,2025-08-18,2,12408.0,entrada,15265
16402,2025-08-18,4,,salida,13914
16403,2025-08-18,4,12413.0,entrada,5460
16404,2025-08-18,3,12409.0,entrada,5071
16405,2025-08-18,3,,salida,6807
16406,2025-08-18,4,,salida,12330
16407,2025-08-18,4,,salida,17506
16408,2025-08-18,2,,salida,1327
16409,2025-08-18,2,12412.0,entrada,10619
16410,2025-08-18,4,12410.0,entrada,11422
16411,2025-08-18,3,12414.0,entrada,3096
16412,2025-08-18,2,12415.0,entrada,13380
16413,2025-08-19,4,12420.0,entrada,10063
16414,2025-08-19,2,12416.0,entrada,6543
16415,2025-08-19,1,12431.0,entrada,4798
16416,2025-08-19,2,12417.0,entrada,11346
16417,2025-08-19,1,12430.0,entrada,11001
16418,2025-08-19,4,12419.0,entrada,6708
16419,2025-08-19,1,12429.0,entrada,3397
16420,2025-08-19,3,12427.0,entrada,10225
16421,2025-08-19,4,12425.0,entrada,16112
16422,2025-08-19,4,12418.0,entrada,8694
16423,2025-08-19,1,12423.0,entrada,8153
16424,2025-08-19,2,12422.0,entrada,6013
16425,2025-08-19,2,12421.0,entrada,4498
16426,2025-08-19,4,12428.0,entrada,10556
16427,2025-08-19,1,12424.0,entrada,7500
16428,2025-08-19,4,12426.0,entrada,5599
16429,2025-08-19,2,12333.0,merma,426
16430,2025-08-19,3,,salida,199777
16431,2025-08-19,1,,salida,22303
16432,2025-08-19,3,,salida,244
16433,2025-08-20,4,,salida,25440
16434,2025-08-20,4,12434.0,entrada,9418
16435,2025-08-20,2,12433.0,entrada,9786
16436,2025-08-20,2,12432.0,entrada,7574
16437,2025-08-20,3,12437.0,entrada,6546
16438,2025-08-20,2,12438.0,entrada,7414
16439,2025-08-20,2,,salida,48259
16440,2025-08-20,1,12439.0,entrada,10024
16441,2025-08-20,3,12387.0,merma,310
16442,2025-08-20,1,12440.0,entrada,14322
16443,2025-08-20,3,12435.0,entrada,6780
16444,2025-08-20,2,12441.0,entrada,4840
16445,2025-08-20,3,12442.0,entrada,9463
16446,2025-08-20,3,12443.0,entrada,10197
16447,2025-08-20,4,12444.0,entrada,2788
16448,2025-08-20,4,12445.0,entrada,9589
16449,2025-08-20,4,12337.0,merma,666
16450,2025-08-20,4,12305.0,merma,115
16451,2025-08-20,3,12446.0,entrada,15207
16452,2025-08-20,3,,salida,6953
16453,2025-08-20,3,12436.0,entrada,4422
16454,2025-08-21,2,12451.0,entrada,4923
16455,2025-08-21,1,12452.0,entrada,5269
16456,2025-08-21,2,12453.0,entrada,8124
16457,2025-08-21,4,12455.0,entrada,4307
16458,2025-08-21,2,12456.0,entrada,10232
16459,2025-08-21,2,12457.0,entrada,3592
16460,2025-08-21,4,12458.0,entrada,10505
16461,2025-08-21,4,12459.0,entrada,5107
16462,2025-08-21,1,12460.0,entrada,15366
16463,2025-08-21,1,,salida,808
16464,2025-08-21,3,12450.0,entrada,5869
16465,2025-08-21,4,12449.0,entrada,9886
16466,2025-08-21,2,12454.0,entrada,11456
16467,2025-08-21,2,12447.0,entrada,7642
16468,2025-08-21,1,,salida,15245
16469,2025-08-21,2,,salida,25376
16470,2025-08-21,3,,salida,28180
16471,2025-08-21,3,12448.0,entrada,10910
16472,2025-08-21,3,,salida,1403
16473,2025-08-21,3,,salida,17481
16474,2025-08-21,2,,salida,43546
16475,2025-08-22,3,12475.0,entrada,16901
16476,2025-08-22,4,12380.0,merma,537
16477,2025-08-22,4,12474.0,entrada,9792
16478,2025-08-22,3,12468.0,entrada,8824
16479,2025-08-22,3,12472.0,entrada,10342
16480,2025-08-22,4,12471.0,entrada,10295
16481,2025-08-22,2,12470.0,entrada,4755
16482,2025-08-22,2,12469.0,entrada,13135
16483,2025-08-22,3,12467.0,entrada,9026
16484,2025-08-22,4,12473.0,entrada,3242
16485,2025-08-22,3,12465.0,entrada,4043
16486,2025-08-22,3,,salida,77659
16487,2025-08-22,4,12466.0,entrada,6784
16488,2025-08-22,4,,salida,17989
16489,2025-08-22,4,,salida,2833
16490,2025-08-22,3,,salida,25166
16491,2025-08-22,3,12461.0,entrada,6501
16492,2025-08-22,2,12462.0,entrada,8686
16493,2025-08-22,1,12464.0,entrada,10618
16494,2025-08-22,4,12463.0,entrada,6662
16495,2025-08-22,2,,salida,180520
16496,2025-08-23,4,12372.0,merma,860
16497,2025-08-23,1,12492.0,entrada,14852
16498,2025-08-23,2,12491.0,entrada,3707
16499,2025-08-23,3,12490.0,entrada,4338
16500,2025-08-23,4,12489.0,entrada,10052
16501,2025-08-23,1,12488.0,entrada,2807
16502,2025-08-23,2,12487.0,entrada,11954
16503,2025-08-23,2,12485.0,entrada,5763
16504,2025-08-23,2,12484.0,entrada,14423
16505,2025-08-23,2,12483.0,entrada,9724
16506,2025-08-23,1,12481.0,entrada,6721
16507,2025-08-23,3,12480.0,entrada,4706
16508,2025-08-23,3,12479.0,entrada,10444
16509,2025-08-23,3,12478.0,entrada,6339
16510,2025-08-23,3,12477.0,entrada,8723
16511,2025-08-23,4,12476.0,entrada,9918
16512,2025-08-23,3,12486.0,entrada,11432
16513,2025-08-23,3,12482.0,entrada,7770
16514,2025-08-23,1,12351.0,merma,403
16515,2025-08-23,2,,salida,3916
16516,2025-08-23,2,,salida,13222
16517,2025-08-24,4,12493.0,entrada,6632
16518,2025-08-24,3,12506.0,entrada,3617
16519,2025-08-24,4,12505.0,entrada,5211
16520,2025-08-24,3,12504.0,entrada,10337
16521,2025-08-24,3,12503.0,entrada,3172
16522,2025-08-24,3,12502.0,entrada,10128
16523,2025-08-24,3,12501.0,entrada,4459
16524,2025-08-24,4,12499.0,entrada,10210
16525,2025-08-24,1,12494.0,entrada,9853
16526,2025-08-24,2,12498.0,entrada,7928
16527,2025-08-24,4,12497.0,entrada,6247
16528,2025-08-24,1,12496.0,entrada,9792
16529,2025-08-24,2,12495.0,entrada,6578
16530,2025-08-24,1,,salida,28950
16531,2025-08-24,1,12500.0,entrada,13285
16532,2025-08-24,4,12507.0,entrada,15105
16533,2025-08-25,2,12518.0,entrada,5063
16534,2025-08-25,3,12509.0,entrada,10460
16535,2025-08-25,3,12511.0,entrada,6838
16536,2025-08-25,3,12512.0,entrada,9786
16537,2025-08-25,3,12513.0,entrada,4745
16538,2025-08-25,4,12514.0,entrada,6086
16539,2025-08-25,1,12515.0,entrada,8723
16540,2025-08-25,3,12516.0,entrada,7060
16541,2025-08-25,1,12519.0,entrada,10432
16542,2025-08-25,4,12520.0,entrada,11139
16543,2025-08-25,2,12521.0,entrada,3238
16544,2025-08-25,3,12522.0,entrada,10201
16545,2025-08-25,2,12523.0,entrada,5008
16546,2025-08-25,2,12524.0,entrada,15443
16547,2025-08-25,2,12508.0,entrada,6055
16548,2025-08-25,4,12510.0,entrada,7671
16549,2025-08-25,3,12517.0,entrada,15148
16550,2025-08-25,1,,salida,36485
16551,2025-08-25,4,,salida,8981
16552,2025-08-25,1,,salida,14142
16553,2025-08-25,4,12447.0,merma,675
16554,2025-08-25,3,12423.0,merma,251
16555,2025-08-25,1,,salida,6952
16556,2025-08-25,1,,salida,12166
16557,2025-08-26,3,12525.0,entrada,6286
16558,2025-08-26,1,12527.0,entrada,8740
16559,2025-08-26,2,12528.0,entrada,7444
16560,2025-08-26,3,12529.0,entrada,9227
16561,2025-08-26,4,12530.0,entrada,6397
16562,2025-08-26,2,12531.0,entrada,8330
16563,2025-08-26,4,,salida,4965
16564,2025-08-26,4,,salida,26424
16565,2025-08-26,2,12533.0,entrada,9532
16566,2025-08-26,1,12526.0,entrada,11648
16567,2025-08-26,2,,salida,8293
16568,2025-08-26,4,12532.0,entrada,14396
16569,2025-08-26,4,12537.0,entrada,13147
16570,2025-08-26,2,12534.0,entrada,3716
16571,2025-08-26,3,12535.0,entrada,10807
16572,2025-08-26,3,12536.0,entrada,4641
16573,2025-08-26,2,,salida,27219
16574,2025-08-27,3,12551.0,entrada,15088
16575,2025-08-27,4,12550.0,entrada,3731
16576,2025-08-27,2,12549.0,entrada,4596
16577,2025-08-27,4,12538.0,entrada,6240
16578,2025-08-27,3,12408.0,merma,497
16579,2025-08-27,1,12539.0,entrada,12382
16580,2025-08-27,3,12540.0,entrada,9157
16581,2025-08-27,2,12545.0,entrada,4855
16582,2025-08-27,2,12542.0,entrada,7334
16583,2025-08-27,1,,salida,8355
16584,2025-08-27,1,12543.0,entrada,8061
16585,2025-08-27,3,12544.0,entrada,12972
16586,2025-08-27,2,12548.0,entrada,3446
16587,2025-08-27,1,12547.0,entrada,11791
16588,2025-08-27,1,12546.0,entrada,11255
16589,2025-08-27,2,12541.0,entrada,4298
16590,2025-08-28,3,12563.0,entrada,8975
16591,2025-08-28,1,12562.0,entrada,3486
16592,2025-08-28,4,12561.0,entrada,11059
16593,2025-08-28,3,12560.0,entrada,4883
16594,2025-08-28,4,12559.0,entrada,13784
16595,2025-08-28,2,12558.0,entrada,9463
16596,2025-08-28,3,12557.0,entrada,5325
16597,2025-08-28,1,12556.0,entrada,4832
16598,2025-08-28,4,12552.0,entrada,9652
16599,2025-08-28,2,12554.0,entrada,7084
16600,2025-08-28,1,12553.0,entrada,9344
16601,2025-08-28,4,,salida,57760
16602,2025-08-28,4,,salida,799
16603,2025-08-28,4,,salida,13849
16604,2025-08-28,4,12564.0,entrada,3336
16605,2025-08-28,1,12421.0,merma,532
16606,2025-08-28,3,,salida,1732
16607,2025-08-28,4,12555.0,entrada,10217
16608,2025-08-28,3,12565.0,entrada,12350
16609,2025-08-29,2,12578.0,entrada,3714
16610,2025-08-29,3,12567.0,entrada,11130
16611,2025-08-29,4,,salida,26986
16612,2025-08-29,4,,salida,24536
16613,2025-08-29,3,,salida,45621
16614,2025-08-29,3,,salida,37926
16615,2025-08-29,2,,salida,10219
16616,2025-08-29,1,12566.0,entrada,6766
16617,2025-08-29,4,12581.0,entrada,14694
16618,2025-08-29,1,12580.0,entrada,3714
16619,2025-08-29,1,12577.0,entrada,10505
16620,2025-08-29,2,12579.0,entrada,9097
16621,2025-08-29,2,12575.0,entrada,12766
16622,2025-08-29,1,12574.0,entrada,9193
16623,2025-08-29,1,12573.0,entrada,8648
16624,2025-08-29,4,12572.0,entrada,6587
16625,2025-08-29,4,12571.0,entrada,4450
16626,2025-08-29,2,12570.0,entrada,10022
16627,2025-08-29,1,12569.0,entrada,6308
16628,2025-08-29,4,12568.0,entrada,8652
16629,2025-08-29,4,12576.0,entrada,5092
16630,2025-08-29,2,,salida,5635
16631,2025-08-30,2,,salida,9054
16632,2025-08-30,1,,salida,11616
16633,2025-08-30,2,,salida,33888
16634,2025-08-30,1,,salida,18498
16635,2025-08-30,2,,salida,36254
16636,2025-08-30,1,,salida,12699
16637,2025-08-30,1,,salida,117510
16638,2025-08-30,1,,salida,55329
16639,2025-08-30,4,,salida,42167
16640,2025-08-30,4,,salida,94
16641,2025-08-30,2,,salida,280
16642,2025-08-30,4,12589.0,entrada,13548
16643,2025-08-30,3,12583.0,entrada,6427
16644,2025-08-30,3,12582.0,entrada,6912
16645,2025-08-30,2,12464.0,merma,908
16646,2025-08-30,2,12596.0,entrada,16471
16647,2025-08-30,3,12595.0,entrada,5563
16648,2025-08-30,4,12457.0,merma,204
16649,2025-08-30,4,12593.0,entrada,3367
16650,2025-08-30,3,12592.0,entrada,11509
16651,2025-08-30,2,12594.0,entrada,9904
16652,2025-08-30,2,12590.0,entrada,4835
16653,2025-08-30,2,12588.0,entrada,9563
16654,2025-08-30,1,12587.0,entrada,8040
16655,2025-08-30,3,12586.0,entrada,5747
16656,2025-08-30,3,12585.0,entrada,4931
16657,2025-08-30,2,12584.0,entrada,9448
16658,2025-08-30,1,12591.0,entrada,11844
16659,2025-08-31,1,,salida,14742
16660,2025-08-31,3,12606.0,entrada,11021
16661,2025-08-31,3,12473.0,merma,307
16662,2025-08-31,1,,salida,3360
16663,2025-08-31,2,12608.0,entrada,15968
16664,2025-08-31,1,12607.0,entrada,3453
16665,2025-08-31,3,12605.0,entrada,13139
16666,2025-08-31,3,12601.0,entrada,4485
16667,2025-08-31,4,12603.0,entrada,8482
16668,2025-08-31,4,12602.0,entrada,6189
16669,2025-08-31,2,12600.0,entrada,7909
16670,2025-08-31,2,12599.0,entrada,7224
16671,2025-08-31,2,12598.0,entrada,10614
16672,2025-08-31,4,12597.0,entrada,7627
16673,2025-08-31,2,,salida,31750
16674,2025-08-31,3,12604.0,entrada,8737
16675,2025-09-01,3,12511.0,merma,404
16676,2025-09-01,2,12563.0,merma,1017
16677,2025-09-01,1,12621.0,entrada,3739
16678,2025-09-01,3,12620.0,entrada,5066
16679,2025-09-01,4,,salida,7354
16680,2025-09-01,4,12619.0,entrada,9511
16681,2025-09-01,1,,salida,12670
16682,2025-09-01,3,,salida,6050
16683,2025-09-01,2,12611.0,entrada,6507
16684,2025-09-01,4,12614.0,entrada,7710
16685,2025-09-01,3,12618.0,entrada,11219
16686,2025-09-01,4,12617.0,entrada,9211
16687,2025-09-01,2,12609.0,entrada,6243
16688,2025-09-01,2,12616.0,entrada,15041
16689,2025-09-01,4,12615.0,entrada,7736
16690,2025-09-01,4,12610.0,entrada,12970
16691,2025-09-01,3,12613.0,entrada,4349
16692,2025-09-01,1,12612.0,entrada,9330
16693,2025-09-01,1,12622.0,entrada,14682
16694,2025-09-02,1,,salida,3823
16695,2025-09-02,3,,salida,1939
16696,2025-09-02,4,,salida,13508
16697,2025-09-02,3,,salida,10684
16698,2025-09-02,4,,salida,32670
16699,2025-09-02,2,,salida,1268
16700,2025-09-02,3,,salida,53341
16701,2025-09-02,3,12623.0,entrada,7319
16702,2025-09-02,1,12632.0,entrada,16076
16703,2025-09-02,2,12639.0,entrada,15466
16704,2025-09-02,2,12636.0,entrada,10036
16705,2025-09-02,1,12635.0,entrada,13452
16706,2025-09-02,1,12634.0,entrada,9091
16707,2025-09-02,1,12633.0,entrada,5498
16708,2025-09-02,2,12624.0,entrada,9418
16709,2025-09-02,4,,salida,13574
16710,2025-09-02,4,12631.0,entrada,8772
16711,2025-09-02,1,12637.0,entrada,4802
16712,2025-09-02,1,12638.0,entrada,3737
16713,2025-09-02,1,12629.0,entrada,5987
16714,2025-09-02,1,12628.0,entrada,4957
16715,2025-09-02,4,12627.0,entrada,9856
16716,2025-09-02,2,12626.0,entrada,7830
16717,2025-09-02,4,12625.0,entrada,9347
16718,2025-09-02,1,12630.0,entrada,9186
16719,2025-09-03,3,,salida,1527
16720,2025-09-03,2,,salida,2021
16721,2025-09-03,1,12643.0,entrada,6780
16722,2025-09-03,1,,salida,9965
16723,2025-09-03,3,,salida,40000
16724,2025-09-03,3,12642.0,entrada,8311
16725,2025-09-03,2,12575.0,merma,645
16726,2025-09-03,4,,salida,2680
16727,2025-09-03,1,,salida,74521
16728,2025-09-03,2,12640.0,entrada,6669
16729,2025-09-03,1,12652.0,entrada,9768
16730,2025-09-03,1,12645.0,entrada,7905
16731,2025-09-03,4,12641.0,entrada,10922
16732,2025-09-03,1,12644.0,entrada,4312
16733,2025-09-03,4,12646.0,entrada,9396
16734,2025-09-03,1,12647.0,entrada,12175
16735,2025-09-03,3,12648.0,entrada,5415
16736,2025-09-03,2,12649.0,entrada,10536
16737,2025-09-03,4,12650.0,entrada,12150
16738,2025-09-03,2,12651.0,entrada,3793
16739,2025-09-03,1,12653.0,entrada,4037
16740,2025-09-03,1,12654.0,entrada,14090
16741,2025-09-04,3,12663.0,entrada,9839
16742,2025-09-04,2,12664.0,entrada,11634
16743,2025-09-04,2,12665.0,entrada,4735
16744,2025-09-04,2,12669.0,entrada,5185
16745,2025-09-04,3,12667.0,entrada,3007
16746,2025-09-04,1,12668.0,entrada,9754
16747,2025-09-04,1,12662.0,entrada,9080
16748,2025-09-04,4,12666.0,entrada,13676
16749,2025-09-04,1,12661.0,entrada,5637
16750,2025-09-04,3,12671.0,entrada,15413
16751,2025-09-04,1,12659.0,entrada,10696
16752,2025-09-04,2,12658.0,entrada,6915
16753,2025-09-04,4,12564.0,merma,145
16754,2025-09-04,4,,salida,6004
16755,2025-09-04,4,12657.0,entrada,9063
16756,2025-09-04,2,12670.0,entrada,3216
16757,2025-09-04,3,12656.0,entrada,11106
16758,2025-09-04,3,12655.0,entrada,6758
16759,2025-09-04,1,12660.0,entrada,3981
16760,2025-09-05,1,12609.0,merma,574
16761,2025-09-05,4,12684.0,entrada,10352
16762,2025-09-05,2,,salida,15774
16763,2025-09-05,2,12686.0,entrada,19030
16764,2025-09-05,3,12685.0,entrada,3668
16765,2025-09-05,1,12683.0,entrada,3642
16766,2025-09-05,2,,salida,14723
16767,2025-09-05,3,12682.0,entrada,10957
16768,2025-09-05,4,12681.0,entrada,4556
16769,2025-09-05,4,12672.0,entrada,7151
16770,2025-09-05,4,12680.0,entrada,13479
16771,2025-09-05,1,12678.0,entrada,8172
16772,2025-09-05,4,12677.0,entrada,6709
16773,2025-09-05,2,12676.0,entrada,4302
16774,2025-09-05,4,12675.0,entrada,10988
16775,2025-09-05,1,12674.0,entrada,9342
16776,2025-09-05,4,12673.0,entrada,11635
16777,2025-09-05,2,12679.0,entrada,8247
16778,2025-09-06,4,12700.0,entrada,3466
16779,2025-09-06,1,12699.0,entrada,11350
16780,2025-09-06,2,12693.0,entrada,8463
16781,2025-09-06,1,12697.0,entrada,11333
16782,2025-09-06,4,12696.0,entrada,10626
16783,2025-09-06,3,12692.0,entrada,5309
16784,2025-09-06,2,12698.0,entrada,2981
16785,2025-09-06,3,12695.0,entrada,12079
16786,2025-09-06,3,12687.0,entrada,10789
16787,2025-09-06,4,12690.0,entrada,11682
16788,2025-09-06,4,12689.0,entrada,7618
16789,2025-09-06,3,12701.0,entrada,17692
16790,2025-09-06,3,12688.0,entrada,8773
16791,2025-09-06,1,12627.0,merma,374
16792,2025-09-06,4,12580.0,merma,349
16793,2025-09-06,4,12561.0,merma,1157
16794,2025-09-06,4,12691.0,entrada,4710
16795,2025-09-06,1,12694.0,entrada,9848
16796,2025-09-06,2,12647.0,merma,1284
16797,2025-09-06,2,,salida,38097
16798,2025-09-06,2,,salida,13256
16799,2025-09-06,3,,salida,31118
16800,2025-09-06,1,,salida,11057
16801,2025-09-07,4,12703.0,entrada,10969
16802,2025-09-07,1,12714.0,entrada,10578
16803,2025-09-07,2,12712.0,entrada,10730
16804,2025-09-07,4,12711.0,entrada,5698
16805,2025-09-07,2,12710.0,entrada,8628
16806,2025-09-07,2,12709.0,entrada,7998
16807,2025-09-07,3,12708.0,entrada,6467
16808,2025-09-07,4,12705.0,entrada,6853
16809,2025-09-07,3,12706.0,entrada,10619
16810,2025-09-07,1,12715.0,entrada,4452
16811,2025-09-07,3,12704.0,entrada,9143
16812,2025-09-07,3,12702.0,entrada,6993
16813,2025-09-07,3,,salida,19771
16814,2025-09-07,1,,salida,8568
16815,2025-09-07,3,12707.0,entrada,4988
16816,2025-09-07,2,12716.0,entrada,3947
16817,2025-09-07,4,12713.0,entrada,3556
16818,2025-09-07,1,12717.0,entrada,15481
16819,2025-09-08,1,12718.0,entrada,6875
16820,2025-09-08,4,,salida,12362
16821,2025-09-08,4,12732.0,entrada,3913
16822,2025-09-08,4,12731.0,entrada,5494
16823,2025-09-08,2,12730.0,entrada,9550
16824,2025-09-08,3,12728.0,entrada,5324
16825,2025-09-08,1,12727.0,entrada,14573
16826,2025-09-08,2,12726.0,entrada,9364
16827,2025-09-08,1,12729.0,entrada,3898
16828,2025-09-08,4,12724.0,entrada,6037
16829,2025-09-08,1,12725.0,entrada,7651
16830,2025-09-08,3,12719.0,entrada,10370
16831,2025-09-08,3,12720.0,entrada,8325
16832,2025-09-08,2,12660.0,merma,468
16833,2025-09-08,1,12722.0,entrada,9344
16834,2025-09-08,4,12723.0,entrada,4528
16835,2025-09-08,4,12721.0,entrada,6699
16836,2025-09-09,4,12745.0,entrada,12454
16837,2025-09-09,4,12739.0,entrada,7166
16838,2025-09-09,4,12746.0,entrada,4190
16839,2025-09-09,3,12744.0,entrada,13147
16840,2025-09-09,4,12747.0,entrada,14208
16841,2025-09-09,4,12736.0,entrada,6883
16842,2025-09-09,1,12743.0,entrada,12065
16843,2025-09-09,1,12742.0,entrada,5348
16844,2025-09-09,4,12741.0,entrada,15392
16845,2025-09-09,2,12740.0,entrada,8729
16846,2025-09-09,1,12738.0,entrada,5618
16847,2025-09-09,3,12737.0,entrada,9996
16848,2025-09-09,3,12733.0,entrada,7052
16849,2025-09-09,1,,salida,18364
16850,2025-09-09,2,,salida,22385
16851,2025-09-09,2,,salida,5554
16852,2025-09-09,3,12735.0,entrada,8871
16853,2025-09-09,3,,salida,23873
16854,2025-09-09,1,,salida,25328
16855,2025-09-09,3,12734.0,entrada,10935
16856,2025-09-10,1,12753.0,entrada,4000
16857,2025-09-10,1,12751.0,entrada,7101
16858,2025-09-10,1,12750.0,entrada,9460
16859,2025-09-10,2,,salida,102
16860,2025-09-10,2,12748.0,entrada,6942
16861,2025-09-10,1,12754.0,entrada,9233
16862,2025-09-10,2,,salida,8402
16863,2025-09-10,4,,salida,39827
16864,2025-09-10,3,12749.0,entrada,10411
16865,2025-09-10,3,12755.0,entrada,13971
16866,2025-09-10,3,12752.0,entrada,10457
16867,2025-09-10,4,12757.0,entrada,12998
16868,2025-09-10,2,12758.0,entrada,10934
16869,2025-09-10,3,12759.0,entrada,3323
16870,2025-09-10,2,12760.0,entrada,4495
16871,2025-09-10,1,12761.0,entrada,3482
16872,2025-09-10,1,12762.0,entrada,14427
16873,2025-09-10,1,12756.0,entrada,5423
16874,2025-09-11,1,,salida,24166
16875,2025-09-11,1,12777.0,entrada,15863
16876,2025-09-11,3,12776.0,entrada,3951
16877,2025-09-11,1,,salida,31362
16878,2025-09-11,3,,salida,23776
16879,2025-09-11,1,12775.0,entrada,4792
16880,2025-09-11,2,12774.0,entrada,9735
16881,2025-09-11,3,12773.0,entrada,3559
16882,2025-09-11,2,12771.0,entrada,5233
16883,2025-09-11,4,12772.0,entrada,10354
16884,2025-09-11,3,12766.0,entrada,4329
16885,2025-09-11,3,12770.0,entrada,13537
16886,2025-09-11,3,12769.0,entrada,9749
16887,2025-09-11,3,12768.0,entrada,8112
16888,2025-09-11,3,12767.0,entrada,5427
16889,2025-09-11,4,12763.0,entrada,8118
16890,2025-09-11,1,12765.0,entrada,7407
16891,2025-09-11,3,12764.0,entrada,9133
16892,2025-09-12,3,12785.0,entrada,8469
16893,2025-09-12,2,12793.0,entrada,14769
16894,2025-09-12,2,12787.0,entrada,11573
16895,2025-09-12,4,12784.0,entrada,6219
16896,2025-09-12,2,12792.0,entrada,3238
16897,2025-09-12,2,12789.0,entrada,3304
16898,2025-09-12,4,12790.0,entrada,11359
16899,2025-09-12,4,12791.0,entrada,4279
16900,2025-09-12,1,12788.0,entrada,10889
16901,2025-09-12,1,12783.0,entrada,4384
16902,2025-09-12,1,12786.0,entrada,8207
16903,2025-09-12,2,12781.0,entrada,6916
16904,2025-09-12,2,12780.0,entrada,8597
16905,2025-09-12,2,12779.0,entrada,10388
16906,2025-09-12,3,12778.0,entrada,6439
16907,2025-09-12,4,,salida,55903
16908,2025-09-12,4,12782.0,entrada,9065
16909,2025-09-13,1,12809.0,entrada,16531
16910,2025-09-13,4,12808.0,entrada,3178
16911,2025-09-13,4,12807.0,entrada,5324
16912,2025-09-13,2,12806.0,entrada,9823
16913,2025-09-13,3,12803.0,entrada,5331
16914,2025-09-13,4,12802.0,entrada,13778
16915,2025-09-13,1,12801.0,entrada,8605
16916,2025-09-13,1,12800.0,entrada,9001
16917,2025-09-13,2,12799.0,entrada,5493
16918,2025-09-13,2,12804.0,entrada,10673
16919,2025-09-13,3,12797.0,entrada,7256
16920,2025-09-13,4,12798.0,entrada,4447
16921,2025-09-13,3,,salida,40879
16922,2025-09-13,4,,salida,24388
16923,2025-09-13,3,,salida,142270
16924,2025-09-13,1,12805.0,entrada,10449
16925,2025-09-13,1,,salida,22321
16926,2025-09-13,3,12794.0,entrada,6497
16927,2025-09-13,4,12795.0,entrada,11028
16928,2025-09-13,4,12796.0,entrada,9182
16929,2025-09-13,4,,salida,13996
16930,2025-09-14,4,12825.0,entrada,17352
16931,2025-09-14,4,12824.0,entrada,3313
16932,2025-09-14,4,12823.0,entrada,5224
16933,2025-09-14,3,12822.0,entrada,3445
16934,2025-09-14,2,12821.0,entrada,11099
16935,2025-09-14,4,12820.0,entrada,10370
16936,2025-09-14,2,12816.0,entrada,6428
16937,2025-09-14,1,12817.0,entrada,8031
16938,2025-09-14,2,12815.0,entrada,4518
16939,2025-09-14,4,12814.0,entrada,10353
16940,2025-09-14,4,12812.0,entrada,9536
16941,2025-09-14,3,12811.0,entrada,10680
16942,2025-09-14,4,12810.0,entrada,6447
16943,2025-09-14,1,12818.0,entrada,9235
16944,2025-09-14,4,12813.0,entrada,7820
16945,2025-09-14,1,12819.0,entrada,4842
16946,2025-09-14,3,,salida,912
16947,2025-09-14,3,12747.0,merma,935
16948,2025-09-14,4,12744.0,merma,882
16949,2025-09-14,1,12704.0,merma,338
16950,2025-09-14,1,,salida,97927
16951,2025-09-14,2,,salida,1638
16952,2025-09-15,4,12833.0,entrada,10848
16953,2025-09-15,2,12770.0,merma,1145
16954,2025-09-15,1,12827.0,entrada,11669
16955,2025-09-15,3,12826.0,entrada,6483
16956,2025-09-15,3,12723.0,merma,335
16957,2025-09-15,3,12830.0,entrada,10890
16958,2025-09-15,3,12696.0,merma,848
16959,2025-09-15,4,12842.0,entrada,15826
16960,2025-09-15,4,12832.0,entrada,7740
16961,2025-09-15,2,12841.0,entrada,3680
16962,2025-09-15,4,12839.0,entrada,9495
16963,2025-09-15,3,12828.0,entrada,7541
16964,2025-09-15,2,12837.0,entrada,11353
16965,2025-09-15,3,12836.0,entrada,9885
16966,2025-09-15,2,12831.0,entrada,4736
16967,2025-09-15,1,12835.0,entrada,4490
16968,2025-09-15,4,12834.0,entrada,14452
16969,2025-09-15,2,12840.0,entrada,4664
16970,2025-09-15,3,12838.0,entrada,3306
16971,2025-09-15,1,12829.0,entrada,7125
16972,2025-09-15,1,,salida,5032
16973,2025-09-15,2,,salida,7403
16974,2025-09-15,4,,salida,2710
16975,2025-09-15,1,,salida,26232
16976,2025-09-15,4,,salida,3759
16977,2025-09-15,3,,salida,35466
16978,2025-09-15,4,,salida,1896
16979,2025-09-15,2,,salida,14558
16980,2025-09-15,4,,salida,456
16981,2025-09-15,3,,salida,5880
16982,2025-09-16,2,12851.0,entrada,12254
16983,2025-09-16,4,12848.0,entrada,8472
16984,2025-09-16,1,12852.0,entrada,11374
16985,2025-09-16,2,12849.0,entrada,5356
16986,2025-09-16,1,12850.0,entrada,9671
16987,2025-09-16,2,12847.0,entrada,7367
16988,2025-09-16,2,,salida,8917
16989,2025-09-16,2,,salida,85920
16990,2025-09-16,3,12843.0,entrada,9856
16991,2025-09-16,3,12845.0,entrada,10123
16992,2025-09-16,4,12844.0,entrada,7086
16993,2025-09-16,4,12854.0,entrada,15541
16994,2025-09-16,1,,salida,1234
16995,2025-09-16,3,,salida,36052
16996,2025-09-16,1,,salida,32734
16997,2025-09-16,3,,salida,26510
16998,2025-09-16,2,12846.0,entrada,5975
16999,2025-09-16,2,12853.0,entrada,5389
17000,2025-09-17,4,,salida,90951
17001,2025-09-17,4,12782.0,merma,675
17002,2025-09-17,1,,salida,17691
17003,2025-09-17,3,,salida,6857
17004,2025-09-17,2,12864.0,entrada,5564
17005,2025-09-17,4,,salida,50469
17006,2025-09-17,3,,salida,13920
17007,2025-09-17,4,12869.0,entrada,13343
17008,2025-09-17,4,12855.0,entrada,7430
17009,2025-09-17,1,12868.0,entrada,2811
17010,2025-09-17,4,12867.0,entrada,3140
17011,2025-09-17,1,12866.0,entrada,11822
17012,2025-09-17,4,12865.0,entrada,9628
17013,2025-09-17,2,,salida,86773
17014,2025-09-17,3,12863.0,entrada,10585
17015,2025-09-17,2,12861.0,entrada,6345
17016,2025-09-17,4,12860.0,entrada,4538
17017,2025-09-17,2,12859.0,entrada,9518
17018,2025-09-17,2,12858.0,entrada,6074
17019,2025-09-17,4,12857.0,entrada,8777
17020,2025-09-17,1,12856.0,entrada,9187
17021,2025-09-17,3,12862.0,entrada,8648
17022,2025-09-18,2,12876.0,entrada,10559
17023,2025-09-18,1,12878.0,entrada,4610
17024,2025-09-18,2,12881.0,entrada,3223
17025,2025-09-18,3,12877.0,entrada,12123
17026,2025-09-18,1,12875.0,entrada,9250
17027,2025-09-18,2,12880.0,entrada,11031
17028,2025-09-18,1,12873.0,entrada,5459
17029,2025-09-18,4,12872.0,entrada,9327
17030,2025-09-18,3,12871.0,entrada,11786
17031,2025-09-18,2,12870.0,entrada,7556
17032,2025-09-18,4,12884.0,entrada,4080
17033,2025-09-18,4,12883.0,entrada,4845
17034,2025-09-18,2,12882.0,entrada,11260
17035,2025-09-18,3,12874.0,entrada,10819
17036,2025-09-18,3,12885.0,entrada,16338
17037,2025-09-18,4,12879.0,entrada,10933
17038,2025-09-18,3,,salida,6380
17039,2025-09-18,2,,salida,2965
17040,2025-09-18,3,,salida,13534
17041,2025-09-18,4,,salida,3217
17042,2025-09-18,1,,salida,6493
17043,2025-09-18,1,12804.0,merma,934
17044,2025-09-18,3,,salida,44909
17045,2025-09-18,1,,salida,5134
17046,2025-09-19,1,12896.0,entrada,10150
17047,2025-09-19,1,12825.0,merma,849
17048,2025-09-19,3,12897.0,entrada,11289
17049,2025-09-19,2,12891.0,entrada,6170
17050,2025-09-19,2,12899.0,entrada,4713
17051,2025-09-19,4,12900.0,entrada,3729
17052,2025-09-19,2,12901.0,entrada,14006
17053,2025-09-19,3,12898.0,entrada,3298
17054,2025-09-19,4,12895.0,entrada,5396
17055,2025-09-19,3,12893.0,entrada,9029
17056,2025-09-19,1,12890.0,entrada,10740
17057,2025-09-19,2,12892.0,entrada,9172
17058,2025-09-19,2,,salida,52699
17059,2025-09-19,4,12886.0,entrada,6475
17060,2025-09-19,3,12887.0,entrada,9929
17061,2025-09-19,2,12888.0,entrada,9884
17062,2025-09-19,3,12889.0,entrada,7129
17063,2025-09-19,2,12894.0,entrada,11229
17064,2025-09-20,1,,salida,22692
17065,2025-09-20,4,,salida,3528
17066,2025-09-20,3,,salida,33133
17067,2025-09-20,2,12902.0,entrada,6333
17068,2025-09-20,3,12903.0,entrada,10145
17069,2025-09-20,2,12904.0,entrada,8030
17070,2025-09-20,3,12915.0,entrada,14900
17071,2025-09-20,2,12907.0,entrada,5448
17072,2025-09-20,1,12905.0,entrada,11000
17073,2025-09-20,1,12914.0,entrada,3227
17074,2025-09-20,3,12812.0,merma,639
17075,2025-09-20,1,12913.0,entrada,5773
17076,2025-09-20,2,12912.0,entrada,9281
17077,2025-09-20,2,12906.0,entrada,4447
17078,2025-09-20,3,12911.0,entrada,8406
17079,2025-09-20,4,12910.0,entrada,5744
17080,2025-09-20,2,12909.0,entrada,12530
17081,2025-09-20,3,12908.0,entrada,8801
17082,2025-09-20,2,12846.0,merma,618
17083,2025-09-21,4,12933.0,entrada,16599
17084,2025-09-21,1,12932.0,entrada,3720
17085,2025-09-21,2,12931.0,entrada,5171
17086,2025-09-21,4,12930.0,entrada,11248
17087,2025-09-21,4,12929.0,entrada,3214
17088,2025-09-21,3,12928.0,entrada,10576
17089,2025-09-21,2,12927.0,entrada,10967
17090,2025-09-21,4,12923.0,entrada,8753
17091,2025-09-21,2,12924.0,entrada,8596
17092,2025-09-21,4,12922.0,entrada,6512
17093,2025-09-21,4,12921.0,entrada,4436
17094,2025-09-21,2,12919.0,entrada,6629
17095,2025-09-21,4,12918.0,entrada,8508
17096,2025-09-21,2,12917.0,entrada,10195
17097,2025-09-21,3,12916.0,entrada,7041
17098,2025-09-21,3,12926.0,entrada,5062
17099,2025-09-21,1,12920.0,entrada,10195
17100,2025-09-21,1,12925.0,entrada,12022
17101,2025-09-21,4,12839.0,merma,1093
17102,2025-09-21,2,,salida,44560
17103,2025-09-21,3,,salida,10697
17104,2025-09-21,3,12853.0,merma,294
17105,2025-09-21,1,,salida,21208
17106,2025-09-22,1,,salida,16619
17107,2025-09-22,3,12934.0,entrada,11882
17108,2025-09-22,3,12935.0,entrada,8812
17109,2025-09-22,2,12936.0,entrada,7049
17110,2025-09-22,3,12937.0,entrada,9716
17111,2025-09-22,1,12938.0,entrada,7074
17112,2025-09-22,4,12939.0,entrada,9459
17113,2025-09-22,3,12940.0,entrada,9050
17114,2025-09-22,3,12941.0,entrada,14119
17115,2025-09-22,4,12942.0,entrada,4732
17116,2025-09-22,2,12943.0,entrada,10558
17117,2025-09-22,3,12944.0,entrada,10600
17118,2025-09-22,2,12945.0,entrada,3963
17119,2025-09-22,3,12947.0,entrada,4989
17120,2025-09-22,1,12948.0,entrada,4013
17121,2025-09-22,2,12949.0,entrada,16686
17122,2025-09-22,2,,salida,34358
17123,2025-09-22,2,,salida,34110
17124,2025-09-22,2,12946.0,entrada,9056
17125,2025-09-22,4,,salida,85559
17126,2025-09-22,2,12840.0,merma,273
17127,2025-09-22,3,,salida,24815
17128,2025-09-22,3,,salida,19032
17129,2025-09-23,2,,salida,102409
17130,2025-09-23,4,,salida,31975
17131,2025-09-23,3,,salida,38024
17132,2025-09-23,3,12950.0,entrada,8876
17133,2025-09-23,2,12951.0,entrada,8454
17134,2025-09-23,1,12953.0,entrada,8933
17135,2025-09-23,1,12954.0,entrada,4499
17136,2025-09-23,4,12958.0,entrada,13179
17137,2025-09-23,2,12957.0,entrada,8076
17138,2025-09-23,1,12959.0,entrada,5113
17139,2025-09-23,4,12960.0,entrada,11731
17140,2025-09-23,3,12961.0,entrada,12349
17141,2025-09-23,3,12962.0,entrada,3113
17142,2025-09-23,2,12963.0,entrada,5422
17143,2025-09-23,1,12964.0,entrada,3867
17144,2025-09-23,3,12965.0,entrada,14841
17145,2025-09-23,4,12955.0,entrada,7584
17146,2025-09-23,4,12956.0,entrada,8549
17147,2025-09-23,4,12952.0,entrada,6881
17148,2025-09-23,4,,salida,331
17149,2025-09-23,2,,salida,60439
17150,2025-09-24,4,12966.0,entrada,6895
17151,2025-09-24,3,12967.0,entrada,10272
17152,2025-09-24,3,12968.0,entrada,7538
17153,2025-09-24,2,12969.0,entrada,10875
17154,2025-09-24,4,12970.0,entrada,4515
17155,2025-09-24,4,12971.0,entrada,6244
17156,2025-09-24,4,12972.0,entrada,8758
17157,2025-09-24,4,,salida,16397
17158,2025-09-24,4,12974.0,entrada,13157
17159,2025-09-24,4,12975.0,entrada,4840
17160,2025-09-24,3,12976.0,entrada,10906
17161,2025-09-24,3,12977.0,entrada,9742
17162,2025-09-24,4,12978.0,entrada,3433
17163,2025-09-24,1,12979.0,entrada,9550
17164,2025-09-24,1,12980.0,entrada,5007
17165,2025-09-24,4,12981.0,entrada,14912
17166,2025-09-24,2,,salida,15066
17167,2025-09-24,2,12973.0,entrada,9044
17168,2025-09-24,4,,salida,41635
17169,2025-09-24,4,12860.0,merma,191
17170,2025-09-24,1,,salida,3655
17171,2025-09-24,3,,salida,1221
17172,2025-09-24,4,,salida,4950
17173,2025-09-24,4,12903.0,merma,767
17174,2025-09-24,4,,salida,24976
17175,2025-09-25,3,12986.0,entrada,10552
17176,2025-09-25,2,12985.0,entrada,6962
17177,2025-09-25,3,12984.0,entrada,8402
17178,2025-09-25,2,12983.0,entrada,11609
17179,2025-09-25,1,12982.0,entrada,5962
17180,2025-09-25,3,,salida,3684
17181,2025-09-25,1,12933.0,merma,1014
17182,2025-09-25,1,12990.0,entrada,10190
17183,2025-09-25,3,12997.0,entrada,3287
17184,2025-09-25,4,12940.0,merma,1002
17185,2025-09-25,1,12991.0,entrada,12666
17186,2025-09-25,4,,salida,289
17187,2025-09-25,1,12987.0,entrada,4333
17188,2025-09-25,4,12992.0,entrada,4813
17189,2025-09-25,4,12993.0,entrada,9337
17190,2025-09-25,3,12994.0,entrada,12887
17191,2025-09-25,1,,salida,191541
17192,2025-09-25,1,12995.0,entrada,3554
17193,2025-09-25,4,12989.0,entrada,8114
17194,2025-09-25,2,12998.0,entrada,14554
17195,2025-09-25,3,12996.0,entrada,4691
17196,2025-09-25,1,12988.0,entrada,6590
17197,2025-09-26,4,13006.0,entrada,10193
17198,2025-09-26,2,13005.0,entrada,8655
17199,2025-09-26,4,13013.0,entrada,13939
17200,2025-09-26,4,13012.0,entrada,3568
17201,2025-09-26,3,13011.0,entrada,4920
17202,2025-09-26,3,13010.0,entrada,3564
17203,2025-09-26,4,13009.0,entrada,11098
17204,2025-09-26,3,13004.0,entrada,7421
17205,2025-09-26,1,13008.0,entrada,8701
17206,2025-09-26,3,13007.0,entrada,5238
17207,2025-09-26,1,13003.0,entrada,5316
17208,2025-09-26,3,13002.0,entrada,6501
17209,2025-09-26,4,,salida,163230
17210,2025-09-26,1,13000.0,entrada,10896
17211,2025-09-26,1,12999.0,entrada,7625
17212,2025-09-26,4,,salida,26371
17213,2025-09-26,4,,salida,73115
17214,2025-09-26,2,,salida,71349
17215,2025-09-26,1,,salida,8149
17216,2025-09-26,2,13001.0,entrada,8619
17217,2025-09-26,4,12958.0,merma,1426
17218,2025-09-26,1,,salida,8715
17219,2025-09-27,4,13023.0,entrada,4413
17220,2025-09-27,1,13024.0,entrada,9980
17221,2025-09-27,4,13025.0,entrada,10706
17222,2025-09-27,2,13026.0,entrada,3377
17223,2025-09-27,1,13030.0,entrada,14633
17224,2025-09-27,3,13028.0,entrada,5295
17225,2025-09-27,4,13022.0,entrada,15408
17226,2025-09-27,3,13029.0,entrada,3417
17227,2025-09-27,3,13027.0,entrada,10070
17228,2025-09-27,3,13021.0,entrada,7872
17229,2025-09-27,2,,salida,112244
17230,2025-09-27,2,13019.0,entrada,4068
17231,2025-09-27,1,13020.0,entrada,6944
17232,2025-09-27,3,,salida,2344
17233,2025-09-27,4,12874.0,merma,368
17234,2025-09-27,4,13014.0,entrada,7760
17235,2025-09-27,2,,salida,12381
17236,2025-09-27,1,13016.0,entrada,9167
17237,2025-09-27,3,13017.0,entrada,7462
17238,2025-09-27,3,13018.0,entrada,9766
17239,2025-09-27,1,13015.0,entrada,10658
17240,2025-09-28,2,13045.0,entrada,4110
17241,2025-09-28,2,13040.0,entrada,4478
17242,2025-09-28,1,13044.0,entrada,10325
17243,2025-09-28,3,13043.0,entrada,3328
17244,2025-09-28,4,13042.0,entrada,12086
17245,2025-09-28,3,13041.0,entrada,10060
17246,2025-09-28,3,13039.0,entrada,12649
17247,2025-09-28,3,13034.0,entrada,9825
17248,2025-09-28,3,13037.0,entrada,8322
17249,2025-09-28,3,13036.0,entrada,6584
17250,2025-09-28,2,13035.0,entrada,4229
17251,2025-09-28,1,13033.0,entrada,8153
17252,2025-09-28,4,13031.0,entrada,6452
17253,2025-09-28,1,13046.0,entrada,4197
17254,2025-09-28,1,13038.0,entrada,7862
17255,2025-09-28,4,13047.0,entrada,13427
17256,2025-09-28,2,13032.0,entrada,10950
17257,2025-09-28,3,,salida,15402
17258,2025-09-28,1,,salida,21086
17259,2025-09-28,1,,salida,4294
17260,2025-09-28,4,,salida,18674
17261,2025-09-28,3,12905.0,merma,1210
17262,2025-09-28,3,12949.0,merma,1888
17263,2025-09-28,1,,salida,25208
17264,2025-09-29,3,13048.0,entrada,6575
17265,2025-09-29,4,12945.0,merma,422
17266,2025-09-29,2,13057.0,entrada,16258
17267,2025-09-29,1,13050.0,entrada,7205
17268,2025-09-29,1,13051.0,entrada,8995
17269,2025-09-29,1,13052.0,entrada,5486
17270,2025-09-29,4,13053.0,entrada,9372
17271,2025-09-29,4,13054.0,entrada,13295
17272,2025-09-29,3,13055.0,entrada,5071
17273,2025-09-29,3,13056.0,entrada,3879
17274,2025-09-29,1,12911.0,merma,437
17275,2025-09-29,1,13049.0,entrada,8734
17276,2025-09-29,1,13000.0,merma,1215
17277,2025-09-29,2,,salida,3844
17278,2025-09-29,4,,salida,6665
17279,2025-09-29,3,,salida,105808
17280,2025-09-30,2,13061.0,entrada,6650
17281,2025-09-30,2,13073.0,entrada,15903
17282,2025-09-30,3,13072.0,entrada,4530
17283,2025-09-30,3,13071.0,entrada,5430
17284,2025-09-30,1,13070.0,entrada,10752
17285,2025-09-30,2,13063.0,entrada,4115
17286,2025-09-30,3,13069.0,entrada,10582
17287,2025-09-30,1,13067.0,entrada,12149
17288,2025-09-30,2,13066.0,entrada,9293
17289,2025-09-30,4,13065.0,entrada,9611
17290,2025-09-30,3,13064.0,entrada,6813
17291,2025-09-30,4,13058.0,entrada,6940
17292,2025-09-30,1,13059.0,entrada,11258
17293,2025-09-30,1,13060.0,entrada,9249
17294,2025-09-30,2,13068.0,entrada,5054
17295,2025-09-30,1,13062.0,entrada,9538
17296,2025-09-30,4,,salida,23501
17297,2025-09-30,1,12964.0,merma,186
17298,2025-09-30,1,,salida,6792
17299,2025-09-30,4,,salida,133320
17300,2025-09-30,3,,salida,32336
17301,2025-09-30,3,12928.0,merma,667
17302,2025-09-30,4,,salida,17850
17303,2025-10-01,3,13074.0,entrada,6967
17304,2025-10-01,3,13076.0,entrada,8780
17305,2025-10-01,3,13077.0,entrada,6555
17306,2025-10-01,1,13085.0,entrada,4689
17307,2025-10-01,2,13081.0,entrada,5202
17308,2025-10-01,2,13082.0,entrada,11550
17309,2025-10-01,1,13083.0,entrada,3323
17310,2025-10-01,3,,salida,56360
17311,2025-10-01,2,13078.0,entrada,4002
17312,2025-10-01,1,13084.0,entrada,11099
17313,2025-10-01,2,,salida,5378
17314,2025-10-01,1,13075.0,entrada,11181
17315,2025-10-01,1,13086.0,entrada,3552
17316,2025-10-01,4,13080.0,entrada,9146
17317,2025-10-01,3,13079.0,entrada,6073
17318,2025-10-02,2,13088.0,entrada,10782
17319,2025-10-02,1,13104.0,entrada,14239
17320,2025-10-02,1,13103.0,entrada,3476
17321,2025-10-02,1,13102.0,entrada,5494
17322,2025-10-02,1,13101.0,entrada,11692
17323,2025-10-02,3,13100.0,entrada,2969
17324,2025-10-02,4,13099.0,entrada,12403
17325,2025-10-02,2,13097.0,entrada,5823
17326,2025-10-02,2,13096.0,entrada,13907
17327,2025-10-02,1,13094.0,entrada,9113
17328,2025-10-02,3,13093.0,entrada,5972
17329,2025-10-02,1,13092.0,entrada,4752
17330,2025-10-02,1,13091.0,entrada,9869
17331,2025-10-02,1,13090.0,entrada,6961
17332,2025-10-02,3,13089.0,entrada,8953
17333,2025-10-02,3,13095.0,entrada,8942
17334,2025-10-02,4,13087.0,entrada,7142
17335,2025-10-02,2,13098.0,entrada,9468
17336,2025-10-02,3,,salida,156
17337,2025-10-02,1,,salida,20558
17338,2025-10-02,2,,salida,3515
17339,2025-10-02,4,13055.0,merma,189
17340,2025-10-03,2,13120.0,entrada,3648
17341,2025-10-03,1,13106.0,entrada,10536
17342,2025-10-03,4,13107.0,entrada,8638
17343,2025-10-03,3,13108.0,entrada,6921
17344,2025-10-03,2,13109.0,entrada,3742
17345,2025-10-03,1,13110.0,entrada,6435
17346,2025-10-03,2,13111.0,entrada,8038
17347,2025-10-03,3,13112.0,entrada,8887
17348,2025-10-03,3,13113.0,entrada,12840
17349,2025-10-03,1,13114.0,entrada,5105
17350,2025-10-03,4,13105.0,entrada,7876
17351,2025-10-03,2,13116.0,entrada,9844
17352,2025-10-03,1,13117.0,entrada,3266
17353,2025-10-03,3,12976.0,merma,981
17354,2025-10-03,4,,salida,42623
17355,2025-10-03,1,13119.0,entrada,5442
17356,2025-10-03,1,13121.0,entrada,13942
17357,2025-10-03,3,13115.0,entrada,11408
17358,2025-10-03,4,13118.0,entrada,10189
17359,2025-10-03,1,,salida,23757
17360,2025-10-04,2,13132.0,entrada,4863
17361,2025-10-04,4,13131.0,entrada,9781
17362,2025-10-04,4,13130.0,entrada,3082
17363,2025-10-04,1,13129.0,entrada,10935
17364,2025-10-04,2,13128.0,entrada,5305
17365,2025-10-04,3,13127.0,entrada,13318
17366,2025-10-04,2,13126.0,entrada,9465
17367,2025-10-04,1,13125.0,entrada,5672
17368,2025-10-04,1,13124.0,entrada,4404
17369,2025-10-04,4,,salida,466
17370,2025-10-04,2,13123.0,entrada,8878
17371,2025-10-04,2,,salida,51627
17372,2025-10-04,1,13122.0,entrada,10575
17373,2025-10-04,4,13133.0,entrada,4097
17374,2025-10-04,4,,salida,2602
17375,2025-10-05,1,13149.0,entrada,3582
17376,2025-10-05,3,13138.0,entrada,5258
17377,2025-10-05,1,13139.0,entrada,6706
17378,2025-10-05,2,13140.0,entrada,7443
17379,2025-10-05,3,13141.0,entrada,9079
17380,2025-10-05,3,13142.0,entrada,15595
17381,2025-10-05,4,13143.0,entrada,4668
17382,2025-10-05,1,13144.0,entrada,8880
17383,2025-10-05,2,13145.0,entrada,10579
17384,2025-10-05,4,13146.0,entrada,3212
17385,2025-10-05,4,13147.0,entrada,10707
17386,2025-10-05,1,13148.0,entrada,4667
17387,2025-10-05,2,13136.0,entrada,9252
17388,2025-10-05,1,13135.0,entrada,10538
17389,2025-10-05,1,13137.0,entrada,6765
17390,2025-10-05,1,,salida,8999
17391,2025-10-05,2,,salida,29104
17392,2025-10-05,1,13134.0,entrada,6352
17393,2025-10-06,3,13165.0,entrada,15234
17394,2025-10-06,1,13163.0,entrada,4777
17395,2025-10-06,3,13162.0,entrada,9272
17396,2025-10-06,1,13161.0,entrada,3402
17397,2025-10-06,3,13160.0,entrada,12529
17398,2025-10-06,4,13159.0,entrada,11711
17399,2025-10-06,4,13158.0,entrada,5374
17400,2025-10-06,4,13157.0,entrada,13669
17401,2025-10-06,1,13156.0,entrada,9329
17402,2025-10-06,4,13155.0,entrada,5675
17403,2025-10-06,4,13154.0,entrada,11229
17404,2025-10-06,4,13153.0,entrada,5898
17405,2025-10-06,2,13152.0,entrada,10286
17406,2025-10-06,2,13164.0,entrada,3727
17407,2025-10-06,2,13150.0,entrada,6036
17408,2025-10-06,1,,salida,48020
17409,2025-10-06,4,13151.0,entrada,11676
17410,2025-10-07,3,13179.0,entrada,3719
17411,2025-10-07,1,13178.0,entrada,5931
17412,2025-10-07,2,13177.0,entrada,3490
17413,2025-10-07,1,13176.0,entrada,11061
17414,2025-10-07,1,13175.0,entrada,10669
17415,2025-10-07,1,13174.0,entrada,13549
17416,2025-10-07,1,13172.0,entrada,8679
17417,2025-10-07,2,13171.0,entrada,5678
17418,2025-10-07,2,13170.0,entrada,3776
17419,2025-10-07,2,13169.0,entrada,6675
17420,2025-10-07,2,13168.0,entrada,9033
17421,2025-10-07,3,13173.0,entrada,9257
17422,2025-10-07,2,13166.0,entrada,6388
17423,2025-10-07,4,,salida,53767
17424,2025-10-07,4,,salida,17345
17425,2025-10-07,1,,salida,11740
17426,2025-10-07,3,,salida,10296
17427,2025-10-07,3,,salida,26761
17428,2025-10-07,2,13131.0,merma,670
17429,2025-10-07,4,13037.0,merma,306
17430,2025-10-07,4,13167.0,entrada,11213
17431,2025-10-08,4,13191.0,entrada,11022
17432,2025-10-08,3,13190.0,entrada,3876
17433,2025-10-08,2,13189.0,entrada,12183
17434,2025-10-08,1,13188.0,entrada,10922
17435,2025-10-08,3,13187.0,entrada,9918
17436,2025-10-08,3,13186.0,entrada,8333
17437,2025-10-08,3,13185.0,entrada,5748
17438,2025-10-08,1,13180.0,entrada,8187
17439,2025-10-08,4,13183.0,entrada,10428
17440,2025-10-08,2,13182.0,entrada,7353
17441,2025-10-08,4,13181.0,entrada,9183
17442,2025-10-08,3,,salida,13340
17443,2025-10-08,3,13192.0,entrada,5622
17444,2025-10-08,3,,salida,35695
17445,2025-10-08,1,,salida,1935
17446,2025-10-08,3,13184.0,entrada,3950
17447,2025-10-08,2,13130.0,merma,329
17448,2025-10-08,2,13193.0,entrada,17526
17449,2025-10-09,4,13196.0,entrada,9520
17450,2025-10-09,1,13197.0,entrada,6750
17451,2025-10-09,1,13208.0,entrada,15941
17452,2025-10-09,3,13207.0,entrada,3497
17453,2025-10-09,4,13206.0,entrada,4938
17454,2025-10-09,4,13205.0,entrada,10105
17455,2025-10-09,4,13195.0,entrada,11267
17456,2025-10-09,4,13194.0,entrada,7759
17457,2025-10-09,1,13203.0,entrada,9857
17458,2025-10-09,1,,salida,924
17459,2025-10-09,3,13204.0,entrada,11900
17460,2025-10-09,3,,salida,9782
17461,2025-10-09,1,13201.0,entrada,11665
17462,2025-10-09,1,,salida,111793
17463,2025-10-09,4,13200.0,entrada,9593
17464,2025-10-09,1,13199.0,entrada,8956
17465,2025-10-09,1,,salida,44456
17466,2025-10-09,3,13198.0,entrada,10547
17467,2025-10-09,2,,salida,11825
17468,2025-10-09,3,,salida,18003
17469,2025-10-09,1,13202.0,entrada,5019
17470,2025-10-09,4,13098.0,merma,655
17471,2025-10-10,3,13213.0,entrada,4892
17472,2025-10-10,1,13209.0,entrada,6504
17473,2025-10-10,2,13210.0,entrada,10872
17474,2025-10-10,2,13211.0,entrada,8104
17475,2025-10-10,2,13212.0,entrada,11178
17476,2025-10-10,4,13214.0,entrada,5893
17477,2025-10-10,4,13216.0,entrada,9240
17478,2025-10-10,4,,salida,6746
17479,2025-10-10,2,13215.0,entrada,8449
17480,2025-10-10,1,13224.0,entrada,17846
17481,2025-10-10,2,13223.0,entrada,4651
17482,2025-10-10,4,,salida,40239
17483,2025-10-10,3,13221.0,entrada,3603
17484,2025-10-10,3,13220.0,entrada,10624
17485,2025-10-10,3,13219.0,entrada,11670
17486,2025-10-10,4,13217.0,entrada,13573
17487,2025-10-10,3,13222.0,entrada,9220
17488,2025-10-10,4,13218.0,entrada,5481
17489,2025-10-11,1,13235.0,entrada,3476
17490,2025-10-11,3,13236.0,entrada,8990
17491,2025-10-11,2,13237.0,entrada,4935
17492,2025-10-11,4,13238.0,entrada,3637
17493,2025-10-11,3,13239.0,entrada,16981
17494,2025-10-11,4,13233.0,entrada,9585
17495,2025-10-11,1,13226.0,entrada,7460
17496,2025-10-11,2,13227.0,entrada,9538
17497,2025-10-11,1,13228.0,entrada,4304
17498,2025-10-11,2,13229.0,entrada,5531
17499,2025-10-11,2,13230.0,entrada,8093
17500,2025-10-11,2,13231.0,entrada,10205
17501,2025-10-11,1,13225.0,entrada,10249
17502,2025-10-11,1,13232.0,entrada,4532
17503,2025-10-11,1,13234.0,entrada,10875
17504,2025-10-11,4,,salida,1215
17505,2025-10-11,2,,salida,16346
17506,2025-10-11,2,,salida,23148
17507,2025-10-12,2,13254.0,entrada,17517
17508,2025-10-12,1,13243.0,entrada,11098
17509,2025-10-12,2,13244.0,entrada,4733
17510,2025-10-12,2,13245.0,entrada,5899
17511,2025-10-12,3,13246.0,entrada,9759
17512,2025-10-12,2,13247.0,entrada,9406
17513,2025-10-12,1,13248.0,entrada,4138
17514,2025-10-12,4,13249.0,entrada,11295
17515,2025-10-12,2,13250.0,entrada,12592
17516,2025-10-12,4,13251.0,entrada,3745
17517,2025-10-12,4,13240.0,entrada,10372
17518,2025-10-12,2,13161.0,merma,140
17519,2025-10-12,2,13242.0,entrada,6520
17520,2025-10-12,2,13252.0,entrada,10246
17521,2025-10-12,4,13253.0,entrada,4984
17522,2025-10-12,4,,salida,1717
17523,2025-10-12,2,,salida,30358
17524,2025-10-12,2,,salida,105960
17525,2025-10-12,3,,salida,119292
17526,2025-10-12,4,13241.0,entrada,9166
17527,2025-10-13,2,13267.0,entrada,14091
17528,2025-10-13,4,13263.0,entrada,11285
17529,2025-10-13,2,,salida,23391
17530,2025-10-13,1,13266.0,entrada,3969
17531,2025-10-13,4,13262.0,entrada,11276
17532,2025-10-13,1,13265.0,entrada,4403
17533,2025-10-13,1,13144.0,merma,1024
17534,2025-10-13,3,13261.0,entrada,10050
17535,2025-10-13,3,13260.0,entrada,8265
17536,2025-10-13,3,13259.0,entrada,4987
17537,2025-10-13,2,13258.0,entrada,9759
17538,2025-10-13,2,13257.0,entrada,6061
17539,2025-10-13,4,13256.0,entrada,11668
17540,2025-10-13,3,13255.0,entrada,7430
17541,2025-10-13,3,13264.0,entrada,11138
17542,2025-10-14,2,13179.0,merma,364
17543,2025-10-14,2,,salida,29210
17544,2025-10-14,1,13162.0,merma,712
17545,2025-10-14,1,,salida,16312
17546,2025-10-14,4,,salida,23019
17547,2025-10-14,2,,salida,9846
17548,2025-10-14,3,13284.0,entrada,16148
17549,2025-10-14,3,13274.0,entrada,5613
17550,2025-10-14,3,13282.0,entrada,4920
17551,2025-10-14,1,13268.0,entrada,8157
17552,2025-10-14,2,13269.0,entrada,11516
17553,2025-10-14,4,13270.0,entrada,8491
17554,2025-10-14,4,13271.0,entrada,6825
17555,2025-10-14,1,13272.0,entrada,9115
17556,2025-10-14,4,13273.0,entrada,5130
17557,2025-10-14,3,13275.0,entrada,9542
17558,2025-10-14,1,13276.0,entrada,12511
17559,2025-10-14,1,13277.0,entrada,5253
17560,2025-10-14,3,13283.0,entrada,4210
17561,2025-10-14,2,13278.0,entrada,9765
17562,2025-10-14,4,13279.0,entrada,11525
17563,2025-10-14,2,13280.0,entrada,3119
17564,2025-10-14,2,13281.0,entrada,11127
17565,2025-10-15,2,13295.0,entrada,5406
17566,2025-10-15,4,13293.0,entrada,12270
17567,2025-10-15,1,13292.0,entrada,13110
17568,2025-10-15,2,13296.0,entrada,3442
17569,2025-10-15,3,13297.0,entrada,14884
17570,2025-10-15,3,13290.0,entrada,8061
17571,2025-10-15,3,13289.0,entrada,5628
17572,2025-10-15,4,13288.0,entrada,10797
17573,2025-10-15,2,13286.0,entrada,10043
17574,2025-10-15,3,13285.0,entrada,6497
17575,2025-10-15,4,13294.0,entrada,2925
17576,2025-10-15,3,13287.0,entrada,10332
17577,2025-10-15,3,13291.0,entrada,7759
17578,2025-10-15,2,,salida,5366
17579,2025-10-15,4,,salida,269
17580,2025-10-15,2,,salida,20223
17581,2025-10-15,2,,salida,44670
17582,2025-10-15,2,,salida,20594
17583,2025-10-15,3,,salida,75677
17584,2025-10-15,4,13251.0,merma,183
17585,2025-10-16,1,13298.0,entrada,6519
17586,2025-10-16,4,13307.0,entrada,10786
17587,2025-10-16,1,13306.0,entrada,5562
17588,2025-10-16,4,13305.0,entrada,13745
17589,2025-10-16,2,13304.0,entrada,10050
17590,2025-10-16,2,13303.0,entrada,8801
17591,2025-10-16,2,13300.0,entrada,9579
17592,2025-10-16,3,13301.0,entrada,6380
17593,2025-10-16,3,,salida,8334
17594,2025-10-16,2,13299.0,entrada,11054
17595,2025-10-16,4,,salida,31633
17596,2025-10-16,3,,salida,38921
17597,2025-10-16,3,13302.0,entrada,11260
17598,2025-10-16,4,13309.0,entrada,3477
17599,2025-10-16,2,13308.0,entrada,11124
17600,2025-10-16,2,13311.0,entrada,4185
17601,2025-10-16,3,13312.0,entrada,3574
17602,2025-10-16,2,13313.0,entrada,13365
17603,2025-10-16,2,13243.0,merma,614
17604,2025-10-16,4,13310.0,entrada,11846
17605,2025-10-17,4,13327.0,entrada,3446
17606,2025-10-17,2,,salida,46842
17607,2025-10-17,1,13326.0,entrada,5212
17608,2025-10-17,2,13325.0,entrada,10120
17609,2025-10-17,1,,salida,173779
17610,2025-10-17,1,,salida,69060
17611,2025-10-17,2,,salida,1384
17612,2025-10-17,3,13324.0,entrada,3250
17613,2025-10-17,2,13321.0,entrada,5240
17614,2025-10-17,4,13322.0,entrada,11144
17615,2025-10-17,1,13320.0,entrada,13589
17616,2025-10-17,3,13319.0,entrada,8946
17617,2025-10-17,1,13318.0,entrada,5772
17618,2025-10-17,2,13317.0,entrada,12319
17619,2025-10-17,2,13316.0,entrada,6817
17620,2025-10-17,2,13315.0,entrada,9419
17621,2025-10-17,3,13314.0,entrada,7352
17622,2025-10-17,1,13323.0,entrada,11369
17623,2025-10-17,1,13328.0,entrada,17261
17624,2025-10-17,2,,salida,123061
17625,2025-10-17,2,13273.0,merma,369
17626,2025-10-17,4,13224.0,merma,1954
17627,2025-10-17,3,,salida,10987
17628,2025-10-17,4,,salida,102923
17629,2025-10-17,1,,salida,3692
17630,2025-10-17,1,,salida,5432
17631,2025-10-18,3,,salida,27647
17632,2025-10-18,1,13338.0,entrada,9296
17633,2025-10-18,2,13339.0,entrada,10696
17634,2025-10-18,2,13340.0,entrada,3127
17635,2025-10-18,4,,salida,1339
17636,2025-10-18,2,13337.0,entrada,4835
17637,2025-10-18,2,13343.0,entrada,15054
17638,2025-10-18,4,13221.0,merma,150
17639,2025-10-18,1,13233.0,merma,1007
17640,2025-10-18,1,13341.0,entrada,10093
17641,2025-10-18,4,13336.0,entrada,13615
17642,2025-10-18,4,13342.0,entrada,3745
17643,2025-10-18,2,13335.0,entrada,8467
17644,2025-10-18,3,,salida,42534
17645,2025-10-18,4,13332.0,entrada,7186
17646,2025-10-18,1,13330.0,entrada,9523
17647,2025-10-18,4,,salida,1894
17648,2025-10-18,3,13329.0,entrada,7155
17649,2025-10-18,4,13331.0,entrada,9189
17650,2025-10-18,3,13333.0,entrada,9226
17651,2025-10-18,1,,salida,6960
17652,2025-10-18,4,13334.0,entrada,4335
17653,2025-10-18,4,,salida,1761
17654,2025-10-19,2,13356.0,entrada,14115
17655,2025-10-19,4,13355.0,entrada,3531
17656,2025-10-19,1,13354.0,entrada,8110
17657,2025-10-19,4,13353.0,entrada,3049
17658,2025-10-19,2,,salida,79833
17659,2025-10-19,4,13352.0,entrada,10534
17660,2025-10-19,1,13351.0,entrada,4121
17661,2025-10-19,4,13253.0,merma,172
17662,2025-10-19,3,13349.0,entrada,6759
17663,2025-10-19,4,13348.0,entrada,6017
17664,2025-10-19,4,13347.0,entrada,4395
17665,2025-10-19,3,13346.0,entrada,8841
17666,2025-10-19,1,13345.0,entrada,10168
17667,2025-10-19,4,13344.0,entrada,7787
17668,2025-10-19,3,13350.0,entrada,14198
17669,2025-10-19,1,,salida,32255
17670,2025-10-20,2,13357.0,entrada,7102
17671,2025-10-20,2,13358.0,entrada,11444
17672,2025-10-20,4,13359.0,entrada,9886
17673,2025-10-20,1,13363.0,entrada,8340
17674,2025-10-20,1,13362.0,entrada,5990
17675,2025-10-20,3,13364.0,entrada,8849
17676,2025-10-20,3,13365.0,entrada,12755
17677,2025-10-20,3,13366.0,entrada,4967
17678,2025-10-20,3,13367.0,entrada,9553
17679,2025-10-20,1,13368.0,entrada,11672
17680,2025-10-20,1,13369.0,entrada,3437
17681,2025-10-20,1,13370.0,entrada,9841
17682,2025-10-20,4,13265.0,merma,196
17683,2025-10-20,2,13371.0,entrada,5552
17684,2025-10-20,2,13372.0,entrada,3761
17685,2025-10-20,3,13373.0,entrada,14905
17686,2025-10-20,2,13360.0,entrada,7084
17687,2025-10-20,2,13361.0,entrada,4421
17688,2025-10-20,1,,salida,103886
17689,2025-10-21,3,13377.0,entrada,7917
17690,2025-10-21,2,13390.0,entrada,14434
17691,2025-10-21,4,13389.0,entrada,4016
17692,2025-10-21,4,13388.0,entrada,4619
17693,2025-10-21,2,13387.0,entrada,10902
17694,2025-10-21,2,13386.0,entrada,10640
17695,2025-10-21,3,13378.0,entrada,10846
17696,2025-10-21,3,13385.0,entrada,11458
17697,2025-10-21,2,13382.0,entrada,9265
17698,2025-10-21,3,13381.0,entrada,9148
17699,2025-10-21,2,13380.0,entrada,6507
17700,2025-10-21,2,13374.0,entrada,6590
17701,2025-10-21,4,13375.0,entrada,11521
17702,2025-10-21,4,13379.0,entrada,4890
17703,2025-10-21,4,13384.0,entrada,5479
17704,2025-10-21,1,13376.0,entrada,9121
17705,2025-10-21,2,13383.0,entrada,14776
17706,2025-10-21,2,,salida,32149
17707,2025-10-21,2,,salida,26729
17708,2025-10-21,1,,salida,11500
17709,2025-10-21,4,,salida,11262
17710,2025-10-22,3,13393.0,entrada,6724
17711,2025-10-22,2,13392.0,entrada,7601
17712,2025-10-22,4,13391.0,entrada,11144
17713,2025-10-22,2,13399.0,entrada,4904
17714,2025-10-22,1,,salida,2528
17715,2025-10-22,4,13395.0,entrada,4946
17716,2025-10-22,1,13396.0,entrada,6669
17717,2025-10-22,2,,salida,447
17718,2025-10-22,4,,salida,27435
17719,2025-10-22,1,13400.0,entrada,9747
17720,2025-10-22,2,13401.0,entrada,10671
17721,2025-10-22,1,13394.0,entrada,9005
17722,2025-10-22,2,13397.0,entrada,8679
17723,2025-10-22,4,13402.0,entrada,3282
17724,2025-10-22,3,13404.0,entrada,5062
17725,2025-10-22,2,13319.0,merma,428
17726,2025-10-22,3,13403.0,entrada,11483
17727,2025-10-22,2,13255.0,merma,532
17728,2025-10-22,2,13284.0,merma,1024
17729,2025-10-22,4,13405.0,entrada,2944
17730,2025-10-22,2,13398.0,entrada,8669
17731,2025-10-23,2,13409.0,entrada,9175
17732,2025-10-23,2,13410.0,entrada,4426
17733,2025-10-23,4,13418.0,entrada,9528
17734,2025-10-23,3,13406.0,entrada,7387
17735,2025-10-23,1,13411.0,entrada,6047
17736,2025-10-23,1,13412.0,entrada,8625
17737,2025-10-23,1,13413.0,entrada,13397
17738,2025-10-23,4,13414.0,entrada,5074
17739,2025-10-23,1,13415.0,entrada,10066
17740,2025-10-23,2,13408.0,entrada,8214
17741,2025-10-23,1,13407.0,entrada,11326
17742,2025-10-23,4,,salida,14584
17743,2025-10-23,3,13416.0,entrada,10554
17744,2025-10-23,1,13420.0,entrada,15143
17745,2025-10-23,4,13417.0,entrada,3553
17746,2025-10-23,3,,salida,43124
17747,2025-10-23,4,13419.0,entrada,4769
17748,2025-10-24,1,13422.0,entrada,8886
17749,2025-10-24,1,13423.0,entrada,6632
17750,2025-10-24,4,13424.0,entrada,9573
17751,2025-10-24,2,13425.0,entrada,4882
17752,2025-10-24,4,13427.0,entrada,7181
17753,2025-10-24,2,13428.0,entrada,15510
17754,2025-10-24,3,13429.0,entrada,11258
17755,2025-10-24,3,13430.0,entrada,3365
17756,2025-10-24,1,13431.0,entrada,10583
17757,2025-10-24,2,13432.0,entrada,3554
17758,2025-10-24,3,13433.0,entrada,17551
17759,2025-10-24,2,13426.0,entrada,5586
17760,2025-10-24,4,13421.0,entrada,7230
17761,2025-10-24,2,,salida,36465
17762,2025-10-24,3,,salida,18765
17763,2025-10-24,1,13323.0,merma,696
17764,2025-10-24,2,13321.0,merma,533
17765,2025-10-25,4,13438.0,entrada,7848
17766,2025-10-25,1,13439.0,entrada,8821
17767,2025-10-25,4,13440.0,entrada,15461
17768,2025-10-25,1,13441.0,entrada,4652
17769,2025-10-25,3,13442.0,entrada,11461
17770,2025-10-25,1,13443.0,entrada,12272
17771,2025-10-25,3,13444.0,entrada,3043
17772,2025-10-25,3,13445.0,entrada,11061
17773,2025-10-25,2,13446.0,entrada,4648
17774,2025-10-25,1,13447.0,entrada,3826
17775,2025-10-25,1,13448.0,entrada,14594
17776,2025-10-25,3,13437.0,entrada,6831
17777,2025-10-25,3,13436.0,entrada,10270
17778,2025-10-25,2,13435.0,entrada,6446
17779,2025-10-25,4,13434.0,entrada,9244
17780,2025-10-25,2,,salida,80836
17781,2025-10-26,3,13464.0,entrada,17462
17782,2025-10-26,2,13463.0,entrada,3425
17783,2025-10-26,4,13462.0,entrada,5162
17784,2025-10-26,4,13461.0,entrada,10215
17785,2025-10-26,3,13460.0,entrada,3592
17786,2025-10-26,2,13459.0,entrada,12786
17787,2025-10-26,2,13458.0,entrada,9513
17788,2025-10-26,1,13457.0,entrada,5315
17789,2025-10-26,1,13455.0,entrada,8427
17790,2025-10-26,1,13456.0,entrada,14775
17791,2025-10-26,4,13454.0,entrada,8602
17792,2025-10-26,2,13453.0,entrada,6152
17793,2025-10-26,2,13452.0,entrada,4511
17794,2025-10-26,3,13374.0,merma,597
17795,2025-10-26,4,13450.0,entrada,8979
17796,2025-10-26,1,13449.0,entrada,11075
17797,2025-10-26,3,,salida,50331
17798,2025-10-26,4,,salida,120755
17799,2025-10-26,1,,salida,207457
17800,2025-10-26,2,,salida,20220
17801,2025-10-26,3,,salida,29345
17802,2025-10-26,4,13328.0,merma,1383
17803,2025-10-26,2,13339.0,merma,1154
17804,2025-10-26,3,13352.0,merma,587
17805,2025-10-26,2,13451.0,entrada,6590
17806,2025-10-27,1,13473.0,entrada,5726
17807,2025-10-27,1,13474.0,entrada,11514
17808,2025-10-27,2,13475.0,entrada,10748
17809,2025-10-27,1,13476.0,entrada,8342
17810,2025-10-27,1,13472.0,entrada,10429
17811,2025-10-27,4,13471.0,entrada,9296
17812,2025-10-27,1,13465.0,entrada,7420
17813,2025-10-27,4,13469.0,entrada,10744
17814,2025-10-27,4,13468.0,entrada,6649
17815,2025-10-27,4,13467.0,entrada,9900
17816,2025-10-27,2,13466.0,entrada,11390
17817,2025-10-27,4,,salida,38562
17818,2025-10-27,3,13477.0,entrada,5221
17819,2025-10-27,1,13470.0,entrada,7057
17820,2025-10-27,4,13478.0,entrada,4043
17821,2025-10-27,2,13479.0,entrada,16463
17822,2025-10-28,1,,salida,102136
17823,2025-10-28,1,,salida,12525
17824,2025-10-28,4,13495.0,entrada,15905
17825,2025-10-28,1,13494.0,entrada,3960
17826,2025-10-28,1,13493.0,entrada,4864
17827,2025-10-28,2,13492.0,entrada,13374
17828,2025-10-28,2,13490.0,entrada,4993
17829,2025-10-28,1,13489.0,entrada,15486
17830,2025-10-28,3,13488.0,entrada,9236
17831,2025-10-28,1,13487.0,entrada,9137
17832,2025-10-28,3,13486.0,entrada,5085
17833,2025-10-28,4,13485.0,entrada,4514
17834,2025-10-28,1,13484.0,entrada,11044
17835,2025-10-28,1,13491.0,entrada,11475
17836,2025-10-28,2,13482.0,entrada,7612
17837,2025-10-28,1,13481.0,entrada,11351
17838,2025-10-28,4,13480.0,entrada,7535
17839,2025-10-28,3,,salida,27308
17840,2025-10-28,3,,salida,77033
17841,2025-10-28,2,13402.0,merma,160
17842,2025-10-28,3,13483.0,entrada,7113
17843,2025-10-29,4,13510.0,entrada,4357
17844,2025-10-29,3,13509.0,entrada,10828
17845,2025-10-29,4,13508.0,entrada,3300
17846,2025-10-29,3,13507.0,entrada,10494
17847,2025-10-29,3,13506.0,entrada,9795
17848,2025-10-29,1,13505.0,entrada,4606
17849,2025-10-29,4,13504.0,entrada,14623
17850,2025-10-29,2,13503.0,entrada,9383
17851,2025-10-29,2,13502.0,entrada,8231
17852,2025-10-29,3,13498.0,entrada,8213
17853,2025-10-29,1,13500.0,entrada,5227
17854,2025-10-29,1,13499.0,entrada,10696
17855,2025-10-29,3,13497.0,entrada,11723
17856,2025-10-29,3,,salida,12049
17857,2025-10-29,1,,salida,9340
17858,2025-10-29,1,,salida,6385
17859,2025-10-29,4,13361.0,merma,195
17860,2025-10-29,2,13387.0,merma,461
17861,2025-10-29,1,13511.0,entrada,3858
17862,2025-10-29,1,13501.0,entrada,6296
17863,2025-10-29,3,13512.0,entrada,16339
17864,2025-10-29,3,13496.0,entrada,7137
17865,2025-10-30,3,13523.0,entrada,12400
17866,2025-10-30,3,13527.0,entrada,15433
17867,2025-10-30,1,13526.0,entrada,3924
17868,2025-10-30,2,13525.0,entrada,5047
17869,2025-10-30,4,13524.0,entrada,9432
17870,2025-10-30,1,13522.0,entrada,5036
17871,2025-10-30,1,13521.0,entrada,8352
17872,2025-10-30,1,13520.0,entrada,8598
17873,2025-10-30,1,13518.0,entrada,3972
17874,2025-10-30,3,13517.0,entrada,11528
17875,2025-10-30,4,13519.0,entrada,7150
17876,2025-10-30,2,13516.0,entrada,6518
17877,2025-10-30,3,13515.0,entrada,7708
17878,2025-10-30,2,13514.0,entrada,11312
17879,2025-10-30,1,13513.0,entrada,6694
17880,2025-10-30,3,13462.0,merma,529
17881,2025-10-30,3,13466.0,merma,1057
17882,2025-10-30,3,,salida,4795
17883,2025-10-30,4,,salida,30967
17884,2025-10-30,2,13415.0,merma,821
17885,2025-10-31,4,13535.0,entrada,8339
17886,2025-10-31,2,13539.0,entrada,10752
17887,2025-10-31,4,13540.0,entrada,3106
17888,2025-10-31,4,13538.0,entrada,4162
17889,2025-10-31,3,13537.0,entrada,15110
17890,2025-10-31,1,13536.0,entrada,7934
17891,2025-10-31,4,13534.0,entrada,6024
17892,2025-10-31,2,13533.0,entrada,4303
17893,2025-10-31,1,13531.0,entrada,6684
17894,2025-10-31,2,13530.0,entrada,9568
17895,2025-10-31,1,13529.0,entrada,11006
17896,2025-10-31,2,13528.0,entrada,6865
17897,2025-10-31,4,13541.0,entrada,5054
17898,2025-10-31,3,,salida,13665
17899,2025-10-31,2,13532.0,entrada,10546
17900,2025-10-31,1,,salida,1480
17901,2025-10-31,1,,salida,5263
17902,2025-11-01,2,13547.0,entrada,4443
17903,2025-11-01,3,13556.0,entrada,16115
17904,2025-11-01,1,13555.0,entrada,3507
17905,2025-11-01,1,13554.0,entrada,3499
17906,2025-11-01,2,13553.0,entrada,10616
17907,2025-11-01,2,13552.0,entrada,10061
17908,2025-11-01,4,13551.0,entrada,5199
17909,2025-11-01,3,13550.0,entrada,15485
17910,2025-11-01,4,13549.0,entrada,9555
17911,2025-11-01,4,13546.0,entrada,9212
17912,2025-11-01,2,13545.0,entrada,6879
17913,2025-11-01,4,13544.0,entrada,8952
17914,2025-11-01,4,13543.0,entrada,11621
17915,2025-11-01,1,13542.0,entrada,7440
17916,2025-11-01,2,13457.0,merma,381
17917,2025-11-01,4,13548.0,entrada,7670
17918,2025-11-01,4,,salida,10612
17919,2025-11-01,2,,salida,52409
17920,2025-11-01,3,,salida,41054
17921,2025-11-01,4,,salida,3999
17922,2025-11-01,3,,salida,21106
17923,2025-11-01,2,13458.0,merma,790
17924,2025-11-02,4,13568.0,entrada,10731
17925,2025-11-02,4,13567.0,entrada,10996
17926,2025-11-02,3,13566.0,entrada,5246
17927,2025-11-02,1,13564.0,entrada,10181
17928,2025-11-02,3,13563.0,entrada,6825
17929,2025-11-02,1,13562.0,entrada,4646
17930,2025-11-02,2,13561.0,entrada,11319
17931,2025-11-02,3,13560.0,entrada,7133
17932,2025-11-02,2,13559.0,entrada,9323
17933,2025-11-02,4,13459.0,merma,810
17934,2025-11-02,2,13557.0,entrada,6342
17935,2025-11-02,1,,salida,12737
17936,2025-11-02,1,,salida,70945
17937,2025-11-02,4,,salida,1135
17938,2025-11-02,1,,salida,2167
17939,2025-11-02,1,13569.0,entrada,3165
17940,2025-11-02,1,,salida,51216
17941,2025-11-02,1,,salida,277148
17942,2025-11-02,1,,salida,10529
17943,2025-11-02,2,13558.0,entrada,10682
17944,2025-11-02,4,13570.0,entrada,8108
17945,2025-11-02,1,13565.0,entrada,14715
17946,2025-11-02,3,13572.0,entrada,3912
17947,2025-11-02,1,13573.0,entrada,13363
17948,2025-11-02,2,13571.0,entrada,5619
17949,2025-11-03,2,,salida,15753
17950,2025-11-03,3,,salida,17326
17951,2025-11-03,2,13461.0,merma,1000
17952,2025-11-03,3,13590.0,entrada,15781
17953,2025-11-03,4,13589.0,entrada,3463
17954,2025-11-03,1,13588.0,entrada,4277
17955,2025-11-03,1,13587.0,entrada,11045
17956,2025-11-03,1,13585.0,entrada,11363
17957,2025-11-03,4,13584.0,entrada,9867
17958,2025-11-03,1,13586.0,entrada,3254
17959,2025-11-03,2,13582.0,entrada,15232
17960,2025-11-03,1,13581.0,entrada,8353
17961,2025-11-03,3,13580.0,entrada,8615
17962,2025-11-03,2,13579.0,entrada,5922
17963,2025-11-03,1,13578.0,entrada,4943
17964,2025-11-03,4,13577.0,entrada,9712
17965,2025-11-03,2,13576.0,entrada,7060
17966,2025-11-03,2,13583.0,entrada,5742
17967,2025-11-03,4,13575.0,entrada,9950
17968,2025-11-03,2,13574.0,entrada,6985
17969,2025-11-04,3,13508.0,merma,391
17970,2025-11-04,4,13604.0,entrada,4022
17971,2025-11-04,3,13603.0,entrada,10203
17972,2025-11-04,2,13600.0,entrada,10814
17973,2025-11-04,1,13601.0,entrada,11940
17974,2025-11-04,4,,salida,151632
17975,2025-11-04,2,13605.0,entrada,4117
17976,2025-11-04,2,13602.0,entrada,2406
17977,2025-11-04,4,13606.0,entrada,16383
17978,2025-11-04,1,13596.0,entrada,8444
17979,2025-11-04,1,13598.0,entrada,15942
17980,2025-11-04,1,13591.0,entrada,10565
17981,2025-11-04,3,13597.0,entrada,10257
17982,2025-11-04,1,13599.0,entrada,4984
17983,2025-11-04,4,13595.0,entrada,6044
17984,2025-11-04,3,13594.0,entrada,10949
17985,2025-11-04,3,13593.0,entrada,7624
17986,2025-11-04,4,13592.0,entrada,9943
17987,2025-11-05,1,13612.0,entrada,6031
17988,2025-11-05,4,,salida,2381
17989,2025-11-05,1,,salida,43690
17990,2025-11-05,1,,salida,858
17991,2025-11-05,2,,salida,17259
17992,2025-11-05,1,13608.0,entrada,10067
17993,2025-11-05,3,13607.0,entrada,6801
17994,2025-11-05,1,,salida,199196
17995,2025-11-05,3,13611.0,entrada,3977
17996,2025-11-05,4,13610.0,entrada,5572
17997,2025-11-05,3,13609.0,entrada,9772
17998,2025-11-05,4,13561.0,merma,880
17999,2025-11-05,3,,salida,185551
18000,2025-11-05,3,13613.0,entrada,7916
18001,2025-11-05,2,13615.0,entrada,13987
18002,2025-11-05,1,13614.0,entrada,9307
18003,2025-11-05,4,13616.0,entrada,5228
18004,2025-11-05,1,13617.0,entrada,10794
18005,2025-11-05,1,13618.0,entrada,12023
18006,2025-11-05,3,13619.0,entrada,3961
18007,2025-11-05,2,13620.0,entrada,11510
18008,2025-11-05,1,13621.0,entrada,4603
18009,2025-11-05,2,13622.0,entrada,3594
18010,2025-11-05,1,,salida,13580
18011,2025-11-06,3,13638.0,entrada,3838
18012,2025-11-06,2,13623.0,entrada,7479
18013,2025-11-06,3,13624.0,entrada,10127
18014,2025-11-06,1,13625.0,entrada,9441
18015,2025-11-06,1,13639.0,entrada,15572
18016,2025-11-06,4,,salida,15262
18017,2025-11-06,3,13626.0,entrada,5594
18018,2025-11-06,4,,salida,38675
18019,2025-11-06,1,13637.0,entrada,5167
18020,2025-11-06,2,13636.0,entrada,10906
18021,2025-11-06,1,,salida,59316
18022,2025-11-06,2,13635.0,entrada,3542
18023,2025-11-06,4,13627.0,entrada,10579
18024,2025-11-06,4,13633.0,entrada,4714
18025,2025-11-06,4,13634.0,entrada,10432
18026,2025-11-06,1,13632.0,entrada,12020
18027,2025-11-06,2,13630.0,entrada,7249
18028,2025-11-06,1,13629.0,entrada,5888
18029,2025-11-06,4,13628.0,entrada,4790
18030,2025-11-06,1,13631.0,entrada,9095
18031,2025-11-07,2,,salida,20793
18032,2025-11-07,3,,salida,46530
18033,2025-11-07,1,,salida,7230
18034,2025-11-07,2,13651.0,entrada,10508
18035,2025-11-07,1,13520.0,merma,819
18036,2025-11-07,2,13650.0,entrada,11295
18037,2025-11-07,4,13654.0,entrada,4476
18038,2025-11-07,4,13656.0,entrada,14660
18039,2025-11-07,2,13655.0,entrada,4310
18040,2025-11-07,2,13653.0,entrada,9917
18041,2025-11-07,2,13652.0,entrada,3185
18042,2025-11-07,3,13641.0,entrada,10581
18043,2025-11-07,4,13642.0,entrada,8927
18044,2025-11-07,2,13643.0,entrada,6640
18045,2025-11-07,2,13640.0,entrada,6889
18046,2025-11-07,3,13645.0,entrada,4759
18047,2025-11-07,2,13646.0,entrada,6808
18048,2025-11-07,2,13647.0,entrada,8811
18049,2025-11-07,2,13648.0,entrada,13411
18050,2025-11-07,2,13649.0,entrada,4919
18051,2025-11-07,2,13644.0,entrada,8984
18052,2025-11-08,1,13663.0,entrada,8151
18053,2025-11-08,1,13658.0,entrada,10026
18054,2025-11-08,1,13659.0,entrada,9438
18055,2025-11-08,4,13660.0,entrada,7521
18056,2025-11-08,4,13657.0,entrada,6810
18057,2025-11-08,4,13661.0,entrada,9456
18058,2025-11-08,2,13662.0,entrada,6428
18059,2025-11-08,3,13664.0,entrada,8092
18060,2025-11-08,1,,salida,70977
18061,2025-11-08,4,13666.0,entrada,10397
18062,2025-11-08,4,13667.0,entrada,10574
18063,2025-11-08,2,13668.0,entrada,3088
18064,2025-11-08,2,13669.0,entrada,10138
18065,2025-11-08,2,,salida,24069
18066,2025-11-08,3,,salida,11749
18067,2025-11-08,4,,salida,473540
18068,2025-11-08,1,13665.0,entrada,14178
18069,2025-11-08,3,,salida,10665
18070,2025-11-09,1,13602.0,merma,122
18071,2025-11-09,2,13686.0,entrada,13504
18072,2025-11-09,1,13670.0,entrada,6047
18073,2025-11-09,1,13677.0,entrada,8699
18074,2025-11-09,2,13685.0,entrada,3710
18075,2025-11-09,4,13680.0,entrada,4984
18076,2025-11-09,1,13681.0,entrada,10786
18077,2025-11-09,2,13682.0,entrada,3258
18078,2025-11-09,3,13678.0,entrada,9819
18079,2025-11-09,3,13676.0,entrada,6323
18080,2025-11-09,2,13684.0,entrada,5261
18081,2025-11-09,3,13675.0,entrada,4487
18082,2025-11-09,2,13674.0,entrada,11286
18083,2025-11-09,3,13673.0,entrada,6048
18084,2025-11-09,3,13672.0,entrada,8510
18085,2025-11-09,2,13671.0,entrada,10441
18086,2025-11-09,1,13683.0,entrada,10668
18087,2025-11-09,4,13679.0,entrada,13831
18088,2025-11-10,3,13691.0,entrada,3917
18089,2025-11-10,2,13690.0,entrada,10068
18090,2025-11-10,2,13688.0,entrada,9637
18091,2025-11-10,2,13687.0,entrada,9083
18092,2025-11-10,1,13689.0,entrada,5250
18093,2025-11-10,2,,salida,29474
18094,2025-11-10,2,,salida,32646
18095,2025-11-10,2,,salida,3403
18096,2025-11-10,2,,salida,3861
18097,2025-11-10,1,13608.0,merma,1057
18098,2025-11-10,3,13694.0,entrada,8535
18099,2025-11-10,3,13692.0,entrada,6600
18100,2025-11-10,2,13698.0,entrada,11219
18101,2025-11-10,2,13693.0,entrada,9570
18102,2025-11-10,4,13695.0,entrada,12378
18103,2025-11-10,1,13696.0,entrada,4939
18104,2025-11-10,1,13697.0,entrada,11561
18105,2025-11-10,2,13699.0,entrada,3588
18106,2025-11-10,4,13700.0,entrada,5070
18107,2025-11-10,2,13701.0,entrada,4001
18108,2025-11-10,3,13702.0,entrada,13520
18109,2025-11-11,3,13718.0,entrada,16241
18110,2025-11-11,4,13717.0,entrada,3971
18111,2025-11-11,1,13716.0,entrada,5036
18112,2025-11-11,2,13715.0,entrada,10469
18113,2025-11-11,4,13714.0,entrada,2879
18114,2025-11-11,3,13713.0,entrada,10544
18115,2025-11-11,1,13712.0,entrada,11260
18116,2025-11-11,3,13711.0,entrada,5184
18117,2025-11-11,1,13707.0,entrada,4249
18118,2025-11-11,1,13709.0,entrada,6901
18119,2025-11-11,3,13708.0,entrada,6068
18120,2025-11-11,2,,salida,18806
18121,2025-11-11,3,13706.0,entrada,10271
18122,2025-11-11,1,13705.0,entrada,10210
18123,2025-11-11,3,13704.0,entrada,10888
18124,2025-11-11,4,13703.0,entrada,7135
18125,2025-11-11,2,13710.0,entrada,11955
18126,2025-11-11,4,13559.0,merma,1031
18127,2025-11-11,3,,salida,80778
18128,2025-11-12,2,13656.0,merma,603
18129,2025-11-12,2,,salida,10404
18130,2025-11-12,4,,salida,1018
18131,2025-11-12,4,,salida,14938
18132,2025-11-12,1,,salida,217083
18133,2025-11-12,4,,salida,11280
18134,2025-11-12,1,13734.0,entrada,12345
18135,2025-11-12,1,13733.0,entrada,3593
18136,2025-11-12,2,,salida,43787
18137,2025-11-12,3,13731.0,entrada,11109
18138,2025-11-12,4,13730.0,entrada,3355
18139,2025-11-12,1,13729.0,entrada,11657
18140,2025-11-12,3,13732.0,entrada,5195
18141,2025-11-12,2,13727.0,entrada,12934
18142,2025-11-12,3,13726.0,entrada,7862
18143,2025-11-12,4,13577.0,merma,574
18144,2025-11-12,3,13725.0,entrada,5815
18145,2025-11-12,1,13724.0,entrada,4164
18146,2025-11-12,4,13719.0,entrada,7959
18147,2025-11-12,3,13720.0,entrada,10706
18148,2025-11-12,2,13721.0,entrada,9793
18149,2025-11-12,2,13728.0,entrada,4810
18150,2025-11-12,2,13723.0,entrada,10826
18151,2025-11-12,4,13722.0,entrada,7049
18152,2025-11-13,1,,salida,14124
18153,2025-11-13,1,13740.0,entrada,5900
18154,2025-11-13,4,13739.0,entrada,4779
18155,2025-11-13,4,13737.0,entrada,6311
18156,2025-11-13,2,13736.0,entrada,10005
18157,2025-11-13,2,13735.0,entrada,6618
18158,2025-11-13,2,,salida,40238
18159,2025-11-13,3,13741.0,entrada,8189
18160,2025-11-13,1,13738.0,entrada,10775
18161,2025-11-13,3,13744.0,entrada,13476
18162,2025-11-13,2,13702.0,merma,1401
18163,2025-11-13,3,13649.0,merma,437
18164,2025-11-13,4,13654.0,merma,176
18165,2025-11-13,4,13749.0,entrada,14594
18166,2025-11-13,2,13748.0,entrada,3537
18167,2025-11-13,2,13747.0,entrada,4723
18168,2025-11-13,4,13746.0,entrada,9964
18169,2025-11-13,1,13745.0,entrada,3874
18170,2025-11-13,3,13607.0,merma,409
18171,2025-11-13,1,13742.0,entrada,7729
18172,2025-11-13,3,,salida,46617
18173,2025-11-13,1,13743.0,entrada,5097
18174,2025-11-14,4,13766.0,entrada,3621
18175,2025-11-14,3,13767.0,entrada,14472
18176,2025-11-14,2,13756.0,entrada,6200
18177,2025-11-14,3,13765.0,entrada,4741
18178,2025-11-14,2,13764.0,entrada,9392
18179,2025-11-14,1,13763.0,entrada,3085
18180,2025-11-14,1,13762.0,entrada,10950
18181,2025-11-14,1,13761.0,entrada,11035
18182,2025-11-14,3,13632.0,merma,733
18183,2025-11-14,4,,salida,4517
18184,2025-11-14,1,13760.0,entrada,4928
18185,2025-11-14,2,13758.0,entrada,7991
18186,2025-11-14,4,13757.0,entrada,9297
18187,2025-11-14,2,13754.0,entrada,10434
18188,2025-11-14,2,,salida,5370
18189,2025-11-14,2,,salida,15245
18190,2025-11-14,1,,salida,2377
18191,2025-11-14,4,13674.0,merma,1291
18192,2025-11-14,4,13755.0,entrada,4530
18193,2025-11-14,4,13759.0,entrada,15487
18194,2025-11-14,2,13753.0,entrada,6369
18195,2025-11-14,4,13752.0,entrada,9281
18196,2025-11-14,1,13751.0,entrada,11270
18197,2025-11-14,3,13750.0,entrada,6904
18198,2025-11-15,3,13780.0,entrada,4117
18199,2025-11-15,3,,salida,818
18200,2025-11-15,2,,salida,1167
18201,2025-11-15,3,13713.0,merma,949
18202,2025-11-15,2,13768.0,entrada,11508
18203,2025-11-15,1,13781.0,entrada,15068
18204,2025-11-15,2,13769.0,entrada,8087
18205,2025-11-15,3,13771.0,entrada,4026
18206,2025-11-15,2,13772.0,entrada,5674
18207,2025-11-15,4,13774.0,entrada,9087
18208,2025-11-15,1,13775.0,entrada,14757
18209,2025-11-15,1,13776.0,entrada,4929
18210,2025-11-15,4,13777.0,entrada,11015
18211,2025-11-15,3,13778.0,entrada,10153
18212,2025-11-15,2,13779.0,entrada,5206
18213,2025-11-15,3,13770.0,entrada,10036
18214,2025-11-15,2,13773.0,entrada,7238
18215,2025-11-16,4,13724.0,merma,470
18216,2025-11-16,1,,salida,6019
18217,2025-11-16,2,13793.0,entrada,10374
18218,2025-11-16,2,13788.0,entrada,14912
18219,2025-11-16,2,13791.0,entrada,11922
18220,2025-11-16,1,13790.0,entrada,9504
18221,2025-11-16,2,13789.0,entrada,5096
18222,2025-11-16,2,13795.0,entrada,3608
18223,2025-11-16,3,13787.0,entrada,9314
18224,2025-11-16,4,13786.0,entrada,9618
18225,2025-11-16,2,13785.0,entrada,5951
18226,2025-11-16,3,13792.0,entrada,3991
18227,2025-11-16,1,13784.0,entrada,6975
18228,2025-11-16,3,13783.0,entrada,9433
18229,2025-11-16,1,13782.0,entrada,7641
18230,2025-11-16,2,13796.0,entrada,13127
18231,2025-11-16,4,13794.0,entrada,4363
18232,2025-11-17,4,13814.0,entrada,15914
18233,2025-11-17,1,,salida,8314
18234,2025-11-17,3,,salida,25667
18235,2025-11-17,3,13807.0,entrada,5079
18236,2025-11-17,4,13806.0,entrada,13660
18237,2025-11-17,3,,salida,85078
18238,2025-11-17,1,,salida,23464
18239,2025-11-17,1,13813.0,entrada,3713
18240,2025-11-17,2,13812.0,entrada,4051
18241,2025-11-17,3,13811.0,entrada,9225
18242,2025-11-17,4,13810.0,entrada,3565
18243,2025-11-17,4,,salida,65978
18244,2025-11-17,4,13805.0,entrada,9453
18245,2025-11-17,4,13804.0,entrada,8419
18246,2025-11-17,3,13801.0,entrada,10906
18247,2025-11-17,1,13802.0,entrada,3973
18248,2025-11-17,4,13797.0,entrada,6733
18249,2025-11-17,3,13803.0,entrada,5943
18250,2025-11-17,2,13799.0,entrada,9345
18251,2025-11-17,2,13798.0,entrada,10052
18252,2025-11-17,3,13809.0,entrada,10901
18253,2025-11-17,1,13800.0,entrada,6568
18254,2025-11-17,3,13808.0,entrada,10529
18255,2025-11-18,1,13818.0,entrada,7187
18256,2025-11-18,1,13823.0,entrada,8880
18257,2025-11-18,2,13820.0,entrada,4607
18258,2025-11-18,3,13817.0,entrada,7671
18259,2025-11-18,2,13816.0,entrada,10046
18260,2025-11-18,4,13822.0,entrada,8264
18261,2025-11-18,4,13824.0,entrada,11833
18262,2025-11-18,3,13825.0,entrada,9824
18263,2025-11-18,4,13826.0,entrada,12022
18264,2025-11-18,3,13827.0,entrada,3427
18265,2025-11-18,1,13828.0,entrada,4720
18266,2025-11-18,3,13829.0,entrada,13846
18267,2025-11-18,2,13819.0,entrada,10658
18268,2025-11-18,1,13821.0,entrada,7253
18269,2025-11-18,1,13815.0,entrada,6936
18270,2025-11-18,4,,salida,9131
18271,2025-11-18,3,,salida,1721
18272,2025-11-18,1,13745.0,merma,411
18273,2025-11-18,4,13707.0,merma,185
18274,2025-11-18,4,,salida,28479
18275,2025-11-18,4,13752.0,merma,1004
18276,2025-11-18,1,,salida,22058
18277,2025-11-18,2,,salida,1936
18278,2025-11-18,1,,salida,3575
18279,2025-11-19,4,13832.0,entrada,8182
18280,2025-11-19,4,13837.0,entrada,8196
18281,2025-11-19,4,13836.0,entrada,4823
18282,2025-11-19,3,13835.0,entrada,4196
18283,2025-11-19,4,13834.0,entrada,9996
18284,2025-11-19,4,13833.0,entrada,5335
18285,2025-11-19,3,13831.0,entrada,9900
18286,2025-11-19,2,13830.0,entrada,7115
18287,2025-11-19,2,13840.0,entrada,5014
18288,2025-11-19,4,13841.0,entrada,11260
18289,2025-11-19,4,13842.0,entrada,10755
18290,2025-11-19,4,13843.0,entrada,3531
18291,2025-11-19,3,13844.0,entrada,5253
18292,2025-11-19,1,13845.0,entrada,3898
18293,2025-11-19,4,13846.0,entrada,16813
18294,2025-11-19,3,,salida,38835
18295,2025-11-19,4,,salida,12593
18296,2025-11-19,2,,salida,13289
18297,2025-11-19,3,,salida,76214
18298,2025-11-19,2,13838.0,entrada,10942
18299,2025-11-19,3,13839.0,entrada,13248
18300,2025-11-20,4,13858.0,entrada,9874
18301,2025-11-20,1,13857.0,entrada,3284
18302,2025-11-20,3,13850.0,entrada,6110
18303,2025-11-20,1,13851.0,entrada,8037
18304,2025-11-20,1,13852.0,entrada,8934
18305,2025-11-20,1,13853.0,entrada,13464
18306,2025-11-20,4,13854.0,entrada,4921
18307,2025-11-20,4,13855.0,entrada,11280
18308,2025-11-20,1,13856.0,entrada,13084
18309,2025-11-20,4,13859.0,entrada,3736
18310,2025-11-20,2,13860.0,entrada,14649
18311,2025-11-20,4,13848.0,entrada,8816
18312,2025-11-20,3,13727.0,merma,926
18313,2025-11-20,1,13704.0,merma,947
18314,2025-11-20,4,13849.0,entrada,11090
18315,2025-11-20,4,13847.0,entrada,6886
18316,2025-11-21,1,13870.0,entrada,3746
18317,2025-11-21,3,,salida,9737
18318,2025-11-21,1,13871.0,entrada,10071
18319,2025-11-21,1,13872.0,entrada,5224
18320,2025-11-21,2,13861.0,entrada,8803
18321,2025-11-21,2,13873.0,entrada,3394
18322,2025-11-21,1,13863.0,entrada,10101
18323,2025-11-21,3,13864.0,entrada,4669
18324,2025-11-21,4,13865.0,entrada,8932
18325,2025-11-21,2,13866.0,entrada,13202
18326,2025-11-21,3,13867.0,entrada,4990
18327,2025-11-21,4,13868.0,entrada,8978
18328,2025-11-21,3,13869.0,entrada,11726
18329,2025-11-21,2,13862.0,entrada,6291
18330,2025-11-21,4,13874.0,entrada,15298
18331,2025-11-22,3,,salida,591
18332,2025-11-22,2,,salida,75988
18333,2025-11-22,2,,salida,17429
18334,2025-11-22,4,13736.0,merma,543
18335,2025-11-22,1,13875.0,entrada,6890
18336,2025-11-22,2,13881.0,entrada,7616
18337,2025-11-22,4,13887.0,entrada,4100
18338,2025-11-22,3,13888.0,entrada,3404
18339,2025-11-22,2,13876.0,entrada,10478
18340,2025-11-22,2,13877.0,entrada,8147
18341,2025-11-22,2,13878.0,entrada,6772
18342,2025-11-22,2,13879.0,entrada,4675
18343,2025-11-22,1,13880.0,entrada,6259
18344,2025-11-22,1,13882.0,entrada,13809
18345,2025-11-22,1,13883.0,entrada,4774
18346,2025-11-22,2,13884.0,entrada,9888
18347,2025-11-22,1,13885.0,entrada,10845
18348,2025-11-22,4,13886.0,entrada,9912
18349,2025-11-23,4,13892.0,entrada,9586
18350,2025-11-23,1,13891.0,entrada,6616
18351,2025-11-23,1,13890.0,entrada,9301
18352,2025-11-23,2,13893.0,entrada,4968
18353,2025-11-23,2,13894.0,entrada,6573
18354,2025-11-23,3,,salida,415
18355,2025-11-23,1,,salida,82959
18356,2025-11-23,4,13889.0,entrada,7368
18357,2025-11-23,4,13903.0,entrada,15717
18358,2025-11-23,4,13900.0,entrada,11448
18359,2025-11-23,2,13901.0,entrada,5012
18360,2025-11-23,4,13899.0,entrada,2861
18361,2025-11-23,3,13898.0,entrada,10874
18362,2025-11-23,3,13897.0,entrada,4917
18363,2025-11-23,3,13818.0,merma,435
18364,2025-11-23,2,13896.0,entrada,14235
18365,2025-11-23,1,13895.0,entrada,8558
18366,2025-11-23,1,13860.0,merma,859
18367,2025-11-23,1,13902.0,entrada,3100
18368,2025-11-23,1,,salida,22524
18369,2025-11-24,1,13915.0,entrada,11236
18370,2025-11-24,4,13910.0,entrada,9548
18371,2025-11-24,3,13914.0,entrada,3287
18372,2025-11-24,4,13913.0,entrada,10198
18373,2025-11-24,2,13912.0,entrada,5886
18374,2025-11-24,4,13911.0,entrada,14687
18375,2025-11-24,3,13904.0,entrada,6228
18376,2025-11-24,3,13907.0,entrada,7355
18377,2025-11-24,4,,salida,5941
18378,2025-11-24,1,,salida,15652
18379,2025-11-24,4,13906.0,entrada,9201
18380,2025-11-24,4,13905.0,entrada,11249
18381,2025-11-24,4,13909.0,entrada,8072
18382,2025-11-24,1,13916.0,entrada,5145
18383,2025-11-24,1,13908.0,entrada,9407
18384,2025-11-24,3,13917.0,entrada,3445
18385,2025-11-25,2,13918.0,entrada,6857
18386,2025-11-25,2,,salida,39583
18387,2025-11-25,3,,salida,1100
18388,2025-11-25,1,,salida,1003
18389,2025-11-25,4,,salida,13865
18390,2025-11-25,4,,salida,93448
18391,2025-11-25,4,13930.0,entrada,14889
18392,2025-11-25,3,13929.0,entrada,3924
18393,2025-11-25,3,13919.0,entrada,9644
18394,2025-11-25,3,13927.0,entrada,3131
18395,2025-11-25,2,13928.0,entrada,9196
18396,2025-11-25,1,13920.0,entrada,8880
18397,2025-11-25,3,13921.0,entrada,5886
18398,2025-11-25,1,13923.0,entrada,4598
18399,2025-11-25,2,13924.0,entrada,5868
18400,2025-11-25,2,13922.0,entrada,9984
18401,2025-11-25,3,13925.0,entrada,9976
18402,2025-11-25,4,13926.0,entrada,13443
18403,2025-11-26,2,13946.0,entrada,5226
18404,2025-11-26,1,13948.0,entrada,15839
18405,2025-11-26,4,13941.0,entrada,4950
18406,2025-11-26,2,13945.0,entrada,9771
18407,2025-11-26,3,13823.0,merma,581
18408,2025-11-26,4,13944.0,entrada,3317
18409,2025-11-26,2,13943.0,entrada,10253
18410,2025-11-26,2,13942.0,entrada,10385
18411,2025-11-26,4,13947.0,entrada,4081
18412,2025-11-26,3,13940.0,entrada,11655
18413,2025-11-26,1,13936.0,entrada,4331
18414,2025-11-26,3,13938.0,entrada,10051
18415,2025-11-26,2,13937.0,entrada,5087
18416,2025-11-26,1,13935.0,entrada,11213
18417,2025-11-26,2,13934.0,entrada,6939
18418,2025-11-26,2,13933.0,entrada,8475
18419,2025-11-26,2,,salida,18498
18420,2025-11-26,1,,salida,70404
18421,2025-11-26,3,13932.0,entrada,10756
18422,2025-11-26,2,13931.0,entrada,6405
18423,2025-11-26,1,,salida,30385
18424,2025-11-26,3,13939.0,entrada,8016
18425,2025-11-26,1,,salida,41143
18426,2025-11-27,2,13822.0,merma,325
18427,2025-11-27,1,13964.0,entrada,3892
18428,2025-11-27,2,13954.0,entrada,4553
18429,2025-11-27,4,13963.0,entrada,10900
18430,2025-11-27,2,13962.0,entrada,3323
18431,2025-11-27,2,13961.0,entrada,10801
18432,2025-11-27,3,13960.0,entrada,10090
18433,2025-11-27,1,13959.0,entrada,4906
18434,2025-11-27,4,13958.0,entrada,13218
18435,2025-11-27,2,13957.0,entrada,8921
18436,2025-11-27,4,13956.0,entrada,8607
18437,2025-11-27,1,13955.0,entrada,6301
18438,2025-11-27,2,13861.0,merma,852
18439,2025-11-27,1,13910.0,merma,1127
18440,2025-11-27,1,13952.0,entrada,7223
18441,2025-11-27,3,13951.0,entrada,9777
18442,2025-11-27,4,13950.0,entrada,10943
18443,2025-11-27,2,13949.0,entrada,7434
18444,2025-11-27,4,13965.0,entrada,15991
18445,2025-11-27,3,,salida,3916
18446,2025-11-27,3,,salida,6628
18447,2025-11-27,3,13953.0,entrada,9549
18448,2025-11-28,4,,salida,71615
18449,2025-11-28,2,,salida,23053
18450,2025-11-28,4,13979.0,entrada,14472
18451,2025-11-28,4,13976.0,entrada,10898
18452,2025-11-28,1,13970.0,entrada,10360
18453,2025-11-28,2,13967.0,entrada,11870
18454,2025-11-28,1,13968.0,entrada,10215
18455,2025-11-28,2,13969.0,entrada,7941
18456,2025-11-28,3,13971.0,entrada,4646
18457,2025-11-28,1,13972.0,entrada,5814
18458,2025-11-28,3,13973.0,entrada,8737
18459,2025-11-28,1,13975.0,entrada,11692
18460,2025-11-28,4,13977.0,entrada,3718
18461,2025-11-28,1,13974.0,entrada,13797
18462,2025-11-28,1,13966.0,entrada,5958
18463,2025-11-28,2,13978.0,entrada,6090
18464,2025-11-29,2,13996.0,entrada,15942
18465,2025-11-29,1,13982.0,entrada,8671
18466,2025-11-29,3,13995.0,entrada,3653
18467,2025-11-29,2,13994.0,entrada,4037
18468,2025-11-29,1,13993.0,entrada,10172
18469,2025-11-29,3,13983.0,entrada,6648
18470,2025-11-29,3,13992.0,entrada,3582
18471,2025-11-29,4,13990.0,entrada,8637
18472,2025-11-29,2,13991.0,entrada,11397
18473,2025-11-29,2,13985.0,entrada,4453
18474,2025-11-29,3,13986.0,entrada,9086
18475,2025-11-29,4,13981.0,entrada,9584
18476,2025-11-29,2,13987.0,entrada,9527
18477,2025-11-29,2,13988.0,entrada,15094
18478,2025-11-29,2,13989.0,entrada,4929
18479,2025-11-29,1,13984.0,entrada,9670
18480,2025-11-29,1,13980.0,entrada,6482
18481,2025-11-29,1,,salida,54162
18482,2025-11-29,4,,salida,10261
18483,2025-11-29,2,,salida,19985
18484,2025-11-29,3,,salida,40839
18485,2025-11-29,1,13915.0,merma,660
18486,2025-11-29,4,13867.0,merma,363
18487,2025-11-30,1,14006.0,entrada,3464
18488,2025-11-30,4,,salida,6347
18489,2025-11-30,1,,salida,21895
18490,2025-11-30,3,,salida,9131
18491,2025-11-30,1,,salida,41248
18492,2025-11-30,4,,salida,2202
18493,2025-11-30,4,13929.0,merma,193
18494,2025-11-30,3,14001.0,entrada,7381
18495,2025-11-30,1,14002.0,entrada,9105
18496,2025-11-30,3,14003.0,entrada,13124
18497,2025-11-30,1,13997.0,entrada,6990
18498,2025-11-30,3,13998.0,entrada,8119
18499,2025-11-30,3,13999.0,entrada,7093
18500,2025-11-30,1,14000.0,entrada,5952
18501,2025-11-30,1,14009.0,entrada,16886
18502,2025-11-30,3,14008.0,entrada,5424
18503,2025-11-30,3,14004.0,entrada,5176
18504,2025-11-30,1,14005.0,entrada,11164
18505,2025-11-30,3,14007.0,entrada,9277
18506,2025-12-01,3,14016.0,entrada,7064
18507,2025-12-01,1,14015.0,entrada,4607
18508,2025-12-01,3,14014.0,entrada,8973
18509,2025-12-01,3,14013.0,entrada,5916
18510,2025-12-01,3,14012.0,entrada,9374
18511,2025-12-01,1,14011.0,entrada,10862
18512,2025-12-01,4,14010.0,entrada,7635
18513,2025-12-01,4,14019.0,entrada,14313
18514,2025-12-01,2,14018.0,entrada,9495
18515,2025-12-01,4,14017.0,entrada,9495
18516,2025-12-01,1,,salida,47999
18517,2025-12-01,2,14026.0,entrada,16287
18518,2025-12-01,3,14025.0,entrada,3775
18519,2025-12-01,1,14024.0,entrada,4735
18520,2025-12-01,2,,salida,11766
18521,2025-12-01,1,14022.0,entrada,3392
18522,2025-12-01,3,14021.0,entrada,10050
18523,2025-12-01,1,14020.0,entrada,4370
18524,2025-12-01,1,13926.0,merma,1129
18525,2025-12-01,2,14023.0,entrada,9649
18526,2025-12-02,4,14039.0,entrada,9784
18527,2025-12-02,1,,salida,14471
18528,2025-12-02,4,,salida,18647
18529,2025-12-02,1,,salida,1535
18530,2025-12-02,1,,salida,37260
18531,2025-12-02,2,14041.0,entrada,4223
18532,2025-12-02,1,14040.0,entrada,4256
18533,2025-12-02,4,14038.0,entrada,3106
18534,2025-12-02,3,14036.0,entrada,10524
18535,2025-12-02,4,14035.0,entrada,5483
18536,2025-12-02,1,14034.0,entrada,14068
18537,2025-12-02,1,14033.0,entrada,8511
18538,2025-12-02,4,14032.0,entrada,6656
18539,2025-12-02,1,14031.0,entrada,7392
18540,2025-12-02,3,14030.0,entrada,4619
18541,2025-12-02,3,14029.0,entrada,8762
18542,2025-12-02,3,14028.0,entrada,12247
18543,2025-12-02,2,14027.0,entrada,6749
18544,2025-12-02,4,,salida,56700
18545,2025-12-02,3,14037.0,entrada,11046
18546,2025-12-03,4,14054.0,entrada,4683
18547,2025-12-03,4,,salida,2449
18548,2025-12-03,4,14056.0,entrada,15628
18549,2025-12-03,2,14055.0,entrada,3661
18550,2025-12-03,3,14053.0,entrada,10432
18551,2025-12-03,2,14044.0,entrada,8919
18552,2025-12-03,1,14051.0,entrada,11320
18553,2025-12-03,3,14050.0,entrada,10143
18554,2025-12-03,4,14049.0,entrada,5319
18555,2025-12-03,1,14048.0,entrada,13797
18556,2025-12-03,1,14047.0,entrada,10234
18557,2025-12-03,3,14046.0,entrada,6307
18558,2025-12-03,3,14045.0,entrada,10048
18559,2025-12-03,1,14043.0,entrada,11766
18560,2025-12-03,4,14042.0,entrada,6484
18561,2025-12-03,3,14052.0,entrada,2801
18562,2025-12-04,3,,salida,5380
18563,2025-12-04,3,,salida,13464
18564,2025-12-04,2,,salida,7200
18565,2025-12-04,2,,salida,2022
18566,2025-12-04,1,,salida,28705
18567,2025-12-04,4,,salida,2197
18568,2025-12-04,2,14066.0,entrada,4560
18569,2025-12-04,4,14059.0,entrada,9554
18570,2025-12-04,3,14070.0,entrada,11597
18571,2025-12-04,4,14069.0,entrada,3424
18572,2025-12-04,1,14067.0,entrada,11897
18573,2025-12-04,1,14068.0,entrada,10838
18574,2025-12-04,1,14057.0,entrada,7806
18575,2025-12-04,4,14058.0,entrada,10885
18576,2025-12-04,2,14072.0,entrada,14261
18577,2025-12-04,3,14060.0,entrada,6911
18578,2025-12-04,4,14071.0,entrada,4998
18579,2025-12-04,1,14062.0,entrada,4027
18580,2025-12-04,2,14063.0,entrada,5969
18581,2025-12-04,4,14064.0,entrada,8022
18582,2025-12-04,4,14065.0,entrada,9823
18583,2025-12-04,4,14061.0,entrada,10647
18584,2025-12-05,1,13931.0,merma,385
18585,2025-12-05,3,13964.0,merma,351
18586,2025-12-05,3,13962.0,merma,214
18587,2025-12-05,1,,salida,10351
18588,2025-12-05,2,14087.0,entrada,14417
18589,2025-12-05,2,14073.0,entrada,5999
18590,2025-12-05,2,14074.0,entrada,7642
18591,2025-12-05,4,14026.0,merma,1326
18592,2025-12-05,4,14081.0,entrada,4144
18593,2025-12-05,4,14079.0,entrada,8716
18594,2025-12-05,1,14080.0,entrada,8121
18595,2025-12-05,1,14082.0,entrada,9547
18596,2025-12-05,1,14083.0,entrada,3609
18597,2025-12-05,3,14084.0,entrada,9645
18598,2025-12-05,4,14085.0,entrada,5295
18599,2025-12-05,3,14078.0,entrada,5615
18600,2025-12-05,1,14086.0,entrada,3948
18601,2025-12-05,4,14075.0,entrada,7566
18602,2025-12-05,1,,salida,33762
18603,2025-12-05,4,,salida,4048
18604,2025-12-05,4,14076.0,entrada,10388
18605,2025-12-05,1,14077.0,entrada,5018
18606,2025-12-06,2,14096.0,entrada,13116
18607,2025-12-06,1,14095.0,entrada,8317
18608,2025-12-06,1,14097.0,entrada,4667
18609,2025-12-06,4,14094.0,entrada,8474
18610,2025-12-06,1,,salida,22098
18611,2025-12-06,4,14093.0,entrada,6431
18612,2025-12-06,1,14099.0,entrada,3364
18613,2025-12-06,3,14100.0,entrada,9368
18614,2025-12-06,4,14101.0,entrada,5562
18615,2025-12-06,1,14102.0,entrada,3907
18616,2025-12-06,1,14103.0,entrada,15811
18617,2025-12-06,1,,salida,14625
18618,2025-12-06,3,14092.0,entrada,4664
18619,2025-12-06,1,14098.0,entrada,12250
18620,2025-12-06,3,14090.0,entrada,6154
18621,2025-12-06,2,14089.0,entrada,9971
18622,2025-12-06,2,14088.0,entrada,11396
18623,2025-12-06,3,13975.0,merma,1101
18624,2025-12-06,2,13966.0,merma,385
18625,2025-12-06,3,,salida,14523
18626,2025-12-06,1,14091.0,entrada,9228
18627,2025-12-07,2,14114.0,entrada,11037
18628,2025-12-07,2,14115.0,entrada,11339
18629,2025-12-07,2,14116.0,entrada,5445
18630,2025-12-07,1,14117.0,entrada,3096
18631,2025-12-07,2,14118.0,entrada,16579
18632,2025-12-07,2,14111.0,entrada,8338
18633,2025-12-07,2,14110.0,entrada,8217
18634,2025-12-07,2,14109.0,entrada,7083
18635,2025-12-07,4,14112.0,entrada,13736
18636,2025-12-07,3,14107.0,entrada,7202
18637,2025-12-07,3,14106.0,entrada,9072
18638,2025-12-07,3,14105.0,entrada,9871
18639,2025-12-07,1,14104.0,entrada,7024
18640,2025-12-07,3,,salida,4015
18641,2025-12-07,4,,salida,9185
18642,2025-12-07,1,14113.0,entrada,4965
18643,2025-12-07,1,,salida,8466
18644,2025-12-07,1,14108.0,entrada,4406
18645,2025-12-08,2,14119.0,entrada,11113
18646,2025-12-08,1,14120.0,entrada,8723
18647,2025-12-08,4,14121.0,entrada,10378
18648,2025-12-08,3,14122.0,entrada,4080
18649,2025-12-08,3,14124.0,entrada,9594
18650,2025-12-08,4,14125.0,entrada,13045
18651,2025-12-08,4,14126.0,entrada,6108
18652,2025-12-08,2,14127.0,entrada,11621
18653,2025-12-08,1,14128.0,entrada,3519
18654,2025-12-08,4,14129.0,entrada,11048
18655,2025-12-08,3,14130.0,entrada,4511
18656,2025-12-08,3,14131.0,entrada,3964
18657,2025-12-08,2,14123.0,entrada,6076
18658,2025-12-08,3,14132.0,entrada,18852
18659,2025-12-09,2,14083.0,merma,396
18660,2025-12-09,3,14137.0,entrada,4193
18661,2025-12-09,4,14134.0,entrada,11138
18662,2025-12-09,3,14133.0,entrada,6231
18663,2025-12-09,2,14149.0,entrada,16627
18664,2025-12-09,1,14148.0,entrada,3652
18665,2025-12-09,1,,salida,121963
18666,2025-12-09,2,14146.0,entrada,9025
18667,2025-12-09,4,14145.0,entrada,3370
18668,2025-12-09,3,14144.0,entrada,9438
18669,2025-12-09,4,14143.0,entrada,9811
18670,2025-12-09,3,14147.0,entrada,5331
18671,2025-12-09,1,14141.0,entrada,14308
18672,2025-12-09,3,14140.0,entrada,8165
18673,2025-12-09,3,14139.0,entrada,7676
18674,2025-12-09,2,14138.0,entrada,5019
18675,2025-12-09,2,14136.0,entrada,10368
18676,2025-12-09,4,14142.0,entrada,5283
18677,2025-12-09,2,14135.0,entrada,8956
18678,2025-12-10,2,,salida,66218
18679,2025-12-10,2,14158.0,entrada,8859
18680,2025-12-10,1,14159.0,entrada,12965
18681,2025-12-10,3,14160.0,entrada,10464
18682,2025-12-10,4,14164.0,entrada,5042
18683,2025-12-10,4,14163.0,entrada,11393
18684,2025-12-10,3,14165.0,entrada,3559
18685,2025-12-10,1,14166.0,entrada,13973
18686,2025-12-10,2,14115.0,merma,943
18687,2025-12-10,3,14161.0,entrada,11027
18688,2025-12-10,4,,salida,6698
18689,2025-12-10,4,14162.0,entrada,3851
18690,2025-12-10,3,,salida,813
18691,2025-12-10,1,14156.0,entrada,6531
18692,2025-12-10,4,14155.0,entrada,4956
18693,2025-12-10,3,14154.0,entrada,10199
18694,2025-12-10,4,14153.0,entrada,7067
18695,2025-12-10,4,14152.0,entrada,8993
18696,2025-12-10,1,14151.0,entrada,11613
18697,2025-12-10,1,14150.0,entrada,7169
18698,2025-12-10,1,14157.0,entrada,7330
18699,2025-12-11,4,14167.0,entrada,6917
18700,2025-12-11,2,14168.0,entrada,13068
18701,2025-12-11,4,14169.0,entrada,7771
18702,2025-12-11,3,14170.0,entrada,6919
18703,2025-12-11,4,14171.0,entrada,9783
18704,2025-12-11,2,,salida,11049
18705,2025-12-11,3,14174.0,entrada,9431
18706,2025-12-11,3,14175.0,entrada,13998
18707,2025-12-11,2,14176.0,entrada,4784
18708,2025-12-11,4,,salida,9367
18709,2025-12-11,2,14178.0,entrada,12328
18710,2025-12-11,1,14179.0,entrada,3728
18711,2025-12-11,3,14180.0,entrada,10066
18712,2025-12-11,4,14181.0,entrada,4633
18713,2025-12-11,1,14182.0,entrada,14470
18714,2025-12-11,1,14091.0,merma,749
18715,2025-12-11,4,14098.0,merma,1070
18716,2025-12-11,1,14109.0,merma,669
18717,2025-12-11,4,14173.0,entrada,8812
18718,2025-12-11,1,14172.0,entrada,4537
18719,2025-12-11,3,14177.0,entrada,9839
18720,2025-12-11,1,,salida,33531
18721,2025-12-11,3,,salida,12221
18722,2025-12-11,4,,salida,12817
18723,2025-12-11,2,,salida,9913
18724,2025-12-11,4,,salida,11584
18725,2025-12-11,2,,salida,20075
18726,2025-12-12,1,14192.0,entrada,5041
18727,2025-12-12,2,,salida,25276
18728,2025-12-12,2,,salida,23218
18729,2025-12-12,4,14183.0,entrada,6479
18730,2025-12-12,4,14184.0,entrada,11041
18731,2025-12-12,4,14185.0,entrada,10099
18732,2025-12-12,1,14186.0,entrada,6045
18733,2025-12-12,1,14187.0,entrada,10384
18734,2025-12-12,3,14188.0,entrada,4290
18735,2025-12-12,2,14190.0,entrada,9052
18736,2025-12-12,3,14191.0,entrada,13639
18737,2025-12-12,2,14193.0,entrada,9899
18738,2025-12-12,1,14194.0,entrada,11024
18739,2025-12-12,2,14195.0,entrada,3653
18740,2025-12-12,3,14196.0,entrada,9606
18741,2025-12-12,3,14046.0,merma,288
18742,2025-12-12,1,14074.0,merma,793
18743,2025-12-12,1,14077.0,merma,355
18744,2025-12-12,2,14197.0,entrada,4806
18745,2025-12-12,4,14189.0,entrada,8790
18746,2025-12-12,1,,salida,6180
18747,2025-12-12,3,14198.0,entrada,18226
18748,2025-12-12,4,,salida,9393
18749,2025-12-12,2,,salida,6001
18750,2025-12-12,3,,salida,2166
18751,2025-12-13,3,14210.0,entrada,8899
18752,2025-12-13,4,14209.0,entrada,10738
18753,2025-12-13,2,14208.0,entrada,5166
18754,2025-12-13,2,14207.0,entrada,13985
18755,2025-12-13,3,14206.0,entrada,9288
18756,2025-12-13,1,,salida,2366
18757,2025-12-13,2,14204.0,entrada,6287
18758,2025-12-13,1,14203.0,entrada,4671
18759,2025-12-13,4,14202.0,entrada,10594
18760,2025-12-13,4,14201.0,entrada,9050
18761,2025-12-13,2,14200.0,entrada,10269
18762,2025-12-13,4,14078.0,merma,245
18763,2025-12-13,1,14199.0,entrada,6090
18764,2025-12-13,3,14211.0,entrada,4611
18765,2025-12-13,3,14212.0,entrada,3700
18766,2025-12-13,4,14205.0,entrada,9384
18767,2025-12-13,2,,salida,24391
18768,2025-12-13,1,,salida,8378
18769,2025-12-13,1,,salida,596
18770,2025-12-13,1,,salida,8491
18771,2025-12-13,3,,salida,42948
18772,2025-12-13,3,,salida,56236
18773,2025-12-14,2,14215.0,entrada,8780
18774,2025-12-14,2,,salida,5739
18775,2025-12-14,1,14214.0,entrada,9340
18776,2025-12-14,4,14220.0,entrada,13243
18777,2025-12-14,2,14221.0,entrada,4530
18778,2025-12-14,1,14222.0,entrada,11140
18779,2025-12-14,1,14228.0,entrada,15475
18780,2025-12-14,3,14227.0,entrada,3305
18781,2025-12-14,2,,salida,76658
18782,2025-12-14,1,,salida,1549
18783,2025-12-14,3,,salida,118548
18784,2025-12-14,3,14223.0,entrada,13490
18785,2025-12-14,3,14224.0,entrada,3043
18786,2025-12-14,2,14213.0,entrada,7259
18787,2025-12-14,3,14219.0,entrada,8324
18788,2025-12-14,1,14218.0,entrada,7802
18789,2025-12-14,4,14217.0,entrada,6423
18790,2025-12-14,2,14216.0,entrada,4196
18791,2025-12-14,2,14225.0,entrada,10783
18792,2025-12-14,3,14226.0,entrada,4904
18793,2025-12-15,1,14242.0,entrada,4604
18794,2025-12-15,1,,salida,178858
18795,2025-12-15,4,14244.0,entrada,14232
18796,2025-12-15,1,14243.0,entrada,3255
18797,2025-12-15,3,14241.0,entrada,10066
18798,2025-12-15,3,14234.0,entrada,5027
18799,2025-12-15,4,14239.0,entrada,10300
18800,2025-12-15,2,,salida,11592
18801,2025-12-15,1,,salida,26
18802,2025-12-15,3,,salida,17535
18803,2025-12-15,4,,salida,8344
18804,2025-12-15,4,14229.0,entrada,7138
18805,2025-12-15,3,14240.0,entrada,13072
18806,2025-12-15,1,14230.0,entrada,9190
18807,2025-12-15,4,14232.0,entrada,7193
18808,2025-12-15,4,14233.0,entrada,9766
18809,2025-12-15,1,14235.0,entrada,6163
18810,2025-12-15,3,14236.0,entrada,8790
18811,2025-12-15,2,14237.0,entrada,13376
18812,2025-12-15,1,14238.0,entrada,5008
18813,2025-12-15,4,14231.0,entrada,9707
18814,2025-12-16,2,,salida,500
18815,2025-12-16,4,,salida,112044
18816,2025-12-16,1,,salida,6149
18817,2025-12-16,2,14258.0,entrada,17346
18818,2025-12-16,2,14251.0,entrada,8139
18819,2025-12-16,3,14248.0,entrada,9998
18820,2025-12-16,2,14249.0,entrada,4974
18821,2025-12-16,2,14250.0,entrada,5807
18822,2025-12-16,4,14245.0,entrada,6731
18823,2025-12-16,1,14252.0,entrada,8654
18824,2025-12-16,4,14253.0,entrada,13855
18825,2025-12-16,2,14254.0,entrada,11504
18826,2025-12-16,1,14255.0,entrada,11838
18827,2025-12-16,1,14256.0,entrada,10345
18828,2025-12-16,2,14257.0,entrada,4487
18829,2025-12-16,4,14247.0,entrada,6049
18830,2025-12-16,2,14246.0,entrada,10110
18831,2025-12-17,2,14263.0,entrada,10415
18832,2025-12-17,2,14260.0,entrada,10354
18833,2025-12-17,3,14259.0,entrada,7787
18834,2025-12-17,4,14264.0,entrada,4320
18835,2025-12-17,2,14265.0,entrada,6703
18836,2025-12-17,2,14266.0,entrada,9121
18837,2025-12-17,3,14267.0,entrada,8864
18838,2025-12-17,3,14268.0,entrada,13971
18839,2025-12-17,4,14269.0,entrada,4616
18840,2025-12-17,2,14270.0,entrada,9745
18841,2025-12-17,2,14271.0,entrada,12451
18842,2025-12-17,3,14272.0,entrada,3558
18843,2025-12-17,1,14273.0,entrada,9471
18844,2025-12-17,2,14262.0,entrada,6262
18845,2025-12-17,3,14261.0,entrada,9362
18846,2025-12-17,1,14275.0,entrada,16033
18847,2025-12-17,4,14224.0,merma,352
18848,2025-12-17,3,,salida,15514
18849,2025-12-17,1,,salida,5238
18850,2025-12-17,2,,salida,10373
18851,2025-12-17,2,,salida,12360
18852,2025-12-17,1,14274.0,entrada,5076
18853,2025-12-18,3,14276.0,entrada,6204
18854,2025-12-18,4,14287.0,entrada,14461
18855,2025-12-18,3,14286.0,entrada,9945
18856,2025-12-18,1,14284.0,entrada,13744
18857,2025-12-18,1,14283.0,entrada,9273
18858,2025-12-18,3,14281.0,entrada,5999
18859,2025-12-18,2,14280.0,entrada,11180
18860,2025-12-18,1,14278.0,entrada,8827
18861,2025-12-18,3,14277.0,entrada,10256
18862,2025-12-18,4,14285.0,entrada,9529
18863,2025-12-18,3,14282.0,entrada,9009
18864,2025-12-18,1,14279.0,entrada,7708
18865,2025-12-18,4,,salida,3149
18866,2025-12-18,3,,salida,2085
18867,2025-12-18,2,,salida,18793
18868,2025-12-19,4,,salida,45896
18869,2025-12-19,4,14304.0,entrada,14190
18870,2025-12-19,3,14302.0,entrada,4816
18871,2025-12-19,4,14301.0,entrada,9809
18872,2025-12-19,4,14300.0,entrada,3516
18873,2025-12-19,1,14299.0,entrada,10692
18874,2025-12-19,1,14298.0,entrada,12222
18875,2025-12-19,1,14297.0,entrada,5376
18876,2025-12-19,2,14296.0,entrada,15625
18877,2025-12-19,2,14295.0,entrada,9175
18878,2025-12-19,4,14294.0,entrada,5462
18879,2025-12-19,4,14293.0,entrada,3548
18880,2025-12-19,1,14303.0,entrada,4030
18881,2025-12-19,3,14291.0,entrada,6722
18882,2025-12-19,1,14290.0,entrada,9631
18883,2025-12-19,4,14289.0,entrada,10835
18884,2025-12-19,2,14288.0,entrada,5957
18885,2025-12-19,3,,salida,15960
18886,2025-12-19,2,,salida,37531
18887,2025-12-19,1,,salida,19318
18888,2025-12-19,3,14292.0,entrada,9576
18889,2025-12-19,1,,salida,52996
18890,2025-12-20,4,14317.0,entrada,4126
18891,2025-12-20,1,14318.0,entrada,10124
18892,2025-12-20,1,14319.0,entrada,3664
18893,2025-12-20,4,14320.0,entrada,15795
18894,2025-12-20,1,,salida,3146
18895,2025-12-20,2,,salida,20416
18896,2025-12-20,2,,salida,28624
18897,2025-12-20,2,14316.0,entrada,10982
18898,2025-12-20,3,,salida,1665
18899,2025-12-20,4,,salida,14564
18900,2025-12-20,3,,salida,645
18901,2025-12-20,3,14315.0,entrada,10033
18902,2025-12-20,2,14311.0,entrada,8102
18903,2025-12-20,3,14313.0,entrada,12659
18904,2025-12-20,3,14312.0,entrada,9117
18905,2025-12-20,3,14310.0,entrada,5183
18906,2025-12-20,4,14309.0,entrada,9799
18907,2025-12-20,2,14308.0,entrada,7718
18908,2025-12-20,2,14307.0,entrada,7485
18909,2025-12-20,1,14306.0,entrada,10001
18910,2025-12-20,3,14305.0,entrada,6409
18911,2025-12-20,2,,salida,81552
18912,2025-12-20,4,,salida,23474
18913,2025-12-20,2,14314.0,entrada,5404
18914,2025-12-20,3,,salida,1936
18915,2025-12-21,4,,salida,16893
18916,2025-12-21,3,,salida,85846
18917,2025-12-21,2,,salida,48628
18918,2025-12-21,1,,salida,4769
18919,2025-12-21,4,,salida,34217
18920,2025-12-21,2,,salida,14699
18921,2025-12-21,4,,salida,8660
18922,2025-12-21,2,,salida,3581
18923,2025-12-21,3,14327.0,entrada,6824
18924,2025-12-21,2,14322.0,entrada,11665
18925,2025-12-21,4,14333.0,entrada,9659
18926,2025-12-21,4,14330.0,entrada,5296
18927,2025-12-21,3,14334.0,entrada,4787
18928,2025-12-21,1,14329.0,entrada,13678
18929,2025-12-21,3,14328.0,entrada,8968
18930,2025-12-21,1,14326.0,entrada,4007
18931,2025-12-21,4,14325.0,entrada,9788
18932,2025-12-21,2,14324.0,entrada,6871
18933,2025-12-21,2,14323.0,entrada,8948
18934,2025-12-21,2,14335.0,entrada,15471
18935,2025-12-21,2,14321.0,entrada,6760
18936,2025-12-21,2,14198.0,merma,1391
18937,2025-12-21,2,14227.0,merma,279
18938,2025-12-21,1,14332.0,entrada,3372
18939,2025-12-21,4,14269.0,merma,536
18940,2025-12-21,3,14331.0,entrada,9479
18941,2025-12-22,2,14351.0,entrada,16442
18942,2025-12-22,4,14350.0,entrada,3419
18943,2025-12-22,3,14349.0,entrada,4771
18944,2025-12-22,2,14348.0,entrada,8953
18945,2025-12-22,3,14347.0,entrada,10964
18946,2025-12-22,1,,salida,3637
18947,2025-12-22,4,14337.0,entrada,10705
18948,2025-12-22,2,14338.0,entrada,5895
18949,2025-12-22,3,14344.0,entrada,12018
18950,2025-12-22,4,14343.0,entrada,8882
18951,2025-12-22,3,14342.0,entrada,8759
18952,2025-12-22,1,14341.0,entrada,6505
18953,2025-12-22,1,14340.0,entrada,4537
18954,2025-12-22,4,14339.0,entrada,9552
18955,2025-12-22,3,14345.0,entrada,4862
18956,2025-12-22,1,14346.0,entrada,9114
18957,2025-12-22,2,14336.0,entrada,6917
18958,2025-12-22,3,,salida,14642
18959,2025-12-22,3,,salida,55120
18960,2025-12-23,2,14300.0,merma,389
18961,2025-12-23,4,,salida,22823
18962,2025-12-23,1,14352.0,entrada,6654
18963,2025-12-23,4,14353.0,entrada,10697
18964,2025-12-23,2,14272.0,merma,205
18965,2025-12-23,2,14354.0,entrada,9332
18966,2025-12-23,1,14235.0,merma,724
18967,2025-12-23,4,14355.0,entrada,7407
18968,2025-12-23,2,14356.0,entrada,6243
18969,2025-12-23,4,14357.0,entrada,7872
18970,2025-12-23,4,14358.0,entrada,14158
18971,2025-12-23,2,14359.0,entrada,5352
18972,2025-12-23,2,,salida,2946
18973,2025-12-23,1,14360.0,entrada,11501
18974,2025-12-23,1,14361.0,entrada,3265
18975,2025-12-23,4,14362.0,entrada,12434
18976,2025-12-23,1,14365.0,entrada,16091
18977,2025-12-23,4,14363.0,entrada,5147
18978,2025-12-23,1,14364.0,entrada,3229
18979,2025-12-23,4,14316.0,merma,1282
18980,2025-12-24,4,14334.0,merma,296
18981,2025-12-24,3,14381.0,entrada,4237
18982,2025-12-24,3,14382.0,entrada,15090
18983,2025-12-24,4,14305.0,merma,446
18984,2025-12-24,4,14368.0,entrada,9359
18985,2025-12-24,2,14369.0,entrada,6588
18986,2025-12-24,1,14370.0,entrada,10835
18987,2025-12-24,1,14367.0,entrada,10424
18988,2025-12-24,3,14371.0,entrada,4005
18989,2025-12-24,3,14372.0,entrada,7443
18990,2025-12-24,3,14373.0,entrada,8099
18991,2025-12-24,2,14374.0,entrada,12522
18992,2025-12-24,1,14375.0,entrada,5188
18993,2025-12-24,1,14376.0,entrada,10301
18994,2025-12-24,1,14377.0,entrada,11763
18995,2025-12-24,2,14378.0,entrada,3608
18996,2025-12-24,4,14380.0,entrada,4837
18997,2025-12-24,3,14366.0,entrada,6976
18998,2025-12-24,2,14379.0,entrada,9093
18999,2025-12-25,3,14395.0,entrada,11907
19000,2025-12-25,3,14396.0,entrada,3648
19001,2025-12-25,4,14392.0,entrada,13443
19002,2025-12-25,4,14397.0,entrada,10354
19003,2025-12-25,2,14398.0,entrada,4922
19004,2025-12-25,2,14399.0,entrada,4024
19005,2025-12-25,3,14400.0,entrada,14745
19006,2025-12-25,2,14384.0,entrada,10838
19007,2025-12-25,1,14383.0,entrada,6106
19008,2025-12-25,4,14388.0,entrada,4387
19009,2025-12-25,3,14389.0,entrada,5937
19010,2025-12-25,3,14390.0,entrada,8136
19011,2025-12-25,3,14391.0,entrada,8763
19012,2025-12-25,2,14385.0,entrada,8509
19013,2025-12-25,1,14393.0,entrada,5117
19014,2025-12-25,1,14394.0,entrada,10375
19015,2025-12-25,1,14386.0,entrada,7300
19016,2025-12-25,3,,salida,8951
19017,2025-12-25,2,,salida,17004
19018,2025-12-25,3,,salida,116649
19019,2025-12-25,1,14387.0,entrada,9346
19020,2025-12-25,2,,salida,147916
19021,2025-12-25,2,14277.0,merma,1118
19022,2025-12-26,3,,salida,132133
19023,2025-12-26,3,14417.0,entrada,3279
19024,2025-12-26,3,14416.0,entrada,3903
19025,2025-12-26,3,14415.0,entrada,8759
19026,2025-12-26,3,14414.0,entrada,3492
19027,2025-12-26,3,14413.0,entrada,12873
19028,2025-12-26,1,14412.0,entrada,10455
19029,2025-12-26,2,14411.0,entrada,4815
19030,2025-12-26,3,14410.0,entrada,13340
19031,2025-12-26,1,14409.0,entrada,9382
19032,2025-12-26,1,14408.0,entrada,9338
19033,2025-12-26,4,14418.0,entrada,15219
19034,2025-12-26,2,14405.0,entrada,10555
19035,2025-12-26,3,14404.0,entrada,6928
19036,2025-12-26,2,14403.0,entrada,8506
19037,2025-12-26,3,14402.0,entrada,11412
19038,2025-12-26,4,14401.0,entrada,7569
19039,2025-12-26,1,14338.0,merma,561
19040,2025-12-26,1,,salida,35757
19041,2025-12-26,2,14407.0,entrada,5666
19042,2025-12-26,2,14406.0,entrada,4669
19043,2025-12-26,3,,salida,4690
19044,2025-12-26,1,,salida,40281
19045,2025-12-26,2,,salida,125965
19046,2025-12-26,4,,salida,19910
19047,2025-12-26,4,,salida,68270
19048,2025-12-26,4,,salida,7554
19049,2025-12-26,3,,salida,18132
19050,2025-12-27,2,14429.0,entrada,4862
19051,2025-12-27,4,14431.0,entrada,10691
19052,2025-12-27,2,14428.0,entrada,14058
19053,2025-12-27,3,14432.0,entrada,3846
19054,2025-12-27,3,14433.0,entrada,8575
19055,2025-12-27,1,14423.0,entrada,8816
19056,2025-12-27,4,14427.0,entrada,8170
19057,2025-12-27,1,14426.0,entrada,9092
19058,2025-12-27,2,14422.0,entrada,6060
19059,2025-12-27,1,14430.0,entrada,11448
19060,2025-12-27,4,14421.0,entrada,8940
19061,2025-12-27,3,14420.0,entrada,9962
19062,2025-12-27,4,14425.0,entrada,5985
19063,2025-12-27,4,,salida,26624
19064,2025-12-27,2,,salida,25072
19065,2025-12-27,2,,salida,225423
19066,2025-12-27,1,,salida,12192
19067,2025-12-27,4,,salida,9946
19068,2025-12-27,3,14343.0,merma,844
19069,2025-12-27,3,14369.0,merma,655
19070,2025-12-27,2,14419.0,entrada,6740
19071,2025-12-27,3,14424.0,entrada,4678
19072,2025-12-28,2,,salida,124519
19073,2025-12-28,4,,salida,11079
19074,2025-12-28,1,14434.0,entrada,7391
19075,2025-12-28,1,14435.0,entrada,10141
19076,2025-12-28,4,14451.0,entrada,15255
19077,2025-12-28,4,14450.0,entrada,3660
19078,2025-12-28,2,14449.0,entrada,4174
19079,2025-12-28,2,14448.0,entrada,10286
19080,2025-12-28,1,14447.0,entrada,3153
19081,2025-12-28,4,14446.0,entrada,10617
19082,2025-12-28,3,14445.0,entrada,10438
19083,2025-12-28,1,14444.0,entrada,5093
19084,2025-12-28,2,14443.0,entrada,13141
19085,2025-12-28,1,14441.0,entrada,7587
19086,2025-12-28,3,14440.0,entrada,5148
19087,2025-12-28,3,14439.0,entrada,3806
19088,2025-12-28,3,14438.0,entrada,9748
19089,2025-12-28,3,14442.0,entrada,9942
19090,2025-12-28,1,14436.0,entrada,8373
19091,2025-12-28,4,14437.0,entrada,7005
19092,2025-12-29,3,14464.0,entrada,10348
19093,2025-12-29,1,14452.0,entrada,6971
19094,2025-12-29,2,14454.0,entrada,8129
19095,2025-12-29,1,14456.0,entrada,4442
19096,2025-12-29,4,14465.0,entrada,15436
19097,2025-12-29,2,14457.0,entrada,5834
19098,2025-12-29,4,,salida,39189
19099,2025-12-29,2,14459.0,entrada,13094
19100,2025-12-29,3,14460.0,entrada,6051
19101,2025-12-29,4,14461.0,entrada,12576
19102,2025-12-29,4,14455.0,entrada,9937
19103,2025-12-29,1,14462.0,entrada,8964
19104,2025-12-29,1,14463.0,entrada,3261
19105,2025-12-29,4,14458.0,entrada,7550
19106,2025-12-29,1,14453.0,entrada,9628
19107,2025-12-30,4,,salida,7146
19108,2025-12-30,4,,salida,12382
19109,2025-12-30,3,,salida,16026
19110,2025-12-30,2,,salida,990
19111,2025-12-30,4,14389.0,merma,677
19112,2025-12-30,2,14476.0,entrada,10703
19113,2025-12-30,2,14466.0,entrada,7033
19114,2025-12-30,2,14480.0,entrada,14309
19115,2025-12-30,3,14479.0,entrada,3569
19116,2025-12-30,2,14477.0,entrada,3451
19117,2025-12-30,3,14475.0,entrada,5185
19118,2025-12-30,2,14474.0,entrada,15328
19119,2025-12-30,3,14473.0,entrada,8194
19120,2025-12-30,1,14478.0,entrada,11236
19121,2025-12-30,4,14471.0,entrada,6045
19122,2025-12-30,4,14470.0,entrada,3991
19123,2025-12-30,3,14469.0,entrada,11573
19124,2025-12-30,3,14468.0,entrada,7187
19125,2025-12-30,1,14467.0,entrada,8754
19126,2025-12-30,1,14472.0,entrada,9177
19127,2025-12-31,2,14491.0,entrada,11490
19128,2025-12-31,3,14414.0,merma,348
19129,2025-12-31,3,14406.0,merma,292
19130,2025-12-31,3,14496.0,entrada,16194
19131,2025-12-31,3,14495.0,entrada,3803
19132,2025-12-31,3,14494.0,entrada,10532
19133,2025-12-31,3,14493.0,entrada,3632
19134,2025-12-31,2,14492.0,entrada,12234
19135,2025-12-31,1,14490.0,entrada,4815
19136,2025-12-31,4,,salida,20761
19137,2025-12-31,4,14488.0,entrada,10088
19138,2025-12-31,2,14487.0,entrada,7571
19139,2025-12-31,4,14486.0,entrada,6501
19140,2025-12-31,3,14485.0,entrada,4812
19141,2025-12-31,4,14484.0,entrada,9982
19142,2025-12-31,4,14483.0,entrada,6922
19143,2025-12-31,3,14489.0,entrada,14062
19144,2025-12-31,2,14482.0,entrada,10003
19145,2025-12-31,4,14481.0,entrada,7094
19146,2026-01-01,3,14352.0,merma,458
19147,2026-01-01,1,14411.0,merma,290
19148,2026-01-01,4,,salida,4770
19149,2026-01-01,2,14511.0,entrada,14959
19150,2026-01-01,3,14510.0,entrada,3932
19151,2026-01-01,2,14509.0,entrada,4674
19152,2026-01-01,3,14508.0,entrada,3442
19153,2026-01-01,2,14506.0,entrada,4726
19154,2026-01-01,2,14505.0,entrada,13132
19155,2026-01-01,3,14504.0,entrada,8995
19156,2026-01-01,1,14503.0,entrada,8667
19157,2026-01-01,1,14502.0,entrada,6179
19158,2026-01-01,1,14501.0,entrada,4770
19159,2026-01-01,4,14500.0,entrada,8409
19160,2026-01-01,4,14499.0,entrada,7509
19161,2026-01-01,1,14498.0,entrada,10297
19162,2026-01-01,2,14497.0,entrada,7028
19163,2026-01-01,2,14507.0,entrada,10853
19164,2026-01-02,1,14524.0,entrada,9431
19165,2026-01-02,3,,salida,16591
19166,2026-01-02,1,14527.0,entrada,14378
19167,2026-01-02,2,14525.0,entrada,4699
19168,2026-01-02,2,14523.0,entrada,3742
19169,2026-01-02,2,14526.0,entrada,3809
19170,2026-01-02,3,14521.0,entrada,4864
19171,2026-01-02,1,14512.0,entrada,7134
19172,2026-01-02,4,14513.0,entrada,8271
19173,2026-01-02,3,14515.0,entrada,8574
19174,2026-01-02,2,14516.0,entrada,4166
19175,2026-01-02,4,14517.0,entrada,6593
19176,2026-01-02,3,14522.0,entrada,13368
19177,2026-01-02,4,14514.0,entrada,7031
19178,2026-01-02,1,14520.0,entrada,13473
19179,2026-01-02,1,14519.0,entrada,9405
19180,2026-01-02,1,14518.0,entrada,7918
19181,2026-01-03,1,14532.0,entrada,10234
19182,2026-01-03,3,,salida,10314
19183,2026-01-03,2,,salida,98797
19184,2026-01-03,4,,salida,16502
19185,2026-01-03,2,14528.0,entrada,7506
19186,2026-01-03,2,14531.0,entrada,7030
19187,2026-01-03,2,14398.0,merma,508
19188,2026-01-03,4,14529.0,entrada,10930
19189,2026-01-03,2,14542.0,entrada,3654
19190,2026-01-03,3,14530.0,entrada,7843
19191,2026-01-03,1,14541.0,entrada,5149
19192,2026-01-03,2,14540.0,entrada,11430
19193,2026-01-03,3,14539.0,entrada,3213
19194,2026-01-03,4,14538.0,entrada,11177
19195,2026-01-03,2,14537.0,entrada,10093
19196,2026-01-03,3,14533.0,entrada,6868
19197,2026-01-03,4,14536.0,entrada,5945
19198,2026-01-03,4,14543.0,entrada,14982
19199,2026-01-03,3,14534.0,entrada,8738
19200,2026-01-03,2,14535.0,entrada,15559
19201,2026-01-04,2,,salida,213396
19202,2026-01-04,3,,salida,11603
19203,2026-01-04,3,,salida,1528
19204,2026-01-04,4,,salida,18850
19205,2026-01-04,2,14487.0,merma,481
19206,2026-01-04,4,,salida,50554
19207,2026-01-04,4,14401.0,merma,374
19208,2026-01-04,1,14558.0,entrada,4976
19209,2026-01-04,2,14545.0,entrada,10871
19210,2026-01-04,2,14553.0,entrada,4901
19211,2026-01-04,1,14554.0,entrada,10871
19212,2026-01-04,4,14555.0,entrada,11545
19213,2026-01-04,1,14556.0,entrada,3083
19214,2026-01-04,1,14557.0,entrada,10964
19215,2026-01-04,2,14550.0,entrada,6724
19216,2026-01-04,3,14559.0,entrada,3644
19217,2026-01-04,1,14552.0,entrada,9772
19218,2026-01-04,1,14560.0,entrada,15715
19219,2026-01-04,4,14549.0,entrada,4322
19220,2026-01-04,3,14547.0,entrada,6310
19221,2026-01-04,4,14546.0,entrada,8127
19222,2026-01-04,4,14544.0,entrada,6892
19223,2026-01-04,2,14548.0,entrada,10707
19224,2026-01-04,2,14551.0,entrada,7815
19225,2026-01-05,3,14453.0,merma,768
19226,2026-01-05,1,14562.0,entrada,11434
19227,2026-01-05,1,,salida,11123
19228,2026-01-05,4,14574.0,entrada,9188
19229,2026-01-05,4,14575.0,entrada,4145
19230,2026-01-05,1,14576.0,entrada,3967
19231,2026-01-05,3,14577.0,entrada,15518
19232,2026-01-05,4,,salida,492300
19233,2026-01-05,2,14563.0,entrada,9099
19234,2026-01-05,4,14566.0,entrada,6432
19235,2026-01-05,1,14568.0,entrada,9396
19236,2026-01-05,3,14569.0,entrada,12991
19237,2026-01-05,3,,salida,129842
19238,2026-01-05,1,14570.0,entrada,5430
19239,2026-01-05,2,14561.0,entrada,7170
19240,2026-01-05,2,14571.0,entrada,11022
19241,2026-01-05,1,14564.0,entrada,10513
19242,2026-01-05,3,14565.0,entrada,3679
19243,2026-01-05,1,14572.0,entrada,10167
19244,2026-01-05,1,14567.0,entrada,9090
19245,2026-01-05,1,14573.0,entrada,3477
19246,2026-01-06,4,14589.0,entrada,10237
19247,2026-01-06,1,14588.0,entrada,11673
19248,2026-01-06,1,14587.0,entrada,10105
19249,2026-01-06,4,14578.0,entrada,6736
19250,2026-01-06,1,14579.0,entrada,10587
19251,2026-01-06,4,14580.0,entrada,9979
19252,2026-01-06,1,14581.0,entrada,7487
19253,2026-01-06,4,14582.0,entrada,10343
19254,2026-01-06,4,14583.0,entrada,4609
19255,2026-01-06,2,14584.0,entrada,8451
19256,2026-01-06,2,14590.0,entrada,4922
19257,2026-01-06,2,14591.0,entrada,15937
19258,2026-01-06,1,14586.0,entrada,4911
19259,2026-01-06,3,,salida,115359
19260,2026-01-06,1,14585.0,entrada,12996
19261,2026-01-06,4,14533.0,merma,327
19262,2026-01-06,1,,salida,131391
19263,2026-01-07,1,14593.0,entrada,11039
19264,2026-01-07,2,14604.0,entrada,5013
19265,2026-01-07,4,14603.0,entrada,10324
19266,2026-01-07,1,14602.0,entrada,9604
19267,2026-01-07,4,14601.0,entrada,10731
19268,2026-01-07,1,14600.0,entrada,5169
19269,2026-01-07,2,14599.0,entrada,13145
19270,2026-01-07,2,14598.0,entrada,8496
19271,2026-01-07,1,14597.0,entrada,5713
19272,2026-01-07,3,14596.0,entrada,4390
19273,2026-01-07,3,14594.0,entrada,9246
19274,2026-01-07,3,14592.0,entrada,7567
19275,2026-01-07,4,14595.0,entrada,11155
19276,2026-01-07,2,,salida,18141
19277,2026-01-07,4,14605.0,entrada,3711
19278,2026-01-07,4,,salida,6332
19279,2026-01-07,3,14547.0,merma,205
19280,2026-01-07,4,,salida,111729
19281,2026-01-07,4,,salida,87032
19282,2026-01-07,2,14536.0,merma,358
19283,2026-01-07,2,,salida,10409
19284,2026-01-07,3,,salida,4861
19285,2026-01-07,4,,salida,6667
19286,2026-01-08,4,14609.0,entrada,4836
19287,2026-01-08,3,14613.0,entrada,5384
19288,2026-01-08,3,14614.0,entrada,11637
19289,2026-01-08,1,14615.0,entrada,12044
19290,2026-01-08,2,14616.0,entrada,3386
19291,2026-01-08,4,14617.0,entrada,4760
19292,2026-01-08,1,14618.0,entrada,3679
19293,2026-01-08,2,14619.0,entrada,17025
19294,2026-01-08,2,14612.0,entrada,13095
19295,2026-01-08,1,14608.0,entrada,7702
19296,2026-01-08,4,14611.0,entrada,7015
19297,2026-01-08,1,14606.0,entrada,10617
19298,2026-01-08,3,,salida,6744
19299,2026-01-08,4,14610.0,entrada,6566
19300,2026-01-08,1,14607.0,entrada,8582
19301,2026-01-09,3,,salida,38735
19302,2026-01-09,2,14633.0,entrada,4865
19303,2026-01-09,4,14632.0,entrada,10836
19304,2026-01-09,1,14631.0,entrada,3301
19305,2026-01-09,4,14630.0,entrada,12072
19306,2026-01-09,2,14629.0,entrada,12344
19307,2026-01-09,4,14628.0,entrada,4831
19308,2026-01-09,3,14627.0,entrada,12341
19309,2026-01-09,3,14626.0,entrada,9237
19310,2026-01-09,4,14625.0,entrada,4094
19311,2026-01-09,1,14624.0,entrada,10937
19312,2026-01-09,4,14634.0,entrada,15768
19313,2026-01-09,2,14622.0,entrada,9349
19314,2026-01-09,2,14621.0,entrada,10932
19315,2026-01-09,1,14620.0,entrada,7763
19316,2026-01-09,1,14562.0,merma,1123
19317,2026-01-09,1,14559.0,merma,263
19318,2026-01-09,2,,salida,113934
19319,2026-01-09,1,,salida,43111
19320,2026-01-09,3,14623.0,entrada,6863
19321,2026-01-09,2,,salida,34707
19322,2026-01-10,4,14638.0,entrada,8873
19323,2026-01-10,2,14635.0,entrada,6763
19324,2026-01-10,2,14636.0,entrada,10206
19325,2026-01-10,1,14637.0,entrada,6423
19326,2026-01-10,4,14639.0,entrada,4266
19327,2026-01-10,1,14640.0,entrada,6369
19328,2026-01-10,2,14641.0,entrada,8181
19329,2026-01-10,4,14642.0,entrada,9517
19330,2026-01-10,1,14643.0,entrada,12512
19331,2026-01-10,2,14644.0,entrada,11314
19332,2026-01-10,1,,salida,17923
19333,2026-01-10,4,14646.0,entrada,3373
19334,2026-01-10,1,14645.0,entrada,12652
19335,2026-01-10,3,14648.0,entrada,4963
19336,2026-01-10,2,14649.0,entrada,3552
19337,2026-01-10,3,14650.0,entrada,14097
19338,2026-01-10,2,,salida,11752
19339,2026-01-10,2,,salida,22193
19340,2026-01-10,3,,salida,50732
19341,2026-01-10,3,14600.0,merma,433
19342,2026-01-10,1,14647.0,entrada,10885
19343,2026-01-11,2,,salida,25045
19344,2026-01-11,3,,salida,122575
19345,2026-01-11,1,,salida,47490
19346,2026-01-11,1,14515.0,merma,923
19347,2026-01-11,4,,salida,74561
19348,2026-01-11,1,,salida,77506
19349,2026-01-11,2,14659.0,entrada,5735
19350,2026-01-11,4,14658.0,entrada,12837
19351,2026-01-11,3,14651.0,entrada,6008
19352,2026-01-11,3,14660.0,entrada,3401
19353,2026-01-11,4,14661.0,entrada,5188
19354,2026-01-11,4,14662.0,entrada,3933
19355,2026-01-11,2,14652.0,entrada,8519
19356,2026-01-11,1,14663.0,entrada,15084
19357,2026-01-11,2,14653.0,entrada,7466
19358,2026-01-11,1,14654.0,entrada,3947
19359,2026-01-11,2,14655.0,entrada,7150
19360,2026-01-11,3,14656.0,entrada,8492
19361,2026-01-11,3,14657.0,entrada,9574
19362,2026-01-12,3,14677.0,entrada,5958
19363,2026-01-12,1,14678.0,entrada,17958
19364,2026-01-12,3,14680.0,entrada,6070
19365,2026-01-12,4,14681.0,entrada,25519
19366,2026-01-12,3,14571.0,merma,854
19367,2026-01-12,4,14573.0,merma,219
19368,2026-01-12,4,14574.0,merma,802
19369,2026-01-12,3,14679.0,entrada,7691
19370,2026-01-12,4,,salida,5145
19371,2026-01-12,3,14666.0,entrada,14737
19372,2026-01-12,1,14665.0,entrada,19062
19373,2026-01-12,1,14667.0,entrada,12160
19374,2026-01-12,1,14668.0,entrada,15715
19375,2026-01-12,2,14669.0,entrada,7429
19376,2026-01-12,3,14664.0,entrada,12338
19377,2026-01-12,2,14671.0,entrada,13641
19378,2026-01-12,4,14676.0,entrada,20804
19379,2026-01-12,4,14672.0,entrada,16225
19380,2026-01-12,4,14674.0,entrada,9831
19381,2026-01-12,3,14675.0,entrada,18102
19382,2026-01-12,2,,salida,5082
19383,2026-01-12,3,14673.0,entrada,25919
19384,2026-01-12,1,14670.0,entrada,9796
19385,2026-01-13,3,,salida,700
19386,2026-01-13,4,,salida,1580
19387,2026-01-13,4,,salida,42523
19388,2026-01-13,4,,salida,72634
19389,2026-01-13,3,14690.0,entrada,9690
19390,2026-01-13,4,14682.0,entrada,11548
19391,2026-01-13,2,14691.0,entrada,21466
19392,2026-01-13,2,14695.0,entrada,31516
19393,2026-01-13,2,14694.0,entrada,6423
19394,2026-01-13,1,14693.0,entrada,20574
19395,2026-01-13,3,14692.0,entrada,6008
19396,2026-01-13,1,14689.0,entrada,23993
19397,2026-01-13,3,14687.0,entrada,10128
19398,2026-01-13,3,14686.0,entrada,7315
19399,2026-01-13,2,14685.0,entrada,13201
19400,2026-01-13,2,14684.0,entrada,13961
19401,2026-01-13,4,14683.0,entrada,21462
19402,2026-01-13,1,14688.0,entrada,13685
19403,2026-01-14,1,14701.0,entrada,8722
19404,2026-01-14,1,14696.0,entrada,13034
19405,2026-01-14,3,14697.0,entrada,20697
19406,2026-01-14,4,14698.0,entrada,15730
19407,2026-01-14,3,14699.0,entrada,12155
19408,2026-01-14,3,14700.0,entrada,18303
19409,2026-01-14,2,14702.0,entrada,11922
19410,2026-01-14,4,14706.0,entrada,21103
19411,2026-01-14,3,14704.0,entrada,24338
19412,2026-01-14,4,14705.0,entrada,9687
19413,2026-01-14,4,14707.0,entrada,21267
19414,2026-01-14,1,14708.0,entrada,5910
19415,2026-01-14,2,14709.0,entrada,19742
19416,2026-01-14,1,14710.0,entrada,9862
19417,2026-01-14,4,14711.0,entrada,32161
19418,2026-01-14,4,,salida,26913
19419,2026-01-14,1,,salida,9963
19420,2026-01-14,2,,salida,50900
19421,2026-01-14,1,14703.0,entrada,15664
19422,2026-01-14,4,14598.0,merma,527
19423,2026-01-14,3,,salida,772
19424,2026-01-14,4,14654.0,merma,276
19425,2026-01-15,1,14727.0,entrada,29192
19426,2026-01-15,3,14712.0,entrada,11575
19427,2026-01-15,2,14713.0,entrada,20757
19428,2026-01-15,1,14714.0,entrada,16441
19429,2026-01-15,1,14715.0,entrada,12386
19430,2026-01-15,2,14716.0,entrada,18538
19431,2026-01-15,2,14717.0,entrada,11394
19432,2026-01-15,3,14718.0,entrada,15665
19433,2026-01-15,2,14719.0,entrada,17890
19434,2026-01-15,3,14720.0,entrada,27263
19435,2026-01-15,4,14721.0,entrada,17695
19436,2026-01-15,4,14722.0,entrada,19118
19437,2026-01-15,1,14723.0,entrada,6526
19438,2026-01-15,4,14724.0,entrada,18477
19439,2026-01-15,4,14725.0,entrada,9798
19440,2026-01-15,4,,salida,6204
19441,2026-01-15,3,14726.0,entrada,6040
19442,2026-01-16,2,14638.0,merma,924
19443,2026-01-16,2,14731.0,entrada,12937
19444,2026-01-16,3,,salida,3346
19445,2026-01-16,1,,salida,23138
19446,2026-01-16,4,14743.0,entrada,29654
19447,2026-01-16,2,14742.0,entrada,5806
19448,2026-01-16,2,14741.0,entrada,9399
19449,2026-01-16,3,14740.0,entrada,15976
19450,2026-01-16,1,14729.0,entrada,21175
19451,2026-01-16,4,14739.0,entrada,6202
19452,2026-01-16,1,14737.0,entrada,18321
19453,2026-01-16,3,14736.0,entrada,27312
19454,2026-01-16,1,14735.0,entrada,15745
19455,2026-01-16,1,14734.0,entrada,14825
19456,2026-01-16,1,14733.0,entrada,12331
19457,2026-01-16,1,14732.0,entrada,18462
19458,2026-01-16,4,14738.0,entrada,16609
19459,2026-01-16,4,14730.0,entrada,16110
19460,2026-01-16,3,14599.0,merma,1086
19461,2026-01-16,2,,salida,151619
19462,2026-01-16,2,14728.0,entrada,11777
19463,2026-01-16,3,,salida,23909
19464,2026-01-16,3,,salida,54403
19465,2026-01-17,4,14755.0,entrada,6676
19466,2026-01-17,2,14754.0,entrada,18876
19467,2026-01-17,3,14753.0,entrada,21110
19468,2026-01-17,4,14752.0,entrada,21712
19469,2026-01-17,3,14751.0,entrada,9145
19470,2026-01-17,1,14750.0,entrada,16568
19471,2026-01-17,1,14749.0,entrada,15926
19472,2026-01-17,1,14748.0,entrada,11144
19473,2026-01-17,2,14747.0,entrada,17008
19474,2026-01-17,2,14746.0,entrada,12735
19475,2026-01-17,4,14744.0,entrada,10367
19476,2026-01-17,3,14745.0,entrada,15696
19477,2026-01-17,2,,salida,271471
19478,2026-01-17,3,,salida,38283
19479,2026-01-17,3,,salida,93656
19480,2026-01-17,2,14665.0,merma,2094
19481,2026-01-17,2,,salida,44620
19482,2026-01-18,2,14765.0,entrada,9534
19483,2026-01-18,1,14766.0,entrada,17575
19484,2026-01-18,3,14767.0,entrada,20289
19485,2026-01-18,2,14768.0,entrada,6186
19486,2026-01-18,2,14769.0,entrada,19397
19487,2026-01-18,1,,salida,26698
19488,2026-01-18,2,,salida,34868
19489,2026-01-18,3,,salida,7474
19490,2026-01-18,3,14772.0,entrada,28561
19491,2026-01-18,3,14771.0,entrada,5741
19492,2026-01-18,2,14770.0,entrada,9965
19493,2026-01-18,2,14764.0,entrada,23499
19494,2026-01-18,4,14763.0,entrada,14970
19495,2026-01-18,2,,salida,65728
19496,2026-01-18,1,14761.0,entrada,7258
19497,2026-01-18,3,14760.0,entrada,18091
19498,2026-01-18,1,14759.0,entrada,10458
19499,2026-01-18,3,14758.0,entrada,15008
19500,2026-01-18,3,14757.0,entrada,19573
19501,2026-01-18,1,14756.0,entrada,11771
19502,2026-01-18,2,14675.0,merma,1851
19503,2026-01-18,2,14762.0,entrada,10383
19504,2026-01-18,1,,salida,39145
19505,2026-01-18,1,14720.0,merma,1321
19506,2026-01-19,4,14784.0,entrada,5952
19507,2026-01-19,2,14785.0,entrada,24203
19508,2026-01-19,4,14739.0,merma,242
19509,2026-01-19,4,14643.0,merma,650
19510,2026-01-19,4,,salida,41928
19511,2026-01-19,2,,salida,7199
19512,2026-01-19,4,,salida,46525
19513,2026-01-19,1,14783.0,entrada,10150
19514,2026-01-19,3,14780.0,entrada,17017
19515,2026-01-19,4,14781.0,entrada,5838
19516,2026-01-19,4,14779.0,entrada,8056
19517,2026-01-19,1,14777.0,entrada,14564
19518,2026-01-19,3,14776.0,entrada,16170
19519,2026-01-19,4,14775.0,entrada,17026
19520,2026-01-19,2,14774.0,entrada,18317
19521,2026-01-19,1,14773.0,entrada,9845
19522,2026-01-19,1,14692.0,merma,245
19523,2026-01-19,3,14782.0,entrada,14323
19524,2026-01-19,2,14778.0,entrada,16821
19525,2026-01-20,3,14803.0,entrada,27585
19526,2026-01-20,1,14802.0,entrada,7044
19527,2026-01-20,2,14801.0,entrada,8709
19528,2026-01-20,2,,salida,13401
19529,2026-01-20,2,,salida,131927
19530,2026-01-20,1,14800.0,entrada,18741
19531,2026-01-20,3,14795.0,entrada,26120
19532,2026-01-20,3,14798.0,entrada,21795
19533,2026-01-20,3,14793.0,entrada,16967
19534,2026-01-20,4,14792.0,entrada,9790
19535,2026-01-20,1,14794.0,entrada,15780
19536,2026-01-20,3,14791.0,entrada,8466
19537,2026-01-20,1,14790.0,entrada,20374
19538,2026-01-20,4,14789.0,entrada,13371
19539,2026-01-20,2,14788.0,entrada,14525
19540,2026-01-20,3,14787.0,entrada,18782
19541,2026-01-20,2,14786.0,entrada,10665
19542,2026-01-20,4,14702.0,merma,1380
19543,2026-01-20,3,14708.0,merma,567
19544,2026-01-20,2,14749.0,merma,1467
19545,2026-01-20,2,14796.0,entrada,8512
19546,2026-01-20,2,14797.0,entrada,21392
19547,2026-01-20,1,14799.0,entrada,7412
19548,2026-01-21,3,,salida,21667
19549,2026-01-21,1,14819.0,entrada,25793
19550,2026-01-21,4,14813.0,entrada,8238
19551,2026-01-21,3,14817.0,entrada,8118
19552,2026-01-21,3,14814.0,entrada,20887
19553,2026-01-21,3,14812.0,entrada,24343
19554,2026-01-21,4,14811.0,entrada,17752
19555,2026-01-21,3,14810.0,entrada,15072
19556,2026-01-21,1,14809.0,entrada,10151
19557,2026-01-21,2,14808.0,entrada,7298
19558,2026-01-21,4,14816.0,entrada,6309
19559,2026-01-21,2,14807.0,entrada,17925
19560,2026-01-21,2,14806.0,entrada,17244
19561,2026-01-21,3,14805.0,entrada,20218
19562,2026-01-21,4,14804.0,entrada,12956
19563,2026-01-21,2,14815.0,entrada,20466
19564,2026-01-21,1,14818.0,entrada,6533
19565,2026-01-22,4,14833.0,entrada,6591
19566,2026-01-22,3,14820.0,entrada,12981
19567,2026-01-22,2,14821.0,entrada,21125
19568,2026-01-22,4,14822.0,entrada,14934
19569,2026-01-22,3,14823.0,entrada,11924
19570,2026-01-22,1,14824.0,entrada,17652
19571,2026-01-22,4,14825.0,entrada,8601
19572,2026-01-22,1,14826.0,entrada,12026
19573,2026-01-22,1,14827.0,entrada,15142
19574,2026-01-22,3,14828.0,entrada,17394
19575,2026-01-22,1,14829.0,entrada,23983
19576,2026-01-22,3,14832.0,entrada,18372
19577,2026-01-22,4,14830.0,entrada,10042
19578,2026-01-22,1,,salida,74175
19579,2026-01-22,2,14831.0,entrada,19721
19580,2026-01-22,4,14837.0,entrada,28373
19581,2026-01-22,1,14836.0,entrada,7325
19582,2026-01-22,1,14835.0,entrada,8610
19583,2026-01-22,3,14834.0,entrada,18046
19584,2026-01-22,2,,salida,71692
19585,2026-01-23,3,,salida,32896
19586,2026-01-23,2,,salida,78063
19587,2026-01-23,3,,salida,2606
19588,2026-01-23,4,,salida,38424
19589,2026-01-23,4,,salida,214454
19590,2026-01-23,3,14849.0,entrada,17366
19591,2026-01-23,4,14846.0,entrada,23137
19592,2026-01-23,4,14848.0,entrada,18992
19593,2026-01-23,1,14850.0,entrada,17037
19594,2026-01-23,4,14851.0,entrada,6002
19595,2026-01-23,3,14852.0,entrada,27616
19596,2026-01-23,4,14844.0,entrada,17756
19597,2026-01-23,1,14843.0,entrada,11937
19598,2026-01-23,1,14847.0,entrada,7252
19599,2026-01-23,3,14842.0,entrada,20706
19600,2026-01-23,4,14841.0,entrada,11093
19601,2026-01-23,4,14840.0,entrada,15259
19602,2026-01-23,2,14839.0,entrada,19054
19603,2026-01-23,4,14838.0,entrada,12629
19604,2026-01-23,2,14845.0,entrada,15730
19605,2026-01-24,2,14731.0,merma,974
19606,2026-01-24,1,14729.0,merma,1462
19607,2026-01-24,2,,salida,47053
19608,2026-01-24,1,,salida,9241
19609,2026-01-24,3,,salida,68299
19610,2026-01-24,3,,salida,114003
19611,2026-01-24,4,14859.0,entrada,16214
19612,2026-01-24,1,14853.0,entrada,18575
19613,2026-01-24,3,14860.0,entrada,23224
19614,2026-01-24,2,14861.0,entrada,8820
19615,2026-01-24,1,14862.0,entrada,18393
19616,2026-01-24,3,14863.0,entrada,18685
19617,2026-01-24,4,14864.0,entrada,6412
19618,2026-01-24,3,14857.0,entrada,11482
19619,2026-01-24,1,14865.0,entrada,18153
19620,2026-01-24,3,14867.0,entrada,6592
19621,2026-01-24,3,14868.0,entrada,32071
19622,2026-01-24,2,14856.0,entrada,7766
19623,2026-01-24,3,14855.0,entrada,16545
19624,2026-01-24,4,14854.0,entrada,14331
19625,2026-01-24,2,14866.0,entrada,7695
19626,2026-01-24,2,14858.0,entrada,13312
19627,2026-01-25,1,,salida,15477
19628,2026-01-25,3,,salida,2871
19629,2026-01-25,4,,salida,12014
19630,2026-01-25,2,,salida,146751
19631,2026-01-25,4,14883.0,entrada,29784
19632,2026-01-25,1,14876.0,entrada,25382
19633,2026-01-25,1,14880.0,entrada,20417
19634,2026-01-25,1,14879.0,entrada,24472
19635,2026-01-25,4,14878.0,entrada,19492
19636,2026-01-25,1,14877.0,entrada,6931
19637,2026-01-25,1,14875.0,entrada,15658
19638,2026-01-25,3,14874.0,entrada,15946
19639,2026-01-25,2,14881.0,entrada,8469
19640,2026-01-25,1,14873.0,entrada,8421
19641,2026-01-25,3,14871.0,entrada,10432
19642,2026-01-25,1,14870.0,entrada,15585
19643,2026-01-25,4,14869.0,entrada,19270
19644,2026-01-25,4,14827.0,merma,1604
19645,2026-01-25,3,14872.0,entrada,16717
19646,2026-01-25,2,14882.0,entrada,6854
19647,2026-01-26,1,,salida,4137
19648,2026-01-26,1,14894.0,entrada,21727
19649,2026-01-26,1,14893.0,entrada,21471
19650,2026-01-26,3,14892.0,entrada,8507
19651,2026-01-26,1,14898.0,entrada,6020
19652,2026-01-26,3,14891.0,entrada,22144
19653,2026-01-26,4,14896.0,entrada,17715
19654,2026-01-26,1,14897.0,entrada,7806
19655,2026-01-26,2,,salida,72964
19656,2026-01-26,3,14895.0,entrada,5569
19657,2026-01-26,4,14890.0,entrada,14520
19658,2026-01-26,1,14844.0,merma,1724
19659,2026-01-26,1,14888.0,entrada,16760
19660,2026-01-26,3,14887.0,entrada,12344
19661,2026-01-26,2,14886.0,entrada,17503
19662,2026-01-26,2,14885.0,entrada,20196
19663,2026-01-26,1,14884.0,entrada,12209
19664,2026-01-26,1,,salida,115749
19665,2026-01-26,4,14820.0,merma,1457
19666,2026-01-26,1,14787.0,merma,2145
19667,2026-01-26,2,14889.0,entrada,10838
19668,2026-01-26,3,14899.0,entrada,28380
19669,2026-01-27,3,14816.0,merma,411
19670,2026-01-27,2,,salida,19524
19671,2026-01-27,3,14900.0,entrada,11081
19672,2026-01-27,1,14901.0,entrada,17043
19673,2026-01-27,1,14915.0,entrada,27156
19674,2026-01-27,3,14914.0,entrada,8888
19675,2026-01-27,4,14913.0,entrada,19790
19676,2026-01-27,3,14911.0,entrada,20850
19677,2026-01-27,1,14910.0,entrada,19426
19678,2026-01-27,1,14909.0,entrada,8755
19679,2026-01-27,3,14912.0,entrada,6287
19680,2026-01-27,4,14907.0,entrada,15256
19681,2026-01-27,2,14906.0,entrada,14601
19682,2026-01-27,3,14905.0,entrada,10065
19683,2026-01-27,2,14904.0,entrada,8103
19684,2026-01-27,1,14903.0,entrada,11849
19685,2026-01-27,3,14908.0,entrada,26718
19686,2026-01-27,2,14902.0,entrada,16906
19687,2026-01-28,2,14922.0,entrada,16021
19688,2026-01-28,3,14843.0,merma,1137
19689,2026-01-28,4,14916.0,entrada,13682
19690,2026-01-28,1,14917.0,entrada,15729
19691,2026-01-28,2,14918.0,entrada,17507
19692,2026-01-28,3,14919.0,entrada,11483
19693,2026-01-28,2,14920.0,entrada,7875
19694,2026-01-28,1,14921.0,entrada,12208
19695,2026-01-28,2,14923.0,entrada,16640
19696,2026-01-28,1,14924.0,entrada,23691
19697,2026-01-28,2,,salida,130099
19698,2026-01-28,2,,salida,33837
19699,2026-01-28,1,,salida,197367
19700,2026-01-28,4,,salida,5079
19701,2026-01-28,2,,salida,2841
19702,2026-01-28,1,,salida,57163
19703,2026-01-28,2,14932.0,entrada,31469
19704,2026-01-28,3,,salida,20466
19705,2026-01-28,1,14930.0,entrada,7953
19706,2026-01-28,4,14929.0,entrada,17186
19707,2026-01-28,4,14928.0,entrada,5460
19708,2026-01-28,2,14927.0,entrada,20241
19709,2026-01-28,3,14926.0,entrada,22367
19710,2026-01-28,1,14925.0,entrada,10123
19711,2026-01-28,1,14931.0,entrada,6913
19712,2026-01-29,1,14933.0,entrada,13070
19713,2026-01-29,4,14934.0,entrada,18420
19714,2026-01-29,3,14935.0,entrada,16914
19715,2026-01-29,1,14939.0,entrada,10637
19716,2026-01-29,3,14936.0,entrada,12377
19717,2026-01-29,2,14937.0,entrada,19458
19718,2026-01-29,3,14938.0,entrada,8162
19719,2026-01-29,1,,salida,23547
19720,2026-01-29,1,14940.0,entrada,13813
19721,2026-01-29,2,14798.0,merma,1245
19722,2026-01-29,2,14949.0,entrada,5787
19723,2026-01-29,1,14947.0,entrada,19486
19724,2026-01-29,3,14946.0,entrada,6022
19725,2026-01-29,4,14945.0,entrada,20133
19726,2026-01-29,2,14943.0,entrada,9403
19727,2026-01-29,1,14942.0,entrada,24452
19728,2026-01-29,3,14944.0,entrada,17693
19729,2026-01-29,4,14948.0,entrada,8724
19730,2026-01-29,1,14941.0,entrada,16806
19731,2026-01-29,1,14950.0,entrada,27682
19732,2026-01-30,1,14964.0,entrada,18373
19733,2026-01-30,2,14963.0,entrada,5753
19734,2026-01-30,4,14962.0,entrada,22458
19735,2026-01-30,2,14961.0,entrada,19032
19736,2026-01-30,3,14960.0,entrada,8506
19737,2026-01-30,3,14959.0,entrada,22101
19738,2026-01-30,4,14954.0,entrada,12808
19739,2026-01-30,1,14951.0,entrada,11997
19740,2026-01-30,3,14966.0,entrada,28485
19741,2026-01-30,3,14957.0,entrada,14167
19742,2026-01-30,1,14956.0,entrada,10189
19743,2026-01-30,2,14955.0,entrada,6540
19744,2026-01-30,4,14952.0,entrada,17387
19745,2026-01-30,2,14953.0,entrada,14802
19746,2026-01-30,1,14958.0,entrada,16575
19747,2026-01-30,4,14965.0,entrada,7427
19748,2026-01-30,1,,salida,37524
19749,2026-01-30,1,,salida,1660
19750,2026-01-30,3,,salida,33916
19751,2026-01-31,1,14971.0,entrada,11185
19752,2026-01-31,1,,salida,182031
19753,2026-01-31,3,14873.0,merma,289
19754,2026-01-31,3,,salida,4314
19755,2026-01-31,3,,salida,45265
19756,2026-01-31,3,14866.0,merma,811
19757,2026-01-31,1,14824.0,merma,1641
19758,2026-01-31,3,14980.0,entrada,27843
19759,2026-01-31,4,14979.0,entrada,6847
19760,2026-01-31,1,14978.0,entrada,9235
19761,2026-01-31,3,14977.0,entrada,18888
19762,2026-01-31,4,14976.0,entrada,6282
19763,2026-01-31,1,14975.0,entrada,19734
19764,2026-01-31,4,14974.0,entrada,18493
19765,2026-01-31,1,14902.0,merma,1160
19766,2026-01-31,3,14967.0,entrada,12239
19767,2026-01-31,1,14968.0,entrada,15806
19768,2026-01-31,4,14969.0,entrada,14529
19769,2026-01-31,1,14970.0,entrada,6896
19770,2026-01-31,2,14972.0,entrada,15452
19771,2026-01-31,1,14973.0,entrada,24724
19772,2026-02-01,2,14989.0,entrada,17407
19773,2026-02-01,4,14988.0,entrada,24098
19774,2026-02-01,4,14981.0,entrada,12417
19775,2026-02-01,3,14982.0,entrada,15223
19776,2026-02-01,2,14983.0,entrada,10940
19777,2026-02-01,1,14984.0,entrada,8476
19778,2026-02-01,1,14985.0,entrada,10587
19779,2026-02-01,3,14986.0,entrada,15948
19780,2026-02-01,2,14987.0,entrada,17603
19781,2026-02-01,3,14993.0,entrada,6328
19782,2026-02-01,1,14992.0,entrada,18381
19783,2026-02-01,4,14991.0,entrada,6271
19784,2026-02-01,4,14990.0,entrada,21488
19785,2026-02-01,1,14909.0,merma,600
19786,2026-02-02,4,,salida,112632
19787,2026-02-02,2,15003.0,entrada,9141
19788,2026-02-02,1,15004.0,entrada,19967
19789,2026-02-02,2,15009.0,entrada,27830
19790,2026-02-02,2,15008.0,entrada,5856
19791,2026-02-02,1,15007.0,entrada,8530
19792,2026-02-02,1,15006.0,entrada,19314
19793,2026-02-02,1,15005.0,entrada,6342
19794,2026-02-02,3,,salida,102683
19795,2026-02-02,4,15002.0,entrada,24649
19796,2026-02-02,4,15001.0,entrada,16335
19797,2026-02-02,3,15000.0,entrada,12483
19798,2026-02-02,4,14999.0,entrada,8749
19799,2026-02-02,1,14998.0,entrada,17552
19800,2026-02-02,2,,salida,46835
19801,2026-02-02,4,14997.0,entrada,13599
19802,2026-02-02,1,14996.0,entrada,17964
19803,2026-02-02,1,14995.0,entrada,18570
19804,2026-02-02,1,14994.0,entrada,10218
19805,2026-02-02,2,,salida,61952
19806,2026-02-02,2,14853.0,merma,2067
19807,2026-02-03,2,15015.0,entrada,16873
19808,2026-02-03,4,15016.0,entrada,17302
19809,2026-02-03,3,15014.0,entrada,10502
19810,2026-02-03,1,,salida,57209
19811,2026-02-03,1,15012.0,entrada,14682
19812,2026-02-03,2,15011.0,entrada,21508
19813,2026-02-03,2,15010.0,entrada,11971
19814,2026-02-03,4,15013.0,entrada,17509
19815,2026-02-03,2,15017.0,entrada,27662
19816,2026-02-03,4,15020.0,entrada,6248
19817,2026-02-03,1,15019.0,entrada,19698
19818,2026-02-03,1,,salida,43943
19819,2026-02-03,3,14920.0,merma,421
19820,2026-02-03,1,15018.0,entrada,8237
19821,2026-02-03,1,15023.0,entrada,23393
19822,2026-02-03,4,15021.0,entrada,14597
19823,2026-02-03,4,15022.0,entrada,8705
19824,2026-02-04,4,15026.0,entrada,11670
19825,2026-02-04,1,,salida,9344
19826,2026-02-04,2,,salida,160309
19827,2026-02-04,2,,salida,60702
19828,2026-02-04,3,,salida,35069
19829,2026-02-04,3,14886.0,merma,752
19830,2026-02-04,1,15036.0,entrada,24313
19831,2026-02-04,4,15035.0,entrada,7817
19832,2026-02-04,2,15034.0,entrada,8685
19833,2026-02-04,1,15024.0,entrada,11547
19834,2026-02-04,3,15032.0,entrada,19861
19835,2026-02-04,2,15031.0,entrada,8392
19836,2026-02-04,2,15030.0,entrada,14056
19837,2026-02-04,3,15029.0,entrada,14910
19838,2026-02-04,2,15028.0,entrada,9909
19839,2026-02-04,3,15027.0,entrada,7921
19840,2026-02-04,3,15025.0,entrada,19773
19841,2026-02-04,4,15033.0,entrada,16284
19842,2026-02-04,2,14893.0,merma,1579
19843,2026-02-05,1,15050.0,entrada,18984
19844,2026-02-05,1,,salida,9571
19845,2026-02-05,3,14938.0,merma,694
19846,2026-02-05,3,14944.0,merma,1186
19847,2026-02-05,2,15049.0,entrada,5980
19848,2026-02-05,1,15053.0,entrada,28525
19849,2026-02-05,2,15052.0,entrada,6436
19850,2026-02-05,3,15051.0,entrada,8928
19851,2026-02-05,2,15048.0,entrada,22586
19852,2026-02-05,4,15047.0,entrada,22372
19853,2026-02-05,3,,salida,27208
19854,2026-02-05,3,15045.0,entrada,23175
19855,2026-02-05,2,15044.0,entrada,11240
19856,2026-02-05,2,15037.0,entrada,11234
19857,2026-02-05,1,15043.0,entrada,9236
19858,2026-02-05,2,15042.0,entrada,8269
19859,2026-02-05,3,15041.0,entrada,17035
19860,2026-02-05,4,15040.0,entrada,12648
19861,2026-02-05,4,15046.0,entrada,8512
19862,2026-02-05,1,15038.0,entrada,19732
19863,2026-02-05,3,15039.0,entrada,17396
19864,2026-02-06,1,15064.0,entrada,7476
19865,2026-02-06,1,15015.0,merma,1189
19866,2026-02-06,2,15010.0,merma,776
19867,2026-02-06,3,15063.0,entrada,8773
19868,2026-02-06,3,15065.0,entrada,31230
19869,2026-02-06,1,14982.0,merma,693
19870,2026-02-06,1,15062.0,entrada,15367
19871,2026-02-06,3,,salida,7077
19872,2026-02-06,4,15060.0,entrada,19770
19873,2026-02-06,2,15054.0,entrada,11938
19874,2026-02-06,4,15055.0,entrada,20846
19875,2026-02-06,1,15056.0,entrada,11131
19876,2026-02-06,1,15057.0,entrada,14580
19877,2026-02-06,2,15058.0,entrada,16752
19878,2026-02-06,3,15059.0,entrada,9147
19879,2026-02-06,1,,salida,19603
19880,2026-02-06,3,15061.0,entrada,19580
19881,2026-02-06,3,,salida,6271
19882,2026-02-07,2,15077.0,entrada,28522
19883,2026-02-07,3,,salida,2079
19884,2026-02-07,4,,salida,34668
19885,2026-02-07,1,15068.0,entrada,15704
19886,2026-02-07,4,15069.0,entrada,19609
19887,2026-02-07,4,15070.0,entrada,10657
19888,2026-02-07,4,15071.0,entrada,16072
19889,2026-02-07,1,15072.0,entrada,14513
19890,2026-02-07,3,15073.0,entrada,9170
19891,2026-02-07,4,15074.0,entrada,20816
19892,2026-02-07,4,15075.0,entrada,6629
19893,2026-02-07,4,,salida,615
19894,2026-02-07,1,,salida,5488
19895,2026-02-07,3,15067.0,entrada,17513
19896,2026-02-07,2,15066.0,entrada,13969
19897,2026-02-07,4,15076.0,entrada,9341
19898,2026-02-08,2,15085.0,entrada,16102
19899,2026-02-08,1,15092.0,entrada,6757
19900,2026-02-08,2,15091.0,entrada,18291
19901,2026-02-08,1,15090.0,entrada,5547
19902,2026-02-08,2,15089.0,entrada,20026
19903,2026-02-08,1,15088.0,entrada,19163
19904,2026-02-08,2,15087.0,entrada,10239
19905,2026-02-08,4,15093.0,entrada,26150
19906,2026-02-08,2,15021.0,merma,945
19907,2026-02-08,4,15086.0,entrada,27319
19908,2026-02-08,3,15084.0,entrada,15239
19909,2026-02-08,2,15083.0,entrada,9883
19910,2026-02-08,1,15082.0,entrada,7506
19911,2026-02-08,1,15079.0,entrada,20871
19912,2026-02-08,1,15080.0,entrada,13948
19913,2026-02-08,1,15030.0,merma,1340
19914,2026-02-08,4,,salida,148539
19915,2026-02-08,1,15081.0,entrada,18405
19916,2026-02-08,3,,salida,6559
19917,2026-02-08,1,15078.0,entrada,12839
19918,2026-02-08,1,,salida,4346
19919,2026-02-08,2,,salida,6651
19920,2026-02-08,3,,salida,9782
19921,2026-02-08,3,,salida,81383
19922,2026-02-08,2,,salida,4858
19923,2026-02-09,1,,salida,42826
19924,2026-02-09,1,15059.0,merma,491
19925,2026-02-09,3,,salida,13374
19926,2026-02-09,1,15094.0,entrada,6475
19927,2026-02-09,2,15095.0,entrada,10640
19928,2026-02-09,4,15096.0,entrada,7249
19929,2026-02-09,2,15097.0,entrada,11309
19930,2026-02-09,4,,salida,1082
19931,2026-02-09,3,15099.0,entrada,6789
19932,2026-02-09,4,15107.0,entrada,3918
19933,2026-02-09,4,15106.0,entrada,9530
19934,2026-02-09,4,15098.0,entrada,4369
19935,2026-02-09,4,15104.0,entrada,11511
19936,2026-02-09,4,15105.0,entrada,2977
19937,2026-02-09,2,15103.0,entrada,12012
19938,2026-02-09,3,15101.0,entrada,8880
19939,2026-02-09,3,15100.0,entrada,8625
19940,2026-02-09,2,15102.0,entrada,5219
19941,2026-02-10,1,15110.0,entrada,8574
19942,2026-02-10,1,15111.0,entrada,7195
19943,2026-02-10,4,,salida,13471
19944,2026-02-10,2,15117.0,entrada,12622
19945,2026-02-10,1,15112.0,entrada,4740
19946,2026-02-10,1,15113.0,entrada,6530
19947,2026-02-10,1,15115.0,entrada,10256
19948,2026-02-10,3,15114.0,entrada,8610
19949,2026-02-10,1,15108.0,entrada,7096
19950,2026-02-10,3,15109.0,entrada,11279
19951,2026-02-10,2,,salida,4918
19952,2026-02-10,2,,salida,17405
19953,2026-02-10,4,15017.0,merma,2803
19954,2026-02-10,2,15119.0,entrada,3196
19955,2026-02-10,4,15118.0,entrada,12904
19956,2026-02-10,2,15122.0,entrada,3688
19957,2026-02-10,4,15116.0,entrada,3966
19958,2026-02-10,4,15121.0,entrada,4768
19959,2026-02-10,4,15120.0,entrada,9641
19960,2026-02-11,3,15123.0,entrada,9787
19961,2026-02-11,4,,salida,95358
19962,2026-02-11,2,15137.0,entrada,14716
19963,2026-02-11,1,15136.0,entrada,3602
19964,2026-02-11,4,15135.0,entrada,5242
19965,2026-02-11,4,15134.0,entrada,10428
19966,2026-02-11,3,15132.0,entrada,11040
19967,2026-02-11,4,15131.0,entrada,5169
19968,2026-02-11,1,15130.0,entrada,14420
19969,2026-02-11,4,15133.0,entrada,3677
19970,2026-02-11,3,15128.0,entrada,7259
19971,2026-02-11,1,15127.0,entrada,6185
19972,2026-02-11,3,15126.0,entrada,5385
19973,2026-02-11,4,15125.0,entrada,6676
19974,2026-02-11,1,15124.0,entrada,7912
19975,2026-02-11,3,15129.0,entrada,9391
19976,2026-02-12,2,15147.0,entrada,4476
19977,2026-02-12,3,15153.0,entrada,16209
19978,2026-02-12,3,,salida,20850
19979,2026-02-12,4,15148.0,entrada,9749
19980,2026-02-12,2,15151.0,entrada,11030
19981,2026-02-12,4,15150.0,entrada,3723
19982,2026-02-12,1,,salida,4955
19983,2026-02-12,4,15152.0,entrada,3904
19984,2026-02-12,2,,salida,10827
19985,2026-02-12,4,15149.0,entrada,11597
19986,2026-02-12,1,,salida,44104
19987,2026-02-12,1,,salida,10823
19988,2026-02-12,2,15139.0,entrada,9374
19989,2026-02-12,2,15145.0,entrada,9221
19990,2026-02-12,4,15144.0,entrada,7579
19991,2026-02-12,4,15143.0,entrada,6876
19992,2026-02-12,4,15142.0,entrada,4406
19993,2026-02-12,3,15141.0,entrada,6093
19994,2026-02-12,2,15140.0,entrada,7663
19995,2026-02-12,1,15146.0,entrada,15310
19996,2026-02-12,4,15138.0,entrada,7287
19997,2026-02-12,1,15033.0,merma,1592
19998,2026-02-13,4,15161.0,entrada,9709
19999,2026-02-13,3,15162.0,entrada,11605
20000,2026-02-13,1,15163.0,entrada,4672
20001,2026-02-13,2,15164.0,entrada,10125
20002,2026-02-13,2,,salida,48698
20003,2026-02-13,1,15166.0,entrada,9423
20004,2026-02-13,1,15160.0,entrada,8396
20005,2026-02-13,1,15167.0,entrada,4118
20006,2026-02-13,3,15168.0,entrada,4248
20007,2026-02-13,1,15169.0,entrada,15897
20008,2026-02-13,1,15165.0,entrada,11811
20009,2026-02-13,4,15159.0,entrada,3983
20010,2026-02-13,4,15154.0,entrada,6817
20011,2026-02-13,4,15157.0,entrada,6799
20012,2026-02-13,3,15156.0,entrada,9534
20013,2026-02-13,1,15155.0,entrada,11405
20014,2026-02-13,1,15109.0,merma,899
20015,2026-02-13,4,15068.0,merma,666
20016,2026-02-13,4,15027.0,merma,664
20017,2026-02-13,1,,salida,24094
20018,2026-02-13,2,,salida,45816
20019,2026-02-13,2,,salida,18784
20020,2026-02-13,2,,salida,4836
20021,2026-02-13,3,15158.0,entrada,9635
20022,2026-02-13,4,,salida,121297
20023,2026-02-14,1,15171.0,entrada,11027
20024,2026-02-14,4,15086.0,merma,1495
20025,2026-02-14,3,15185.0,entrada,3779
20026,2026-02-14,4,15186.0,entrada,16006
20027,2026-02-14,1,15182.0,entrada,11886
20028,2026-02-14,2,15181.0,entrada,10829
20029,2026-02-14,4,15180.0,entrada,4734
20030,2026-02-14,1,15172.0,entrada,7661
20031,2026-02-14,2,,salida,3637
20032,2026-02-14,1,15179.0,entrada,14483
20033,2026-02-14,1,15178.0,entrada,9368
20034,2026-02-14,3,15177.0,entrada,7204
20035,2026-02-14,1,15184.0,entrada,4978
20036,2026-02-14,3,15183.0,entrada,3476
20037,2026-02-14,2,,salida,132224
20038,2026-02-14,2,,salida,6439
20039,2026-02-14,4,,salida,152826
20040,2026-02-14,1,15122.0,merma,192
20041,2026-02-14,1,15176.0,entrada,5791
20042,2026-02-14,2,15175.0,entrada,4632
20043,2026-02-14,4,15174.0,entrada,10338
20044,2026-02-14,4,15173.0,entrada,7581
20045,2026-02-14,4,15170.0,entrada,6434
20046,2026-02-15,2,15132.0,merma,650
20047,2026-02-15,3,15090.0,merma,632
20048,2026-02-15,4,15201.0,entrada,5083
20049,2026-02-15,2,15187.0,entrada,7164
20050,2026-02-15,1,15188.0,entrada,9932
20051,2026-02-15,2,15189.0,entrada,8751
20052,2026-02-15,3,15191.0,entrada,10290
20053,2026-02-15,2,15192.0,entrada,4962
20054,2026-02-15,1,15193.0,entrada,5684
20055,2026-02-15,4,15194.0,entrada,8882
20056,2026-02-15,2,,salida,25632
20057,2026-02-15,3,15195.0,entrada,8767
20058,2026-02-15,2,15196.0,entrada,14831
20059,2026-02-15,1,15197.0,entrada,4794
20060,2026-02-15,2,15198.0,entrada,10977
20061,2026-02-15,1,15199.0,entrada,3891
20062,2026-02-15,3,15200.0,entrada,9609
20063,2026-02-15,2,15203.0,entrada,15457
20064,2026-02-15,3,15202.0,entrada,3538
20065,2026-02-15,1,15190.0,entrada,6069
20066,2026-02-16,4,15215.0,entrada,4606
20067,2026-02-16,3,15214.0,entrada,8229
20068,2026-02-16,4,15213.0,entrada,3506
20069,2026-02-16,3,15212.0,entrada,11182
20070,2026-02-16,3,,salida,14437
20071,2026-02-16,1,15211.0,entrada,4506
20072,2026-02-16,2,,salida,27052
20073,2026-02-16,1,15210.0,entrada,9880
20074,2026-02-16,2,15209.0,entrada,8909
20075,2026-02-16,3,15208.0,entrada,4527
20076,2026-02-16,1,15207.0,entrada,10328
20077,2026-02-16,3,15206.0,entrada,9336
20078,2026-02-16,1,15205.0,entrada,9960
20079,2026-02-16,2,15204.0,entrada,6999
20080,2026-02-16,4,,salida,29035
20081,2026-02-16,3,15216.0,entrada,3634
20082,2026-02-17,3,,salida,756
20083,2026-02-17,3,15223.0,entrada,8292
20084,2026-02-17,3,15219.0,entrada,6984
20085,2026-02-17,2,15220.0,entrada,9054
20086,2026-02-17,3,15221.0,entrada,6396
20087,2026-02-17,1,,salida,113897
20088,2026-02-17,4,,salida,20745
20089,2026-02-17,3,,salida,2633
20090,2026-02-17,4,,salida,1429
20091,2026-02-17,3,,salida,8348
20092,2026-02-17,1,15218.0,entrada,9154
20093,2026-02-17,2,15217.0,entrada,11669
20094,2026-02-17,1,15222.0,entrada,8546
20095,2026-02-17,4,15224.0,entrada,12775
20096,2026-02-17,1,15225.0,entrada,10980
20097,2026-02-17,4,15226.0,entrada,10229
20098,2026-02-17,2,15227.0,entrada,3779
20099,2026-02-17,2,15228.0,entrada,10322
20100,2026-02-17,3,15229.0,entrada,4663
20101,2026-02-17,4,15230.0,entrada,4434
20102,2026-02-17,4,15231.0,entrada,15269
20103,2026-02-18,3,15238.0,entrada,9335
20104,2026-02-18,3,,salida,20799
20105,2026-02-18,4,15244.0,entrada,14632
20106,2026-02-18,1,15243.0,entrada,3664
20107,2026-02-18,4,15242.0,entrada,12743
20108,2026-02-18,4,15241.0,entrada,10596
20109,2026-02-18,1,15240.0,entrada,4492
20110,2026-02-18,1,15239.0,entrada,12813
20111,2026-02-18,1,15236.0,entrada,6283
20112,2026-02-18,4,15237.0,entrada,7581
20113,2026-02-18,2,15196.0,merma,805
20114,2026-02-18,1,15235.0,entrada,4832
20115,2026-02-18,4,15234.0,entrada,6369
20116,2026-02-18,4,15233.0,entrada,9327
20117,2026-02-18,1,15232.0,entrada,7130
20118,2026-02-18,3,,salida,10086
20119,2026-02-18,4,,salida,144773
20120,2026-02-19,3,,salida,1867
20121,2026-02-19,2,15148.0,merma,1145
20122,2026-02-19,2,15214.0,merma,689
20123,2026-02-19,3,,salida,13471
20124,2026-02-19,3,,salida,90420
20125,2026-02-19,4,15168.0,merma,449
20126,2026-02-19,3,,salida,27824
20127,2026-02-19,3,15246.0,entrada,9180
20128,2026-02-19,1,15254.0,entrada,10051
20129,2026-02-19,4,15253.0,entrada,5207
20130,2026-02-19,4,15252.0,entrada,12947
20131,2026-02-19,2,15251.0,entrada,9248
20132,2026-02-19,2,15250.0,entrada,5779
20133,2026-02-19,1,15249.0,entrada,4726
20134,2026-02-19,1,15248.0,entrada,10402
20135,2026-02-19,3,15247.0,entrada,6476
20136,2026-02-19,1,,salida,53846
20137,2026-02-19,1,15245.0,entrada,12112
20138,2026-02-19,1,15255.0,entrada,14228
20139,2026-02-20,3,,salida,56462
20140,2026-02-20,3,,salida,117385
20141,2026-02-20,1,15223.0,merma,676
20142,2026-02-20,3,15272.0,entrada,12475
20143,2026-02-20,2,15257.0,entrada,9934
20144,2026-02-20,3,15270.0,entrada,5160
20145,2026-02-20,2,15256.0,entrada,6494
20146,2026-02-20,4,,salida,35678
20147,2026-02-20,1,15258.0,entrada,9943
20148,2026-02-20,3,15259.0,entrada,6680
20149,2026-02-20,3,15260.0,entrada,10805
20150,2026-02-20,3,15271.0,entrada,3352
20151,2026-02-20,1,15262.0,entrada,6500
20152,2026-02-20,4,15261.0,entrada,4120
20153,2026-02-20,1,15263.0,entrada,9685
20154,2026-02-20,4,15264.0,entrada,9248
20155,2026-02-20,2,15265.0,entrada,13219
20156,2026-02-20,2,15266.0,entrada,5969
20157,2026-02-20,3,15267.0,entrada,13146
20158,2026-02-20,1,15268.0,entrada,3341
20159,2026-02-20,2,15269.0,entrada,9495
20160,2026-02-21,2,,salida,62657
20161,2026-02-21,2,,salida,109984
20162,2026-02-21,2,,salida,64733
20163,2026-02-21,2,15163.0,merma,364
20164,2026-02-21,4,,salida,52459
20165,2026-02-21,3,15278.0,entrada,8426
20166,2026-02-21,1,15281.0,entrada,12162
20167,2026-02-21,2,15273.0,entrada,7500
20168,2026-02-21,2,15274.0,entrada,11252
20169,2026-02-21,1,15275.0,entrada,8333
20170,2026-02-21,1,15276.0,entrada,4625
20171,2026-02-21,3,15277.0,entrada,5824
20172,2026-02-21,2,15279.0,entrada,9240
20173,2026-02-21,2,15280.0,entrada,4525
20174,2026-02-21,1,15282.0,entrada,9961
20175,2026-02-21,4,15283.0,entrada,9184
20176,2026-02-21,1,15284.0,entrada,4427
20177,2026-02-21,2,15285.0,entrada,3151
20178,2026-02-21,3,15286.0,entrada,15193
20179,2026-02-22,1,15288.0,entrada,10424
20180,2026-02-22,4,15287.0,entrada,6892
20181,2026-02-22,2,15294.0,entrada,10320
20182,2026-02-22,1,15289.0,entrada,8531
20183,2026-02-22,1,15175.0,merma,517
20184,2026-02-22,2,,salida,84749
20185,2026-02-22,3,15293.0,entrada,6148
20186,2026-02-22,2,15290.0,entrada,6375
20187,2026-02-22,1,,salida,38409
20188,2026-02-22,4,15295.0,entrada,14701
20189,2026-02-22,1,15296.0,entrada,4948
20190,2026-02-22,1,15297.0,entrada,11454
20191,2026-02-22,4,15298.0,entrada,10618
20192,2026-02-22,2,15299.0,entrada,3421
20193,2026-02-22,4,15300.0,entrada,10224
20194,2026-02-22,4,15301.0,entrada,4785
20195,2026-02-22,2,15302.0,entrada,3797
20196,2026-02-22,1,15303.0,entrada,17290
20197,2026-02-22,2,,salida,76204
20198,2026-02-22,1,15292.0,entrada,4846
20199,2026-02-22,1,,salida,16091
20200,2026-02-22,4,15291.0,entrada,10460
20201,2026-02-22,3,15177.0,merma,325
20202,2026-02-23,3,,salida,7941
20203,2026-02-23,2,,salida,28885
20204,2026-02-23,4,,salida,417
20205,2026-02-23,1,,salida,19380
20206,2026-02-23,2,,salida,3264
20207,2026-02-23,3,15304.0,entrada,7911
20208,2026-02-23,2,15219.0,merma,795
20209,2026-02-23,4,,salida,16833
20210,2026-02-23,2,15305.0,entrada,8462
20211,2026-02-23,3,15306.0,entrada,7303
20212,2026-02-23,1,15307.0,entrada,9236
20213,2026-02-23,4,15308.0,entrada,4912
20214,2026-02-23,3,15309.0,entrada,6917
20215,2026-02-23,1,15310.0,entrada,8462
20216,2026-02-23,1,15311.0,entrada,7961
20217,2026-02-23,4,15312.0,entrada,14938
20218,2026-02-23,4,15313.0,entrada,4041
20219,2026-02-23,1,15314.0,entrada,11043
20220,2026-02-23,1,15315.0,entrada,3642
20221,2026-02-23,3,15316.0,entrada,10883
20222,2026-02-23,1,15317.0,entrada,4535
20223,2026-02-23,1,15318.0,entrada,3883
20224,2026-02-23,3,15319.0,entrada,16316
20225,2026-02-23,1,,salida,21773
20226,2026-02-24,1,,salida,38019
20227,2026-02-24,1,,salida,22773
20228,2026-02-24,1,15190.0,merma,726
20229,2026-02-24,1,,salida,62035
20230,2026-02-24,3,15324.0,entrada,4464
20231,2026-02-24,4,,salida,29128
20232,2026-02-24,4,,salida,4471
20233,2026-02-24,2,,salida,172062
20234,2026-02-24,4,,salida,11047
20235,2026-02-24,1,,salida,134430
20236,2026-02-24,4,15333.0,entrada,10332
20237,2026-02-24,1,15326.0,entrada,8681
20238,2026-02-24,1,15327.0,entrada,8663
20239,2026-02-24,1,15334.0,entrada,4320
20240,2026-02-24,1,15329.0,entrada,4941
20241,2026-02-24,2,15335.0,entrada,3573
20242,2026-02-24,2,15336.0,entrada,15697
20243,2026-02-24,4,15323.0,entrada,9882
20244,2026-02-24,3,15322.0,entrada,9619
20245,2026-02-24,3,15321.0,entrada,10239
20246,2026-02-24,2,15328.0,entrada,12827
20247,2026-02-24,1,15325.0,entrada,5871
20248,2026-02-24,2,15217.0,merma,1155
20249,2026-02-24,3,15332.0,entrada,3504
20250,2026-02-24,1,15331.0,entrada,9697
20251,2026-02-24,2,15330.0,entrada,11462
20252,2026-02-24,2,15320.0,entrada,6411
20253,2026-02-25,2,15348.0,entrada,10442
20254,2026-02-25,4,15346.0,entrada,9944
20255,2026-02-25,4,15349.0,entrada,3686
20256,2026-02-25,2,15345.0,entrada,10276
20257,2026-02-25,4,15350.0,entrada,14511
20258,2026-02-25,3,15347.0,entrada,2596
20259,2026-02-25,2,,salida,959
20260,2026-02-25,1,,salida,7171
20261,2026-02-25,3,15344.0,entrada,5323
20262,2026-02-25,1,15343.0,entrada,12820
20263,2026-02-25,4,15342.0,entrada,9699
20264,2026-02-25,1,15341.0,entrada,8248
20265,2026-02-25,1,15340.0,entrada,4359
20266,2026-02-25,3,15339.0,entrada,10642
20267,2026-02-25,4,15337.0,entrada,10566
20268,2026-02-25,1,15338.0,entrada,6030
20269,2026-02-25,2,15222.0,merma,686
20270,2026-02-26,4,15360.0,entrada,5355
20271,2026-02-26,1,15356.0,entrada,4929
20272,2026-02-26,1,15355.0,entrada,10280
20273,2026-02-26,3,15296.0,merma,512
20274,2026-02-26,1,15354.0,entrada,6566
20275,2026-02-26,3,15353.0,entrada,9346
20276,2026-02-26,1,15358.0,entrada,8305
20277,2026-02-26,3,15359.0,entrada,15196
20278,2026-02-26,1,15357.0,entrada,5677
20279,2026-02-26,2,15352.0,entrada,10740
20280,2026-02-26,3,15361.0,entrada,10159
20281,2026-02-26,3,15363.0,entrada,3037
20282,2026-02-26,2,,salida,170120
20283,2026-02-26,4,,salida,58906
20284,2026-02-26,3,15362.0,entrada,10965
20285,2026-02-26,3,,salida,34257
20286,2026-02-26,1,,salida,8149
20287,2026-02-26,2,15351.0,entrada,6892
20288,2026-02-26,4,15367.0,entrada,16646
20289,2026-02-26,3,15366.0,entrada,3344
20290,2026-02-26,3,15365.0,entrada,4686
20291,2026-02-26,4,15364.0,entrada,11138
20292,2026-02-27,3,15368.0,entrada,6431
20293,2026-02-27,3,15371.0,entrada,7319
20294,2026-02-27,2,15372.0,entrada,9511
20295,2026-02-27,3,15373.0,entrada,6692
20296,2026-02-27,3,15374.0,entrada,8931
20297,2026-02-27,1,15375.0,entrada,9231
20298,2026-02-27,4,15376.0,entrada,14460
20299,2026-02-27,1,15369.0,entrada,9847
20300,2026-02-27,2,15370.0,entrada,9874
20301,2026-02-27,4,15378.0,entrada,9956
20302,2026-02-27,1,,salida,12838
20303,2026-02-27,1,15379.0,entrada,11586
20304,2026-02-27,1,15380.0,entrada,2799
20305,2026-02-27,4,,salida,39019
20306,2026-02-27,2,15377.0,entrada,5094
20307,2026-02-27,4,,salida,29201
20308,2026-02-27,2,15381.0,entrada,9603
20309,2026-02-27,4,15382.0,entrada,4963
20310,2026-02-27,1,15383.0,entrada,3729
20311,2026-02-27,3,15384.0,entrada,15269
20312,2026-02-27,2,,salida,5016
20313,2026-02-27,3,,salida,8437
20314,2026-02-27,2,,salida,23922
20315,2026-02-28,1,15398.0,entrada,3832
20316,2026-02-28,3,15385.0,entrada,6522
20317,2026-02-28,3,15386.0,entrada,11339
20318,2026-02-28,4,15387.0,entrada,8170
20319,2026-02-28,3,15388.0,entrada,6805
20320,2026-02-28,3,15389.0,entrada,10211
20321,2026-02-28,1,15391.0,entrada,6325
20322,2026-02-28,3,15392.0,entrada,9891
20323,2026-02-28,3,15393.0,entrada,8404
20324,2026-02-28,2,15395.0,entrada,5423
20325,2026-02-28,4,15396.0,entrada,10484
20326,2026-02-28,4,15397.0,entrada,3441
20327,2026-02-28,4,15399.0,entrada,17358
20328,2026-02-28,1,15394.0,entrada,13840
20329,2026-02-28,1,15390.0,entrada,4645
20330,2026-02-28,2,15303.0,merma,749
20331,2026-02-28,2,,salida,83297
20332,2026-02-28,4,,salida,15996
20333,2026-02-28,2,15282.0,merma,1018
20334,2026-03-01,4,,salida,17826
20335,2026-03-01,1,15402.0,entrada,10223
20336,2026-03-01,1,15403.0,entrada,6657
20337,2026-03-01,2,15404.0,entrada,8956
20338,2026-03-01,3,15405.0,entrada,3996
20339,2026-03-01,3,15406.0,entrada,6135
20340,2026-03-01,4,15408.0,entrada,8670
20341,2026-03-01,1,15401.0,entrada,10265
20342,2026-03-01,4,15409.0,entrada,14270
20343,2026-03-01,3,15410.0,entrada,6094
20344,2026-03-01,4,15411.0,entrada,10232
20345,2026-03-01,3,15412.0,entrada,11242
20346,2026-03-01,3,15413.0,entrada,3458
20347,2026-03-01,2,15414.0,entrada,11541
20348,2026-03-01,2,15407.0,entrada,7395
20349,2026-03-01,1,15400.0,entrada,6611
20350,2026-03-01,2,15416.0,entrada,14206
20351,2026-03-01,4,15415.0,entrada,3532
20352,2026-03-01,4,,salida,4792
20353,2026-03-01,4,,salida,34602
20354,2026-03-02,1,15420.0,entrada,11145
20355,2026-03-02,1,15421.0,entrada,4871
20356,2026-03-02,1,15422.0,entrada,5947
20357,2026-03-02,2,15423.0,entrada,8259
20358,2026-03-02,3,15424.0,entrada,13716
20359,2026-03-02,4,15425.0,entrada,5757
20360,2026-03-02,2,15426.0,entrada,11614
20361,2026-03-02,2,15427.0,entrada,10856
20362,2026-03-02,2,15428.0,entrada,3470
20363,2026-03-02,4,15429.0,entrada,10045
20364,2026-03-02,3,15430.0,entrada,14491
20365,2026-03-02,3,15417.0,entrada,7015
20366,2026-03-02,3,15418.0,entrada,10119
20367,2026-03-02,3,15419.0,entrada,6939
20368,2026-03-02,4,15280.0,merma,355
20369,2026-03-02,3,,salida,1418
20370,2026-03-03,1,15438.0,entrada,7542
20371,2026-03-03,1,15444.0,entrada,9171
20372,2026-03-03,3,15443.0,entrada,3133
20373,2026-03-03,4,15442.0,entrada,11695
20374,2026-03-03,2,15441.0,entrada,10187
20375,2026-03-03,3,15440.0,entrada,4851
20376,2026-03-03,1,15439.0,entrada,9063
20377,2026-03-03,1,15437.0,entrada,6440
20378,2026-03-03,2,15436.0,entrada,4395
20379,2026-03-03,2,15435.0,entrada,10038
20380,2026-03-03,2,15434.0,entrada,5948
20381,2026-03-03,3,15433.0,entrada,9551
20382,2026-03-03,3,15432.0,entrada,9853
20383,2026-03-03,1,15431.0,entrada,7069
20384,2026-03-03,2,,salida,4348
20385,2026-03-03,3,,salida,4764
20386,2026-03-03,4,,salida,9174
20387,2026-03-04,1,15456.0,entrada,3576
20388,2026-03-04,4,15448.0,entrada,11119
20389,2026-03-04,3,15455.0,entrada,11840
20390,2026-03-04,2,15447.0,entrada,7188
20391,2026-03-04,3,15454.0,entrada,4475
20392,2026-03-04,4,15453.0,entrada,13379
20393,2026-03-04,2,15452.0,entrada,9373
20394,2026-03-04,4,15451.0,entrada,9389
20395,2026-03-04,3,15457.0,entrada,9659
20396,2026-03-04,3,15458.0,entrada,4116
20397,2026-03-04,1,15449.0,entrada,4943
20398,2026-03-04,3,15459.0,entrada,3774
20399,2026-03-04,4,15445.0,entrada,6474
20400,2026-03-04,4,15358.0,merma,401
20401,2026-03-04,2,15450.0,entrada,5778
20402,2026-03-04,2,,salida,14222
20403,2026-03-04,2,,salida,23627
20404,2026-03-04,1,15330.0,merma,1194
20405,2026-03-04,4,15446.0,entrada,8511
20406,2026-03-05,2,15462.0,entrada,7825
20407,2026-03-05,4,,salida,3975
20408,2026-03-05,1,,salida,9081
20409,2026-03-05,3,15349.0,merma,293
20410,2026-03-05,4,15463.0,entrada,7126
20411,2026-03-05,1,15473.0,entrada,9440
20412,2026-03-05,3,15464.0,entrada,9776
20413,2026-03-05,4,15460.0,entrada,6772
20414,2026-03-05,4,15465.0,entrada,4664
20415,2026-03-05,1,15466.0,entrada,6351
20416,2026-03-05,2,15467.0,entrada,7936
20417,2026-03-05,2,15468.0,entrada,14045
20418,2026-03-05,4,15469.0,entrada,4898
20419,2026-03-05,3,15470.0,entrada,12236
20420,2026-03-05,2,15471.0,entrada,11814
20421,2026-03-05,1,15472.0,entrada,3587
20422,2026-03-05,2,15474.0,entrada,4810
20423,2026-03-05,4,15461.0,entrada,10541
20424,2026-03-06,1,15483.0,entrada,12088
20425,2026-03-06,4,15484.0,entrada,4679
20426,2026-03-06,2,15485.0,entrada,10208
20427,2026-03-06,1,15491.0,entrada,15543
20428,2026-03-06,4,15487.0,entrada,3052
20429,2026-03-06,3,15488.0,entrada,10498
20430,2026-03-06,4,15489.0,entrada,5050
20431,2026-03-06,4,15482.0,entrada,8239
20432,2026-03-06,3,15486.0,entrada,11249
20433,2026-03-06,4,15481.0,entrada,7366
20434,2026-03-06,1,,salida,10876
20435,2026-03-06,2,15479.0,entrada,9779
20436,2026-03-06,4,15478.0,entrada,6688
20437,2026-03-06,2,15490.0,entrada,3667
20438,2026-03-06,4,15477.0,entrada,8642
20439,2026-03-06,3,15476.0,entrada,12771
20440,2026-03-06,3,15475.0,entrada,7948
20441,2026-03-06,4,15480.0,entrada,4049
20442,2026-03-07,4,15502.0,entrada,9626
20443,2026-03-07,1,15501.0,entrada,5246
20444,2026-03-07,1,15503.0,entrada,2995
20445,2026-03-07,3,15506.0,entrada,14538
20446,2026-03-07,1,15505.0,entrada,4648
20447,2026-03-07,4,15500.0,entrada,9780
20448,2026-03-07,1,15408.0,merma,541
20449,2026-03-07,4,15504.0,entrada,9474
20450,2026-03-07,1,15499.0,entrada,8753
20451,2026-03-07,3,,salida,2705
20452,2026-03-07,2,15497.0,entrada,4999
20453,2026-03-07,1,15496.0,entrada,9582
20454,2026-03-07,4,15495.0,entrada,7470
20455,2026-03-07,4,15494.0,entrada,8489
20456,2026-03-07,1,15493.0,entrada,11377
20457,2026-03-07,2,15492.0,entrada,7723
20458,2026-03-07,2,15498.0,entrada,5754
20459,2026-03-08,2,15518.0,entrada,5221
20460,2026-03-08,2,15517.0,entrada,3393
20461,2026-03-08,2,15516.0,entrada,10573
20462,2026-03-08,2,,salida,41063
20463,2026-03-08,1,15515.0,entrada,4585
20464,2026-03-08,1,15514.0,entrada,9466
20465,2026-03-08,2,15513.0,entrada,9490
20466,2026-03-08,2,15512.0,entrada,5883
20467,2026-03-08,1,,salida,3215
20468,2026-03-08,2,15510.0,entrada,10921
20469,2026-03-08,2,15426.0,merma,437
20470,2026-03-08,1,15509.0,entrada,6290
20471,2026-03-08,2,15508.0,entrada,9541
20472,2026-03-08,4,15507.0,entrada,10689
20473,2026-03-08,4,15519.0,entrada,3268
20474,2026-03-08,1,15511.0,entrada,5045
20475,2026-03-08,4,15520.0,entrada,10660
20476,2026-03-09,1,,salida,40607
20477,2026-03-09,4,,salida,15285
20478,2026-03-09,3,15535.0,entrada,16741
20479,2026-03-09,4,15522.0,entrada,10480
20480,2026-03-09,3,15521.0,entrada,6806
20481,2026-03-09,2,15534.0,entrada,4550
20482,2026-03-09,4,15533.0,entrada,9605
20483,2026-03-09,2,15532.0,entrada,3879
20484,2026-03-09,1,15531.0,entrada,9627
20485,2026-03-09,4,15483.0,merma,416
20486,2026-03-09,2,15454.0,merma,218
20487,2026-03-09,3,15525.0,entrada,9627
20488,2026-03-09,1,15524.0,entrada,7538
20489,2026-03-09,4,15401.0,merma,772
20490,2026-03-09,3,15526.0,entrada,4805
20491,2026-03-09,4,15527.0,entrada,8770
20492,2026-03-09,1,15528.0,entrada,10779
20493,2026-03-09,4,15523.0,entrada,8262
20494,2026-03-09,1,15529.0,entrada,13337
20495,2026-03-09,3,15530.0,entrada,5034
20496,2026-03-10,3,15540.0,entrada,6175
20497,2026-03-10,4,15547.0,entrada,4949
20498,2026-03-10,2,15542.0,entrada,12730
20499,2026-03-10,1,15545.0,entrada,3854
20500,2026-03-10,2,15541.0,entrada,8361
20501,2026-03-10,3,15536.0,entrada,6850
20502,2026-03-10,1,,salida,14200
20503,2026-03-10,1,15546.0,entrada,8472
20504,2026-03-10,1,15434.0,merma,318
20505,2026-03-10,3,15539.0,entrada,4215
20506,2026-03-10,1,,salida,23204
20507,2026-03-10,2,15544.0,entrada,11582
20508,2026-03-10,1,15538.0,entrada,9567
20509,2026-03-10,1,15537.0,entrada,10724
20510,2026-03-10,1,,salida,62399
20511,2026-03-10,4,,salida,59936
20512,2026-03-10,4,15489.0,merma,531
20513,2026-03-10,2,,salida,34485
20514,2026-03-10,1,15543.0,entrada,11637
20515,2026-03-11,2,,salida,3066
20516,2026-03-11,2,,salida,17082
20517,2026-03-11,2,,salida,100985
20518,2026-03-11,2,15549.0,entrada,11174
20519,2026-03-11,3,15550.0,entrada,10009
20520,2026-03-11,3,15551.0,entrada,6728
20521,2026-03-11,2,15552.0,entrada,9894
20522,2026-03-11,3,15553.0,entrada,6316
20523,2026-03-11,3,15555.0,entrada,9699
20524,2026-03-11,2,15556.0,entrada,13162
20525,2026-03-11,3,15557.0,entrada,5022
20526,2026-03-11,1,15558.0,entrada,11130
20527,2026-03-11,1,15559.0,entrada,11117
20528,2026-03-11,2,15560.0,entrada,3546
20529,2026-03-11,2,15561.0,entrada,4685
20530,2026-03-11,2,15562.0,entrada,3849
20531,2026-03-11,4,15563.0,entrada,16143
20532,2026-03-11,2,15442.0,merma,547
20533,2026-03-11,1,15548.0,entrada,7118
20534,2026-03-11,1,15554.0,entrada,8601
20535,2026-03-11,3,,salida,20858
20536,2026-03-12,3,15572.0,entrada,12083
20537,2026-03-12,2,15575.0,entrada,12432
20538,2026-03-12,2,15574.0,entrada,11910
20539,2026-03-12,2,,salida,15881
20540,2026-03-12,3,15573.0,entrada,4680
20541,2026-03-12,3,,salida,20823
20542,2026-03-12,1,15578.0,entrada,3889
20543,2026-03-12,2,,salida,18932
20544,2026-03-12,1,15579.0,entrada,15454
20545,2026-03-12,1,15576.0,entrada,10327
20546,2026-03-12,2,15571.0,entrada,8145
20547,2026-03-12,4,15569.0,entrada,4370
20548,2026-03-12,3,15568.0,entrada,4540
20549,2026-03-12,4,15567.0,entrada,8593
20550,2026-03-12,4,15566.0,entrada,6903
20551,2026-03-12,1,15565.0,entrada,9522
20552,2026-03-12,4,15564.0,entrada,9694
20553,2026-03-12,3,15570.0,entrada,9271
20554,2026-03-12,1,15577.0,entrada,5366
20555,2026-03-13,3,15580.0,entrada,11659
20556,2026-03-13,3,15581.0,entrada,9225
20557,2026-03-13,1,15582.0,entrada,6855
20558,2026-03-13,4,15585.0,entrada,5798
20559,2026-03-13,4,,salida,3944
20560,2026-03-13,3,,salida,21882
20561,2026-03-13,2,15460.0,merma,542
20562,2026-03-13,1,15471.0,merma,952
20563,2026-03-13,4,15583.0,entrada,9740
20564,2026-03-13,1,15584.0,entrada,4235
20565,2026-03-13,2,15586.0,entrada,7746
20566,2026-03-13,3,15587.0,entrada,5539
20567,2026-03-13,3,15588.0,entrada,10015
20568,2026-03-13,4,15589.0,entrada,10379
20569,2026-03-13,1,15590.0,entrada,3634
20570,2026-03-13,3,15591.0,entrada,10629
20571,2026-03-13,4,15592.0,entrada,3505
20572,2026-03-13,2,15593.0,entrada,18027
20573,2026-03-14,4,,salida,48098
20574,2026-03-14,2,15599.0,entrada,6005
20575,2026-03-14,3,15598.0,entrada,5096
20576,2026-03-14,4,,salida,737
20577,2026-03-14,4,15597.0,entrada,9243
20578,2026-03-14,3,15595.0,entrada,8307
20579,2026-03-14,1,15596.0,entrada,7589
20580,2026-03-14,2,,salida,51382
20581,2026-03-14,1,15600.0,entrada,8253
20582,2026-03-14,2,15594.0,entrada,11318
20583,2026-03-14,1,,salida,31983
20584,2026-03-14,4,15601.0,entrada,9811
20585,2026-03-14,1,15604.0,entrada,11205
20586,2026-03-14,4,15603.0,entrada,10674
20587,2026-03-14,3,15608.0,entrada,16646
20588,2026-03-14,1,15607.0,entrada,4751
20589,2026-03-14,2,15606.0,entrada,9657
20590,2026-03-14,3,15602.0,entrada,4302
20591,2026-03-14,1,15605.0,entrada,3270
20592,2026-03-15,1,15623.0,entrada,4084
20593,2026-03-15,1,15501.0,merma,627
20594,2026-03-15,1,15484.0,merma,483
20595,2026-03-15,4,15609.0,entrada,7002
20596,2026-03-15,4,,salida,51979
20597,2026-03-15,3,15612.0,entrada,10234
20598,2026-03-15,3,15622.0,entrada,5259
20599,2026-03-15,4,15613.0,entrada,4540
20600,2026-03-15,2,15615.0,entrada,8026
20601,2026-03-15,2,15616.0,entrada,7591
20602,2026-03-15,4,15617.0,entrada,11873
20603,2026-03-15,3,15618.0,entrada,4930
20604,2026-03-15,3,15619.0,entrada,11537
20605,2026-03-15,1,,salida,15051
20606,2026-03-15,2,15620.0,entrada,3185
20607,2026-03-15,1,15611.0,entrada,6318
20608,2026-03-15,1,15621.0,entrada,9570
20609,2026-03-15,3,15624.0,entrada,14794
20610,2026-03-15,4,15614.0,entrada,6945
20611,2026-03-15,1,15610.0,entrada,11320
20612,2026-03-16,4,15555.0,merma,552
20613,2026-03-16,4,15641.0,entrada,3360
20614,2026-03-16,3,15640.0,entrada,4487
20615,2026-03-16,2,,salida,28000
20616,2026-03-16,4,,salida,2632
20617,2026-03-16,2,15642.0,entrada,14550
20618,2026-03-16,4,15625.0,entrada,7136
20619,2026-03-16,2,15626.0,entrada,11081
20620,2026-03-16,1,15627.0,entrada,9922
20621,2026-03-16,1,15628.0,entrada,6492
20622,2026-03-16,3,15630.0,entrada,3517
20623,2026-03-16,1,15631.0,entrada,5663
20624,2026-03-16,4,15629.0,entrada,9234
20625,2026-03-16,4,15633.0,entrada,8951
20626,2026-03-16,2,15634.0,entrada,12831
20627,2026-03-16,1,15635.0,entrada,5046
20628,2026-03-16,3,15636.0,entrada,10814
20629,2026-03-16,1,15637.0,entrada,11008
20630,2026-03-16,3,15638.0,entrada,2811
20631,2026-03-16,3,15639.0,entrada,10534
20632,2026-03-16,3,15632.0,entrada,7550
20633,2026-03-17,4,15652.0,entrada,3421
20634,2026-03-17,4,,salida,56642
20635,2026-03-17,4,,salida,33386
20636,2026-03-17,1,15655.0,entrada,4318
20637,2026-03-17,3,15654.0,entrada,4916
20638,2026-03-17,3,15653.0,entrada,11446
20639,2026-03-17,2,15651.0,entrada,11503
20640,2026-03-17,2,15644.0,entrada,9582
20641,2026-03-17,1,15649.0,entrada,14119
20642,2026-03-17,2,15648.0,entrada,8109
20643,2026-03-17,2,15647.0,entrada,6280
20644,2026-03-17,3,15646.0,entrada,4610
20645,2026-03-17,3,15645.0,entrada,10962
20646,2026-03-17,1,15643.0,entrada,10722
20647,2026-03-17,1,15541.0,merma,995
20648,2026-03-17,3,15650.0,entrada,9358
20649,2026-03-18,4,15656.0,entrada,11281
20650,2026-03-18,4,,salida,9258
20651,2026-03-18,4,,salida,61282
20652,2026-03-18,3,,salida,6408
20653,2026-03-18,2,,salida,41200
20654,2026-03-18,3,15606.0,merma,304
20655,2026-03-18,4,15660.0,entrada,6940
20656,2026-03-18,3,,salida,36695
20657,2026-03-18,1,,salida,38491
20658,2026-03-18,2,15667.0,entrada,4176
20659,2026-03-18,1,15657.0,entrada,8992
20660,2026-03-18,4,15658.0,entrada,6585
20661,2026-03-18,2,15666.0,entrada,10215
20662,2026-03-18,1,15659.0,entrada,4363
20663,2026-03-18,2,15529.0,merma,610
20664,2026-03-18,1,15668.0,entrada,13596
20665,2026-03-18,4,15661.0,entrada,9066
20666,2026-03-18,4,15662.0,entrada,13152
20667,2026-03-18,2,15663.0,entrada,5136
20668,2026-03-18,3,15664.0,entrada,10684
20669,2026-03-18,4,15665.0,entrada,3222
20670,2026-03-19,2,,salida,43145
20671,2026-03-19,4,15621.0,merma,398
20672,2026-03-19,4,15542.0,merma,1255
20673,2026-03-19,3,15669.0,entrada,11212
20674,2026-03-19,3,15670.0,entrada,8718
20675,2026-03-19,1,15671.0,entrada,7412
20676,2026-03-19,2,,salida,14087
20677,2026-03-19,1,15684.0,entrada,15651
20678,2026-03-19,2,15683.0,entrada,3342
20679,2026-03-19,3,15682.0,entrada,4463
20680,2026-03-19,2,15681.0,entrada,3419
20681,2026-03-19,1,15680.0,entrada,10134
20682,2026-03-19,2,15679.0,entrada,9381
20683,2026-03-19,2,15678.0,entrada,5310
20684,2026-03-19,1,15677.0,entrada,12982
20685,2026-03-19,4,15676.0,entrada,9380
20686,2026-03-19,2,15675.0,entrada,8705
20687,2026-03-19,2,15674.0,entrada,5548
20688,2026-03-19,1,15673.0,entrada,4461
20689,2026-03-19,3,15672.0,entrada,10061
20690,2026-03-19,3,15611.0,merma,245
20691,2026-03-19,2,15569.0,merma,337
20692,2026-03-20,1,15653.0,merma,1293
20693,2026-03-20,4,15688.0,entrada,7854
20694,2026-03-20,2,15696.0,entrada,10894
20695,2026-03-20,4,15691.0,entrada,6394
20696,2026-03-20,4,15692.0,entrada,8757
20697,2026-03-20,3,15693.0,entrada,9916
20698,2026-03-20,2,15694.0,entrada,13667
20699,2026-03-20,4,15695.0,entrada,5049
20700,2026-03-20,2,15687.0,entrada,7558
20701,2026-03-20,3,15697.0,entrada,11577
20702,2026-03-20,1,15698.0,entrada,2769
20703,2026-03-20,4,15699.0,entrada,9943
20704,2026-03-20,1,15700.0,entrada,5038
20705,2026-03-20,2,15701.0,entrada,3729
20706,2026-03-20,2,15702.0,entrada,15254
20707,2026-03-20,3,15685.0,entrada,5990
20708,2026-03-20,3,,salida,10391
20709,2026-03-20,2,,salida,33642
20710,2026-03-20,3,15686.0,entrada,10402
20711,2026-03-20,1,15690.0,entrada,4356
20712,2026-03-20,3,15689.0,entrada,10742
20713,2026-03-21,1,15717.0,entrada,4342
20714,2026-03-21,3,15708.0,entrada,4778
20715,2026-03-21,3,15709.0,entrada,5801
20716,2026-03-21,4,15652.0,merma,300
20717,2026-03-21,3,15718.0,entrada,14993
20718,2026-03-21,4,15716.0,entrada,4502
20719,2026-03-21,2,,salida,41273
20720,2026-03-21,3,15714.0,entrada,10198
20721,2026-03-21,1,15715.0,entrada,3439
20722,2026-03-21,4,15707.0,entrada,10993
20723,2026-03-21,4,15706.0,entrada,6692
20724,2026-03-21,3,15705.0,entrada,8247
20725,2026-03-21,3,15704.0,entrada,10214
20726,2026-03-21,1,15710.0,entrada,8426
20727,2026-03-21,1,15703.0,entrada,6907
20728,2026-03-21,2,15711.0,entrada,14127
20729,2026-03-21,2,15712.0,entrada,4914
20730,2026-03-21,4,15713.0,entrada,8787
20731,2026-03-22,3,,salida,21737
20732,2026-03-22,2,15735.0,entrada,15852
20733,2026-03-22,2,15734.0,entrada,3126
20734,2026-03-22,2,15733.0,entrada,4676
20735,2026-03-22,4,15732.0,entrada,10996
20736,2026-03-22,4,15731.0,entrada,2733
20737,2026-03-22,4,,salida,6135
20738,2026-03-22,2,15729.0,entrada,9021
20739,2026-03-22,1,15728.0,entrada,4898
20740,2026-03-22,4,15727.0,entrada,12169
20741,2026-03-22,1,15725.0,entrada,8677
20742,2026-03-22,4,15730.0,entrada,11562
20743,2026-03-22,4,15723.0,entrada,10190
20744,2026-03-22,2,15724.0,entrada,4890
20745,2026-03-22,3,,salida,6996
20746,2026-03-22,4,,salida,40000
20747,2026-03-22,3,15719.0,entrada,7353
20748,2026-03-22,4,15726.0,entrada,9250
20749,2026-03-22,3,,salida,8193
20750,2026-03-22,3,15720.0,entrada,10792
20751,2026-03-22,2,15721.0,entrada,10399
20752,2026-03-22,3,15722.0,entrada,7291
20753,2026-03-22,1,15628.0,merma,400
20754,2026-03-23,1,,salida,56083
20755,2026-03-23,2,15749.0,entrada,3648
20756,2026-03-23,1,15748.0,entrada,5082
20757,2026-03-23,3,15747.0,entrada,10948
20758,2026-03-23,4,15746.0,entrada,3688
20759,2026-03-23,1,15745.0,entrada,12665
20760,2026-03-23,3,15744.0,entrada,4815
20761,2026-03-23,4,15741.0,entrada,7795
20762,2026-03-23,4,15742.0,entrada,9183
20763,2026-03-23,2,15740.0,entrada,5801
20764,2026-03-23,3,15739.0,entrada,9576
20765,2026-03-23,3,15737.0,entrada,12032
20766,2026-03-23,4,15736.0,entrada,7699
20767,2026-03-23,2,,salida,32083
20768,2026-03-23,3,15743.0,entrada,14354
20769,2026-03-23,1,15738.0,entrada,8096
20770,2026-03-24,2,15764.0,entrada,3831
20771,2026-03-24,4,,salida,104434
20772,2026-03-24,2,,salida,91310
20773,2026-03-24,1,15765.0,entrada,15980
20774,2026-03-24,1,,salida,210589
20775,2026-03-24,1,,salida,89877
20776,2026-03-24,4,,salida,43322
20777,2026-03-24,3,15750.0,entrada,6536
20778,2026-03-24,2,15751.0,entrada,9644
20779,2026-03-24,1,15752.0,entrada,9157
20780,2026-03-24,2,15753.0,entrada,8758
20781,2026-03-24,4,15754.0,entrada,4366
20782,2026-03-24,4,,salida,21277
20783,2026-03-24,2,15756.0,entrada,8122
20784,2026-03-24,4,15757.0,entrada,9101
20785,2026-03-24,1,15758.0,entrada,12869
20786,2026-03-24,4,15759.0,entrada,10127
20787,2026-03-24,2,15760.0,entrada,11154
20788,2026-03-24,2,15761.0,entrada,3535
20789,2026-03-24,2,15762.0,entrada,10786
20790,2026-03-24,4,15613.0,merma,200
20791,2026-03-24,4,15755.0,entrada,5836
20792,2026-03-24,3,15763.0,entrada,4662
20793,2026-03-25,4,15773.0,entrada,8307
20794,2026-03-25,3,15772.0,entrada,8456
20795,2026-03-25,2,15771.0,entrada,7549
20796,2026-03-25,1,15770.0,entrada,4473
20797,2026-03-25,4,15766.0,entrada,9448
20798,2026-03-25,3,15768.0,entrada,7024
20799,2026-03-25,4,15767.0,entrada,9747
20800,2026-03-25,2,,salida,42437
20801,2026-03-25,3,15775.0,entrada,3317
20802,2026-03-25,3,15769.0,entrada,9646
20803,2026-03-25,2,15776.0,entrada,10057
20804,2026-03-25,3,15774.0,entrada,10342
20805,2026-03-25,3,15777.0,entrada,5211
20806,2026-03-26,1,15778.0,entrada,6764
20807,2026-03-26,4,15791.0,entrada,15931
20808,2026-03-26,3,15790.0,entrada,3803
20809,2026-03-26,2,15789.0,entrada,4973
20810,2026-03-26,1,15788.0,entrada,3546
20811,2026-03-26,3,,salida,14511
20812,2026-03-26,4,,salida,313698
20813,2026-03-26,4,15787.0,entrada,5406
20814,2026-03-26,3,15786.0,entrada,13710
20815,2026-03-26,4,,salida,19340
20816,2026-03-26,3,,salida,185252
20817,2026-03-26,3,15785.0,entrada,9907
20818,2026-03-26,2,15724.0,merma,400
20819,2026-03-26,4,15779.0,entrada,8114
20820,2026-03-26,2,15780.0,entrada,7176
20821,2026-03-26,2,15700.0,merma,293
20822,2026-03-26,1,15782.0,entrada,4495
20823,2026-03-26,1,15783.0,entrada,6618
20824,2026-03-26,3,15784.0,entrada,8513
20825,2026-03-26,3,,salida,3262
20826,2026-03-26,4,15781.0,entrada,9702
20827,2026-03-27,1,15695.0,merma,466
20828,2026-03-27,1,15807.0,entrada,15531
20829,2026-03-27,3,15806.0,entrada,3478
20830,2026-03-27,3,15805.0,entrada,5059
20831,2026-03-27,3,15804.0,entrada,10936
20832,2026-03-27,3,15803.0,entrada,3128
20833,2026-03-27,1,15802.0,entrada,10652
20834,2026-03-27,3,15800.0,entrada,13169
20835,2026-03-27,4,15799.0,entrada,9315
20836,2026-03-27,3,15797.0,entrada,6745
20837,2026-03-27,1,15795.0,entrada,10293
20838,2026-03-27,2,15794.0,entrada,6557
20839,2026-03-27,1,15793.0,entrada,10749
20840,2026-03-27,3,15792.0,entrada,6691
20841,2026-03-27,2,15801.0,entrada,10868
20842,2026-03-27,4,15796.0,entrada,4200
20843,2026-03-27,1,15798.0,entrada,8541
20844,2026-03-27,3,,salida,207992
20845,2026-03-27,1,,salida,1535
20846,2026-03-28,3,15821.0,entrada,3513
20847,2026-03-28,4,15820.0,entrada,5374
20848,2026-03-28,3,15819.0,entrada,11529
20849,2026-03-28,4,15818.0,entrada,3413
20850,2026-03-28,3,15817.0,entrada,11954
20851,2026-03-28,3,15816.0,entrada,11329
20852,2026-03-28,1,15815.0,entrada,4852
20853,2026-03-28,4,15814.0,entrada,12623
20854,2026-03-28,1,15812.0,entrada,8236
20855,2026-03-28,2,15680.0,merma,1007
20856,2026-03-28,1,15810.0,entrada,9924
20857,2026-03-28,4,15809.0,entrada,5995
20858,2026-03-28,3,15808.0,entrada,9697
20859,2026-03-28,4,,salida,174517
20860,2026-03-28,3,15811.0,entrada,4696
20861,2026-03-28,4,15813.0,entrada,9387
20862,2026-03-29,1,15830.0,entrada,8513
20863,2026-03-29,1,15832.0,entrada,10449
20864,2026-03-29,1,15833.0,entrada,11276
20865,2026-03-29,2,15834.0,entrada,3609
20866,2026-03-29,3,15835.0,entrada,3646
20867,2026-03-29,1,15836.0,entrada,15421
20868,2026-03-29,1,15829.0,entrada,8077
20869,2026-03-29,3,15828.0,entrada,5402
20870,2026-03-29,1,15827.0,entrada,4653
20871,2026-03-29,3,15826.0,entrada,10768
20872,2026-03-29,4,15831.0,entrada,5313
20873,2026-03-29,3,15824.0,entrada,9029
20874,2026-03-29,2,15823.0,entrada,10914
20875,2026-03-29,1,,salida,28311
20876,2026-03-29,1,,salida,152662
20877,2026-03-29,3,15825.0,entrada,7192
20878,2026-03-29,4,15822.0,entrada,7139
20879,2026-03-30,1,15841.0,entrada,9706
20880,2026-03-30,3,15848.0,entrada,2553
20881,2026-03-30,4,15847.0,entrada,12972
20882,2026-03-30,3,15849.0,entrada,10258
20883,2026-03-30,1,15850.0,entrada,3356
20884,2026-03-30,4,15851.0,entrada,14535
20885,2026-03-30,4,15845.0,entrada,4768
20886,2026-03-30,3,15844.0,entrada,15537
20887,2026-03-30,4,15843.0,entrada,8766
20888,2026-03-30,3,15842.0,entrada,5041
20889,2026-03-30,2,15846.0,entrada,12860
20890,2026-03-30,4,15839.0,entrada,11090
20891,2026-03-30,1,15838.0,entrada,10514
20892,2026-03-30,3,15837.0,entrada,5929
20893,2026-03-30,4,15767.0,merma,695
20894,2026-03-30,1,15802.0,merma,525
20895,2026-03-30,3,,salida,23584
20896,2026-03-30,2,15840.0,entrada,5773
20897,2026-03-31,2,15861.0,entrada,5321
20898,2026-03-31,4,15860.0,entrada,12251
20899,2026-03-31,4,15858.0,entrada,8932
20900,2026-03-31,3,15857.0,entrada,6731
20901,2026-03-31,1,15856.0,entrada,4939
20902,2026-03-31,3,15855.0,entrada,6738
20903,2026-03-31,3,15852.0,entrada,7586
20904,2026-03-31,1,15853.0,entrada,11981
20905,2026-03-31,3,,salida,100045
20906,2026-03-31,1,,salida,32297
20907,2026-03-31,3,,salida,1083
20908,2026-03-31,4,15862.0,entrada,10078
20909,2026-03-31,2,15854.0,entrada,7816
20910,2026-03-31,1,15863.0,entrada,12473
20911,2026-03-31,1,15859.0,entrada,8972
20912,2026-03-31,1,15865.0,entrada,5245
20913,2026-03-31,4,15866.0,entrada,3677
20914,2026-03-31,3,15864.0,entrada,9138
20915,2026-03-31,3,15814.0,merma,1495
20916,2026-04-01,1,15741.0,merma,519
20917,2026-04-01,4,15879.0,entrada,10333
20918,2026-04-01,2,15877.0,entrada,11271
20919,2026-04-01,1,15876.0,entrada,12068
20920,2026-04-01,1,15875.0,entrada,5149
20921,2026-04-01,1,15874.0,entrada,15610
20922,2026-04-01,3,15878.0,entrada,3387
20923,2026-04-01,3,15872.0,entrada,8603
20924,2026-04-01,4,15867.0,entrada,7534
20925,2026-04-01,3,15873.0,entrada,7983
20926,2026-04-01,3,15868.0,entrada,9334
20927,2026-04-01,1,15824.0,merma,992
20928,2026-04-01,2,15869.0,entrada,9784
20929,2026-04-01,1,15870.0,entrada,7435
20930,2026-04-01,3,15871.0,entrada,11173
20931,2026-04-01,2,,salida,42097
20932,2026-04-02,2,,salida,42669
20933,2026-04-02,2,,salida,28461
20934,2026-04-02,2,15895.0,entrada,15269
20935,2026-04-02,4,15894.0,entrada,3551
20936,2026-04-02,2,15893.0,entrada,5395
20937,2026-04-02,1,15892.0,entrada,10415
20938,2026-04-02,4,15891.0,entrada,3340
20939,2026-04-02,4,15890.0,entrada,12064
20940,2026-04-02,4,,salida,5440
20941,2026-04-02,1,15885.0,entrada,6678
20942,2026-04-02,1,15888.0,entrada,4821
20943,2026-04-02,1,15887.0,entrada,13463
20944,2026-04-02,1,15886.0,entrada,8173
20945,2026-04-02,2,15884.0,entrada,4783
20946,2026-04-02,2,15883.0,entrada,10485
20947,2026-04-02,4,15882.0,entrada,7020
20948,2026-04-02,3,15881.0,entrada,8895
20949,2026-04-02,1,,salida,10612
20950,2026-04-02,4,15880.0,entrada,6445
20951,2026-04-02,1,15889.0,entrada,10538
20952,2026-04-03,2,15908.0,entrada,4992
20953,2026-04-03,3,,salida,1463
20954,2026-04-03,2,,salida,71012
20955,2026-04-03,1,,salida,24238
20956,2026-04-03,3,15909.0,entrada,3785
20957,2026-04-03,4,15907.0,entrada,10785
20958,2026-04-03,3,15898.0,entrada,7992
20959,2026-04-03,3,15905.0,entrada,11052
20960,2026-04-03,2,15904.0,entrada,9188
20961,2026-04-03,3,15903.0,entrada,13788
20962,2026-04-03,2,15896.0,entrada,10617
20963,2026-04-03,3,15897.0,entrada,9577
20964,2026-04-03,1,15899.0,entrada,10157
20965,2026-04-03,2,15900.0,entrada,4147
20966,2026-04-03,3,15902.0,entrada,8663
20967,2026-04-03,4,15901.0,entrada,8027
20968,2026-04-03,3,15906.0,entrada,3789
20969,2026-04-04,3,,salida,17307
20970,2026-04-04,2,,salida,26828
20971,2026-04-04,4,,salida,22433
20972,2026-04-04,3,,salida,33294
20973,2026-04-04,1,15923.0,entrada,16546
20974,2026-04-04,4,15922.0,entrada,3153
20975,2026-04-04,3,15921.0,entrada,4735
20976,2026-04-04,2,15919.0,entrada,10999
20977,2026-04-04,3,15918.0,entrada,5284
20978,2026-04-04,2,15917.0,entrada,12554
20979,2026-04-04,3,15916.0,entrada,9480
20980,2026-04-04,4,15915.0,entrada,8241
20981,2026-04-04,3,15914.0,entrada,7117
20982,2026-04-04,2,15913.0,entrada,4738
20983,2026-04-04,4,15912.0,entrada,7481
20984,2026-04-04,3,15911.0,entrada,9338
20985,2026-04-04,2,15910.0,entrada,9298
20986,2026-04-04,2,15920.0,entrada,11442
20987,2026-04-04,2,,salida,24939
20988,2026-04-05,4,15924.0,entrada,6926
20989,2026-04-05,4,15927.0,entrada,9689
20990,2026-04-05,4,15928.0,entrada,4303
20991,2026-04-05,3,15926.0,entrada,6552
20992,2026-04-05,2,15939.0,entrada,14801
20993,2026-04-05,3,15938.0,entrada,3622
20994,2026-04-05,2,15937.0,entrada,10128
20995,2026-04-05,2,15935.0,entrada,11081
20996,2026-04-05,2,15934.0,entrada,10857
20997,2026-04-05,1,15933.0,entrada,5532
20998,2026-04-05,3,15932.0,entrada,12901
20999,2026-04-05,1,15931.0,entrada,8625
21000,2026-04-05,4,15930.0,entrada,8523
21001,2026-04-05,1,15929.0,entrada,5992
21002,2026-04-05,1,15936.0,entrada,3224
21003,2026-04-05,4,15925.0,entrada,10554
21004,2026-04-05,3,,salida,49421
21005,2026-04-05,1,,salida,170019
21006,2026-04-06,1,15955.0,entrada,23488
21007,2026-04-06,1,15954.0,entrada,6561
21008,2026-04-06,1,15953.0,entrada,17882
21009,2026-04-06,1,15952.0,entrada,4309
21010,2026-04-06,1,15951.0,entrada,18166
21011,2026-04-06,3,15950.0,entrada,14549
21012,2026-04-06,3,15949.0,entrada,8181
21013,2026-04-06,2,15948.0,entrada,19794
21014,2026-04-06,3,15947.0,entrada,10613
21015,2026-04-06,3,15946.0,entrada,8482
21016,2026-04-06,2,15945.0,entrada,6181
21017,2026-04-06,1,15944.0,entrada,14267
21018,2026-04-06,3,15943.0,entrada,10394
21019,2026-04-06,2,15942.0,entrada,13778
21020,2026-04-06,3,15941.0,entrada,18192
21021,2026-04-06,1,15940.0,entrada,9729
21022,2026-04-06,1,,salida,4598
21023,2026-04-07,1,15962.0,entrada,9029
21024,2026-04-07,1,15963.0,entrada,10924
21025,2026-04-07,3,15966.0,entrada,7893
21026,2026-04-07,3,15965.0,entrada,18898
21027,2026-04-07,4,15968.0,entrada,13154
21028,2026-04-07,3,15964.0,entrada,12760
21029,2026-04-07,4,15969.0,entrada,7600
21030,2026-04-07,4,15970.0,entrada,5054
21031,2026-04-07,3,15827.0,merma,282
21032,2026-04-07,3,15961.0,entrada,6883
21033,2026-04-07,1,15839.0,merma,1016
21034,2026-04-07,1,15844.0,merma,1576
21035,2026-04-07,4,15967.0,entrada,19079
21036,2026-04-07,2,15960.0,entrada,14646
21037,2026-04-07,2,,salida,3969
21038,2026-04-07,1,15958.0,entrada,11519
21039,2026-04-07,3,15959.0,entrada,10332
21040,2026-04-07,2,,salida,144515
21041,2026-04-07,1,,salida,51390
21042,2026-04-07,4,,salida,169754
21043,2026-04-07,2,15957.0,entrada,16084
21044,2026-04-07,1,15956.0,entrada,9631
21045,2026-04-08,1,15974.0,entrada,16234
21046,2026-04-08,2,15982.0,entrada,21998
21047,2026-04-08,1,15981.0,entrada,8403
21048,2026-04-08,3,15980.0,entrada,15823
21049,2026-04-08,1,15979.0,entrada,18210
21050,2026-04-08,4,15978.0,entrada,6909
21051,2026-04-08,1,15976.0,entrada,13153
21052,2026-04-08,2,15977.0,entrada,20279
21053,2026-04-08,3,15973.0,entrada,9058
21054,2026-04-08,1,15972.0,entrada,16354
21055,2026-04-08,2,15971.0,entrada,10157
21056,2026-04-08,2,,salida,96178
21057,2026-04-08,2,,salida,38204
21058,2026-04-08,3,15975.0,entrada,11856
21059,2026-04-09,3,15992.0,entrada,9082
21060,2026-04-09,1,,salida,7750
21061,2026-04-09,3,15855.0,merma,421
21062,2026-04-09,3,15996.0,entrada,23260
21063,2026-04-09,4,15995.0,entrada,7971
21064,2026-04-09,3,15994.0,entrada,14331
21065,2026-04-09,4,15993.0,entrada,18379
21066,2026-04-09,2,15991.0,entrada,19952
21067,2026-04-09,4,,salida,10811
21068,2026-04-09,1,15989.0,entrada,12699
21069,2026-04-09,2,15990.0,entrada,13264
21070,2026-04-09,1,,salida,47113
21071,2026-04-09,2,15983.0,entrada,11132
21072,2026-04-09,1,15984.0,entrada,14439
21073,2026-04-09,3,,salida,66958
21074,2026-04-09,3,15986.0,entrada,9591
21075,2026-04-09,2,15987.0,entrada,15037
21076,2026-04-09,2,15988.0,entrada,5789
21077,2026-04-09,4,15985.0,entrada,13853
21078,2026-04-10,4,16012.0,entrada,24979
21079,2026-04-10,1,16005.0,entrada,23677
21080,2026-04-10,4,16011.0,entrada,5268
21081,2026-04-10,3,16010.0,entrada,7640
21082,2026-04-10,1,16009.0,entrada,12973
21083,2026-04-10,4,16008.0,entrada,5068
21084,2026-04-10,1,16006.0,entrada,12745
21085,2026-04-10,3,16004.0,entrada,16015
21086,2026-04-10,2,16007.0,entrada,18380
21087,2026-04-10,2,16002.0,entrada,7760
21088,2026-04-10,2,16003.0,entrada,12253
21089,2026-04-10,1,15997.0,entrada,10620
21090,2026-04-10,4,,salida,114821
21091,2026-04-10,4,15896.0,merma,665
21092,2026-04-10,4,,salida,23388
21093,2026-04-10,3,15925.0,merma,326
21094,2026-04-10,4,15999.0,entrada,9906
21095,2026-04-10,1,16000.0,entrada,13656
21096,2026-04-10,2,16001.0,entrada,6636
21097,2026-04-10,2,15998.0,entrada,14221
21098,2026-04-11,4,16028.0,entrada,23469
21099,2026-04-11,3,16027.0,entrada,4950
21100,2026-04-11,4,16026.0,entrada,6732
21101,2026-04-11,1,16025.0,entrada,15062
21102,2026-04-11,1,16024.0,entrada,17223
21103,2026-04-11,4,16023.0,entrada,8171
21104,2026-04-11,2,16020.0,entrada,13969
21105,2026-04-11,1,16021.0,entrada,14802
21106,2026-04-11,3,16019.0,entrada,9365
21107,2026-04-11,3,16018.0,entrada,6776
21108,2026-04-11,2,16016.0,entrada,8682
21109,2026-04-11,1,16015.0,entrada,14675
21110,2026-04-11,4,16014.0,entrada,15576
21111,2026-04-11,2,16022.0,entrada,18700
21112,2026-04-11,4,16017.0,entrada,17475
21113,2026-04-11,4,16013.0,entrada,9876
21114,2026-04-11,2,,salida,84458
21115,2026-04-11,3,15934.0,merma,1057
21116,2026-04-11,3,,salida,76935
21117,2026-04-11,2,,salida,51795
21118,2026-04-11,4,,salida,121170
21119,2026-04-11,4,,salida,24189
21120,2026-04-12,3,16031.0,entrada,13928
21121,2026-04-12,4,16032.0,entrada,10410
21122,2026-04-12,4,16030.0,entrada,15649
21123,2026-04-12,2,16029.0,entrada,10806
21124,2026-04-12,3,16035.0,entrada,14769
21125,2026-04-12,4,16038.0,entrada,15257
21126,2026-04-12,3,15919.0,merma,1132
21127,2026-04-12,2,16033.0,entrada,15701
21128,2026-04-12,3,16043.0,entrada,23543
21129,2026-04-12,3,16042.0,entrada,7228
21130,2026-04-12,2,16041.0,entrada,13524
21131,2026-04-12,2,16040.0,entrada,5231
21132,2026-04-12,1,16039.0,entrada,15556
21133,2026-04-12,2,16037.0,entrada,7857
21134,2026-04-12,2,16034.0,entrada,8969
21135,2026-04-12,3,,salida,32100
21136,2026-04-12,4,,salida,76442
21137,2026-04-12,1,,salida,55386
21138,2026-04-12,3,,salida,14639
21139,2026-04-12,2,16036.0,entrada,20793
21140,2026-04-12,1,,salida,55850
21141,2026-04-12,4,,salida,53007
21142,2026-04-13,1,16048.0,entrada,11741
21143,2026-04-13,1,16055.0,entrada,21819
21144,2026-04-13,4,16054.0,entrada,6179
21145,2026-04-13,1,16053.0,entrada,7376
21146,2026-04-13,2,16052.0,entrada,6168
21147,2026-04-13,2,16051.0,entrada,14193
21148,2026-04-13,3,16050.0,entrada,6881
21149,2026-04-13,4,16049.0,entrada,14926
21150,2026-04-13,1,16047.0,entrada,5881
21151,2026-04-13,4,16045.0,entrada,17704
21152,2026-04-13,2,15986.0,merma,588
21153,2026-04-13,4,16044.0,entrada,7858
21154,2026-04-13,1,,salida,13602
21155,2026-04-13,4,,salida,36258
21156,2026-04-13,2,15933.0,merma,528
21157,2026-04-13,2,,salida,14944
21158,2026-04-13,2,,salida,28489
21159,2026-04-13,4,,salida,18606
21160,2026-04-13,2,16046.0,entrada,10164
21161,2026-04-14,3,16069.0,entrada,7742
21162,2026-04-14,1,16070.0,entrada,5363
21163,2026-04-14,2,16071.0,entrada,26766
21164,2026-04-14,2,16063.0,entrada,18858
21165,2026-04-14,1,15981.0,merma,942
21166,2026-04-14,1,16068.0,entrada,15352
21167,2026-04-14,1,,salida,224896
21168,2026-04-14,3,,salida,20816
21169,2026-04-14,1,16067.0,entrada,5274
21170,2026-04-14,4,16057.0,entrada,16774
21171,2026-04-14,2,16065.0,entrada,17081
21172,2026-04-14,3,16064.0,entrada,7519
21173,2026-04-14,4,16062.0,entrada,12559
21174,2026-04-14,4,16061.0,entrada,14011
21175,2026-04-14,3,16060.0,entrada,10002
21176,2026-04-14,3,,salida,17929
21177,2026-04-14,2,16059.0,entrada,6292
21178,2026-04-14,1,16066.0,entrada,19587
21179,2026-04-14,1,16056.0,entrada,11113
21180,2026-04-14,3,16058.0,entrada,8983
21181,2026-04-15,2,16086.0,entrada,21925
21182,2026-04-15,4,16083.0,entrada,4900
21183,2026-04-15,1,16082.0,entrada,16796
21184,2026-04-15,2,16084.0,entrada,16679
21185,2026-04-15,2,16085.0,entrada,5499
21186,2026-04-15,1,16081.0,entrada,15855
21187,2026-04-15,2,15960.0,merma,1376
21188,2026-04-15,2,,salida,4755
21189,2026-04-15,4,16079.0,entrada,21757
21190,2026-04-15,4,,salida,52410
21191,2026-04-15,2,,salida,2087
21192,2026-04-15,4,,salida,448128
21193,2026-04-15,1,,salida,19088
21194,2026-04-15,3,16080.0,entrada,7547
21195,2026-04-15,4,,salida,117239
21196,2026-04-15,2,16073.0,entrada,14630
21197,2026-04-15,3,16078.0,entrada,12623
21198,2026-04-15,3,16072.0,entrada,8761
21199,2026-04-15,2,16077.0,entrada,8887
21200,2026-04-15,2,16076.0,entrada,6943
21201,2026-04-15,3,16075.0,entrada,15445
21202,2026-04-15,4,16074.0,entrada,12759
21203,2026-04-15,1,,salida,122285
21204,2026-04-16,3,16087.0,entrada,9882
21205,2026-04-16,1,16103.0,entrada,20039
21206,2026-04-16,3,16102.0,entrada,5982
21207,2026-04-16,1,16101.0,entrada,7433
21208,2026-04-16,2,16100.0,entrada,13463
21209,2026-04-16,3,16099.0,entrada,4861
21210,2026-04-16,4,16097.0,entrada,8388
21211,2026-04-16,1,16096.0,entrada,19966
21212,2026-04-16,3,16095.0,entrada,12441
21213,2026-04-16,3,16094.0,entrada,13376
21214,2026-04-16,1,16092.0,entrada,7045
21215,2026-04-16,2,16091.0,entrada,17397
21216,2026-04-16,1,16090.0,entrada,10965
21217,2026-04-16,4,16089.0,entrada,14815
21218,2026-04-16,3,16088.0,entrada,16374
21219,2026-04-16,4,16098.0,entrada,17431
21220,2026-04-16,3,16093.0,entrada,7905
21221,2026-04-16,1,,salida,69801
21222,2026-04-16,1,,salida,7914
21223,2026-04-16,3,16007.0,merma,1445
21224,2026-04-16,2,15957.0,merma,731
21225,2026-04-16,1,,salida,27742
21226,2026-04-17,3,16120.0,entrada,5686
21227,2026-04-17,1,16104.0,entrada,9266
21228,2026-04-17,4,16105.0,entrada,16698
21229,2026-04-17,3,16106.0,entrada,15085
21230,2026-04-17,4,16107.0,entrada,10559
21231,2026-04-17,1,16109.0,entrada,6723
21232,2026-04-17,4,16110.0,entrada,10819
21233,2026-04-17,1,16111.0,entrada,14542
21234,2026-04-17,3,16112.0,entrada,15107
21235,2026-04-17,4,16114.0,entrada,7161
21236,2026-04-17,4,16115.0,entrada,16442
21237,2026-04-17,1,16116.0,entrada,17955
21238,2026-04-17,1,16117.0,entrada,4930
21239,2026-04-17,2,16118.0,entrada,16422
21240,2026-04-17,4,16119.0,entrada,7404
21241,2026-04-17,3,16121.0,entrada,24715
21242,2026-04-17,2,16113.0,entrada,16511
21243,2026-04-17,3,16108.0,entrada,13952
21244,2026-04-17,4,,salida,8392
21245,2026-04-17,4,,salida,3658
21246,2026-04-18,4,16138.0,entrada,22912
21247,2026-04-18,1,16137.0,entrada,4839
21248,2026-04-18,4,16136.0,entrada,7756
21249,2026-04-18,1,16135.0,entrada,15429
21250,2026-04-18,2,,salida,84814
21251,2026-04-18,3,16134.0,entrada,4478
21252,2026-04-18,2,,salida,70138
21253,2026-04-18,3,16133.0,entrada,17871
21254,2026-04-18,2,,salida,57336
21255,2026-04-18,4,16122.0,entrada,9123
21256,2026-04-18,4,16123.0,entrada,13272
21257,2026-04-18,4,16124.0,entrada,10102
21258,2026-04-18,2,16125.0,entrada,16504
21259,2026-04-18,3,16126.0,entrada,7355
21260,2026-04-18,3,16127.0,entrada,8557
21261,2026-04-18,1,16128.0,entrada,11799
21262,2026-04-18,1,16129.0,entrada,13052
21263,2026-04-18,4,16130.0,entrada,21712
21264,2026-04-18,1,16131.0,entrada,7435
21265,2026-04-18,1,16070.0,merma,249
21266,2026-04-18,2,16132.0,entrada,15883
21267,2026-04-19,1,16147.0,entrada,6175
21268,2026-04-19,2,16139.0,entrada,11123
21269,2026-04-19,3,16140.0,entrada,18088
21270,2026-04-19,2,16141.0,entrada,13580
21271,2026-04-19,3,16142.0,entrada,10862
21272,2026-04-19,2,16143.0,entrada,17023
21273,2026-04-19,1,16144.0,entrada,8511
21274,2026-04-19,2,16145.0,entrada,12284
21275,2026-04-19,2,16146.0,entrada,18781
21276,2026-04-19,4,,salida,97672
21277,2026-04-19,3,16148.0,entrada,15691
21278,2026-04-19,3,,salida,28207
21279,2026-04-19,3,16149.0,entrada,16840
21280,2026-04-19,2,16151.0,entrada,16569
21281,2026-04-19,2,16152.0,entrada,6830
21282,2026-04-19,2,16153.0,entrada,5579
21283,2026-04-19,4,16154.0,entrada,22563
21284,2026-04-19,2,,salida,4862
21285,2026-04-19,2,16098.0,merma,2035
21286,2026-04-19,2,,salida,37683
21287,2026-04-19,1,16150.0,entrada,5106
21288,2026-04-19,4,,salida,34375
21289,2026-04-20,2,16166.0,entrada,5408
21290,2026-04-20,1,16165.0,entrada,15405
21291,2026-04-20,4,16164.0,entrada,16498
21292,2026-04-20,4,16167.0,entrada,14780
21293,2026-04-20,1,16168.0,entrada,8328
21294,2026-04-20,4,16169.0,entrada,22115
21295,2026-04-20,3,,salida,27778
21296,2026-04-20,4,,salida,606
21297,2026-04-20,2,16156.0,entrada,14754
21298,2026-04-20,3,16162.0,entrada,18895
21299,2026-04-20,1,16163.0,entrada,8648
21300,2026-04-20,1,16035.0,merma,750
21301,2026-04-20,2,16158.0,entrada,10935
21302,2026-04-20,3,16155.0,entrada,9797
21303,2026-04-20,1,16103.0,merma,899
21304,2026-04-20,3,16161.0,entrada,12220
21305,2026-04-20,1,16159.0,entrada,6329
21306,2026-04-20,1,16160.0,entrada,10120
21307,2026-04-20,3,16157.0,entrada,12551
21308,2026-04-20,3,,salida,21524
21309,2026-04-20,2,16110.0,merma,716
21310,2026-04-21,4,16171.0,entrada,15016
21311,2026-04-21,3,16172.0,entrada,14799
21312,2026-04-21,1,16173.0,entrada,10626
21313,2026-04-21,3,16174.0,entrada,14969
21314,2026-04-21,3,16175.0,entrada,6581
21315,2026-04-21,2,16176.0,entrada,9012
21316,2026-04-21,2,16177.0,entrada,10539
21317,2026-04-21,4,16178.0,entrada,13389
21318,2026-04-21,4,16170.0,entrada,10460
21319,2026-04-21,2,16180.0,entrada,6944
21320,2026-04-21,2,,salida,36200
21321,2026-04-21,4,16184.0,entrada,6132
21322,2026-04-21,4,16183.0,entrada,13677
21323,2026-04-21,1,16182.0,entrada,4840
21324,2026-04-21,2,16181.0,entrada,15359
21325,2026-04-21,2,16185.0,entrada,5519
21326,2026-04-21,4,16179.0,entrada,21758
21327,2026-04-21,2,,salida,23397
21328,2026-04-21,1,16118.0,merma,1344
21329,2026-04-22,3,16201.0,entrada,23780
21330,2026-04-22,4,16115.0,merma,1664
21331,2026-04-22,1,16199.0,entrada,8187
21332,2026-04-22,3,16198.0,entrada,13818
21333,2026-04-22,2,16197.0,entrada,4761
21334,2026-04-22,4,16196.0,entrada,17872
21335,2026-04-22,4,,salida,30009
21336,2026-04-22,2,,salida,86913
21337,2026-04-22,1,16195.0,entrada,14802
21338,2026-04-22,4,16200.0,entrada,4321
21339,2026-04-22,1,,salida,78231
21340,2026-04-22,4,16193.0,entrada,20051
21341,2026-04-22,3,16192.0,entrada,13943
21342,2026-04-22,1,16191.0,entrada,5976
21343,2026-04-22,4,16190.0,entrada,14040
21344,2026-04-22,3,16189.0,entrada,9687
21345,2026-04-22,2,16188.0,entrada,14250
21346,2026-04-22,2,16187.0,entrada,14442
21347,2026-04-22,1,16186.0,entrada,10139
21348,2026-04-22,4,,salida,18446
21349,2026-04-22,2,16194.0,entrada,7793
21350,2026-04-23,3,16213.0,entrada,16660
21351,2026-04-23,1,16214.0,entrada,18110
21352,2026-04-23,2,16217.0,entrada,7307
21353,2026-04-23,4,16216.0,entrada,13727
21354,2026-04-23,2,16212.0,entrada,7533
21355,2026-04-23,2,16215.0,entrada,5707
21356,2026-04-23,3,16211.0,entrada,22138
21357,2026-04-23,1,16206.0,entrada,15060
21358,2026-04-23,4,16209.0,entrada,13372
21359,2026-04-23,3,16208.0,entrada,9658
21360,2026-04-23,4,16207.0,entrada,6674
21361,2026-04-23,2,16205.0,entrada,10600
21362,2026-04-23,4,16204.0,entrada,15631
21363,2026-04-23,2,16203.0,entrada,15757
21364,2026-04-23,1,16219.0,entrada,24141
21365,2026-04-23,4,16210.0,entrada,13924
21366,2026-04-23,2,16218.0,entrada,5707
21367,2026-04-23,2,16202.0,entrada,10566
21368,2026-04-23,3,,salida,30314
21369,2026-04-23,1,,salida,34861
21370,2026-04-23,3,,salida,20653
21371,2026-04-23,3,16095.0,merma,704
21372,2026-04-24,2,16232.0,entrada,4509
21373,2026-04-24,3,16231.0,entrada,17595
21374,2026-04-24,4,16230.0,entrada,15701
21375,2026-04-24,2,16229.0,entrada,7535
21376,2026-04-24,2,16228.0,entrada,22620
21377,2026-04-24,1,16227.0,entrada,12746
21378,2026-04-24,2,,salida,121391
21379,2026-04-24,3,16233.0,entrada,15894
21380,2026-04-24,2,16224.0,entrada,15264
21381,2026-04-24,4,16223.0,entrada,11363
21382,2026-04-24,4,,salida,44894
21383,2026-04-24,2,16222.0,entrada,12579
21384,2026-04-24,2,16221.0,entrada,16657
21385,2026-04-24,3,,salida,40769
21386,2026-04-24,2,16226.0,entrada,10105
21387,2026-04-24,3,16225.0,entrada,7331
21388,2026-04-24,1,16234.0,entrada,7922
21389,2026-04-24,3,16236.0,entrada,23425
21390,2026-04-24,4,16235.0,entrada,5447
21391,2026-04-24,2,16220.0,entrada,10240
21392,2026-04-25,1,16239.0,entrada,9876
21393,2026-04-25,4,16240.0,entrada,16117
21394,2026-04-25,2,16241.0,entrada,7101
21395,2026-04-25,3,16242.0,entrada,9050
21396,2026-04-25,1,16243.0,entrada,13111
21397,2026-04-25,4,16237.0,entrada,9133
21398,2026-04-25,3,16245.0,entrada,19559
21399,2026-04-25,3,16246.0,entrada,8087
21400,2026-04-25,1,16247.0,entrada,15928
21401,2026-04-25,4,16248.0,entrada,16745
21402,2026-04-25,1,16249.0,entrada,4248
21403,2026-04-25,3,16250.0,entrada,17118
21404,2026-04-25,4,16251.0,entrada,7547
21405,2026-04-25,2,16238.0,entrada,17326
21406,2026-04-25,1,16244.0,entrada,14399
21407,2026-04-25,1,16253.0,entrada,23624
21408,2026-04-25,1,16192.0,merma,1571
21409,2026-04-25,2,16252.0,entrada,4725
21410,2026-04-26,3,,salida,59424
21411,2026-04-26,1,16145.0,merma,809
21412,2026-04-26,1,16267.0,entrada,4791
21413,2026-04-26,2,16266.0,entrada,14617
21414,2026-04-26,1,16265.0,entrada,4620
21415,2026-04-26,2,16264.0,entrada,18478
21416,2026-04-26,2,16263.0,entrada,17269
21417,2026-04-26,4,16262.0,entrada,8610
21418,2026-04-26,2,16260.0,entrada,12117
21419,2026-04-26,3,16259.0,entrada,10429
21420,2026-04-26,4,16258.0,entrada,7487
21421,2026-04-26,1,16257.0,entrada,16644
21422,2026-04-26,1,16256.0,entrada,12112
21423,2026-04-26,2,16255.0,entrada,15960
21424,2026-04-26,1,16261.0,entrada,12952
21425,2026-04-26,3,16254.0,entrada,10989
21426,2026-04-27,1,16282.0,entrada,22660
21427,2026-04-27,2,16281.0,entrada,7659
21428,2026-04-27,4,16280.0,entrada,16080
21429,2026-04-27,2,16279.0,entrada,4462
21430,2026-04-27,3,16278.0,entrada,17207
21431,2026-04-27,2,16277.0,entrada,15740
21432,2026-04-27,4,16273.0,entrada,11836
21433,2026-04-27,1,16274.0,entrada,13479
21434,2026-04-27,3,16272.0,entrada,7710
21435,2026-04-27,1,16271.0,entrada,6569
21436,2026-04-27,2,16270.0,entrada,9935
21437,2026-04-27,4,16268.0,entrada,15647
21438,2026-04-27,1,16276.0,entrada,7747
21439,2026-04-27,4,16269.0,entrada,14230
21440,2026-04-27,1,16275.0,entrada,19377
21441,2026-04-27,4,,salida,61156
21442,2026-04-27,3,16180.0,merma,386
21443,2026-04-28,3,,salida,398826
21444,2026-04-28,2,16283.0,entrada,8910
21445,2026-04-28,2,16286.0,entrada,7457
21446,2026-04-28,2,16287.0,entrada,9864
21447,2026-04-28,2,16288.0,entrada,13760
21448,2026-04-28,2,16242.0,merma,362
21449,2026-04-28,1,16289.0,entrada,14400
21450,2026-04-28,1,16290.0,entrada,24308
21451,2026-04-28,3,16206.0,merma,1336
21452,2026-04-28,2,16291.0,entrada,7992
21453,2026-04-28,2,16292.0,entrada,15904
21454,2026-04-28,4,16179.0,merma,726
21455,2026-04-28,3,16293.0,entrada,16480
21456,2026-04-28,3,16294.0,entrada,5247
21457,2026-04-28,4,16295.0,entrada,13443
21458,2026-04-28,3,16296.0,entrada,7808
21459,2026-04-28,1,16284.0,entrada,16252
21460,2026-04-28,3,16285.0,entrada,10398
21461,2026-04-29,3,16297.0,entrada,9829
21462,2026-04-29,3,16298.0,entrada,14985
21463,2026-04-29,3,16300.0,entrada,15283
21464,2026-04-29,3,16301.0,entrada,6628
21465,2026-04-29,2,16302.0,entrada,12949
21466,2026-04-29,1,16303.0,entrada,19480
21467,2026-04-29,4,16304.0,entrada,15123
21468,2026-04-29,4,16305.0,entrada,16869
21469,2026-04-29,3,16306.0,entrada,4943
21470,2026-04-29,4,16307.0,entrada,15530
21471,2026-04-29,4,16308.0,entrada,7141
21472,2026-04-29,1,16299.0,entrada,12585
21473,2026-04-29,2,,salida,9322
21474,2026-04-29,2,,salida,50335
21475,2026-04-29,1,,salida,98301
21476,2026-04-30,4,16309.0,entrada,11399
21477,2026-04-30,3,16310.0,entrada,18742
21478,2026-04-30,4,16311.0,entrada,14484
21479,2026-04-30,3,16312.0,entrada,10556
21480,2026-04-30,2,16313.0,entrada,15669
21481,2026-04-30,2,16314.0,entrada,7525
21482,2026-04-30,2,16253.0,merma,1882
21483,2026-04-30,2,16318.0,entrada,8213
21484,2026-04-30,4,16319.0,entrada,16432
21485,2026-04-30,3,16320.0,entrada,14726
21486,2026-04-30,1,16321.0,entrada,5000
21487,2026-04-30,3,16322.0,entrada,16128
21488,2026-04-30,2,16323.0,entrada,5519
21489,2026-04-30,1,16324.0,entrada,24043
21490,2026-04-30,3,16317.0,entrada,22316
21491,2026-04-30,2,16316.0,entrada,13028
21492,2026-04-30,4,16315.0,entrada,10319
21493,2026-04-30,1,16228.0,merma,2215
21494,2026-04-30,3,,salida,14306
21495,2026-04-30,4,16200.0,merma,292
21496,2026-04-30,2,,salida,26410
21497,2026-04-30,1,,salida,96937
21498,2026-05-01,1,,salida,52215
21499,2026-05-01,1,16328.0,entrada,8926
21500,2026-05-01,3,16329.0,entrada,15614
21501,2026-05-01,2,16330.0,entrada,6720
21502,2026-05-01,3,16331.0,entrada,9404
21503,2026-05-01,2,16332.0,entrada,14296
21504,2026-05-01,3,16334.0,entrada,7313
21505,2026-05-01,3,16335.0,entrada,16330
21506,2026-05-01,2,16336.0,entrada,16867
21507,2026-05-01,3,16337.0,entrada,5559
21508,2026-05-01,1,16338.0,entrada,13535
21509,2026-05-01,3,16339.0,entrada,6697
21510,2026-05-01,1,16340.0,entrada,23324
21511,2026-05-01,3,16333.0,entrada,22016
21512,2026-05-01,1,16327.0,entrada,14311
21513,2026-05-01,3,16325.0,entrada,10870
21514,2026-05-01,3,,salida,20282
21515,2026-05-01,1,,salida,13160
21516,2026-05-01,3,,salida,1459
21517,2026-05-01,4,,salida,39446
21518,2026-05-01,3,,salida,9795
21519,2026-05-01,1,16326.0,entrada,13992
21520,2026-05-02,4,16353.0,entrada,7330
21521,2026-05-02,1,16352.0,entrada,15059
21522,2026-05-02,2,16351.0,entrada,18059
21523,2026-05-02,1,16354.0,entrada,23995
21524,2026-05-02,1,16350.0,entrada,17030
21525,2026-05-02,4,16349.0,entrada,8248
21526,2026-05-02,3,16346.0,entrada,8798
21527,2026-05-02,3,16348.0,entrada,21145
21528,2026-05-02,3,16347.0,entrada,12713
21529,2026-05-02,4,16345.0,entrada,14909
21530,2026-05-02,3,,salida,5587
21531,2026-05-02,2,16343.0,entrada,12538
21532,2026-05-02,4,16342.0,entrada,16295
21533,2026-05-02,4,16341.0,entrada,9894
21534,2026-05-02,1,,salida,70745
21535,2026-05-02,3,,salida,265
21536,2026-05-02,3,16248.0,merma,772
21537,2026-05-02,1,16258.0,merma,259
21538,2026-05-02,2,16344.0,entrada,9918
21539,2026-05-03,1,16367.0,entrada,5445
21540,2026-05-03,1,16366.0,entrada,16186
21541,2026-05-03,3,16365.0,entrada,5405
21542,2026-05-03,3,16364.0,entrada,17582
21543,2026-05-03,1,16363.0,entrada,15149
21544,2026-05-03,4,16362.0,entrada,8269
21545,2026-05-03,3,16361.0,entrada,19517
21546,2026-05-03,1,16357.0,entrada,14997
21547,2026-05-03,1,16359.0,entrada,15462
21548,2026-05-03,4,16358.0,entrada,9465
21549,2026-05-03,3,16356.0,entrada,18657
21550,2026-05-03,3,16355.0,entrada,9893
21551,2026-05-03,4,16233.0,merma,1503
21552,2026-05-03,3,,salida,44915
21553,2026-05-03,2,,salida,2250
21554,2026-05-03,3,16360.0,entrada,13230
21555,2026-05-03,1,16307.0,merma,1699
21556,2026-05-04,3,16380.0,entrada,3336
21557,2026-05-04,3,16373.0,entrada,6642
21558,2026-05-04,2,16379.0,entrada,7811
21559,2026-05-04,4,16378.0,entrada,3803
21560,2026-05-04,2,16377.0,entrada,10202
21561,2026-05-04,1,16376.0,entrada,5501
21562,2026-05-04,1,16375.0,entrada,13582
21563,2026-05-04,1,16374.0,entrada,9505
21564,2026-05-04,2,16368.0,entrada,6610
21565,2026-05-04,1,,salida,20334
21566,2026-05-04,1,16371.0,entrada,6989
21567,2026-05-04,4,16370.0,entrada,9864
21568,2026-05-04,4,16369.0,entrada,10711
21569,2026-05-04,2,,salida,24023
21570,2026-05-04,1,,salida,52482
21571,2026-05-04,4,16381.0,entrada,15442
21572,2026-05-04,4,16372.0,entrada,11443
21573,2026-05-05,2,16384.0,entrada,9117
21574,2026-05-05,1,16385.0,entrada,7464
21575,2026-05-05,2,16388.0,entrada,6517
21576,2026-05-05,2,16387.0,entrada,4566
21577,2026-05-05,1,16389.0,entrada,7537
21578,2026-05-05,2,16390.0,entrada,10595
21579,2026-05-05,4,16391.0,entrada,11380
21580,2026-05-05,4,16392.0,entrada,4796
21581,2026-05-05,4,16393.0,entrada,11261
21582,2026-05-05,1,16394.0,entrada,11171
21583,2026-05-05,1,16395.0,entrada,3269
21584,2026-05-05,4,16396.0,entrada,11296
21585,2026-05-05,4,16397.0,entrada,5069
21586,2026-05-05,4,16398.0,entrada,3539
21587,2026-05-05,3,16399.0,entrada,15254
21588,2026-05-05,2,16386.0,entrada,10518
21589,2026-05-05,1,16383.0,entrada,10542
21590,2026-05-05,4,,salida,48928
21591,2026-05-05,2,,salida,16914
21592,2026-05-05,2,16382.0,entrada,7912
21593,2026-05-06,1,16404.0,entrada,9901
21594,2026-05-06,2,16405.0,entrada,4951
21595,2026-05-06,1,,salida,7843
21596,2026-05-06,1,,salida,45484
21597,2026-05-06,4,,salida,4212
21598,2026-05-06,2,,salida,19458
21599,2026-05-06,1,16416.0,entrada,14687
21600,2026-05-06,3,16415.0,entrada,3821
21601,2026-05-06,4,16413.0,entrada,10495
21602,2026-05-06,1,16412.0,entrada,3593
21603,2026-05-06,2,16411.0,entrada,11856
21604,2026-05-06,2,16410.0,entrada,10804
21605,2026-05-06,1,16409.0,entrada,13996
21606,2026-05-06,2,16408.0,entrada,9541
21607,2026-05-06,1,16407.0,entrada,8714
21608,2026-05-06,1,16414.0,entrada,4735
21609,2026-05-06,3,16403.0,entrada,7271
21610,2026-05-06,1,16406.0,entrada,5688
21611,2026-05-06,2,16401.0,entrada,10399
21612,2026-05-06,4,16400.0,entrada,6992
21613,2026-05-06,2,16353.0,merma,243
21614,2026-05-06,3,16402.0,entrada,9077
21615,2026-05-06,3,16316.0,merma,991
21616,2026-05-06,4,16309.0,merma,941
21617,2026-05-07,1,16426.0,entrada,5160
21618,2026-05-07,4,16427.0,entrada,9822
21619,2026-05-07,4,16428.0,entrada,12135
21620,2026-05-07,1,16429.0,entrada,3327
21621,2026-05-07,4,16430.0,entrada,10791
21622,2026-05-07,4,16431.0,entrada,5240
21623,2026-05-07,2,16432.0,entrada,16883
21624,2026-05-07,3,16334.0,merma,721
21625,2026-05-07,4,,salida,1072
21626,2026-05-07,4,,salida,14113
21627,2026-05-07,4,,salida,8451
21628,2026-05-07,1,16425.0,entrada,9444
21629,2026-05-07,4,16424.0,entrada,8285
21630,2026-05-07,3,16422.0,entrada,4440
21631,2026-05-07,4,16421.0,entrada,9798
21632,2026-05-07,4,16420.0,entrada,5602
21633,2026-05-07,2,16419.0,entrada,9420
21634,2026-05-07,3,16418.0,entrada,10551
21635,2026-05-07,2,16417.0,entrada,7018
21636,2026-05-07,4,16327.0,merma,936
21637,2026-05-07,4,16423.0,entrada,5959
21638,2026-05-08,2,,salida,29135
21639,2026-05-08,4,16437.0,entrada,10067
21640,2026-05-08,1,16442.0,entrada,13896
21641,2026-05-08,2,16443.0,entrada,11697
21642,2026-05-08,2,16444.0,entrada,13550
21643,2026-05-08,2,16439.0,entrada,6197
21644,2026-05-08,1,16446.0,entrada,3666
21645,2026-05-08,3,16447.0,entrada,13674
21646,2026-05-08,1,16438.0,entrada,4014
21647,2026-05-08,3,16445.0,entrada,9869
21648,2026-05-08,3,16436.0,entrada,8044
21649,2026-05-08,4,16433.0,entrada,7344
21650,2026-05-08,2,16435.0,entrada,8398
21651,2026-05-08,2,16441.0,entrada,9486
21652,2026-05-08,3,16379.0,merma,645
21653,2026-05-08,3,16434.0,entrada,11881
21654,2026-05-08,4,,salida,13157
21655,2026-05-08,1,16440.0,entrada,8025
21656,2026-05-08,3,,salida,41687
21657,2026-05-08,4,,salida,10963
21658,2026-05-08,3,,salida,25768
21659,2026-05-09,1,16465.0,entrada,18328
21660,2026-05-09,4,16462.0,entrada,8799
21661,2026-05-09,1,16463.0,entrada,5574
21662,2026-05-09,4,16460.0,entrada,11543
21663,2026-05-09,2,16459.0,entrada,9151
21664,2026-05-09,3,16458.0,entrada,5709
21665,2026-05-09,2,16457.0,entrada,10479
21666,2026-05-09,3,16456.0,entrada,8319
21667,2026-05-09,3,16455.0,entrada,9005
21668,2026-05-09,3,16454.0,entrada,6179
21669,2026-05-09,3,16464.0,entrada,4262
21670,2026-05-09,3,16461.0,entrada,2966
21671,2026-05-09,2,16453.0,entrada,5257
21672,2026-05-09,1,16449.0,entrada,8811
21673,2026-05-09,3,16448.0,entrada,6915
21674,2026-05-09,3,16451.0,entrada,7077
21675,2026-05-09,2,,salida,10267
21676,2026-05-09,1,16452.0,entrada,11542
21677,2026-05-09,2,,salida,9313
21678,2026-05-09,3,,salida,10292
21679,2026-05-09,2,16450.0,entrada,9042
21680,2026-05-10,3,,salida,63526
21681,2026-05-10,1,16481.0,entrada,16498
21682,2026-05-10,3,16480.0,entrada,3906
21683,2026-05-10,2,16479.0,entrada,4856
21684,2026-05-10,2,16478.0,entrada,10642
21685,2026-05-10,4,16477.0,entrada,2946
21686,2026-05-10,3,,salida,20126
21687,2026-05-10,1,16475.0,entrada,11254
21688,2026-05-10,3,16473.0,entrada,9184
21689,2026-05-10,1,16472.0,entrada,6571
21690,2026-05-10,2,16476.0,entrada,10458
21691,2026-05-10,4,16470.0,entrada,10056
21692,2026-05-10,4,16471.0,entrada,4319
21693,2026-05-10,1,16467.0,entrada,12018
21694,2026-05-10,4,,salida,73631
21695,2026-05-10,2,,salida,43853
21696,2026-05-10,1,16466.0,entrada,6644
21697,2026-05-10,4,,salida,3291
21698,2026-05-10,2,16469.0,entrada,6485
21699,2026-05-10,1,16396.0,merma,1243
21700,2026-05-10,4,16468.0,entrada,7467
21701,2026-05-10,2,16474.0,entrada,12357
21702,2026-05-11,2,16482.0,entrada,6678
21703,2026-05-11,3,16492.0,entrada,12185
21704,2026-05-11,2,16483.0,entrada,9486
21705,2026-05-11,4,16484.0,entrada,9652
21706,2026-05-11,4,16485.0,entrada,7001
21707,2026-05-11,2,16486.0,entrada,10190
21708,2026-05-11,1,16487.0,entrada,4545
21709,2026-05-11,2,16488.0,entrada,8363
21710,2026-05-11,2,16489.0,entrada,9078
21711,2026-05-11,3,16490.0,entrada,12926
21712,2026-05-11,1,16491.0,entrada,9518
21713,2026-05-11,3,16390.0,merma,895
21714,2026-05-11,1,16494.0,entrada,3942
21715,2026-05-11,1,16434.0,merma,691
21716,2026-05-11,3,16431.0,merma,248
21717,2026-05-11,2,,salida,10663
21718,2026-05-11,4,,salida,18757
21719,2026-05-11,2,,salida,256300
21720,2026-05-11,1,16495.0,entrada,13223
21721,2026-05-11,4,,salida,51036
21722,2026-05-11,1,16493.0,entrada,3287
21723,2026-05-12,3,16393.0,merma,761
21724,2026-05-12,2,16376.0,merma,349
21725,2026-05-12,1,,salida,141
21726,2026-05-12,4,16508.0,entrada,3152
21727,2026-05-12,4,16403.0,merma,632
21728,2026-05-12,4,16512.0,entrada,15140
21729,2026-05-12,2,16511.0,entrada,3641
21730,2026-05-12,4,16510.0,entrada,4422
21731,2026-05-12,1,16509.0,entrada,10232
21732,2026-05-12,4,16507.0,entrada,13114
21733,2026-05-12,1,16425.0,merma,315
21734,2026-05-12,3,16497.0,entrada,10477
21735,2026-05-12,3,16498.0,entrada,7011
21736,2026-05-12,4,16499.0,entrada,9812
21737,2026-05-12,2,16506.0,entrada,12188
21738,2026-05-12,4,16501.0,entrada,6365
21739,2026-05-12,3,16500.0,entrada,4903
21740,2026-05-12,4,16503.0,entrada,9334
21741,2026-05-12,2,16504.0,entrada,14070
21742,2026-05-12,2,16505.0,entrada,4829
21743,2026-05-12,1,16412.0,merma,378
21744,2026-05-12,4,16502.0,entrada,8848
21745,2026-05-12,3,16496.0,entrada,6746
21746,2026-05-13,4,16513.0,entrada,6765
21747,2026-05-13,1,16514.0,entrada,10337
21748,2026-05-13,4,16518.0,entrada,4270
21749,2026-05-13,1,16517.0,entrada,11103
21750,2026-05-13,4,16526.0,entrada,11094
21751,2026-05-13,1,16520.0,entrada,8078
21752,2026-05-13,3,,salida,51470
21753,2026-05-13,3,,salida,220043
21754,2026-05-13,1,,salida,73518
21755,2026-05-13,2,16469.0,merma,545
21756,2026-05-13,4,16519.0,entrada,6055
21757,2026-05-13,4,16529.0,entrada,15208
21758,2026-05-13,3,16528.0,entrada,3755
21759,2026-05-13,3,16516.0,entrada,6545
21760,2026-05-13,4,16515.0,entrada,10105
21761,2026-05-13,4,16521.0,entrada,9185
21762,2026-05-13,2,16522.0,entrada,14067
21763,2026-05-13,3,16523.0,entrada,4526
21764,2026-05-13,3,16524.0,entrada,9281
21765,2026-05-13,4,16527.0,entrada,4906
21766,2026-05-13,2,16525.0,entrada,11117
21767,2026-05-14,3,,salida,118850
21768,2026-05-14,1,16474.0,merma,701
21769,2026-05-14,4,16446.0,merma,410
21770,2026-05-14,3,16436.0,merma,822
21771,2026-05-14,3,16545.0,entrada,4944
21772,2026-05-14,3,16544.0,entrada,10828
21773,2026-05-14,2,16543.0,entrada,3333
21774,2026-05-14,1,16546.0,entrada,15899
21775,2026-05-14,2,16541.0,entrada,11566
21776,2026-05-14,4,16540.0,entrada,4818
21777,2026-05-14,3,16539.0,entrada,13562
21778,2026-05-14,3,16530.0,entrada,7180
21779,2026-05-14,3,16531.0,entrada,11209
21780,2026-05-14,2,16532.0,entrada,8782
21781,2026-05-14,1,16538.0,entrada,9376
21782,2026-05-14,3,16533.0,entrada,7023
21783,2026-05-14,4,16534.0,entrada,11806
21784,2026-05-14,4,16535.0,entrada,4126
21785,2026-05-14,1,16536.0,entrada,5783
21786,2026-05-14,4,16537.0,entrada,9373
21787,2026-05-14,2,16542.0,entrada,12179
21788,2026-05-15,3,16475.0,merma,647
21789,2026-05-15,3,16409.0,merma,1221
21790,2026-05-15,1,16561.0,entrada,3920
21791,2026-05-15,1,16559.0,entrada,3588
21792,2026-05-15,1,16558.0,entrada,10521
21793,2026-05-15,1,16557.0,entrada,5152
21794,2026-05-15,1,16556.0,entrada,14448
21795,2026-05-15,3,16555.0,entrada,8873
21796,2026-05-15,4,16554.0,entrada,7803
21797,2026-05-15,3,16553.0,entrada,5831
21798,2026-05-15,2,16552.0,entrada,4579
21799,2026-05-15,4,16550.0,entrada,6578
21800,2026-05-15,1,16548.0,entrada,9336
21801,2026-05-15,2,16547.0,entrada,6813
21802,2026-05-15,2,16560.0,entrada,11775
21803,2026-05-15,4,16551.0,entrada,10574
21804,2026-05-15,1,16549.0,entrada,8867
21805,2026-05-15,4,,salida,30535
21806,2026-05-15,2,,salida,73875
21807,2026-05-16,3,,salida,102787
21808,2026-05-16,1,16563.0,entrada,8567
21809,2026-05-16,2,16576.0,entrada,15455
21810,2026-05-16,2,16575.0,entrada,4483
21811,2026-05-16,1,16574.0,entrada,10332
21812,2026-05-16,4,16573.0,entrada,3282
21813,2026-05-16,1,16572.0,entrada,12339
21814,2026-05-16,3,,salida,28031
21815,2026-05-16,2,16569.0,entrada,9143
21816,2026-05-16,2,16568.0,entrada,8766
21817,2026-05-16,3,16567.0,entrada,6093
21818,2026-05-16,3,16566.0,entrada,3844
21819,2026-05-16,4,16565.0,entrada,10274
21820,2026-05-16,4,16562.0,entrada,11101
21821,2026-05-16,3,16570.0,entrada,12620
21822,2026-05-16,3,16571.0,entrada,10279
21823,2026-05-16,3,16564.0,entrada,6690
21824,2026-05-16,2,,salida,6322
21825,2026-05-16,2,16454.0,merma,244
21826,2026-05-16,3,,salida,278429
21827,2026-05-16,2,,salida,19945
21828,2026-05-16,2,,salida,20816
21829,2026-05-16,4,16508.0,merma,114
21830,2026-05-17,4,16591.0,entrada,15267
21831,2026-05-17,4,16590.0,entrada,3756
21832,2026-05-17,1,16589.0,entrada,9642
21833,2026-05-17,3,,salida,243
21834,2026-05-17,1,16588.0,entrada,3169
21835,2026-05-17,1,16587.0,entrada,11526
21836,2026-05-17,4,16586.0,entrada,10747
21837,2026-05-17,1,16534.0,merma,969
21838,2026-05-17,4,16585.0,entrada,14420
21839,2026-05-17,2,16515.0,merma,1139
21840,2026-05-17,1,,salida,35650
21841,2026-05-17,1,16577.0,entrada,6741
21842,2026-05-17,4,16578.0,entrada,12439
21843,2026-05-17,3,16579.0,entrada,8812
21844,2026-05-17,1,16580.0,entrada,6534
21845,2026-05-17,2,16581.0,entrada,10236
21846,2026-05-17,4,16582.0,entrada,4385
21847,2026-05-17,2,16583.0,entrada,4413
21848,2026-05-17,1,16448.0,merma,337
21849,2026-05-17,1,,salida,569
21850,2026-05-17,4,16584.0,entrada,8206
21851,2026-05-18,4,16595.0,entrada,4576
21852,2026-05-18,1,16599.0,entrada,5203
21853,2026-05-18,3,,salida,1030
21854,2026-05-18,1,16594.0,entrada,6122
21855,2026-05-18,4,16605.0,entrada,14506
21856,2026-05-18,2,16604.0,entrada,3737
21857,2026-05-18,1,16603.0,entrada,4475
21858,2026-05-18,2,16602.0,entrada,10052
21859,2026-05-18,3,16593.0,entrada,9538
21860,2026-05-18,1,16600.0,entrada,10773
21861,2026-05-18,2,16592.0,entrada,6828
21862,2026-05-18,2,16598.0,entrada,14271
21863,2026-05-18,2,16597.0,entrada,8867
21864,2026-05-18,2,16596.0,entrada,7410
21865,2026-05-18,3,16601.0,entrada,3298
21866,2026-05-19,2,16621.0,entrada,14335
21867,2026-05-19,3,16620.0,entrada,3685
21868,2026-05-19,3,16619.0,entrada,4696
21869,2026-05-19,3,16618.0,entrada,10545
21870,2026-05-19,3,16617.0,entrada,3184
21871,2026-05-19,4,16616.0,entrada,11337
21872,2026-05-19,2,16613.0,entrada,10113
21873,2026-05-19,3,16614.0,entrada,14164
21874,2026-05-19,2,16612.0,entrada,8099
21875,2026-05-19,4,16611.0,entrada,5765
21876,2026-05-19,1,16610.0,entrada,4391
21877,2026-05-19,1,16608.0,entrada,7225
21878,2026-05-19,3,16607.0,entrada,10867
21879,2026-05-19,3,16615.0,entrada,9824
21880,2026-05-19,4,16609.0,entrada,6995
21881,2026-05-19,2,16606.0,entrada,5700
21882,2026-05-19,1,,salida,789
21883,2026-05-19,2,16576.0,merma,1281
21884,2026-05-19,1,,salida,665
21885,2026-05-19,4,16491.0,merma,613
21886,2026-05-20,3,16633.0,entrada,11035
21887,2026-05-20,3,16632.0,entrada,11830
21888,2026-05-20,3,16631.0,entrada,9899
21889,2026-05-20,3,16635.0,entrada,4557
21890,2026-05-20,2,16629.0,entrada,9332
21891,2026-05-20,2,16636.0,entrada,16549
21892,2026-05-20,3,16628.0,entrada,9089
21893,2026-05-20,2,16627.0,entrada,6463
21894,2026-05-20,2,16626.0,entrada,3934
21895,2026-05-20,1,16625.0,entrada,7238
21896,2026-05-20,2,16624.0,entrada,9941
21897,2026-05-20,2,16623.0,entrada,10138
21898,2026-05-20,3,16622.0,entrada,7282
21899,2026-05-20,3,,salida,9407
21900,2026-05-20,1,16634.0,entrada,5548
21901,2026-05-20,4,16630.0,entrada,5264
21902,2026-05-20,2,,salida,27414
21903,2026-05-20,3,,salida,6346
21904,2026-05-21,4,16640.0,entrada,10556
21905,2026-05-21,3,16651.0,entrada,3493
21906,2026-05-21,4,16637.0,entrada,6973
21907,2026-05-21,3,16638.0,entrada,11070
21908,2026-05-21,3,16639.0,entrada,7199
21909,2026-05-21,1,16652.0,entrada,13324
21910,2026-05-21,1,16650.0,entrada,4445
21911,2026-05-21,1,16642.0,entrada,5800
21912,2026-05-21,2,16643.0,entrada,9099
21913,2026-05-21,4,16644.0,entrada,9085
21914,2026-05-21,4,16645.0,entrada,15763
21915,2026-05-21,1,16646.0,entrada,5664
21916,2026-05-21,2,16647.0,entrada,12240
21917,2026-05-21,3,16641.0,entrada,5060
21918,2026-05-21,1,,salida,12805
21919,2026-05-21,2,16649.0,entrada,9008
21920,2026-05-21,3,,salida,28359
21921,2026-05-21,2,,salida,33480
21922,2026-05-21,3,,salida,12747
21923,2026-05-21,3,16585.0,merma,1550
21924,2026-05-21,1,16648.0,entrada,2955
21925,2026-05-21,4,16595.0,merma,386
21926,2026-05-22,2,16663.0,entrada,3412
21927,2026-05-22,2,16662.0,entrada,5348
21928,2026-05-22,2,16661.0,entrada,14291
21929,2026-05-22,3,16660.0,entrada,10480
21930,2026-05-22,4,16654.0,entrada,10721
21931,2026-05-22,4,16658.0,entrada,6092
21932,2026-05-22,4,16657.0,entrada,4525
21933,2026-05-22,1,16656.0,entrada,7368
21934,2026-05-22,4,16655.0,entrada,8149
21935,2026-05-22,3,16659.0,entrada,8214
21936,2026-05-22,4,16653.0,entrada,7327
21937,2026-05-22,2,16665.0,entrada,3491
21938,2026-05-22,3,,salida,2836
21939,2026-05-22,4,,salida,5442
21940,2026-05-22,1,,salida,159
21941,2026-05-22,4,,salida,47255
21942,2026-05-22,1,16664.0,entrada,10213
21943,2026-05-22,4,,salida,9994
21944,2026-05-22,2,,salida,88722
21945,2026-05-22,4,,salida,187717
21946,2026-05-22,1,16666.0,entrada,16005
21947,2026-05-22,1,16535.0,merma,281
21948,2026-05-23,2,16677.0,entrada,5391
21949,2026-05-23,1,16678.0,entrada,10095
21950,2026-05-23,3,16681.0,entrada,11520
21951,2026-05-23,1,16679.0,entrada,11064
21952,2026-05-23,2,16680.0,entrada,3239
21953,2026-05-23,1,16676.0,entrada,12684
21954,2026-05-23,1,16555.0,merma,917
21955,2026-05-23,2,16533.0,merma,251
21956,2026-05-23,1,16684.0,entrada,16400
21957,2026-05-23,4,16683.0,entrada,3895
21958,2026-05-23,4,16682.0,entrada,5043
21959,2026-05-23,4,16581.0,merma,869
21960,2026-05-23,3,16675.0,entrada,8109
21961,2026-05-23,4,16673.0,entrada,6964
21962,2026-05-23,4,16674.0,entrada,7839
21963,2026-05-23,4,16672.0,entrada,5002
21964,2026-05-23,3,16671.0,entrada,9892
21965,2026-05-23,1,16670.0,entrada,7093
21966,2026-05-23,2,16669.0,entrada,8244
21967,2026-05-23,2,16668.0,entrada,10156
21968,2026-05-23,1,16667.0,entrada,5213
21969,2026-05-23,1,,salida,8966
21970,2026-05-23,3,,salida,3920
21971,2026-05-24,2,16694.0,entrada,10010
21972,2026-05-24,4,16695.0,entrada,4880
21973,2026-05-24,4,16696.0,entrada,3514
21974,2026-05-24,4,,salida,34634
21975,2026-05-24,4,16569.0,merma,836
21976,2026-05-24,3,16693.0,entrada,3655
21977,2026-05-24,3,16697.0,entrada,15146
21978,2026-05-24,4,16692.0,entrada,11918
21979,2026-05-24,3,16691.0,entrada,5182
21980,2026-05-24,1,16690.0,entrada,8292
21981,2026-05-24,1,16689.0,entrada,8965
21982,2026-05-24,2,16688.0,entrada,6692
21983,2026-05-24,3,16687.0,entrada,4395
21984,2026-05-24,4,16686.0,entrada,10230
21985,2026-05-24,3,16685.0,entrada,11123
21986,2026-05-24,4,,salida,43496
21987,2026-05-24,3,16627.0,merma,757
21988,2026-05-24,3,,salida,8131
21989,2026-05-25,2,16582.0,merma,159
21990,2026-05-25,4,,salida,39547
21991,2026-05-25,4,,salida,90302
21992,2026-05-25,3,16712.0,entrada,5092
21993,2026-05-25,4,16649.0,merma,293
21994,2026-05-25,4,16710.0,entrada,3000
21995,2026-05-25,4,16709.0,entrada,12196
21996,2026-05-25,2,16711.0,entrada,10966
21997,2026-05-25,4,16707.0,entrada,4454
21998,2026-05-25,2,16706.0,entrada,14577
21999,2026-05-25,1,16705.0,entrada,9117
22000,2026-05-25,3,,salida,10497
22001,2026-05-25,2,16698.0,entrada,6709
22002,2026-05-25,4,16699.0,entrada,12250
22003,2026-05-25,1,16700.0,entrada,8338
22004,2026-05-25,2,16701.0,entrada,7378
22005,2026-05-25,4,16702.0,entrada,11040
22006,2026-05-25,3,16703.0,entrada,4172
22007,2026-05-25,4,16704.0,entrada,6646
22008,2026-05-25,1,16708.0,entrada,9770
22009,2026-05-26,4,,salida,6415
22010,2026-05-26,1,,salida,1960
22011,2026-05-26,2,,salida,40476
22012,2026-05-26,2,16727.0,entrada,3369
22013,2026-05-26,1,16728.0,entrada,16851
22014,2026-05-26,4,16725.0,entrada,10609
22015,2026-05-26,3,16713.0,entrada,7387
22016,2026-05-26,1,16714.0,entrada,8188
22017,2026-05-26,1,16715.0,entrada,6163
22018,2026-05-26,1,16716.0,entrada,9897
22019,2026-05-26,2,16717.0,entrada,4585
22020,2026-05-26,4,16726.0,entrada,4435
22021,2026-05-26,1,16719.0,entrada,7552
22022,2026-05-26,3,16718.0,entrada,5951
22023,2026-05-26,1,16720.0,entrada,9133
22024,2026-05-26,4,16721.0,entrada,13102
22025,2026-05-26,4,16722.0,entrada,4640
22026,2026-05-26,1,16723.0,entrada,11562
22027,2026-05-26,4,16724.0,entrada,11758
22028,2026-05-26,3,,salida,21619
22029,2026-05-27,1,,salida,34087
22030,2026-05-27,2,,salida,27121
22031,2026-05-27,3,,salida,20489
22032,2026-05-27,4,16617.0,merma,99
22033,2026-05-27,3,16635.0,merma,519
22034,2026-05-27,2,,salida,21796
22035,2026-05-27,1,16734.0,entrada,4411
22036,2026-05-27,2,16737.0,entrada,14947
22037,2026-05-27,4,16743.0,entrada,5537
22038,2026-05-27,1,16742.0,entrada,10986
22039,2026-05-27,1,16741.0,entrada,3885
22040,2026-05-27,3,16740.0,entrada,10648
22041,2026-05-27,2,16739.0,entrada,10094
22042,2026-05-27,3,16738.0,entrada,5247
22043,2026-05-27,3,16744.0,entrada,3835
22044,2026-05-27,2,16745.0,entrada,14547
22045,2026-05-27,1,16736.0,entrada,8923
22046,2026-05-27,4,16735.0,entrada,6468
22047,2026-05-27,2,16733.0,entrada,11906
22048,2026-05-27,4,16732.0,entrada,6416
22049,2026-05-27,2,16731.0,entrada,9841
22050,2026-05-27,4,16730.0,entrada,11321
22051,2026-05-27,1,16729.0,entrada,6221
22052,2026-05-28,2,16748.0,entrada,9264
22053,2026-05-28,2,,salida,51180
22054,2026-05-28,3,16749.0,entrada,6381
22055,2026-05-28,2,16751.0,entrada,4065
22056,2026-05-28,4,16759.0,entrada,9545
22057,2026-05-28,2,16750.0,entrada,10558
22058,2026-05-28,3,16747.0,entrada,9597
22059,2026-05-28,2,16752.0,entrada,6083
22060,2026-05-28,2,16753.0,entrada,8478
22061,2026-05-28,3,16754.0,entrada,8227
22062,2026-05-28,1,16762.0,entrada,14674
22063,2026-05-28,2,16761.0,entrada,3839
22064,2026-05-28,3,16755.0,entrada,14169
22065,2026-05-28,4,16756.0,entrada,5059
22066,2026-05-28,3,16757.0,entrada,11021
22067,2026-05-28,3,16760.0,entrada,5642
22068,2026-05-28,1,16746.0,entrada,7118
22069,2026-05-28,3,16758.0,entrada,3138
22070,2026-05-29,4,16680.0,merma,272
22071,2026-05-29,4,,salida,59208
22072,2026-05-29,3,,salida,46759
22073,2026-05-29,3,,salida,188691
22074,2026-05-29,2,,salida,18495
22075,2026-05-29,3,,salida,7828
22076,2026-05-29,1,16707.0,merma,166
22077,2026-05-29,3,16706.0,merma,796
22078,2026-05-29,1,,salida,78224
22079,2026-05-29,4,,salida,2807
22080,2026-05-29,3,,salida,7633
22081,2026-05-29,2,,salida,14593
22082,2026-05-29,1,16777.0,entrada,14805
22083,2026-05-29,1,16763.0,entrada,6213
22084,2026-05-29,4,16764.0,entrada,9886
22085,2026-05-29,3,16765.0,entrada,8343
22086,2026-05-29,3,16766.0,entrada,7511
22087,2026-05-29,4,16767.0,entrada,9164
22088,2026-05-29,1,16768.0,entrada,5016
22089,2026-05-29,2,16769.0,entrada,6102
22090,2026-05-29,3,16770.0,entrada,8747
22091,2026-05-29,4,16771.0,entrada,11172
22092,2026-05-29,2,16772.0,entrada,5241
22093,2026-05-29,4,16773.0,entrada,11144
22094,2026-05-29,4,16774.0,entrada,12276
22095,2026-05-29,4,16775.0,entrada,3329
22096,2026-05-29,1,16776.0,entrada,3597
22097,2026-05-29,3,,salida,15493
22098,2026-05-30,2,16793.0,entrada,16853
22099,2026-05-30,3,16791.0,entrada,10223
22100,2026-05-30,4,16790.0,entrada,3063
22101,2026-05-30,2,16684.0,merma,1322
22102,2026-05-30,1,16789.0,entrada,10148
22103,2026-05-30,3,16788.0,entrada,11546
22104,2026-05-30,4,16787.0,entrada,14079
22105,2026-05-30,3,16786.0,entrada,9496
22106,2026-05-30,3,16785.0,entrada,8129
22107,2026-05-30,4,16784.0,entrada,6402
22108,2026-05-30,2,16783.0,entrada,4265
22109,2026-05-30,1,16782.0,entrada,10101
22110,2026-05-30,2,,salida,21358
22111,2026-05-30,3,16781.0,entrada,7435
22112,2026-05-30,2,16780.0,entrada,9176
22113,2026-05-30,3,16779.0,entrada,11110
22114,2026-05-30,4,16778.0,entrada,6446
22115,2026-05-30,4,16792.0,entrada,5837
22116,2026-05-31,2,,salida,179606
22117,2026-05-31,4,16798.0,entrada,9674
22118,2026-05-31,2,16808.0,entrada,8955
22119,2026-05-31,2,16807.0,entrada,3027
22120,2026-05-31,1,16806.0,entrada,9500
22121,2026-05-31,1,16805.0,entrada,10420
22122,2026-05-31,3,16804.0,entrada,5357
22123,2026-05-31,2,16803.0,entrada,13302
22124,2026-05-31,2,16802.0,entrada,8303
22125,2026-05-31,1,16801.0,entrada,8781
22126,2026-05-31,1,16800.0,entrada,5903
22127,2026-05-31,3,16799.0,entrada,3827
22128,2026-05-31,4,16797.0,entrada,7184
22129,2026-05-31,1,16796.0,entrada,8280
22130,2026-05-31,3,16795.0,entrada,11976
22131,2026-05-31,4,16794.0,entrada,7824
22132,2026-05-31,4,,salida,5339
22133,2026-05-31,2,,salida,15845
22134,2026-05-31,3,,salida,84412
22135,2026-05-31,1,16810.0,entrada,3141
22136,2026-05-31,4,16811.0,entrada,17010
22137,2026-05-31,3,16809.0,entrada,4733
22138,2026-06-01,1,16815.0,entrada,7507
22139,2026-06-01,2,,salida,15969
22140,2026-06-01,2,,salida,9359
22141,2026-06-01,2,16816.0,entrada,8414
22142,2026-06-01,3,16826.0,entrada,13694
22143,2026-06-01,3,16825.0,entrada,5046
22144,2026-06-01,4,16824.0,entrada,3813
22145,2026-06-01,4,,salida,985
22146,2026-06-01,3,16823.0,entrada,12275
22147,2026-06-01,4,16822.0,entrada,5573
22148,2026-06-01,3,16683.0,merma,304
22149,2026-06-01,3,16820.0,entrada,8998
22150,2026-06-01,2,16819.0,entrada,7855
22151,2026-06-01,2,,salida,61958
22152,2026-06-01,4,16818.0,entrada,6939
22153,2026-06-01,3,16817.0,entrada,4965
22154,2026-06-01,2,16812.0,entrada,6681
22155,2026-06-01,3,16813.0,entrada,11010
22156,2026-06-01,1,16814.0,entrada,9814
22157,2026-06-01,1,16821.0,entrada,14340
22158,2026-06-02,4,16710.0,merma,358
22159,2026-06-02,2,16730.0,merma,429
22160,2026-06-02,2,,salida,85148
22161,2026-06-02,3,16788.0,merma,1090
22162,2026-06-02,4,,salida,12587
22163,2026-06-03,1,,salida,1323
22164,2026-06-03,1,,salida,755
22165,2026-06-03,1,16699.0,merma,483
22166,2026-06-03,3,,salida,734
22167,2026-06-04,1,16764.0,merma,1052
22168,2026-06-04,3,,salida,3014
22169,2026-06-04,1,,salida,264
22170,2026-06-04,1,,salida,1473
22171,2026-06-04,4,,salida,31
22172,2026-06-05,1,,salida,91
22173,2026-06-05,1,16821.0,merma,791
22174,2026-06-05,2,16732.0,merma,527
22175,2026-06-06,4,16775.0,merma,130
22176,2026-06-06,2,,salida,54
22177,2026-06-06,2,,salida,354
22178,2026-06-06,3,,salida,4352
22179,2026-06-07,4,,salida,1699
22180,2026-06-07,1,,salida,313
22181,2026-06-07,3,,salida,2073
22182,2026-06-07,3,,salida,1398
22183,2026-06-07,3,,salida,696
22184,2026-06-08,2,,salida,278
22185,2026-06-09,3,,salida,1148
22186,2026-06-09,3,,salida,1040
22187,2026-06-09,3,,salida,182
22188,2026-06-09,2,,salida,257
22189,2026-06-10,4,,salida,254
22190,2026-06-10,4,16819.0,merma,832
22191,2026-06-10,4,16813.0,merma,498
22192,2026-06-10,2,,salida,166
22193,2026-06-11,3,,salida,278
22194,2026-06-11,2,,salida,1008
22195,2026-06-11,1,,salida,713
22196,2026-06-12,2,,salida,478
22197,2026-06-12,4,,salida,208
22198,2026-06-12,1,,salida,54
22199,2026-06-12,1,,salida,739
22200,2026-06-14,4,,salida,69
22201,2026-06-14,4,,salida,103
22202,2026-06-14,2,,salida,1539
22203,2026-06-15,3,,salida,56
22204,2026-06-15,3,,salida,290
22205,2026-06-15,1,,salida,187
22206,2026-06-15,2,,salida,341
22207,2026-06-15,4,,salida,2232
22208,2026-06-15,2,,salida,235
22209,2026-06-15,1,,salida,1212
22210,2026-06-16,3,,salida,577
22211,2026-06-17,3,,salida,410
22212,2026-06-17,2,,salida,545
22213,2026-06-17,3,,salida,259
22214,2026-06-18,2,,salida,237
22215,2026-06-18,4,,salida,1843
22216,2026-06-18,3,,salida,2860
22217,2026-06-19,3,,salida,213
22218,2026-06-19,2,,salida,7278
22219,2026-06-19,4,,salida,183
22220,2026-06-19,4,,salida,439
22221,2026-06-19,3,,salida,478
22222,2026-06-19,2,,salida,1027
22223,2026-06-20,4,,salida,1680
22224,2026-06-20,4,,salida,135
22225,2026-06-20,4,,salida,1001
22226,2026-06-20,1,,salida,1978
22227,2026-06-20,1,,salida,1182
22228,2026-06-20,2,,salida,1129
22229,2026-06-20,4,,salida,109
22230,2026-06-21,1,,salida,1709
22231,2026-06-21,2,,salida,1764
22232,2026-06-21,2,,salida,248
22233,2026-06-21,3,,salida,7870
22234,2026-06-22,4,,salida,610
22235,2026-06-22,1,,salida,554
22236,2026-06-22,1,,salida,1137
22237,2026-06-23,4,,salida,1272
22238,2026-06-23,1,,salida,450
22239,2026-06-23,1,,salida,675
22240,2026-06-23,4,,salida,1459
22241,2026-06-23,2,,salida,10625
22242,2026-06-23,2,,salida,1034
22243,2026-06-23,4,,salida,270
22244,2026-06-24,3,,salida,244
22245,2026-06-24,2,,salida,10
22246,2026-06-24,1,,salida,4075
22247,2026-06-24,3,,salida,186
22248,2026-06-25,1,,salida,364
22249,2026-06-26,3,,salida,78
22250,2026-06-26,1,,salida,321
22251,2026-06-26,4,,salida,865
22252,2026-06-27,2,,salida,202
22253,2026-06-27,3,,salida,380
22254,2026-06-27,2,,salida,212
22255,2026-06-27,1,,salida,233
22256,2026-06-28,4,,salida,596
22257,2026-06-28,1,,salida,831
22258,2026-06-28,1,,salida,1640
22259,2026-06-28,3,,salida,936
22260,2026-06-28,4,,salida,1380
22261,2026-06-29,4,,salida,96
22262,2026-06-29,2,,salida,303
22263,2026-06-29,2,,salida,1580
22264,2026-06-30,2,,salida,1150
22265,2026-06-30,2,,salida,1024
22266,2026-06-30,2,,salida,158
22267,2026-06-30,1,,salida,948
22268,2026-06-30,3,,salida,2027
22269,2026-07-01,1,,salida,228
22270,2026-07-01,1,,salida,184
22271,2026-07-02,2,,salida,29
22272,2026-07-02,4,,salida,178
22273,2026-07-03,1,,salida,1479
22274,2026-07-03,1,,salida,1306
22275,2026-07-03,1,,salida,2521
22276,2026-07-03,2,,salida,1664
22277,2026-07-03,2,,salida,1542
