venta_id,fecha,cliente_id,variedad_id,empaque,tallos,precio_tallo
1,2023-06-01,19,1,QB,715,0.308
2,2023-06-01,20,3,FB,22156,0.328
3,2023-06-01,27,4,FB,40010,0.318
4,2023-06-01,23,8,HB,50533,0.192
5,2023-06-01,27,5,HB,74395,0.313
6,2023-06-01,27,6,HB,16985,0.321
7,2023-06-01,7,8,QB,23806,0.184
8,2023-06-02,28,5,FB,178036,0.323
9,2023-06-02,2,5,QB,40128,0.326
10,2023-06-02,6,6,EB,8665,0.347
11,2023-06-02,22,6,HB,24087,0.325
12,2023-06-02,17,4,QB,28119,0.318
13,2023-06-02,6,4,EB,17901,0.339
14,2023-06-03,8,8,QB,48110,0.191
15,2023-06-03,8,5,FB,206633,0.231
16,2023-06-03,22,1,QB,9036,0.326
17,2023-06-03,5,7,QB,182774,0.138
18,2023-06-03,25,2,QB,51323,0.363
19,2023-06-04,26,4,HB,26660,0.3
20,2023-06-04,4,6,HB,3483,0.312
21,2023-06-04,17,2,QB,15608,0.272
22,2023-06-05,28,4,QB,8012,0.319
23,2023-06-05,8,6,QB,23159,0.269
24,2023-06-05,24,1,HB,5402,0.3
25,2023-06-05,2,7,FB,42524,0.143
26,2023-06-05,18,2,HB,8950,0.347
27,2023-06-05,21,1,QB,3685,0.375
28,2023-06-06,9,4,HB,5977,0.317
29,2023-06-06,15,5,HB,19403,0.313
30,2023-06-06,1,7,QB,15326,0.141
31,2023-06-07,5,6,HB,6939,0.314
32,2023-06-07,8,8,HB,1248,0.146
33,2023-06-08,10,7,QB,59838,0.124
34,2023-06-08,25,8,QB,2407,0.189
35,2023-06-08,28,4,QB,2043,0.301
36,2023-06-10,3,2,HB,1333,0.29
37,2023-06-10,23,5,QB,27160,0.345
38,2023-06-10,5,1,HB,59529,0.348
39,2023-06-10,17,3,FB,27524,0.326
40,2023-06-10,19,8,HB,24511,0.197
41,2023-06-10,27,8,QB,60817,0.176
42,2023-06-11,14,4,HB,3792,0.357
43,2023-06-11,24,6,FB,7092,0.342
44,2023-06-11,13,5,HB,119620,0.308
45,2023-06-11,9,2,HB,489,0.293
46,2023-06-12,2,7,QB,14099,0.121
47,2023-06-12,9,3,QB,52917,0.375
48,2023-06-13,16,1,HB,31464,0.311
49,2023-06-13,10,3,EB,24187,0.32
50,2023-06-13,12,2,HB,18779,0.326
51,2023-06-14,10,2,HB,19583,0.297
52,2023-06-14,15,5,QB,119649,0.385
53,2023-06-15,15,6,QB,4820,0.376
54,2023-06-15,12,1,QB,20501,0.303
55,2023-06-15,4,7,HB,27013,0.122
56,2023-06-16,16,5,HB,4061,0.264
57,2023-06-16,19,2,HB,8889,0.317
58,2023-06-16,12,4,EB,2716,0.302
59,2023-06-17,27,4,QB,99,0.286
60,2023-06-17,13,2,EB,14370,0.321
61,2023-06-17,18,4,EB,619,0.313
62,2023-06-17,24,5,QB,19635,0.337
63,2023-06-18,10,4,EB,6055,0.358
64,2023-06-18,2,2,FB,3240,0.302
65,2023-06-18,6,5,QB,23326,0.341
66,2023-06-18,15,6,FB,8007,0.332
67,2023-06-19,21,8,HB,32205,0.189
68,2023-06-19,26,2,HB,18735,0.36
69,2023-06-20,4,2,FB,51703,0.328
70,2023-06-20,2,3,FB,48395,0.283
71,2023-06-21,24,2,QB,16056,0.354
72,2023-06-21,25,8,HB,3627,0.19
73,2023-06-21,21,2,FB,59190,0.349
74,2023-06-22,5,7,HB,16621,0.146
75,2023-06-22,23,2,QB,11166,0.353
76,2023-06-22,9,1,QB,10420,0.28
77,2023-06-23,9,7,QB,325072,0.132
78,2023-06-23,26,1,EB,57285,0.317
79,2023-06-23,22,5,EB,109505,0.306
80,2023-06-23,26,6,HB,1565,0.298
81,2023-06-24,1,7,HB,6732,0.145
82,2023-06-24,20,6,HB,85153,0.339
83,2023-06-24,9,6,FB,38399,0.37
84,2023-06-24,11,7,EB,13352,0.134
85,2023-06-25,25,6,QB,12244,0.322
86,2023-06-25,17,6,HB,7305,0.298
87,2023-06-25,17,3,EB,66260,0.284
88,2023-06-25,6,7,QB,22723,0.148
89,2023-06-26,22,1,QB,21379,0.317
90,2023-06-26,9,3,QB,2181,0.307
91,2023-06-26,18,3,HB,14295,0.294
92,2023-06-26,8,4,HB,16382,0.312
93,2023-06-27,12,3,QB,1041,0.315
94,2023-06-27,13,6,FB,41294,0.361
95,2023-06-27,11,4,QB,6515,0.329
96,2023-06-27,14,6,HB,5604,0.372
97,2023-06-28,1,5,QB,24488,0.338
98,2023-06-28,6,7,HB,8640,0.141
99,2023-06-29,13,4,EB,356,0.345
100,2023-06-29,22,8,FB,7782,0.215
101,2023-06-29,13,3,QB,99672,0.302
102,2023-06-29,11,6,EB,7527,0.315
103,2023-06-29,17,6,HB,15904,0.336
104,2023-06-29,9,4,HB,28272,0.335
105,2023-06-30,3,3,QB,62699,0.299
106,2023-06-30,20,1,HB,2428,0.306
107,2023-06-30,17,1,HB,2539,0.313
108,2023-07-01,7,6,QB,25823,0.315
109,2023-07-01,9,5,HB,78919,0.297
110,2023-07-01,8,2,QB,3822,0.292
111,2023-07-01,8,3,FB,21513,0.307
112,2023-07-02,26,2,EB,13684,0.278
113,2023-07-02,28,3,HB,70374,0.333
114,2023-07-02,8,1,FB,47010,0.339
115,2023-07-02,10,8,HB,10332,0.17
116,2023-07-02,10,6,EB,39685,0.292
117,2023-07-02,12,5,FB,10645,0.308
118,2023-07-02,5,7,QB,163672,0.138
119,2023-07-02,7,8,QB,4938,0.172
120,2023-07-03,27,5,QB,139174,0.322
121,2023-07-03,5,7,EB,36296,0.15
122,2023-07-03,28,7,HB,32890,0.13
123,2023-07-03,3,7,QB,3241,0.121
124,2023-07-03,25,5,QB,61043,0.296
125,2023-07-04,15,7,FB,100207,0.133
126,2023-07-04,17,6,FB,52088,0.286
127,2023-07-04,2,4,HB,29653,0.311
128,2023-07-04,15,8,QB,13400,0.178
129,2023-07-05,16,3,HB,1752,0.331
130,2023-07-05,21,5,QB,2992,0.323
131,2023-07-05,4,1,EB,17681,0.36
132,2023-07-05,24,7,HB,9120,0.141
133,2023-07-06,4,4,HB,4598,0.316
134,2023-07-06,17,2,HB,53005,0.252
135,2023-07-06,26,4,EB,10586,0.348
136,2023-07-06,10,1,HB,7828,0.288
137,2023-07-07,11,4,HB,7299,0.354
138,2023-07-07,22,3,HB,11569,0.335
139,2023-07-07,24,8,QB,53649,0.174
140,2023-07-07,19,2,HB,11776,0.327
141,2023-07-07,14,8,EB,39484,0.185
142,2023-07-08,24,7,QB,32386,0.14
143,2023-07-08,17,5,HB,22854,0.347
144,2023-07-09,15,7,HB,53412,0.146
145,2023-07-09,17,8,FB,23312,0.162
146,2023-07-09,22,2,QB,679,0.277
147,2023-07-09,19,4,QB,4114,0.284
148,2023-07-09,22,5,QB,28726,0.355
149,2023-07-10,10,1,HB,33110,0.297
150,2023-07-10,13,5,QB,85381,0.346
151,2023-07-10,18,4,QB,7552,0.349
152,2023-07-11,3,3,HB,35806,0.338
153,2023-07-11,7,2,HB,2083,0.311
154,2023-07-11,4,1,QB,3447,0.3
155,2023-07-12,25,6,QB,72311,0.326
156,2023-07-12,3,5,FB,102910,0.379
157,2023-07-12,25,1,HB,715,0.336
158,2023-07-13,27,6,EB,13831,0.259
159,2023-07-13,8,4,HB,1990,0.297
160,2023-07-13,1,1,FB,20280,0.263
161,2023-07-14,28,4,QB,8810,0.327
162,2023-07-15,24,1,QB,15977,0.337
163,2023-07-15,11,8,QB,18,0.172
164,2023-07-15,18,3,EB,1872,0.288
165,2023-07-16,27,7,EB,24877,0.142
166,2023-07-16,21,6,HB,2251,0.303
167,2023-07-17,18,7,HB,18707,0.142
168,2023-07-17,2,8,HB,3460,0.183
169,2023-07-17,4,8,HB,85,0.186
170,2023-07-17,16,6,FB,32743,0.319
171,2023-07-17,12,5,EB,260840,0.345
172,2023-07-18,20,5,QB,38422,0.337
173,2023-07-18,28,8,QB,34848,0.183
174,2023-07-18,13,1,FB,28549,0.282
175,2023-07-18,24,8,FB,4282,0.194
176,2023-07-19,27,2,HB,2348,0.363
177,2023-07-19,27,1,QB,32565,0.296
178,2023-07-20,21,2,HB,30739,0.359
179,2023-07-21,27,7,HB,6722,0.127
180,2023-07-21,26,4,QB,39087,0.303
181,2023-07-21,7,5,FB,64778,0.287
182,2023-07-21,25,4,HB,26739,0.35
183,2023-07-21,19,4,HB,21206,0.325
184,2023-07-22,8,4,QB,12899,0.285
185,2023-07-22,17,7,EB,103647,0.145
186,2023-07-23,5,3,HB,17102,0.302
187,2023-07-23,17,5,EB,124559,0.305
188,2023-07-23,10,3,FB,85764,0.312
189,2023-07-24,22,2,HB,3211,0.251
190,2023-07-25,25,2,FB,43031,0.294
191,2023-07-25,25,7,EB,6325,0.139
192,2023-07-25,18,6,HB,12782,0.296
193,2023-07-26,12,8,FB,28282,0.154
194,2023-07-26,8,1,HB,5986,0.341
195,2023-07-26,16,5,EB,4986,0.327
196,2023-07-26,11,4,HB,6942,0.308
197,2023-07-27,14,7,EB,21802,0.115
198,2023-07-27,8,7,HB,9075,0.159
199,2023-07-27,10,7,FB,8620,0.132
200,2023-07-27,10,4,FB,19011,0.297
201,2023-07-28,28,7,FB,98976,0.133
202,2023-07-28,8,8,HB,35202,0.181
203,2023-07-28,21,3,FB,73292,0.328
204,2023-07-28,11,2,QB,70466,0.313
205,2023-07-28,16,2,QB,6015,0.356
206,2023-07-29,24,7,EB,73123,0.165
207,2023-07-29,18,6,EB,42964,0.351
208,2023-07-30,7,5,HB,85793,0.319
209,2023-07-30,17,2,FB,5278,0.312
210,2023-07-30,13,2,HB,7849,0.355
211,2023-07-31,1,2,HB,53539,0.319
212,2023-07-31,24,6,HB,12614,0.299
213,2023-07-31,24,3,HB,31841,0.313
214,2023-08-01,12,3,HB,38876,0.352
215,2023-08-01,28,5,HB,74815,0.279
216,2023-08-01,1,2,QB,46060,0.314
217,2023-08-02,26,8,HB,22242,0.19
218,2023-08-02,20,4,HB,29176,0.348
219,2023-08-02,25,1,HB,4574,0.286
220,2023-08-02,16,3,QB,29345,0.285
221,2023-08-02,9,5,FB,32372,0.305
222,2023-08-03,28,5,QB,8287,0.347
223,2023-08-03,25,7,EB,47938,0.145
224,2023-08-04,18,7,QB,40047,0.144
225,2023-08-04,8,7,QB,5403,0.122
226,2023-08-04,7,7,QB,81759,0.134
227,2023-08-04,3,3,QB,13692,0.317
228,2023-08-04,28,3,FB,27933,0.326
229,2023-08-04,26,3,QB,7158,0.347
230,2023-08-04,21,3,QB,35349,0.308
231,2023-08-05,17,7,HB,78392,0.152
232,2023-08-05,1,7,HB,157508,0.148
233,2023-08-06,1,1,HB,15168,0.342
234,2023-08-06,6,5,HB,1220,0.312
235,2023-08-06,23,3,HB,10393,0.357
236,2023-08-06,11,6,QB,26054,0.382
237,2023-08-06,4,8,EB,24460,0.192
238,2023-08-06,8,4,HB,8721,0.309
239,2023-08-07,10,7,HB,144569,0.131
240,2023-08-08,23,8,HB,19436,0.208
241,2023-08-09,14,8,FB,21934,0.17
242,2023-08-09,15,7,HB,38196,0.146
243,2023-08-09,6,2,EB,588,0.344
244,2023-08-10,7,6,QB,2920,0.314
245,2023-08-10,26,7,HB,59019,0.153
246,2023-08-10,28,7,QB,14173,0.147
247,2023-08-10,9,7,QB,43995,0.143
248,2023-08-10,15,2,HB,25051,0.358
249,2023-08-10,16,4,QB,12946,0.298
250,2023-08-11,12,4,QB,16242,0.28
251,2023-08-11,2,6,HB,42562,0.295
252,2023-08-11,12,5,FB,109585,0.378
253,2023-08-12,12,1,QB,43002,0.313
254,2023-08-12,20,4,HB,15784,0.278
255,2023-08-12,9,3,HB,1907,0.363
256,2023-08-12,18,8,QB,23765,0.184
257,2023-08-13,9,5,EB,265521,0.344
258,2023-08-13,13,3,QB,21160,0.311
259,2023-08-13,3,8,EB,20604,0.163
260,2023-08-13,24,1,HB,58995,0.35
261,2023-08-14,13,3,HB,17809,0.315
262,2023-08-14,17,2,FB,3780,0.342
263,2023-08-15,10,3,HB,13454,0.309
264,2023-08-15,4,6,EB,17575,0.327
265,2023-08-15,5,6,HB,4671,0.346
266,2023-08-15,3,1,HB,7767,0.313
267,2023-08-15,7,4,HB,7553,0.332
268,2023-08-16,22,8,QB,11004,0.166
269,2023-08-16,4,1,QB,7233,0.358
270,2023-08-16,14,6,HB,47568,0.325
271,2023-08-17,1,3,QB,21313,0.284
272,2023-08-17,27,4,HB,13270,0.294
273,2023-08-18,10,6,QB,62198,0.356
274,2023-08-18,7,2,FB,59683,0.366
275,2023-08-18,13,4,FB,3998,0.33
276,2023-08-19,7,5,QB,101025,0.283
277,2023-08-19,2,3,QB,29113,0.335
278,2023-08-19,19,5,QB,19325,0.338
279,2023-08-20,23,8,QB,9033,0.199
280,2023-08-20,28,3,HB,21614,0.36
281,2023-08-20,4,6,HB,76622,0.313
282,2023-08-20,25,1,FB,14522,0.362
283,2023-08-20,3,8,QB,5632,0.204
284,2023-08-21,4,5,QB,228268,0.336
285,2023-08-21,8,3,EB,554,0.268
286,2023-08-21,15,7,HB,31587,0.139
287,2023-08-21,9,4,QB,136,0.317
288,2023-08-22,12,4,QB,1496,0.309
289,2023-08-22,21,8,FB,38261,0.191
290,2023-08-22,13,2,FB,17333,0.303
291,2023-08-23,15,2,HB,98870,0.336
292,2023-08-23,10,4,QB,32163,0.31
293,2023-08-24,5,4,QB,5593,0.351
294,2023-08-24,13,5,QB,122695,0.336
295,2023-08-24,23,3,FB,47510,0.286
296,2023-08-24,15,1,QB,4555,0.329
297,2023-08-24,22,7,QB,35604,0.146
298,2023-08-25,23,8,HB,12535,0.181
299,2023-08-25,19,4,FB,13649,0.324
300,2023-08-25,23,3,QB,17466,0.308
301,2023-08-25,21,8,HB,6787,0.163
302,2023-08-25,14,6,QB,36070,0.339
303,2023-08-25,14,7,QB,2122,0.127
304,2023-08-25,10,8,FB,9812,0.189
305,2023-08-26,9,8,QB,19281,0.172
306,2023-08-26,22,5,QB,138054,0.348
307,2023-08-26,14,1,QB,41039,0.333
308,2023-08-26,16,5,QB,20352,0.291
309,2023-08-27,12,4,HB,7612,0.324
310,2023-08-27,21,1,HB,8081,0.308
311,2023-08-28,8,2,FB,32863,0.342
312,2023-08-28,9,3,HB,921,0.351
313,2023-08-29,19,3,HB,1442,0.349
314,2023-08-29,16,1,QB,2337,0.309
315,2023-08-29,6,8,HB,1556,0.194
316,2023-08-29,4,6,EB,19795,0.301
317,2023-08-30,11,4,HB,4044,0.298
318,2023-09-01,3,7,EB,66553,0.163
319,2023-09-01,11,8,HB,2820,0.168
320,2023-09-02,24,8,FB,2128,0.171
321,2023-09-02,10,4,QB,16754,0.331
322,2023-09-03,10,5,EB,146455,0.266
323,2023-09-03,14,1,HB,12037,0.312
324,2023-09-03,1,4,QB,20636,0.311
325,2023-09-03,25,8,QB,10665,0.172
326,2023-09-03,7,6,EB,18243,0.357
327,2023-09-04,20,6,QB,37084,0.311
328,2023-09-04,25,8,FB,19483,0.185
329,2023-09-04,28,5,QB,862,0.325
330,2023-09-04,10,5,QB,138967,0.301
331,2023-09-04,28,1,QB,2590,0.306
332,2023-09-04,17,7,HB,10345,0.132
333,2023-09-05,13,8,HB,4189,0.168
334,2023-09-05,14,5,QB,107613,0.299
335,2023-09-05,19,1,HB,3696,0.314
336,2023-09-05,13,2,HB,26019,0.322
337,2023-09-06,20,1,QB,48927,0.302
338,2023-09-07,9,6,HB,1727,0.258
339,2023-09-08,10,4,QB,6902,0.346
340,2023-09-08,7,4,QB,15732,0.315
341,2023-09-08,8,8,QB,18493,0.174
342,2023-09-08,28,3,EB,24288,0.353
343,2023-09-08,15,3,FB,81587,0.299
344,2023-09-08,3,1,HB,15337,0.31
345,2023-09-08,27,7,EB,5946,0.145
346,2023-09-09,9,4,HB,11940,0.35
347,2023-09-10,6,7,QB,21665,0.136
348,2023-09-10,28,3,HB,60940,0.366
349,2023-09-10,21,7,FB,24523,0.127
350,2023-09-10,14,6,HB,13863,0.343
351,2023-09-11,3,8,EB,5924,0.169
352,2023-09-11,8,2,HB,10214,0.316
353,2023-09-11,6,8,QB,19789,0.166
354,2023-09-12,10,3,QB,10797,0.321
355,2023-09-12,25,6,QB,21117,0.299
356,2023-09-12,25,3,HB,1195,0.328
357,2023-09-12,2,8,QB,6239,0.196
358,2023-09-13,10,6,HB,2187,0.358
359,2023-09-13,23,4,QB,20960,0.335
360,2023-09-14,23,2,QB,414,0.299
361,2023-09-14,24,7,FB,108883,0.129
362,2023-09-14,4,3,QB,61118,0.307
363,2023-09-15,23,2,QB,48493,0.327
364,2023-09-15,14,7,QB,166932,0.134
365,2023-09-16,19,1,HB,359,0.3
366,2023-09-16,5,8,QB,41303,0.181
367,2023-09-16,27,3,EB,5846,0.357
368,2023-09-16,26,5,QB,49395,0.322
369,2023-09-17,20,2,EB,18269,0.333
370,2023-09-17,18,2,QB,59671,0.317
371,2023-09-17,8,3,QB,84105,0.288
372,2023-09-17,26,8,QB,19507,0.208
373,2023-09-17,11,6,FB,5454,0.306
374,2023-09-18,9,8,QB,14731,0.204
375,2023-09-18,9,3,QB,11560,0.305
376,2023-09-18,19,1,HB,26492,0.318
377,2023-09-18,21,6,QB,2796,0.299
378,2023-09-18,6,6,EB,7232,0.343
379,2023-09-18,20,2,HB,49794,0.31
380,2023-09-19,27,7,HB,62887,0.132
381,2023-09-19,2,7,EB,161342,0.147
382,2023-09-19,2,5,QB,88174,0.323
383,2023-09-19,21,4,QB,22098,0.306
384,2023-09-20,13,1,EB,19826,0.321
385,2023-09-20,28,8,EB,12458,0.162
386,2023-09-20,19,5,EB,57727,0.299
387,2023-09-21,28,2,QB,44910,0.309
388,2023-09-21,27,6,HB,7804,0.34
389,2023-09-21,5,6,HB,3417,0.315
390,2023-09-21,13,8,EB,9169,0.196
391,2023-09-21,26,5,HB,142426,0.363
392,2023-09-22,1,1,EB,7851,0.383
393,2023-09-22,28,5,QB,109727,0.299
394,2023-09-22,22,4,QB,28098,0.326
395,2023-09-22,2,1,FB,10788,0.368
396,2023-09-23,24,1,HB,6040,0.282
397,2023-09-23,18,1,HB,2363,0.321
398,2023-09-24,19,3,EB,4840,0.316
399,2023-09-24,9,2,FB,22289,0.317
400,2023-09-24,15,8,HB,24084,0.175
401,2023-09-24,24,6,QB,25109,0.35
402,2023-09-24,21,6,HB,11631,0.292
403,2023-09-24,16,5,HB,110500,0.314
404,2023-09-24,17,2,FB,5007,0.34
405,2023-09-24,26,7,QB,104417,0.16
406,2023-09-25,10,7,HB,7235,0.143
407,2023-09-25,10,4,QB,14581,0.336
408,2023-09-25,21,1,FB,17402,0.295
409,2023-09-25,1,6,QB,87824,0.308
410,2023-09-25,8,2,FB,8227,0.364
411,2023-09-25,17,6,HB,12150,0.335
412,2023-09-26,27,3,QB,17381,0.325
413,2023-09-26,14,6,QB,6639,0.31
414,2023-09-28,7,6,HB,7498,0.315
415,2023-09-28,21,6,FB,14106,0.317
416,2023-09-28,7,7,QB,69906,0.14
417,2023-09-28,15,1,EB,11794,0.333
418,2023-09-28,26,8,HB,9424,0.18
419,2023-09-28,11,4,HB,3766,0.299
420,2023-09-28,9,2,EB,658,0.328
421,2023-09-28,9,8,HB,30519,0.199
422,2023-09-28,3,1,HB,41868,0.354
423,2023-09-29,7,1,HB,3926,0.301
424,2023-09-29,7,1,QB,13202,0.309
425,2023-09-29,8,2,QB,377,0.334
426,2023-09-29,13,4,HB,18929,0.343
427,2023-09-29,19,6,HB,1272,0.346
428,2023-09-30,19,4,HB,3251,0.387
429,2023-09-30,24,5,HB,143407,0.32
430,2023-09-30,5,8,QB,4714,0.157
431,2023-09-30,10,6,EB,12502,0.343
432,2023-10-01,6,2,FB,48371,0.309
433,2023-10-01,12,7,QB,2991,0.133
434,2023-10-02,4,2,HB,11551,0.376
435,2023-10-03,19,5,QB,36098,0.311
436,2023-10-03,28,6,EB,2981,0.302
437,2023-10-03,2,3,QB,23318,0.292
438,2023-10-04,20,7,HB,27024,0.146
439,2023-10-04,24,5,EB,50067,0.328
440,2023-10-04,2,6,FB,52626,0.325
441,2023-10-04,8,2,EB,17496,0.31
442,2023-10-05,5,6,QB,9033,0.331
443,2023-10-05,6,6,HB,11839,0.3
444,2023-10-05,7,2,EB,15824,0.346
445,2023-10-05,8,7,FB,21615,0.142
446,2023-10-05,10,8,FB,89125,0.182
447,2023-10-05,27,4,HB,7559,0.274
448,2023-10-05,18,1,QB,551,0.289
449,2023-10-05,10,2,HB,2294,0.316
450,2023-10-05,22,4,QB,28564,0.282
451,2023-10-06,17,2,QB,1330,0.339
452,2023-10-06,5,4,QB,18893,0.327
453,2023-10-06,27,1,QB,1653,0.317
454,2023-10-06,10,8,QB,11901,0.177
455,2023-10-07,23,8,QB,13333,0.169
456,2023-10-07,3,6,HB,6511,0.306
457,2023-10-08,5,5,QB,69917,0.304
458,2023-10-08,14,1,EB,9626,0.295
459,2023-10-08,13,7,EB,1945,0.121
460,2023-10-08,21,8,QB,2434,0.19
461,2023-10-09,18,7,HB,76432,0.146
462,2023-10-09,1,6,QB,26738,0.3
463,2023-10-09,22,3,EB,122088,0.301
464,2023-10-09,9,1,QB,18191,0.321
465,2023-10-10,23,4,HB,1944,0.326
466,2023-10-10,26,4,FB,13259,0.311
467,2023-10-11,27,5,EB,565989,0.327
468,2023-10-11,24,7,QB,176121,0.135
469,2023-10-11,9,1,FB,13018,0.272
470,2023-10-11,12,8,FB,23166,0.184
471,2023-10-11,27,4,HB,53359,0.323
472,2023-10-11,11,2,FB,2900,0.321
473,2023-10-11,22,6,QB,4484,0.298
474,2023-10-12,28,3,HB,48760,0.296
475,2023-10-12,23,1,QB,2395,0.307
476,2023-10-12,18,2,HB,1037,0.325
477,2023-10-12,16,3,EB,59743,0.334
478,2023-10-13,9,4,EB,123,0.343
479,2023-10-13,22,8,HB,1642,0.21
480,2023-10-13,2,7,HB,46985,0.143
481,2023-10-13,6,6,HB,6976,0.374
482,2023-10-13,13,6,QB,23417,0.34
483,2023-10-13,9,6,FB,8801,0.29
484,2023-10-13,21,2,HB,2793,0.348
485,2023-10-14,3,1,HB,14886,0.34
486,2023-10-14,14,1,QB,12870,0.331
487,2023-10-14,25,1,HB,682,0.356
488,2023-10-14,14,7,HB,14431,0.142
489,2023-10-14,26,1,EB,725,0.33
490,2023-10-14,24,5,HB,71146,0.327
491,2023-10-15,6,6,FB,41633,0.316
492,2023-10-15,6,8,HB,1309,0.177
493,2023-10-16,3,6,QB,3027,0.31
494,2023-10-16,19,7,EB,124478,0.142
495,2023-10-16,26,5,EB,144862,0.317
496,2023-10-16,2,6,QB,11355,0.314
497,2023-10-16,27,4,EB,8877,0.281
498,2023-10-17,25,2,HB,395,0.302
499,2023-10-17,3,1,HB,43351,0.317
500,2023-10-17,22,5,QB,136052,0.311
501,2023-10-17,1,4,FB,834,0.35
502,2023-10-18,13,6,EB,6269,0.339
503,2023-10-18,10,7,QB,30217,0.133
504,2023-10-18,17,7,QB,69530,0.136
505,2023-10-18,1,2,HB,2190,0.335
506,2023-10-19,28,5,HB,9902,0.347
507,2023-10-19,13,2,EB,45875,0.311
508,2023-10-19,19,1,QB,3761,0.302
509,2023-10-20,26,8,QB,23756,0.179
510,2023-10-21,11,8,HB,11899,0.155
511,2023-10-21,12,8,FB,1391,0.202
512,2023-10-21,7,8,FB,17422,0.183
513,2023-10-21,3,1,HB,20707,0.34
514,2023-10-21,17,2,FB,37454,0.312
515,2023-10-21,28,1,QB,4039,0.282
516,2023-10-21,25,3,FB,18818,0.282
517,2023-10-21,18,3,FB,5540,0.332
518,2023-10-22,6,8,QB,8164,0.142
519,2023-10-22,6,8,QB,3705,0.202
520,2023-10-23,15,3,QB,19297,0.265
521,2023-10-23,19,6,QB,19269,0.308
522,2023-10-23,24,2,QB,515,0.315
523,2023-10-23,3,3,HB,3163,0.343
524,2023-10-24,8,3,EB,38679,0.318
525,2023-10-24,13,3,HB,3590,0.316
526,2023-10-24,2,8,HB,3860,0.175
527,2023-10-24,3,2,HB,18384,0.281
528,2023-10-24,17,2,QB,6462,0.337
529,2023-10-24,12,6,QB,19115,0.301
530,2023-10-25,12,7,HB,161251,0.149
531,2023-10-25,3,6,QB,9539,0.342
532,2023-10-25,27,1,QB,2194,0.324
533,2023-10-25,1,7,EB,111093,0.133
534,2023-10-25,9,2,QB,31463,0.304
535,2023-10-26,24,7,EB,18168,0.143
536,2023-10-26,13,4,EB,26128,0.291
537,2023-10-26,21,2,HB,24111,0.289
538,2023-10-26,23,8,QB,7643,0.182
539,2023-10-27,11,7,HB,21097,0.137
540,2023-10-27,21,1,HB,4743,0.312
541,2023-10-27,9,4,QB,16501,0.36
542,2023-10-27,19,1,EB,10345,0.303
543,2023-10-28,7,3,QB,437,0.311
544,2023-10-28,4,8,QB,34087,0.174
545,2023-10-28,1,8,EB,7630,0.169
546,2023-10-28,20,8,FB,5752,0.188
547,2023-10-28,28,4,HB,8671,0.326
548,2023-10-29,12,2,EB,9136,0.291
549,2023-10-30,4,1,FB,641,0.313
550,2023-10-30,25,8,QB,34,0.149
551,2023-10-30,21,3,EB,47431,0.316
552,2023-10-30,21,2,QB,9682,0.301
553,2023-10-31,22,1,EB,21142,0.343
554,2023-10-31,28,6,QB,11473,0.305
555,2023-10-31,28,5,EB,52542,0.333
556,2023-10-31,17,6,QB,26538,0.294
557,2023-10-31,5,8,QB,2388,0.171
558,2023-11-01,13,4,EB,37810,0.344
559,2023-11-02,2,3,QB,20335,0.347
560,2023-11-02,20,4,FB,10419,0.332
561,2023-11-02,2,1,QB,2453,0.333
562,2023-11-03,18,1,QB,30400,0.316
563,2023-11-03,20,2,QB,14630,0.354
564,2023-11-03,11,7,HB,25502,0.143
565,2023-11-04,17,4,HB,12689,0.332
566,2023-11-04,6,4,FB,45558,0.325
567,2023-11-04,28,6,FB,33678,0.299
568,2023-11-04,23,1,FB,755,0.324
569,2023-11-04,13,1,HB,3466,0.321
570,2023-11-04,23,2,EB,11447,0.315
571,2023-11-04,8,3,FB,19114,0.344
572,2023-11-04,11,7,HB,19450,0.118
573,2023-11-05,22,3,QB,6856,0.351
574,2023-11-05,9,8,HB,6159,0.165
575,2023-11-05,2,1,HB,6167,0.372
576,2023-11-05,16,2,FB,24072,0.301
577,2023-11-05,14,8,EB,12370,0.185
578,2023-11-06,25,7,HB,3549,0.156
579,2023-11-06,27,5,FB,138110,0.33
580,2023-11-07,2,5,HB,43752,0.304
581,2023-11-07,24,5,QB,67704,0.322
582,2023-11-07,6,7,QB,10086,0.133
583,2023-11-08,13,8,HB,1669,0.191
584,2023-11-08,28,7,QB,75400,0.137
585,2023-11-09,28,1,QB,2720,0.331
586,2023-11-09,9,8,FB,54099,0.173
587,2023-11-09,24,5,EB,48545,0.331
588,2023-11-09,27,7,QB,53347,0.138
589,2023-11-10,4,6,EB,36304,0.338
590,2023-11-10,10,6,QB,30330,0.337
591,2023-11-10,4,7,EB,34990,0.124
592,2023-11-10,27,2,FB,51033,0.374
593,2023-11-10,23,1,HB,2093,0.317
594,2023-11-11,15,1,HB,653,0.33
595,2023-11-11,4,2,QB,747,0.338
596,2023-11-11,18,4,FB,1766,0.306
597,2023-11-11,8,1,QB,1458,0.293
598,2023-11-11,2,7,QB,107191,0.135
599,2023-11-11,4,1,EB,7553,0.321
600,2023-11-12,6,1,HB,27469,0.286
601,2023-11-13,27,6,QB,107996,0.283
602,2023-11-13,28,6,QB,9305,0.357
603,2023-11-13,21,7,HB,107015,0.149
604,2023-11-13,9,4,HB,8343,0.337
605,2023-11-14,4,6,QB,39500,0.322
606,2023-11-15,6,4,HB,5696,0.347
607,2023-11-15,13,2,HB,3101,0.323
608,2023-11-16,12,1,EB,45600,0.33
609,2023-11-16,23,4,QB,2521,0.34
610,2023-11-16,4,8,QB,34311,0.16
611,2023-11-16,1,4,HB,2396,0.369
612,2023-11-17,22,8,FB,36861,0.205
613,2023-11-18,4,7,QB,2268,0.144
614,2023-11-18,28,7,FB,705,0.134
615,2023-11-18,18,6,QB,12088,0.291
616,2023-11-18,13,3,HB,2181,0.341
617,2023-11-18,3,2,EB,28569,0.272
618,2023-11-19,24,2,QB,26136,0.361
619,2023-11-19,20,3,HB,57061,0.294
620,2023-11-19,5,1,HB,31606,0.328
621,2023-11-19,10,7,EB,11505,0.154
622,2023-11-20,23,2,EB,30598,0.303
623,2023-11-20,20,5,HB,48260,0.325
624,2023-11-20,26,2,EB,12714,0.339
625,2023-11-20,13,2,HB,24296,0.346
626,2023-11-21,24,3,HB,26425,0.316
627,2023-11-21,25,3,HB,6766,0.308
628,2023-11-21,4,3,EB,20892,0.305
629,2023-11-21,19,4,QB,15640,0.379
630,2023-11-21,22,6,EB,490,0.295
631,2023-11-22,11,1,QB,2488,0.316
632,2023-11-22,14,1,FB,6356,0.299
633,2023-11-22,6,1,HB,572,0.32
634,2023-11-22,16,3,EB,83514,0.332
635,2023-11-22,17,8,HB,16873,0.146
636,2023-11-22,14,5,QB,115947,0.342
637,2023-11-22,21,8,QB,43136,0.182
638,2023-11-23,26,7,QB,247060,0.121
639,2023-11-23,22,8,QB,12261,0.195
640,2023-11-23,23,8,HB,28403,0.165
641,2023-11-23,4,5,EB,51985,0.338
642,2023-11-23,6,4,EB,3973,0.333
643,2023-11-24,6,7,QB,49096,0.142
644,2023-11-24,4,2,HB,22834,0.314
645,2023-11-24,12,4,HB,7558,0.326
646,2023-11-24,22,4,QB,2197,0.303
647,2023-11-25,9,3,FB,6085,0.337
648,2023-11-25,17,5,HB,182862,0.299
649,2023-11-26,10,5,HB,61903,0.359
650,2023-11-26,21,2,HB,7492,0.289
651,2023-11-27,26,4,QB,12561,0.309
652,2023-11-27,23,4,HB,19253,0.352
653,2023-11-27,1,1,EB,13217,0.373
654,2023-11-27,20,5,HB,8454,0.304
655,2023-11-27,8,3,QB,15560,0.356
656,2023-11-27,1,6,FB,10022,0.375
657,2023-11-27,12,1,QB,4372,0.321
658,2023-11-27,26,1,QB,4875,0.337
659,2023-11-27,3,6,EB,10185,0.327
660,2023-11-27,17,7,EB,46912,0.151
661,2023-11-28,13,1,FB,14772,0.331
662,2023-11-28,3,5,HB,40186,0.303
663,2023-11-29,26,7,FB,1324,0.14
664,2023-11-29,23,2,QB,25864,0.31
665,2023-11-29,28,3,QB,11902,0.301
666,2023-11-29,1,8,HB,167,0.169
667,2023-11-30,23,3,QB,49205,0.299
668,2023-11-30,25,5,FB,157548,0.316
669,2023-11-30,23,4,EB,1312,0.322
670,2023-11-30,5,3,QB,2113,0.308
671,2023-12-01,8,3,QB,9972,0.326
672,2023-12-01,27,7,HB,23953,0.147
673,2023-12-01,28,7,HB,56286,0.139
674,2023-12-01,1,2,HB,5526,0.306
675,2023-12-01,8,5,HB,998,0.323
676,2023-12-02,24,7,HB,60275,0.124
677,2023-12-02,17,7,HB,99964,0.122
678,2023-12-02,22,1,QB,16969,0.286
679,2023-12-02,3,4,QB,4678,0.35
680,2023-12-02,19,4,QB,7059,0.328
681,2023-12-03,6,2,QB,549,0.334
682,2023-12-03,16,3,QB,70129,0.335
683,2023-12-03,9,1,EB,10403,0.315
684,2023-12-04,1,7,EB,7950,0.135
685,2023-12-05,7,1,FB,10700,0.295
686,2023-12-05,27,6,QB,8712,0.325
687,2023-12-06,22,4,QB,2610,0.288
688,2023-12-06,22,3,QB,1137,0.31
689,2023-12-06,4,5,QB,86157,0.31
690,2023-12-07,20,4,EB,6539,0.328
691,2023-12-07,26,1,EB,1545,0.337
692,2023-12-07,21,6,EB,8735,0.337
693,2023-12-08,5,4,EB,342,0.327
694,2023-12-08,16,1,HB,6569,0.308
695,2023-12-08,10,7,HB,93453,0.131
696,2023-12-08,15,4,HB,16509,0.315
697,2023-12-08,19,4,QB,5666,0.311
698,2023-12-08,4,8,QB,32874,0.207
699,2023-12-08,22,6,QB,1507,0.33
700,2023-12-10,19,3,HB,76724,0.365
701,2023-12-10,23,5,EB,19302,0.317
702,2023-12-10,5,5,HB,13872,0.274
703,2023-12-11,11,7,QB,56315,0.156
704,2023-12-11,4,4,FB,1483,0.328
705,2023-12-11,18,3,QB,75720,0.3
706,2023-12-11,21,8,QB,15047,0.157
707,2023-12-11,10,2,HB,858,0.327
708,2023-12-11,15,3,HB,27041,0.324
709,2023-12-12,16,5,QB,51946,0.311
710,2023-12-12,4,2,EB,6994,0.361
711,2023-12-12,5,8,FB,2290,0.196
712,2023-12-12,23,2,HB,21848,0.327
713,2023-12-13,9,5,EB,200022,0.32
714,2023-12-13,22,2,HB,15453,0.288
715,2023-12-13,21,2,QB,31333,0.281
716,2023-12-13,3,6,HB,12998,0.327
717,2023-12-14,1,8,FB,16453,0.185
718,2023-12-15,22,1,HB,17190,0.335
719,2023-12-15,16,4,EB,10177,0.34
720,2023-12-15,13,6,EB,16141,0.338
721,2023-12-15,21,6,FB,16390,0.289
722,2023-12-15,19,5,EB,28319,0.292
723,2023-12-15,27,2,QB,5639,0.342
724,2023-12-16,26,3,QB,72678,0.31
725,2023-12-16,9,1,QB,3819,0.33
726,2023-12-17,26,1,QB,2920,0.312
727,2023-12-17,28,1,QB,25157,0.301
728,2023-12-17,22,6,QB,28294,0.355
729,2023-12-17,20,6,HB,26721,0.363
730,2023-12-17,1,1,QB,1588,0.294
731,2023-12-17,23,5,QB,2367,0.335
732,2023-12-17,8,4,HB,24758,0.339
733,2023-12-17,2,8,HB,81402,0.168
734,2023-12-18,7,6,EB,42566,0.357
735,2023-12-18,12,4,FB,16426,0.353
736,2023-12-18,13,5,HB,113674,0.285
737,2023-12-18,3,1,QB,16165,0.298
738,2023-12-18,18,4,HB,2913,0.318
739,2023-12-18,21,7,QB,37323,0.138
740,2023-12-19,9,1,HB,5015,0.33
741,2023-12-19,2,2,FB,5549,0.361
742,2023-12-19,8,7,EB,213331,0.148
743,2023-12-19,11,1,FB,52561,0.352
744,2023-12-19,6,7,FB,12375,0.147
745,2023-12-20,18,8,QB,33131,0.183
746,2023-12-20,9,4,EB,5609,0.345
747,2023-12-20,6,4,EB,17726,0.287
748,2023-12-22,9,4,FB,1621,0.308
749,2023-12-22,17,6,QB,24674,0.342
750,2023-12-22,27,3,QB,1319,0.318
751,2023-12-22,25,5,QB,26514,0.298
752,2023-12-22,2,1,HB,26170,0.334
753,2023-12-22,11,3,FB,36472,0.314
754,2023-12-23,15,2,QB,21054,0.288
755,2023-12-23,18,8,EB,21373,0.176
756,2023-12-23,13,7,FB,15526,0.151
757,2023-12-23,26,8,QB,4199,0.178
758,2023-12-23,24,5,HB,481735,0.329
759,2023-12-23,16,8,HB,25629,0.162
760,2023-12-24,22,7,FB,72693,0.133
761,2023-12-24,6,3,FB,12945,0.306
762,2023-12-24,22,6,HB,20626,0.285
763,2023-12-24,10,8,HB,1508,0.163
764,2023-12-25,16,8,HB,3854,0.189
765,2023-12-25,21,4,QB,3075,0.324
766,2023-12-25,23,6,QB,19476,0.315
767,2023-12-25,20,8,QB,6694,0.182
768,2023-12-26,17,7,HB,9203,0.146
769,2023-12-26,6,7,EB,53134,0.144
770,2023-12-26,12,2,QB,14505,0.33
771,2023-12-26,17,7,HB,4994,0.133
772,2023-12-26,3,2,HB,518,0.302
773,2023-12-26,28,7,EB,23765,0.152
774,2023-12-26,28,2,FB,7081,0.277
775,2023-12-27,26,6,HB,8644,0.326
776,2023-12-27,6,6,HB,1593,0.306
777,2023-12-27,7,2,QB,53578,0.337
778,2023-12-28,3,1,QB,2240,0.357
779,2023-12-28,16,1,FB,3425,0.346
780,2023-12-28,6,2,QB,5094,0.324
781,2023-12-29,11,1,FB,4568,0.319
782,2023-12-29,8,4,FB,33887,0.362
783,2023-12-29,5,3,EB,13056,0.362
784,2023-12-29,21,1,FB,12346,0.322
785,2023-12-30,13,6,QB,32617,0.298
786,2023-12-30,18,6,QB,6243,0.359
787,2023-12-30,26,2,HB,5455,0.318
788,2023-12-30,27,6,FB,14070,0.287
789,2023-12-30,20,8,FB,13988,0.153
790,2023-12-30,22,5,HB,20724,0.335
791,2023-12-30,5,2,QB,8519,0.367
792,2023-12-30,14,4,HB,7006,0.329
793,2023-12-30,15,4,QB,3783,0.322
794,2023-12-30,27,2,EB,11089,0.329
795,2023-12-30,5,6,HB,6517,0.292
796,2023-12-31,12,6,QB,14523,0.351
797,2023-12-31,7,2,QB,3115,0.296
798,2023-12-31,24,4,HB,7831,0.297
799,2023-12-31,28,2,HB,33789,0.307
800,2023-12-31,13,3,HB,9255,0.347
801,2024-01-01,5,4,EB,33962,0.314
802,2024-01-01,26,6,HB,27064,0.338
803,2024-01-01,24,7,QB,9067,0.116
804,2024-01-02,13,4,HB,7174,0.297
805,2024-01-02,9,1,FB,6724,0.302
806,2024-01-03,8,8,HB,48065,0.185
807,2024-01-03,23,5,HB,199037,0.246
808,2024-01-04,18,5,FB,109259,0.275
809,2024-01-05,12,6,QB,24103,0.338
810,2024-01-05,13,7,QB,316622,0.139
811,2024-01-05,27,7,FB,132163,0.143
812,2024-01-06,2,8,QB,36409,0.165
813,2024-01-07,9,6,QB,1220,0.331
814,2024-01-07,26,5,HB,31450,0.294
815,2024-01-09,15,3,QB,68675,0.328
816,2024-01-09,17,4,HB,44971,0.285
817,2024-01-10,2,6,HB,12828,0.338
818,2024-01-10,1,6,QB,53637,0.337
819,2024-01-10,12,1,QB,8264,0.292
820,2024-01-10,16,3,HB,2877,0.338
821,2024-01-11,23,4,QB,6727,0.305
822,2024-01-11,8,8,EB,5368,0.179
823,2024-01-12,11,6,HB,35838,0.334
824,2024-01-12,5,8,QB,16902,0.166
825,2024-01-12,9,6,EB,26286,0.329
826,2024-01-13,18,2,EB,10126,0.364
827,2024-01-13,13,7,QB,107073,0.139
828,2024-01-13,2,3,QB,34622,0.367
829,2024-01-13,19,8,QB,10169,0.185
830,2024-01-13,7,3,HB,89191,0.313
831,2024-01-14,15,5,HB,49246,0.31
832,2024-01-14,16,8,EB,35440,0.144
833,2024-01-14,2,4,HB,12068,0.358
834,2024-01-14,6,3,QB,2705,0.3
835,2024-01-14,4,7,HB,10859,0.138
836,2024-01-15,22,1,EB,75176,0.326
837,2024-01-15,16,2,HB,4746,0.308
838,2024-01-15,14,6,HB,20174,0.317
839,2024-01-16,25,5,HB,59225,0.29
840,2024-01-16,2,6,QB,4469,0.32
841,2024-01-17,6,7,QB,126842,0.128
842,2024-01-17,3,8,QB,47176,0.163
843,2024-01-18,12,4,FB,731,0.295
844,2024-01-18,11,4,HB,8690,0.315
845,2024-01-19,4,4,HB,14174,0.348
846,2024-01-19,3,7,HB,344910,0.136
847,2024-01-19,24,6,QB,5220,0.336
848,2024-01-19,28,6,QB,157194,0.33
849,2024-01-20,23,4,FB,5275,0.315
850,2024-01-20,23,5,HB,156508,0.328
851,2024-01-20,11,8,HB,94325,0.165
852,2024-01-20,13,8,QB,10369,0.166
853,2024-01-21,17,5,HB,255304,0.312
854,2024-01-21,3,6,QB,14118,0.31
855,2024-01-21,8,7,HB,102125,0.147
856,2024-01-22,11,8,HB,23029,0.21
857,2024-01-22,13,6,QB,3829,0.319
858,2024-01-22,20,8,QB,35100,0.188
859,2024-01-22,13,5,HB,821,0.304
860,2024-01-22,11,4,QB,15522,0.314
861,2024-01-22,8,2,QB,135028,0.334
862,2024-01-23,13,7,EB,86278,0.104
863,2024-01-23,7,2,HB,107398,0.333
864,2024-01-23,20,4,HB,10293,0.353
865,2024-01-24,4,3,HB,15810,0.281
866,2024-01-25,10,6,HB,1591,0.29
867,2024-01-25,7,3,HB,169123,0.326
868,2024-01-25,28,6,QB,1046,0.379
869,2024-01-25,23,1,FB,38346,0.339
870,2024-01-26,17,2,HB,3174,0.336
871,2024-01-26,12,8,FB,2027,0.2
872,2024-01-26,8,6,FB,2937,0.288
873,2024-01-26,10,4,FB,13163,0.308
874,2024-01-26,6,2,QB,10286,0.303
875,2024-01-27,20,2,HB,48639,0.324
876,2024-01-27,20,6,QB,36655,0.336
877,2024-01-27,20,5,HB,37263,0.354
878,2024-01-27,5,3,FB,70977,0.289
879,2024-01-28,23,4,HB,33909,0.344
880,2024-01-28,27,2,QB,94279,0.298
881,2024-01-28,6,3,QB,23128,0.301
882,2024-01-28,17,6,EB,71386,0.382
883,2024-01-28,19,1,QB,25035,0.335
884,2024-01-28,5,1,FB,7380,0.359
885,2024-01-29,8,5,EB,171845,0.317
886,2024-01-30,16,3,QB,62738,0.31
887,2024-01-30,4,6,EB,14509,0.339
888,2024-01-30,22,1,HB,8884,0.288
889,2024-01-30,15,5,EB,383669,0.297
890,2024-01-31,3,4,QB,32633,0.346
891,2024-01-31,14,6,FB,4043,0.374
892,2024-01-31,12,1,FB,129392,0.327
893,2024-01-31,15,5,QB,71260,0.344
894,2024-01-31,8,5,FB,1273,0.29
895,2024-01-31,24,8,FB,13724,0.183
896,2024-02-01,14,3,EB,12007,0.374
897,2024-02-01,27,7,QB,216576,0.149
898,2024-02-01,12,4,HB,62450,0.321
899,2024-02-01,16,5,HB,31160,0.299
900,2024-02-01,12,7,HB,30080,0.146
901,2024-02-02,17,8,HB,61636,0.185
902,2024-02-02,25,5,HB,136588,0.313
903,2024-02-02,23,2,HB,6452,0.271
904,2024-02-02,17,5,EB,63608,0.344
905,2024-02-03,3,5,FB,13431,0.297
906,2024-02-03,17,4,EB,6599,0.261
907,2024-02-03,24,7,QB,87517,0.132
908,2024-02-03,25,6,HB,7469,0.331
909,2024-02-03,22,1,HB,7456,0.32
910,2024-02-04,26,3,FB,14985,0.311
911,2024-02-04,11,1,EB,5396,0.297
912,2024-02-05,13,3,QB,68049,0.311
913,2024-02-07,24,1,EB,861,0.336
914,2024-02-07,7,3,HB,88013,0.307
915,2024-02-07,27,7,HB,85664,0.135
916,2024-02-07,24,6,FB,9884,0.293
917,2024-02-07,5,2,HB,23551,0.334
918,2024-02-07,16,3,EB,10237,0.319
919,2024-02-07,20,1,HB,17735,0.262
920,2024-02-07,2,6,QB,12932,0.325
921,2024-02-08,2,5,HB,25464,0.29
922,2024-02-08,20,5,HB,46356,0.279
923,2024-02-08,9,5,QB,8206,0.287
924,2024-02-08,22,7,EB,11844,0.145
925,2024-02-09,26,2,HB,2023,0.38
926,2024-02-09,26,5,FB,49278,0.285
927,2024-02-10,13,6,QB,52696,0.334
928,2024-02-10,13,1,FB,46256,0.315
929,2024-02-11,9,6,FB,11804,0.358
930,2024-02-11,22,1,QB,23693,0.303
931,2024-02-11,18,5,HB,121717,0.335
932,2024-02-11,26,7,HB,26893,0.136
933,2024-02-11,17,7,QB,155542,0.128
934,2024-02-12,7,2,QB,12607,0.295
935,2024-02-12,4,2,HB,50410,0.346
936,2024-02-12,20,2,FB,15286,0.342
937,2024-02-12,9,2,EB,5408,0.353
938,2024-02-13,3,4,HB,6076,0.323
939,2024-02-13,1,5,HB,25252,0.312
940,2024-02-13,2,4,QB,1803,0.306
941,2024-02-13,3,8,QB,36022,0.188
942,2024-02-13,24,4,HB,2552,0.333
943,2024-02-13,19,3,FB,34163,0.323
944,2024-02-14,27,2,HB,58661,0.333
945,2024-02-14,28,4,HB,4822,0.357
946,2024-02-14,21,6,EB,26051,0.336
947,2024-02-15,18,4,HB,10018,0.312
948,2024-02-15,6,8,HB,14830,0.174
949,2024-02-15,15,6,EB,42555,0.332
950,2024-02-15,14,8,HB,8415,0.165
951,2024-02-15,27,3,HB,10697,0.307
952,2024-02-15,3,3,FB,28387,0.306
953,2024-02-15,17,6,FB,32519,0.355
954,2024-02-16,8,7,EB,108008,0.148
955,2024-02-16,13,5,HB,64702,0.315
956,2024-02-16,28,4,EB,1095,0.308
957,2024-02-16,25,4,FB,1101,0.323
958,2024-02-17,16,5,FB,9938,0.31
959,2024-02-17,20,6,HB,34722,0.347
960,2024-02-17,22,1,FB,26555,0.289
961,2024-02-18,26,6,QB,39236,0.339
962,2024-02-18,13,4,HB,1860,0.324
963,2024-02-18,9,1,HB,9199,0.325
964,2024-02-19,22,6,HB,611,0.34
965,2024-02-19,25,1,QB,20582,0.302
966,2024-02-19,23,6,FB,4559,0.352
967,2024-02-19,19,4,QB,15801,0.316
968,2024-02-19,25,4,QB,3867,0.357
969,2024-02-19,6,7,FB,146097,0.138
970,2024-02-19,8,2,QB,2234,0.279
971,2024-02-19,3,6,HB,54117,0.353
972,2024-02-20,22,6,FB,12314,0.299
973,2024-02-20,28,4,QB,2108,0.33
974,2024-02-20,19,4,HB,25301,0.308
975,2024-02-20,9,8,FB,90920,0.181
976,2024-02-20,16,1,FB,19275,0.302
977,2024-02-21,23,5,HB,51796,0.372
978,2024-02-21,4,2,QB,62419,0.303
979,2024-02-21,21,1,QB,34764,0.35
980,2024-02-21,8,5,FB,274346,0.304
981,2024-02-22,27,1,QB,33652,0.345
982,2024-02-22,17,8,HB,19719,0.185
983,2024-02-22,15,8,HB,62107,0.184
984,2024-02-23,6,3,QB,10850,0.259
985,2024-02-23,2,4,QB,11088,0.37
986,2024-02-24,20,5,QB,36692,0.339
987,2024-02-25,19,5,QB,38020,0.325
988,2024-02-25,15,1,HB,5893,0.347
989,2024-02-25,16,5,HB,10125,0.343
990,2024-02-26,23,5,HB,171413,0.296
991,2024-02-26,23,6,QB,69380,0.362
992,2024-02-26,28,3,HB,30001,0.32
993,2024-02-27,23,3,QB,115114,0.34
994,2024-02-27,26,7,FB,145326,0.128
995,2024-02-27,6,3,HB,6631,0.312
996,2024-02-27,16,2,QB,9242,0.341
997,2024-02-27,4,2,QB,105574,0.276
998,2024-02-27,20,5,QB,28989,0.277
999,2024-02-28,11,2,QB,18388,0.315
1000,2024-02-28,3,6,EB,11106,0.274
1001,2024-02-28,18,4,QB,40779,0.321
1002,2024-02-28,28,4,HB,39993,0.335
1003,2024-02-28,3,3,EB,3441,0.301
1004,2024-02-28,14,1,HB,13973,0.325
1005,2024-02-29,7,8,EB,11766,0.149
1006,2024-02-29,14,8,QB,11749,0.194
1007,2024-03-01,20,7,EB,15170,0.142
1008,2024-03-01,21,4,HB,15980,0.317
1009,2024-03-02,14,5,QB,96040,0.339
1010,2024-03-02,12,8,EB,4656,0.166
1011,2024-03-02,4,6,HB,3990,0.355
1012,2024-03-02,23,2,EB,1569,0.322
1013,2024-03-02,1,7,QB,71360,0.134
1014,2024-03-03,22,8,QB,16713,0.182
1015,2024-03-03,13,5,HB,177803,0.338
1016,2024-03-04,21,5,HB,106811,0.279
1017,2024-03-04,14,5,QB,42108,0.343
1018,2024-03-04,7,1,EB,7998,0.295
1019,2024-03-04,2,1,FB,1136,0.285
1020,2024-03-04,21,8,HB,2214,0.197
1021,2024-03-05,5,5,QB,131665,0.287
1022,2024-03-05,22,1,HB,3248,0.308
1023,2024-03-05,24,4,QB,26781,0.314
1024,2024-03-05,12,7,FB,65327,0.144
1025,2024-03-06,17,2,QB,7650,0.339
1026,2024-03-06,22,1,QB,16225,0.302
1027,2024-03-06,23,2,EB,37952,0.345
1028,2024-03-06,12,6,HB,13677,0.324
1029,2024-03-06,14,3,QB,13211,0.327
1030,2024-03-07,17,6,QB,18397,0.318
1031,2024-03-07,8,6,HB,990,0.305
1032,2024-03-08,12,6,HB,14962,0.267
1033,2024-03-08,7,7,EB,40802,0.129
1034,2024-03-09,10,8,HB,24528,0.162
1035,2024-03-09,4,8,QB,12922,0.155
1036,2024-03-09,1,3,FB,1966,0.293
1037,2024-03-09,4,8,QB,71132,0.194
1038,2024-03-10,28,3,FB,11529,0.344
1039,2024-03-10,2,1,HB,8096,0.32
1040,2024-03-10,26,3,HB,60043,0.286
1041,2024-03-10,2,6,FB,773,0.343
1042,2024-03-10,16,2,HB,6130,0.36
1043,2024-03-10,19,8,HB,6773,0.165
1044,2024-03-11,16,8,QB,5001,0.161
1045,2024-03-12,20,5,QB,47928,0.361
1046,2024-03-12,26,7,QB,28469,0.135
1047,2024-03-12,9,1,FB,20798,0.306
1048,2024-03-12,17,5,EB,5018,0.282
1049,2024-03-13,25,3,QB,26991,0.305
1050,2024-03-13,5,8,EB,4169,0.177
1051,2024-03-13,6,2,HB,46352,0.31
1052,2024-03-13,21,8,HB,21311,0.183
1053,2024-03-14,26,1,QB,4423,0.327
1054,2024-03-14,14,2,EB,4602,0.384
1055,2024-03-15,16,3,QB,5860,0.285
1056,2024-03-16,23,7,HB,204416,0.151
1057,2024-03-16,21,5,FB,21764,0.343
1058,2024-03-16,17,8,EB,2303,0.174
1059,2024-03-16,26,4,HB,3598,0.356
1060,2024-03-16,5,1,HB,60531,0.348
1061,2024-03-18,20,7,HB,31402,0.122
1062,2024-03-18,9,2,QB,5943,0.308
1063,2024-03-18,24,6,HB,23617,0.299
1064,2024-03-18,1,7,FB,32303,0.129
1065,2024-03-18,12,2,FB,39040,0.345
1066,2024-03-18,2,3,HB,76456,0.285
1067,2024-03-18,9,8,FB,6142,0.169
1068,2024-03-18,22,6,QB,55810,0.369
1069,2024-03-18,14,2,HB,18013,0.362
1070,2024-03-18,27,1,FB,13492,0.333
1071,2024-03-18,26,2,FB,10507,0.331
1072,2024-03-18,26,4,HB,42717,0.328
1073,2024-03-18,1,1,QB,22925,0.317
1074,2024-03-19,8,8,EB,8511,0.188
1075,2024-03-19,10,6,QB,4339,0.325
1076,2024-03-19,22,5,QB,131954,0.3
1077,2024-03-19,1,2,QB,13,0.299
1078,2024-03-20,23,4,QB,15658,0.277
1079,2024-03-20,4,4,EB,4560,0.316
1080,2024-03-20,26,6,HB,35590,0.284
1081,2024-03-20,21,8,HB,2804,0.143
1082,2024-03-21,1,2,HB,8172,0.322
1083,2024-03-21,7,3,QB,41028,0.334
1084,2024-03-21,22,2,QB,12001,0.295
1085,2024-03-21,10,6,HB,10425,0.301
1086,2024-03-21,4,3,EB,11205,0.319
1087,2024-03-22,2,7,FB,24836,0.139
1088,2024-03-22,7,1,QB,9134,0.328
1089,2024-03-22,24,8,QB,37975,0.204
1090,2024-03-23,12,7,HB,6241,0.123
1091,2024-03-23,3,4,HB,4304,0.275
1092,2024-03-23,11,1,QB,25591,0.349
1093,2024-03-23,5,2,FB,15086,0.31
1094,2024-03-24,10,4,QB,15136,0.305
1095,2024-03-24,24,3,FB,45397,0.285
1096,2024-03-24,24,6,HB,5464,0.307
1097,2024-03-24,19,3,HB,27155,0.345
1098,2024-03-25,19,1,FB,4289,0.311
1099,2024-03-25,2,6,HB,7089,0.316
1100,2024-03-25,21,1,QB,2221,0.299
1101,2024-03-25,15,7,HB,90562,0.152
1102,2024-03-25,14,2,QB,9140,0.295
1103,2024-03-25,23,2,HB,52357,0.317
1104,2024-03-26,22,1,FB,15601,0.321
1105,2024-03-26,7,6,EB,23167,0.281
1106,2024-03-26,15,8,HB,3086,0.167
1107,2024-03-26,4,7,QB,24430,0.127
1108,2024-03-26,1,5,QB,49010,0.311
1109,2024-03-26,7,5,QB,32916,0.313
1110,2024-03-26,27,3,QB,4339,0.317
1111,2024-03-26,25,7,QB,80775,0.138
1112,2024-03-27,17,8,HB,15658,0.16
1113,2024-03-27,12,5,QB,19673,0.311
1114,2024-03-27,22,7,HB,26481,0.15
1115,2024-03-27,8,5,HB,75236,0.309
1116,2024-03-27,18,1,FB,8179,0.315
1117,2024-03-27,2,5,HB,131799,0.332
1118,2024-03-27,11,2,FB,5909,0.322
1119,2024-03-28,8,5,FB,57069,0.345
1120,2024-03-29,6,6,QB,48542,0.299
1121,2024-03-29,10,8,FB,14578,0.169
1122,2024-03-29,16,6,HB,20050,0.322
1123,2024-03-29,5,4,QB,66826,0.325
1124,2024-03-30,22,7,QB,96146,0.154
1125,2024-03-31,7,3,HB,68625,0.31
1126,2024-03-31,4,8,QB,10142,0.176
1127,2024-04-01,7,8,EB,41821,0.198
1128,2024-04-01,11,6,QB,74656,0.332
1129,2024-04-02,26,7,QB,153293,0.127
1130,2024-04-02,18,4,FB,19745,0.322
1131,2024-04-02,21,1,HB,60691,0.316
1132,2024-04-03,19,2,HB,9990,0.3
1133,2024-04-03,22,6,EB,62718,0.336
1134,2024-04-03,4,4,EB,20372,0.321
1135,2024-04-03,3,4,HB,2137,0.348
1136,2024-04-03,12,1,HB,186,0.364
1137,2024-04-04,14,1,FB,13766,0.34
1138,2024-04-04,5,8,EB,6495,0.187
1139,2024-04-04,10,6,HB,72105,0.256
1140,2024-04-04,20,8,HB,9011,0.162
1141,2024-04-05,19,8,EB,29111,0.173
1142,2024-04-05,14,4,QB,41846,0.281
1143,2024-04-05,19,4,EB,3299,0.34
1144,2024-04-06,6,7,FB,2773,0.143
1145,2024-04-06,6,4,QB,14001,0.291
1146,2024-04-06,10,7,QB,126170,0.126
1147,2024-04-06,17,5,HB,124697,0.27
1148,2024-04-06,11,6,HB,17314,0.369
1149,2024-04-06,25,2,HB,6147,0.324
1150,2024-04-07,25,5,FB,6480,0.37
1151,2024-04-07,18,5,QB,121906,0.345
1152,2024-04-07,26,4,QB,33134,0.311
1153,2024-04-08,21,6,QB,2787,0.295
1154,2024-04-09,7,2,QB,19029,0.335
1155,2024-04-09,4,7,HB,82054,0.128
1156,2024-04-10,26,5,EB,155082,0.349
1157,2024-04-10,18,5,QB,149888,0.317
1158,2024-04-10,16,4,HB,2266,0.334
1159,2024-04-10,1,8,FB,34345,0.186
1160,2024-04-10,5,7,EB,109514,0.149
1161,2024-04-11,14,4,HB,3233,0.272
1162,2024-04-11,24,6,EB,10601,0.327
1163,2024-04-11,17,3,EB,13071,0.303
1164,2024-04-12,3,8,HB,6115,0.178
1165,2024-04-12,12,4,EB,1334,0.289
1166,2024-04-12,24,1,QB,27299,0.315
1167,2024-04-12,10,4,QB,17089,0.361
1168,2024-04-12,20,1,QB,17574,0.281
1169,2024-04-12,2,6,QB,4018,0.358
1170,2024-04-13,7,3,HB,1327,0.324
1171,2024-04-13,16,6,FB,1801,0.346
1172,2024-04-13,2,1,HB,31849,0.32
1173,2024-04-13,2,5,HB,119860,0.319
1174,2024-04-15,6,4,EB,9620,0.302
1175,2024-04-15,16,1,QB,11579,0.322
1176,2024-04-15,17,8,HB,106417,0.171
1177,2024-04-16,12,2,HB,124246,0.348
1178,2024-04-16,26,7,QB,142455,0.147
1179,2024-04-16,5,7,FB,109267,0.153
1180,2024-04-16,23,6,QB,56432,0.319
1181,2024-04-16,15,5,FB,37386,0.299
1182,2024-04-16,16,1,QB,17711,0.308
1183,2024-04-17,6,2,HB,44944,0.342
1184,2024-04-18,23,4,FB,4503,0.347
1185,2024-04-18,14,3,HB,75311,0.327
1186,2024-04-18,17,1,HB,97440,0.309
1187,2024-04-19,8,2,HB,66923,0.328
1188,2024-04-19,18,4,HB,17354,0.325
1189,2024-04-19,7,6,QB,22423,0.333
1190,2024-04-20,7,4,QB,4898,0.311
1191,2024-04-20,2,5,EB,38690,0.309
1192,2024-04-20,19,3,HB,170133,0.266
1193,2024-04-20,24,2,EB,1553,0.28
1194,2024-04-20,24,5,QB,45970,0.324
1195,2024-04-20,22,6,QB,3923,0.297
1196,2024-04-21,22,1,QB,29669,0.296
1197,2024-04-21,20,2,QB,3069,0.312
1198,2024-04-21,16,5,QB,192165,0.366
1199,2024-04-21,13,2,HB,1212,0.305
1200,2024-04-22,4,7,HB,32150,0.133
1201,2024-04-22,23,5,FB,1018,0.337
1202,2024-04-22,17,5,QB,41203,0.368
1203,2024-04-22,1,5,HB,201524,0.384
1204,2024-04-23,22,8,HB,82704,0.179
1205,2024-04-23,24,2,EB,667,0.313
1206,2024-04-23,14,4,QB,11569,0.305
1207,2024-04-23,21,7,QB,95729,0.152
1208,2024-04-24,9,3,HB,63573,0.35
1209,2024-04-24,4,3,EB,41654,0.32
1210,2024-04-24,2,2,EB,4357,0.324
1211,2024-04-25,18,2,HB,38463,0.333
1212,2024-04-25,27,6,FB,10724,0.364
1213,2024-04-25,16,4,QB,29969,0.28
1214,2024-04-26,10,6,QB,35026,0.314
1215,2024-04-26,16,8,QB,1141,0.195
1216,2024-04-26,11,2,QB,37321,0.297
1217,2024-04-26,11,6,FB,5600,0.295
1218,2024-04-27,3,8,EB,12662,0.17
1219,2024-04-27,14,7,EB,139783,0.12
1220,2024-04-27,5,6,FB,4246,0.344
1221,2024-04-27,3,3,FB,110081,0.325
1222,2024-04-27,1,3,HB,14730,0.299
1223,2024-04-28,3,6,QB,26748,0.347
1224,2024-04-28,20,5,FB,54268,0.335
1225,2024-04-28,23,5,EB,72709,0.295
1226,2024-04-28,26,1,QB,987,0.303
1227,2024-04-29,24,7,EB,79076,0.144
1228,2024-04-29,19,7,HB,102000,0.146
1229,2024-04-29,10,6,FB,37337,0.293
1230,2024-04-29,19,6,QB,6351,0.332
1231,2024-04-29,3,4,FB,7919,0.331
1232,2024-04-30,28,8,QB,22898,0.169
1233,2024-04-30,4,2,QB,18614,0.326
1234,2024-04-30,21,6,EB,5191,0.32
1235,2024-05-01,18,5,HB,66884,0.327
1236,2024-05-01,23,3,FB,7262,0.327
1237,2024-05-02,2,3,HB,32019,0.313
1238,2024-05-02,22,7,FB,1734,0.142
1239,2024-05-02,12,2,HB,45278,0.354
1240,2024-05-02,11,4,FB,917,0.319
1241,2024-05-02,5,7,QB,22052,0.131
1242,2024-05-02,11,2,HB,29553,0.304
1243,2024-05-02,25,4,FB,5934,0.352
1244,2024-05-03,3,3,FB,30519,0.337
1245,2024-05-03,14,7,HB,15323,0.145
1246,2024-05-03,14,3,HB,746,0.321
1247,2024-05-03,21,6,FB,26900,0.337
1248,2024-05-03,23,4,EB,45076,0.322
1249,2024-05-03,5,2,QB,8346,0.326
1250,2024-05-04,17,1,EB,2827,0.336
1251,2024-05-04,20,7,FB,2775,0.141
1252,2024-05-04,20,7,HB,34917,0.132
1253,2024-05-05,15,7,HB,6384,0.141
1254,2024-05-05,6,4,HB,5888,0.324
1255,2024-05-05,12,3,QB,14681,0.341
1256,2024-05-05,22,5,QB,8830,0.339
1257,2024-05-05,7,8,HB,55812,0.171
1258,2024-05-06,16,1,EB,1751,0.331
1259,2024-05-06,25,1,FB,5612,0.309
1260,2024-05-06,1,3,FB,6188,0.34
1261,2024-05-06,17,7,FB,244292,0.13
1262,2024-05-06,20,6,QB,13669,0.339
1263,2024-05-06,26,3,HB,61175,0.316
1264,2024-05-06,11,7,HB,36194,0.134
1265,2024-05-07,2,8,HB,193850,0.17
1266,2024-05-07,28,8,QB,22425,0.198
1267,2024-05-07,18,2,FB,1105,0.371
1268,2024-05-08,13,5,QB,162148,0.309
1269,2024-05-08,11,2,QB,39816,0.292
1270,2024-05-08,15,8,FB,48,0.171
1271,2024-05-09,16,3,HB,1370,0.326
1272,2024-05-09,28,7,HB,146776,0.125
1273,2024-05-09,4,6,HB,20170,0.289
1274,2024-05-09,28,1,QB,22420,0.306
1275,2024-05-10,24,2,HB,1742,0.331
1276,2024-05-11,10,1,HB,24518,0.3
1277,2024-05-11,9,2,HB,3786,0.344
1278,2024-05-11,8,6,FB,8349,0.347
1279,2024-05-11,22,7,EB,7081,0.153
1280,2024-05-12,17,7,QB,4396,0.119
1281,2024-05-13,26,4,FB,27054,0.333
1282,2024-05-13,8,8,HB,2344,0.156
1283,2024-05-13,2,2,HB,12984,0.342
1284,2024-05-14,13,6,EB,27112,0.328
1285,2024-05-15,13,6,QB,45630,0.271
1286,2024-05-15,24,1,QB,4144,0.294
1287,2024-05-15,28,2,QB,5002,0.363
1288,2024-05-15,8,2,EB,1260,0.299
1289,2024-05-15,13,2,EB,3680,0.352
1290,2024-05-15,26,2,QB,6426,0.317
1291,2024-05-16,16,6,EB,30044,0.303
1292,2024-05-16,18,5,QB,58877,0.313
1293,2024-05-16,13,4,HB,40744,0.354
1294,2024-05-16,4,3,EB,59179,0.331
1295,2024-05-16,4,1,QB,14185,0.327
1296,2024-05-16,14,3,QB,2147,0.319
1297,2024-05-16,18,3,FB,8667,0.309
1298,2024-05-16,15,1,HB,22517,0.319
1299,2024-05-17,25,7,EB,9997,0.142
1300,2024-05-17,12,2,HB,11863,0.301
1301,2024-05-17,21,8,HB,4888,0.197
1302,2024-05-18,20,1,HB,18749,0.333
1303,2024-05-18,21,4,HB,28333,0.3
1304,2024-05-18,9,5,QB,51273,0.307
1305,2024-05-18,8,7,EB,121747,0.134
1306,2024-05-19,7,1,FB,17149,0.311
1307,2024-05-19,9,3,HB,1445,0.338
1308,2024-05-19,11,7,FB,10205,0.15
1309,2024-05-19,23,2,EB,5676,0.295
1310,2024-05-19,11,1,QB,8114,0.312
1311,2024-05-19,10,3,EB,22726,0.3
1312,2024-05-19,15,2,FB,20213,0.352
1313,2024-05-20,18,3,EB,17844,0.278
1314,2024-05-21,9,7,EB,83355,0.153
1315,2024-05-21,8,4,QB,2039,0.325
1316,2024-05-22,21,8,EB,6539,0.174
1317,2024-05-22,16,3,HB,51218,0.32
1318,2024-05-22,20,2,FB,2135,0.314
1319,2024-05-23,25,5,HB,66760,0.348
1320,2024-05-23,12,8,HB,2073,0.183
1321,2024-05-23,17,5,HB,118303,0.306
1322,2024-05-23,24,5,FB,143858,0.296
1323,2024-05-23,14,3,QB,19638,0.336
1324,2024-05-24,10,8,FB,2139,0.165
1325,2024-05-24,14,2,HB,40188,0.324
1326,2024-05-24,27,4,FB,3637,0.319
1327,2024-05-24,19,5,QB,45728,0.264
1328,2024-05-25,22,4,HB,18935,0.338
1329,2024-05-25,28,8,FB,3354,0.177
1330,2024-05-25,13,2,FB,18931,0.294
1331,2024-05-26,14,1,HB,3532,0.37
1332,2024-05-26,18,1,QB,7669,0.314
1333,2024-05-26,7,1,HB,57066,0.323
1334,2024-05-26,6,3,EB,24303,0.327
1335,2024-05-26,25,4,QB,10129,0.32
1336,2024-05-26,16,5,HB,12006,0.317
1337,2024-05-26,16,2,QB,47573,0.309
1338,2024-05-27,28,7,HB,93437,0.146
1339,2024-05-27,26,6,HB,2645,0.314
1340,2024-05-27,18,5,QB,326171,0.317
1341,2024-05-27,10,3,QB,30439,0.299
1342,2024-05-28,7,7,FB,25551,0.166
1343,2024-05-28,21,2,HB,4250,0.338
1344,2024-05-28,16,7,QB,39345,0.151
1345,2024-05-28,1,4,HB,17808,0.326
1346,2024-05-28,6,6,HB,220339,0.301
1347,2024-05-29,16,1,HB,41192,0.31
1348,2024-05-29,2,7,QB,3916,0.151
1349,2024-05-29,18,5,QB,163816,0.316
1350,2024-05-30,25,5,HB,7919,0.332
1351,2024-05-30,4,1,EB,8416,0.286
1352,2024-05-30,17,7,HB,127,0.137
1353,2024-05-31,22,3,FB,19,0.33
1354,2024-05-31,1,3,QB,3529,0.295
1355,2024-06-01,1,6,QB,19319,0.315
1356,2024-06-01,26,8,HB,13129,0.196
1357,2024-06-01,7,6,EB,22482,0.338
1358,2024-06-01,16,8,HB,9084,0.168
1359,2024-06-01,4,7,FB,30711,0.146
1360,2024-06-02,9,7,HB,150154,0.153
1361,2024-06-04,6,3,QB,40719,0.328
1362,2024-06-04,7,6,QB,647,0.348
1363,2024-06-04,24,4,FB,20967,0.277
1364,2024-06-04,3,5,QB,357547,0.32
1365,2024-06-04,27,1,FB,4159,0.316
1366,2024-06-05,2,6,QB,47558,0.291
1367,2024-06-05,12,6,QB,29694,0.314
1368,2024-06-05,6,2,QB,42795,0.316
1369,2024-06-05,4,6,HB,2037,0.334
1370,2024-06-06,5,7,FB,34256,0.146
1371,2024-06-07,28,7,EB,33443,0.149
1372,2024-06-07,12,4,QB,268,0.301
1373,2024-06-07,3,4,EB,26059,0.345
1374,2024-06-07,7,8,HB,31832,0.178
1375,2024-06-08,9,5,QB,22571,0.321
1376,2024-06-08,15,5,HB,58375,0.311
1377,2024-06-08,26,8,QB,3712,0.198
1378,2024-06-08,10,4,HB,382,0.35
1379,2024-06-09,8,3,QB,8385,0.333
1380,2024-06-09,5,2,FB,63517,0.298
1381,2024-06-09,23,3,QB,27801,0.27
1382,2024-06-10,11,8,HB,3265,0.169
1383,2024-06-10,17,5,QB,13796,0.271
1384,2024-06-10,27,8,QB,7908,0.157
1385,2024-06-10,13,5,QB,45625,0.338
1386,2024-06-11,24,6,HB,13836,0.32
1387,2024-06-11,2,6,HB,23205,0.303
1388,2024-06-11,18,8,QB,50426,0.149
1389,2024-06-11,6,7,QB,120606,0.16
1390,2024-06-11,22,1,HB,11885,0.33
1391,2024-06-11,26,8,FB,12186,0.188
1392,2024-06-12,14,7,HB,76139,0.128
1393,2024-06-12,7,5,FB,7375,0.313
1394,2024-06-13,9,3,EB,30797,0.27
1395,2024-06-13,12,7,HB,49748,0.144
1396,2024-06-14,11,2,QB,49157,0.321
1397,2024-06-14,7,2,QB,60021,0.346
1398,2024-06-14,19,1,FB,10488,0.326
1399,2024-06-14,13,6,FB,78770,0.334
1400,2024-06-15,28,3,QB,3317,0.338
1401,2024-06-16,12,4,HB,7178,0.31
1402,2024-06-16,7,6,FB,2865,0.326
1403,2024-06-16,1,8,QB,4422,0.184
1404,2024-06-16,8,7,QB,124539,0.127
1405,2024-06-16,17,4,QB,16711,0.33
1406,2024-06-16,14,1,FB,85843,0.287
1407,2024-06-16,19,1,QB,16684,0.335
1408,2024-06-17,7,5,HB,10477,0.296
1409,2024-06-17,19,8,FB,30717,0.176
1410,2024-06-17,16,5,EB,59311,0.288
1411,2024-06-17,27,4,QB,2233,0.296
1412,2024-06-17,27,2,FB,7960,0.352
1413,2024-06-17,17,3,HB,12252,0.34
1414,2024-06-18,24,2,QB,7421,0.322
1415,2024-06-18,10,5,HB,3725,0.329
1416,2024-06-18,8,6,QB,2491,0.311
1417,2024-06-18,23,3,HB,17382,0.376
1418,2024-06-19,9,8,HB,9586,0.176
1419,2024-06-19,8,5,QB,98310,0.38
1420,2024-06-19,1,1,EB,13046,0.335
1421,2024-06-20,13,1,QB,11614,0.356
1422,2024-06-20,1,6,QB,8550,0.291
1423,2024-06-20,1,2,QB,28791,0.277
1424,2024-06-20,15,7,EB,15528,0.145
1425,2024-06-20,4,3,EB,33596,0.301
1426,2024-06-20,11,7,HB,38140,0.149
1427,2024-06-20,5,4,QB,23125,0.368
1428,2024-06-20,18,4,QB,2692,0.334
1429,2024-06-21,8,5,QB,146475,0.341
1430,2024-06-22,4,8,HB,30895,0.18
1431,2024-06-22,24,2,HB,28305,0.289
1432,2024-06-22,24,8,QB,6160,0.198
1433,2024-06-22,8,3,HB,50177,0.316
1434,2024-06-23,27,1,HB,5823,0.376
1435,2024-06-23,13,7,QB,41557,0.124
1436,2024-06-23,23,6,HB,3079,0.366
1437,2024-06-24,28,7,QB,61700,0.133
1438,2024-06-24,26,8,QB,19122,0.171
1439,2024-06-24,3,4,HB,5850,0.312
1440,2024-06-24,22,5,QB,62943,0.32
1441,2024-06-24,6,7,HB,12394,0.158
1442,2024-06-24,22,3,HB,105735,0.298
1443,2024-06-24,17,4,QB,32679,0.354
1444,2024-06-25,22,4,FB,9413,0.302
1445,2024-06-25,4,6,EB,15635,0.3
1446,2024-06-25,7,5,HB,50724,0.312
1447,2024-06-26,18,7,QB,25703,0.134
1448,2024-06-27,20,3,FB,1161,0.361
1449,2024-06-27,11,5,QB,51990,0.35
1450,2024-06-27,3,5,HB,32011,0.338
1451,2024-06-27,1,6,FB,3192,0.34
1452,2024-06-27,22,6,HB,830,0.325
1453,2024-06-27,22,5,HB,9463,0.358
1454,2024-06-27,7,3,QB,37568,0.339
1455,2024-06-28,26,4,HB,8723,0.302
1456,2024-06-28,6,7,HB,1535,0.173
1457,2024-06-28,8,1,HB,5993,0.351
1458,2024-06-28,24,6,HB,18933,0.309
1459,2024-06-29,17,6,FB,22468,0.345
1460,2024-06-29,5,8,QB,8702,0.157
1461,2024-06-29,7,5,FB,13780,0.307
1462,2024-06-29,27,1,HB,26295,0.32
1463,2024-06-29,19,8,FB,6513,0.175
1464,2024-06-29,23,4,EB,12853,0.325
1465,2024-06-30,17,3,EB,12687,0.33
1466,2024-06-30,26,6,EB,18383,0.27
1467,2024-07-01,16,4,FB,19768,0.278
1468,2024-07-01,26,7,EB,3056,0.152
1469,2024-07-01,21,6,QB,20924,0.328
1470,2024-07-01,10,1,HB,16786,0.35
1471,2024-07-02,9,5,HB,26713,0.3
1472,2024-07-02,9,8,QB,4845,0.2
1473,2024-07-02,23,1,EB,7466,0.309
1474,2024-07-04,6,3,HB,23551,0.328
1475,2024-07-04,10,8,HB,15148,0.21
1476,2024-07-04,26,1,EB,6261,0.299
1477,2024-07-04,27,8,HB,9217,0.171
1478,2024-07-05,15,7,HB,61758,0.138
1479,2024-07-05,15,5,QB,86561,0.351
1480,2024-07-07,18,7,HB,45544,0.162
1481,2024-07-07,18,1,QB,2275,0.297
1482,2024-07-07,17,6,QB,74217,0.287
1483,2024-07-07,23,4,QB,10641,0.356
1484,2024-07-08,20,3,HB,92543,0.298
1485,2024-07-08,4,3,EB,16836,0.306
1486,2024-07-08,19,3,EB,24823,0.356
1487,2024-07-08,10,7,QB,20645,0.145
1488,2024-07-08,23,6,HB,6414,0.296
1489,2024-07-08,2,6,HB,18646,0.321
1490,2024-07-09,4,5,QB,130718,0.296
1491,2024-07-09,5,2,QB,1955,0.303
1492,2024-07-09,2,2,EB,909,0.307
1493,2024-07-09,20,1,EB,6775,0.349
1494,2024-07-09,2,2,HB,20256,0.297
1495,2024-07-09,11,3,FB,78843,0.284
1496,2024-07-09,6,8,HB,42711,0.201
1497,2024-07-09,1,1,HB,129,0.307
1498,2024-07-10,17,1,QB,15532,0.282
1499,2024-07-10,23,7,HB,97673,0.135
1500,2024-07-10,4,5,HB,31211,0.331
1501,2024-07-11,17,4,QB,9195,0.265
1502,2024-07-11,21,3,FB,80394,0.329
1503,2024-07-11,7,7,QB,2320,0.137
1504,2024-07-11,25,7,HB,361463,0.14
1505,2024-07-11,6,2,HB,24383,0.324
1506,2024-07-11,10,2,HB,48175,0.338
1507,2024-07-11,6,8,QB,22075,0.187
1508,2024-07-11,23,1,HB,11846,0.313
1509,2024-07-12,13,5,HB,109848,0.307
1510,2024-07-12,12,7,HB,36163,0.137
1511,2024-07-13,14,2,HB,5036,0.319
1512,2024-07-13,24,7,HB,51424,0.133
1513,2024-07-13,17,5,QB,2787,0.332
1514,2024-07-13,11,7,EB,41687,0.157
1515,2024-07-14,15,5,FB,110755,0.353
1516,2024-07-14,15,4,HB,6300,0.289
1517,2024-07-14,28,6,FB,58811,0.341
1518,2024-07-14,18,2,FB,10453,0.342
1519,2024-07-14,10,4,QB,17289,0.34
1520,2024-07-15,5,2,HB,828,0.321
1521,2024-07-15,15,5,QB,9633,0.314
1522,2024-07-15,26,6,HB,574,0.371
1523,2024-07-15,26,6,HB,36518,0.275
1524,2024-07-15,17,4,EB,16779,0.332
1525,2024-07-15,17,4,QB,2275,0.334
1526,2024-07-16,17,1,QB,6610,0.302
1527,2024-07-16,9,7,HB,24468,0.139
1528,2024-07-17,15,2,EB,13390,0.323
1529,2024-07-17,19,7,HB,2681,0.131
1530,2024-07-17,9,1,HB,48,0.309
1531,2024-07-17,16,4,QB,6380,0.301
1532,2024-07-18,22,5,EB,29575,0.34
1533,2024-07-19,24,2,EB,39568,0.339
1534,2024-07-20,16,5,QB,29072,0.339
1535,2024-07-20,27,5,HB,142275,0.334
1536,2024-07-20,15,8,QB,23469,0.139
1537,2024-07-21,12,8,HB,3894,0.176
1538,2024-07-21,11,4,HB,1621,0.336
1539,2024-07-22,15,1,EB,9268,0.279
1540,2024-07-22,28,2,HB,3923,0.361
1541,2024-07-22,4,1,QB,12686,0.312
1542,2024-07-24,8,7,QB,23035,0.144
1543,2024-07-24,9,1,QB,22656,0.302
1544,2024-07-25,25,8,QB,51654,0.197
1545,2024-07-25,26,2,HB,21631,0.336
1546,2024-07-25,3,8,QB,1729,0.151
1547,2024-07-25,12,8,FB,23144,0.178
1548,2024-07-25,26,3,FB,5631,0.324
1549,2024-07-26,16,2,HB,23684,0.326
1550,2024-07-26,23,7,QB,42674,0.138
1551,2024-07-26,6,2,FB,40374,0.264
1552,2024-07-26,18,6,EB,13489,0.376
1553,2024-07-26,23,5,HB,29482,0.303
1554,2024-07-27,1,5,FB,75622,0.337
1555,2024-07-27,17,1,QB,22310,0.315
1556,2024-07-27,27,8,QB,20046,0.194
1557,2024-07-28,21,1,EB,1957,0.301
1558,2024-07-28,23,5,QB,43366,0.31
1559,2024-07-28,18,1,HB,25488,0.375
1560,2024-07-28,16,2,HB,10722,0.335
1561,2024-07-29,2,1,QB,1791,0.324
1562,2024-07-29,18,8,QB,34794,0.21
1563,2024-07-29,11,5,QB,48174,0.302
1564,2024-07-29,6,4,QB,23996,0.308
1565,2024-07-29,12,1,HB,14332,0.346
1566,2024-07-29,6,2,QB,11277,0.286
1567,2024-07-30,23,6,HB,75345,0.29
1568,2024-07-30,3,3,HB,21480,0.331
1569,2024-07-30,18,4,HB,48683,0.317
1570,2024-07-30,25,5,QB,80243,0.362
1571,2024-07-30,8,1,HB,24846,0.347
1572,2024-07-31,13,1,HB,18129,0.274
1573,2024-08-01,5,6,HB,16939,0.373
1574,2024-08-01,26,3,HB,6951,0.33
1575,2024-08-01,18,8,QB,3659,0.164
1576,2024-08-01,25,2,FB,6433,0.339
1577,2024-08-01,28,2,QB,65686,0.306
1578,2024-08-01,13,8,HB,21498,0.191
1579,2024-08-02,26,2,EB,8200,0.314
1580,2024-08-02,15,5,QB,86782,0.332
1581,2024-08-02,27,8,FB,32957,0.152
1582,2024-08-03,27,4,FB,17319,0.315
1583,2024-08-03,10,1,QB,1457,0.311
1584,2024-08-03,20,4,HB,327,0.3
1585,2024-08-03,9,3,HB,11086,0.333
1586,2024-08-03,28,2,EB,22292,0.312
1587,2024-08-04,10,6,EB,8226,0.28
1588,2024-08-04,18,8,FB,1589,0.192
1589,2024-08-04,3,3,HB,14394,0.288
1590,2024-08-04,14,4,QB,12363,0.332
1591,2024-08-05,11,4,HB,29490,0.297
1592,2024-08-05,9,8,QB,6691,0.182
1593,2024-08-05,27,2,HB,16157,0.263
1594,2024-08-05,12,3,QB,18696,0.338
1595,2024-08-06,13,1,QB,5148,0.316
1596,2024-08-06,25,4,FB,1652,0.323
1597,2024-08-06,17,2,EB,25136,0.333
1598,2024-08-07,2,6,QB,10120,0.373
1599,2024-08-07,13,3,FB,5303,0.327
1600,2024-08-07,18,7,QB,119612,0.152
1601,2024-08-07,14,6,QB,4818,0.323
1602,2024-08-07,3,8,FB,8586,0.189
1603,2024-08-08,7,6,HB,8359,0.32
1604,2024-08-08,21,5,FB,122301,0.31
1605,2024-08-08,8,8,EB,6229,0.213
1606,2024-08-08,1,6,HB,15679,0.278
1607,2024-08-08,19,3,HB,32987,0.276
1608,2024-08-08,25,2,QB,42268,0.346
1609,2024-08-09,14,6,HB,18024,0.31
1610,2024-08-09,15,2,QB,66515,0.322
1611,2024-08-09,28,1,EB,22354,0.301
1612,2024-08-09,5,8,QB,9768,0.174
1613,2024-08-09,24,3,QB,5946,0.36
1614,2024-08-09,22,8,QB,18331,0.159
1615,2024-08-10,2,6,HB,39248,0.29
1616,2024-08-10,27,3,QB,1734,0.3
1617,2024-08-11,21,4,EB,12677,0.37
1618,2024-08-11,19,8,EB,10224,0.165
1619,2024-08-11,22,3,EB,5161,0.367
1620,2024-08-11,1,3,EB,20977,0.335
1621,2024-08-12,27,7,QB,174246,0.143
1622,2024-08-12,17,2,HB,6457,0.335
1623,2024-08-13,2,3,HB,16210,0.317
1624,2024-08-13,19,3,EB,73220,0.324
1625,2024-08-13,5,8,HB,5393,0.195
1626,2024-08-14,16,7,QB,175851,0.142
1627,2024-08-14,28,4,EB,7125,0.318
1628,2024-08-15,8,7,HB,20022,0.132
1629,2024-08-16,19,8,QB,416,0.183
1630,2024-08-16,11,7,HB,84511,0.143
1631,2024-08-16,6,8,HB,20476,0.2
1632,2024-08-16,16,4,FB,12784,0.288
1633,2024-08-16,11,2,HB,1355,0.321
1634,2024-08-16,20,1,QB,36716,0.288
1635,2024-08-16,10,1,FB,17042,0.317
1636,2024-08-16,1,3,HB,5967,0.31
1637,2024-08-16,11,3,HB,29875,0.26
1638,2024-08-17,26,4,QB,11149,0.296
1639,2024-08-17,17,4,QB,1300,0.325
1640,2024-08-17,27,3,HB,26192,0.313
1641,2024-08-18,19,4,HB,23650,0.325
1642,2024-08-18,25,1,EB,24091,0.309
1643,2024-08-19,16,6,FB,2525,0.338
1644,2024-08-19,17,4,QB,10016,0.343
1645,2024-08-19,3,3,HB,987,0.367
1646,2024-08-19,10,6,QB,40019,0.338
1647,2024-08-19,20,6,QB,5059,0.314
1648,2024-08-20,4,6,QB,19123,0.332
1649,2024-08-20,9,1,QB,4289,0.364
1650,2024-08-21,7,2,FB,4783,0.325
1651,2024-08-21,4,4,HB,2424,0.336
1652,2024-08-21,25,6,HB,3119,0.352
1653,2024-08-22,1,5,HB,119602,0.293
1654,2024-08-22,15,1,HB,5195,0.31
1655,2024-08-22,25,6,QB,13165,0.292
1656,2024-08-23,5,8,FB,12902,0.18
1657,2024-08-23,21,3,FB,1692,0.353
1658,2024-08-23,9,4,FB,12056,0.308
1659,2024-08-23,18,8,QB,12672,0.18
1660,2024-08-23,28,5,EB,2655,0.331
1661,2024-08-23,25,7,QB,201,0.153
1662,2024-08-24,10,4,QB,20605,0.313
1663,2024-08-24,28,5,EB,424021,0.34
1664,2024-08-24,23,5,QB,142047,0.333
1665,2024-08-24,27,6,QB,18810,0.355
1666,2024-08-24,20,8,QB,7750,0.181
1667,2024-08-24,18,2,QB,8578,0.288
1668,2024-08-25,7,1,EB,10565,0.333
1669,2024-08-26,22,1,EB,41592,0.267
1670,2024-08-26,5,5,FB,30741,0.324
1671,2024-08-26,6,7,EB,78427,0.135
1672,2024-08-27,25,1,HB,5856,0.322
1673,2024-08-27,5,1,FB,11379,0.293
1674,2024-08-28,1,1,HB,35069,0.336
1675,2024-08-29,5,5,EB,227454,0.311
1676,2024-08-29,3,4,HB,2873,0.301
1677,2024-08-29,25,7,QB,205180,0.134
1678,2024-08-29,21,8,QB,10897,0.192
1679,2024-08-29,23,8,HB,5353,0.172
1680,2024-08-29,10,2,EB,27715,0.319
1681,2024-08-29,7,1,EB,9737,0.33
1682,2024-08-30,16,6,FB,32840,0.324
1683,2024-08-30,17,3,QB,111817,0.321
1684,2024-08-31,18,6,HB,9783,0.309
1685,2024-08-31,23,4,HB,6316,0.285
1686,2024-08-31,21,4,QB,15491,0.336
1687,2024-08-31,10,8,QB,38179,0.164
1688,2024-08-31,6,4,QB,7744,0.295
1689,2024-09-01,15,7,QB,33087,0.133
1690,2024-09-01,27,3,HB,80592,0.286
1691,2024-09-01,22,7,FB,87752,0.151
1692,2024-09-02,5,2,QB,57066,0.321
1693,2024-09-02,22,6,EB,9370,0.349
1694,2024-09-02,15,5,FB,82435,0.322
1695,2024-09-02,25,8,HB,13268,0.198
1696,2024-09-03,1,5,HB,17437,0.291
1697,2024-09-03,4,3,FB,50461,0.373
1698,2024-09-03,19,7,HB,37403,0.143
1699,2024-09-03,2,6,QB,15251,0.373
1700,2024-09-04,17,1,EB,55063,0.362
1701,2024-09-04,19,7,HB,28694,0.147
1702,2024-09-04,12,5,QB,28394,0.316
1703,2024-09-05,10,1,FB,43058,0.303
1704,2024-09-05,17,3,QB,7973,0.248
1705,2024-09-05,4,8,HB,5847,0.188
1706,2024-09-06,11,5,QB,94578,0.359
1707,2024-09-07,3,5,HB,35610,0.347
1708,2024-09-07,3,3,HB,12963,0.278
1709,2024-09-07,26,5,QB,35281,0.28
1710,2024-09-08,7,4,QB,20571,0.339
1711,2024-09-08,3,6,QB,40978,0.336
1712,2024-09-08,1,1,FB,28488,0.33
1713,2024-09-09,22,6,QB,96520,0.308
1714,2024-09-09,18,4,EB,2497,0.308
1715,2024-09-10,2,3,HB,70801,0.343
1716,2024-09-10,24,3,HB,18076,0.337
1717,2024-09-11,28,5,EB,77078,0.345
1718,2024-09-11,10,8,HB,33580,0.21
1719,2024-09-11,6,1,FB,41139,0.326
1720,2024-09-11,14,3,HB,5381,0.34
1721,2024-09-11,26,8,QB,16884,0.152
1722,2024-09-11,24,5,HB,157078,0.335
1723,2024-09-12,4,5,EB,2475,0.334
1724,2024-09-13,17,5,EB,29083,0.335
1725,2024-09-13,1,5,QB,45870,0.312
1726,2024-09-13,11,4,FB,2880,0.392
1727,2024-09-13,23,1,HB,3651,0.317
1728,2024-09-13,15,2,FB,9201,0.373
1729,2024-09-13,2,3,QB,8177,0.297
1730,2024-09-14,1,2,QB,30488,0.301
1731,2024-09-14,19,1,QB,22634,0.326
1732,2024-09-14,26,8,EB,29981,0.159
1733,2024-09-15,13,5,EB,35737,0.308
1734,2024-09-15,19,5,FB,21255,0.328
1735,2024-09-15,26,7,FB,121901,0.141
1736,2024-09-15,3,4,QB,5705,0.341
1737,2024-09-15,22,4,QB,16775,0.334
1738,2024-09-16,22,2,EB,44809,0.351
1739,2024-09-16,4,8,HB,42424,0.167
1740,2024-09-17,5,3,EB,29763,0.329
1741,2024-09-17,21,7,EB,95012,0.14
1742,2024-09-17,10,6,HB,672,0.343
1743,2024-09-17,23,5,QB,27590,0.29
1744,2024-09-17,7,3,EB,24108,0.27
1745,2024-09-18,4,6,HB,10546,0.346
1746,2024-09-18,16,3,HB,4139,0.271
1747,2024-09-18,22,8,QB,5828,0.192
1748,2024-09-18,12,4,HB,48354,0.291
1749,2024-09-19,12,2,FB,27134,0.32
1750,2024-09-19,25,8,FB,49905,0.186
1751,2024-09-19,3,2,FB,8440,0.291
1752,2024-09-19,19,1,QB,1183,0.34
1753,2024-09-19,23,2,EB,66287,0.358
1754,2024-09-19,2,6,QB,3099,0.373
1755,2024-09-20,24,8,EB,10018,0.181
1756,2024-09-20,26,6,FB,1285,0.303
1757,2024-09-20,5,7,HB,14197,0.163
1758,2024-09-21,18,7,HB,34800,0.144
1759,2024-09-21,1,5,FB,4235,0.291
1760,2024-09-22,5,8,QB,18386,0.199
1761,2024-09-22,9,1,FB,10655,0.287
1762,2024-09-22,10,8,QB,12003,0.18
1763,2024-09-23,25,2,QB,17655,0.324
1764,2024-09-23,15,5,FB,66641,0.327
1765,2024-09-23,12,6,QB,18594,0.3
1766,2024-09-24,24,1,QB,554,0.333
1767,2024-09-24,6,5,EB,219701,0.299
1768,2024-09-24,16,4,FB,672,0.311
1769,2024-09-24,14,7,QB,52211,0.143
1770,2024-09-25,22,3,HB,5925,0.338
1771,2024-09-25,6,2,FB,6719,0.344
1772,2024-09-25,14,4,FB,35903,0.282
1773,2024-09-25,13,8,HB,10411,0.168
1774,2024-09-25,23,8,QB,6120,0.185
1775,2024-09-25,2,7,QB,23680,0.149
1776,2024-09-26,20,4,HB,14233,0.311
1777,2024-09-26,23,4,HB,39904,0.312
1778,2024-09-26,11,1,FB,14414,0.385
1779,2024-09-26,22,2,QB,53181,0.299
1780,2024-09-26,23,7,HB,89064,0.134
1781,2024-09-26,16,7,HB,14024,0.136
1782,2024-09-27,1,7,EB,100116,0.134
1783,2024-09-27,4,7,EB,28288,0.149
1784,2024-09-27,2,1,FB,227,0.338
1785,2024-09-27,13,3,HB,29599,0.321
1786,2024-09-27,13,6,FB,86588,0.316
1787,2024-09-27,5,8,HB,3226,0.202
1788,2024-09-29,9,6,QB,932,0.296
1789,2024-09-29,23,7,HB,40355,0.158
1790,2024-09-29,6,5,HB,122866,0.312
1791,2024-09-29,20,6,HB,32572,0.344
1792,2024-10-01,5,1,HB,31868,0.289
1793,2024-10-01,4,5,HB,7536,0.338
1794,2024-10-01,5,8,QB,10239,0.174
1795,2024-10-02,20,5,QB,117996,0.31
1796,2024-10-02,3,4,HB,18574,0.361
1797,2024-10-02,28,2,QB,8967,0.359
1798,2024-10-02,19,8,EB,30628,0.18
1799,2024-10-02,19,2,FB,8443,0.328
1800,2024-10-03,22,2,QB,40503,0.342
1801,2024-10-03,23,7,QB,25612,0.142
1802,2024-10-04,13,2,EB,6010,0.267
1803,2024-10-04,14,5,EB,50208,0.306
1804,2024-10-04,9,5,HB,11942,0.257
1805,2024-10-05,20,4,FB,2209,0.333
1806,2024-10-05,16,4,QB,591,0.338
1807,2024-10-05,21,6,EB,48449,0.347
1808,2024-10-05,24,4,QB,21322,0.346
1809,2024-10-05,28,2,FB,1805,0.276
1810,2024-10-05,7,2,QB,13363,0.318
1811,2024-10-06,7,4,QB,2449,0.325
1812,2024-10-06,26,8,HB,4633,0.177
1813,2024-10-06,24,1,QB,15727,0.336
1814,2024-10-06,19,7,FB,566511,0.156
1815,2024-10-07,18,2,QB,4478,0.352
1816,2024-10-07,13,2,HB,69,0.294
1817,2024-10-07,9,6,QB,25484,0.319
1818,2024-10-08,19,3,QB,66798,0.333
1819,2024-10-08,1,5,HB,1350,0.342
1820,2024-10-08,17,1,HB,3900,0.329
1821,2024-10-09,23,3,HB,24249,0.306
1822,2024-10-09,13,5,FB,70455,0.33
1823,2024-10-10,12,2,EB,11473,0.334
1824,2024-10-10,25,1,HB,1574,0.341
1825,2024-10-10,21,6,HB,31555,0.33
1826,2024-10-10,9,2,QB,21978,0.32
1827,2024-10-10,26,2,EB,2825,0.319
1828,2024-10-11,28,4,EB,8433,0.311
1829,2024-10-11,2,1,HB,29363,0.344
1830,2024-10-11,4,3,EB,38896,0.293
1831,2024-10-11,20,8,EB,17257,0.165
1832,2024-10-12,17,3,HB,3648,0.335
1833,2024-10-12,10,2,HB,36795,0.296
1834,2024-10-12,7,4,HB,4252,0.266
1835,2024-10-13,12,4,QB,19747,0.352
1836,2024-10-14,17,5,QB,61729,0.349
1837,2024-10-14,23,8,HB,6316,0.187
1838,2024-10-14,15,6,HB,17395,0.284
1839,2024-10-14,21,4,HB,8858,0.324
1840,2024-10-15,16,1,QB,9761,0.355
1841,2024-10-15,14,1,QB,7572,0.304
1842,2024-10-15,4,7,QB,24252,0.126
1843,2024-10-15,11,6,QB,18377,0.346
1844,2024-10-15,27,5,EB,32221,0.312
1845,2024-10-15,19,8,QB,9739,0.205
1846,2024-10-16,3,8,FB,29812,0.164
1847,2024-10-16,27,4,EB,18664,0.3
1848,2024-10-16,13,8,QB,36689,0.152
1849,2024-10-17,12,6,EB,35664,0.317
1850,2024-10-17,21,4,QB,7027,0.326
1851,2024-10-18,1,4,HB,15581,0.343
1852,2024-10-18,27,1,HB,3089,0.366
1853,2024-10-19,11,8,EB,17152,0.203
1854,2024-10-19,10,4,HB,372,0.288
1855,2024-10-19,20,4,HB,1923,0.31
1856,2024-10-19,14,4,HB,38379,0.322
1857,2024-10-19,1,7,QB,13427,0.128
1858,2024-10-19,19,1,FB,520,0.291
1859,2024-10-20,4,6,EB,24127,0.342
1860,2024-10-20,21,5,EB,174892,0.299
1861,2024-10-20,14,7,EB,29147,0.153
1862,2024-10-20,19,8,FB,655,0.194
1863,2024-10-21,14,3,QB,50785,0.293
1864,2024-10-21,18,2,HB,4395,0.31
1865,2024-10-21,25,7,HB,18897,0.124
1866,2024-10-21,27,5,QB,7368,0.314
1867,2024-10-21,15,5,QB,9208,0.263
1868,2024-10-22,5,6,HB,24393,0.302
1869,2024-10-22,19,4,FB,11591,0.326
1870,2024-10-22,23,7,QB,83705,0.14
1871,2024-10-22,22,5,EB,67503,0.347
1872,2024-10-23,12,6,QB,75204,0.285
1873,2024-10-23,4,8,QB,20751,0.18
1874,2024-10-23,5,2,QB,25014,0.317
1875,2024-10-23,4,8,QB,32479,0.167
1876,2024-10-23,10,8,QB,11299,0.176
1877,2024-10-23,17,7,QB,17215,0.123
1878,2024-10-23,16,5,EB,18983,0.304
1879,2024-10-24,19,5,QB,71573,0.332
1880,2024-10-24,6,1,EB,17391,0.311
1881,2024-10-24,5,6,FB,712,0.352
1882,2024-10-24,15,7,FB,27058,0.152
1883,2024-10-24,25,5,HB,36063,0.275
1884,2024-10-24,18,4,HB,7029,0.32
1885,2024-10-25,12,8,QB,21477,0.165
1886,2024-10-25,25,1,EB,1714,0.313
1887,2024-10-25,7,5,QB,35133,0.291
1888,2024-10-25,23,1,QB,11295,0.334
1889,2024-10-26,28,1,FB,6424,0.302
1890,2024-10-26,26,5,QB,64006,0.332
1891,2024-10-26,20,1,EB,17288,0.3
1892,2024-10-26,26,7,HB,30991,0.121
1893,2024-10-26,7,8,QB,6167,0.179
1894,2024-10-27,24,2,HB,6415,0.299
1895,2024-10-27,15,4,QB,3690,0.328
1896,2024-10-28,18,3,EB,27673,0.338
1897,2024-10-28,1,4,FB,1585,0.319
1898,2024-10-28,12,8,FB,5962,0.18
1899,2024-10-28,21,5,HB,32457,0.314
1900,2024-10-29,14,6,QB,47579,0.306
1901,2024-10-29,6,3,HB,79817,0.325
1902,2024-10-29,16,2,QB,5763,0.334
1903,2024-10-29,25,4,HB,563,0.272
1904,2024-10-29,16,2,QB,56846,0.291
1905,2024-10-29,11,1,FB,5139,0.309
1906,2024-10-29,28,7,QB,8703,0.14
1907,2024-10-30,28,2,QB,2731,0.308
1908,2024-10-30,4,2,FB,19887,0.352
1909,2024-10-30,1,5,FB,13974,0.327
1910,2024-10-30,7,3,FB,87540,0.366
1911,2024-10-31,7,1,FB,7268,0.253
1912,2024-10-31,7,5,FB,92882,0.324
1913,2024-10-31,26,1,HB,21431,0.305
1914,2024-10-31,9,6,HB,569,0.297
1915,2024-11-01,13,7,HB,13219,0.144
1916,2024-11-01,2,1,HB,30333,0.319
1917,2024-11-02,6,4,EB,3271,0.357
1918,2024-11-02,3,8,HB,28328,0.169
1919,2024-11-02,28,6,EB,25364,0.374
1920,2024-11-03,4,1,FB,29297,0.41
1921,2024-11-04,23,5,FB,74028,0.271
1922,2024-11-04,20,3,HB,131334,0.336
1923,2024-11-05,15,7,HB,11943,0.137
1924,2024-11-05,2,5,QB,6470,0.34
1925,2024-11-06,23,7,FB,13784,0.142
1926,2024-11-06,5,8,HB,11547,0.185
1927,2024-11-06,18,8,HB,13461,0.192
1928,2024-11-06,15,5,HB,247915,0.341
1929,2024-11-07,18,3,EB,37654,0.303
1930,2024-11-07,21,2,QB,10786,0.342
1931,2024-11-07,13,2,QB,13684,0.322
1932,2024-11-07,27,6,HB,37810,0.295
1933,2024-11-08,12,7,EB,1647,0.135
1934,2024-11-08,2,1,QB,74,0.344
1935,2024-11-08,23,4,QB,1335,0.312
1936,2024-11-09,7,4,QB,7749,0.312
1937,2024-11-09,8,3,HB,29149,0.323
1938,2024-11-09,10,3,EB,20564,0.308
1939,2024-11-09,23,3,HB,13688,0.336
1940,2024-11-09,16,4,QB,16231,0.354
1941,2024-11-10,15,4,HB,19735,0.331
1942,2024-11-10,25,3,FB,46307,0.315
1943,2024-11-10,4,6,HB,3331,0.31
1944,2024-11-10,18,8,EB,7927,0.214
1945,2024-11-10,2,8,QB,6272,0.18
1946,2024-11-10,14,2,HB,2401,0.299
1947,2024-11-10,8,2,FB,9992,0.289
1948,2024-11-11,23,4,QB,20315,0.31
1949,2024-11-11,21,1,QB,8741,0.298
1950,2024-11-11,24,1,QB,7624,0.349
1951,2024-11-12,17,4,QB,32030,0.33
1952,2024-11-12,4,4,HB,2888,0.328
1953,2024-11-12,23,7,QB,15538,0.108
1954,2024-11-12,15,4,QB,16564,0.348
1955,2024-11-12,12,8,QB,41012,0.187
1956,2024-11-12,20,5,HB,26018,0.36
1957,2024-11-12,7,7,QB,104214,0.132
1958,2024-11-13,11,8,HB,3525,0.18
1959,2024-11-13,4,5,QB,80359,0.294
1960,2024-11-14,8,6,QB,24138,0.306
1961,2024-11-14,28,1,HB,12944,0.294
1962,2024-11-14,18,8,EB,15546,0.158
1963,2024-11-14,16,5,HB,6935,0.28
1964,2024-11-14,8,1,HB,12238,0.356
1965,2024-11-14,24,3,HB,18571,0.319
1966,2024-11-15,20,2,HB,880,0.314
1967,2024-11-15,22,1,HB,12582,0.291
1968,2024-11-15,11,8,QB,6754,0.196
1969,2024-11-15,28,1,HB,19014,0.315
1970,2024-11-16,4,5,HB,17640,0.303
1971,2024-11-16,10,6,QB,28482,0.309
1972,2024-11-16,25,5,QB,90879,0.324
1973,2024-11-16,22,2,HB,40303,0.289
1974,2024-11-16,3,2,HB,25512,0.312
1975,2024-11-17,9,7,EB,45567,0.141
1976,2024-11-18,8,6,HB,2497,0.338
1977,2024-11-18,19,5,EB,21515,0.355
1978,2024-11-18,26,5,FB,99478,0.352
1979,2024-11-18,16,6,HB,69387,0.324
1980,2024-11-18,20,2,HB,61891,0.32
1981,2024-11-19,4,4,QB,13067,0.314
1982,2024-11-20,11,8,QB,9244,0.179
1983,2024-11-20,15,1,FB,17091,0.346
1984,2024-11-20,13,1,HB,5335,0.321
1985,2024-11-20,14,2,QB,25312,0.309
1986,2024-11-20,12,5,EB,13808,0.306
1987,2024-11-20,20,6,QB,16209,0.347
1988,2024-11-20,27,2,FB,3889,0.282
1989,2024-11-21,18,3,EB,5609,0.314
1990,2024-11-21,2,6,HB,38915,0.317
1991,2024-11-21,9,5,QB,9100,0.335
1992,2024-11-21,28,7,HB,135986,0.128
1993,2024-11-21,28,1,EB,809,0.269
1994,2024-11-22,19,2,HB,1247,0.297
1995,2024-11-22,25,1,FB,24682,0.288
1996,2024-11-23,3,6,QB,4660,0.336
1997,2024-11-23,20,8,HB,24899,0.199
1998,2024-11-23,3,7,FB,37324,0.119
1999,2024-11-23,6,5,HB,3703,0.356
2000,2024-11-24,24,7,HB,101828,0.14
2001,2024-11-24,7,7,HB,37394,0.141
2002,2024-11-24,25,4,HB,23030,0.344
2003,2024-11-24,12,1,QB,6658,0.359
2004,2024-11-24,11,5,QB,190102,0.358
2005,2024-11-24,27,7,QB,159926,0.143
2006,2024-11-25,17,5,QB,46396,0.331
2007,2024-11-25,8,7,QB,79287,0.131
2008,2024-11-25,22,1,EB,2994,0.302
2009,2024-11-25,17,4,QB,10580,0.331
2010,2024-11-26,6,4,QB,2152,0.345
2011,2024-11-26,17,2,QB,78677,0.3
2012,2024-11-26,7,3,HB,70374,0.302
2013,2024-11-27,18,5,HB,13152,0.304
2014,2024-11-27,8,4,QB,15163,0.338
2015,2024-11-27,17,1,HB,13892,0.332
2016,2024-11-27,18,8,QB,27636,0.186
2017,2024-11-27,8,8,HB,37792,0.154
2018,2024-11-28,20,7,HB,26522,0.153
2019,2024-11-28,6,7,HB,33192,0.137
2020,2024-11-29,17,5,QB,66137,0.281
2021,2024-11-29,21,5,QB,94704,0.3
2022,2024-11-29,1,5,HB,31137,0.345
2023,2024-11-29,1,2,HB,22271,0.309
2024,2024-11-29,7,1,QB,5848,0.315
2025,2024-11-30,25,4,FB,22391,0.285
2026,2024-11-30,21,8,HB,17226,0.173
2027,2024-11-30,21,3,HB,10310,0.361
2028,2024-11-30,22,6,QB,65012,0.298
2029,2024-12-01,17,7,EB,138412,0.144
2030,2024-12-01,27,6,HB,18114,0.333
2031,2024-12-02,28,3,EB,5476,0.358
2032,2024-12-02,28,5,QB,21806,0.309
2033,2024-12-02,1,6,FB,8551,0.32
2034,2024-12-02,17,7,QB,97529,0.14
2035,2024-12-02,13,7,EB,14012,0.145
2036,2024-12-03,2,5,FB,22847,0.315
2037,2024-12-03,28,7,EB,28927,0.148
2038,2024-12-03,4,8,FB,507,0.172
2039,2024-12-03,2,7,HB,3677,0.151
2040,2024-12-03,21,7,HB,57709,0.13
2041,2024-12-03,14,8,HB,31899,0.163
2042,2024-12-04,27,3,EB,12089,0.293
2043,2024-12-04,10,4,FB,19850,0.313
2044,2024-12-04,24,2,HB,7052,0.359
2045,2024-12-04,22,7,HB,59622,0.143
2046,2024-12-04,26,8,HB,61814,0.158
2047,2024-12-05,16,2,QB,40539,0.328
2048,2024-12-05,1,3,HB,8858,0.3
2049,2024-12-05,12,8,QB,14798,0.206
2050,2024-12-05,21,2,HB,7941,0.286
2051,2024-12-05,25,4,HB,26241,0.293
2052,2024-12-05,8,2,QB,20439,0.291
2053,2024-12-05,15,5,FB,35654,0.281
2054,2024-12-06,25,2,QB,18327,0.373
2055,2024-12-06,15,5,HB,104576,0.262
2056,2024-12-06,17,5,HB,65003,0.362
2057,2024-12-06,7,3,QB,51577,0.341
2058,2024-12-07,17,3,HB,79211,0.307
2059,2024-12-07,16,1,QB,71642,0.336
2060,2024-12-08,19,8,HB,12698,0.183
2061,2024-12-08,17,8,HB,18130,0.183
2062,2024-12-08,26,4,FB,9148,0.33
2063,2024-12-08,3,3,HB,11904,0.304
2064,2024-12-08,3,7,QB,5463,0.142
2065,2024-12-09,13,4,FB,13578,0.285
2066,2024-12-09,21,6,HB,2476,0.306
2067,2024-12-09,3,6,HB,8191,0.329
2068,2024-12-09,14,8,HB,10612,0.161
2069,2024-12-09,25,2,EB,1633,0.317
2070,2024-12-10,2,3,QB,5031,0.273
2071,2024-12-10,15,6,QB,12752,0.291
2072,2024-12-10,24,6,QB,685,0.289
2073,2024-12-10,11,7,EB,115835,0.15
2074,2024-12-10,2,6,HB,20258,0.286
2075,2024-12-11,7,8,HB,1489,0.18
2076,2024-12-11,16,5,FB,36686,0.344
2077,2024-12-12,22,1,QB,5582,0.299
2078,2024-12-12,2,5,QB,75386,0.278
2079,2024-12-12,8,5,QB,4730,0.33
2080,2024-12-12,21,4,QB,7522,0.305
2081,2024-12-13,2,6,FB,12797,0.304
2082,2024-12-13,25,4,QB,1328,0.336
2083,2024-12-13,12,5,QB,35478,0.34
2084,2024-12-13,16,5,EB,26293,0.311
2085,2024-12-13,6,4,QB,23098,0.281
2086,2024-12-13,4,2,QB,18050,0.38
2087,2024-12-14,20,8,FB,1018,0.179
2088,2024-12-14,28,3,QB,16757,0.341
2089,2024-12-15,21,3,HB,7696,0.321
2090,2024-12-16,22,1,EB,4808,0.312
2091,2024-12-16,4,1,QB,226,0.323
2092,2024-12-16,20,5,HB,17948,0.358
2093,2024-12-16,12,8,HB,7847,0.176
2094,2024-12-16,15,3,QB,37198,0.292
2095,2024-12-16,16,2,QB,294,0.336
2096,2024-12-16,8,7,EB,63499,0.118
2097,2024-12-16,8,4,HB,3612,0.308
2098,2024-12-16,22,3,EB,41040,0.33
2099,2024-12-16,13,7,HB,66236,0.155
2100,2024-12-17,16,8,FB,3642,0.196
2101,2024-12-17,3,4,QB,30425,0.323
2102,2024-12-17,9,7,QB,24470,0.137
2103,2024-12-18,11,6,FB,2288,0.276
2104,2024-12-18,24,8,EB,25602,0.15
2105,2024-12-18,26,6,EB,4163,0.354
2106,2024-12-18,22,6,FB,26624,0.35
2107,2024-12-18,1,6,FB,8614,0.281
2108,2024-12-18,21,4,QB,18242,0.352
2109,2024-12-19,11,5,HB,77429,0.335
2110,2024-12-19,4,1,EB,16157,0.382
2111,2024-12-19,6,1,QB,5250,0.318
2112,2024-12-20,24,1,QB,23435,0.33
2113,2024-12-20,22,4,QB,2509,0.304
2114,2024-12-21,15,8,QB,25030,0.204
2115,2024-12-21,10,7,QB,10471,0.138
2116,2024-12-21,16,3,EB,14168,0.335
2117,2024-12-21,11,5,EB,277194,0.238
2118,2024-12-22,26,6,QB,3170,0.311
2119,2024-12-22,14,2,HB,6282,0.28
2120,2024-12-22,20,4,HB,14087,0.293
2121,2024-12-22,20,8,QB,10261,0.172
2122,2024-12-24,18,7,QB,201035,0.148
2123,2024-12-24,3,2,HB,2016,0.301
2124,2024-12-24,28,5,QB,67062,0.321
2125,2024-12-24,26,5,FB,4516,0.336
2126,2024-12-24,6,1,QB,29270,0.342
2127,2024-12-25,2,5,EB,108150,0.317
2128,2024-12-25,28,4,HB,6127,0.313
2129,2024-12-25,6,3,HB,7473,0.332
2130,2024-12-26,9,3,QB,21828,0.37
2131,2024-12-26,15,8,HB,5174,0.188
2132,2024-12-26,5,6,QB,29997,0.342
2133,2024-12-26,15,2,QB,20575,0.33
2134,2024-12-26,23,6,HB,62215,0.358
2135,2024-12-26,4,6,HB,20438,0.337
2136,2024-12-26,26,2,HB,9330,0.356
2137,2024-12-26,8,8,FB,8336,0.175
2138,2024-12-27,21,2,QB,34063,0.314
2139,2024-12-27,6,2,QB,18487,0.303
2140,2024-12-27,20,2,HB,9959,0.341
2141,2024-12-27,27,3,HB,26958,0.331
2142,2024-12-27,24,1,QB,20740,0.331
2143,2024-12-27,25,4,QB,1798,0.356
2144,2024-12-27,15,5,EB,76667,0.296
2145,2024-12-28,22,5,FB,19897,0.345
2146,2024-12-28,21,3,QB,11886,0.328
2147,2024-12-28,28,8,QB,14837,0.172
2148,2024-12-28,11,3,HB,16128,0.314
2149,2024-12-29,4,6,QB,58887,0.283
2150,2024-12-29,8,2,HB,7466,0.337
2151,2024-12-30,8,2,FB,18760,0.341
2152,2024-12-30,15,6,QB,692,0.281
2153,2024-12-30,14,1,EB,1286,0.32
2154,2024-12-30,3,4,QB,15756,0.312
2155,2024-12-31,4,2,QB,10567,0.302
2156,2025-01-01,20,2,EB,18081,0.272
2157,2025-01-01,14,3,HB,104628,0.304
2158,2025-01-01,18,4,HB,15814,0.31
2159,2025-01-01,27,7,QB,40827,0.128
2160,2025-01-02,24,4,QB,30884,0.293
2161,2025-01-03,18,1,FB,14745,0.35
2162,2025-01-03,20,7,QB,172705,0.123
2163,2025-01-03,25,4,QB,8623,0.321
2164,2025-01-04,7,5,HB,106008,0.335
2165,2025-01-04,9,4,FB,17329,0.35
2166,2025-01-04,19,5,QB,99287,0.331
2167,2025-01-04,7,2,QB,19684,0.321
2168,2025-01-05,14,3,HB,698,0.296
2169,2025-01-05,2,5,QB,42935,0.315
2170,2025-01-06,11,1,QB,11444,0.342
2171,2025-01-06,20,8,HB,82852,0.176
2172,2025-01-07,8,6,HB,57397,0.378
2173,2025-01-07,19,6,EB,8089,0.299
2174,2025-01-07,7,5,HB,29483,0.353
2175,2025-01-07,24,1,QB,36844,0.376
2176,2025-01-08,17,4,FB,24179,0.349
2177,2025-01-08,14,5,EB,109295,0.317
2178,2025-01-08,16,8,FB,40551,0.186
2179,2025-01-08,10,5,HB,30413,0.314
2180,2025-01-08,20,7,QB,2912,0.13
2181,2025-01-08,24,2,QB,7245,0.328
2182,2025-01-09,5,3,HB,102298,0.309
2183,2025-01-09,1,1,FB,10398,0.298
2184,2025-01-09,7,8,HB,12669,0.178
2185,2025-01-09,16,7,HB,117475,0.135
2186,2025-01-10,26,1,QB,20104,0.301
2187,2025-01-10,3,2,QB,74282,0.332
2188,2025-01-11,21,1,EB,12638,0.334
2189,2025-01-11,25,1,EB,30213,0.352
2190,2025-01-12,19,4,HB,15342,0.308
2191,2025-01-13,4,1,HB,8876,0.36
2192,2025-01-13,6,3,QB,13021,0.286
2193,2025-01-13,25,1,HB,55262,0.282
2194,2025-01-13,26,4,HB,21214,0.34
2195,2025-01-14,17,5,EB,107796,0.272
2196,2025-01-14,15,5,FB,39523,0.336
2197,2025-01-14,19,3,FB,250587,0.364
2198,2025-01-14,3,6,HB,120213,0.305
2199,2025-01-15,28,4,HB,1071,0.312
2200,2025-01-15,13,7,HB,58195,0.139
2201,2025-01-15,17,4,HB,10421,0.303
2202,2025-01-16,27,4,QB,5795,0.326
2203,2025-01-17,28,8,HB,50579,0.169
2204,2025-01-17,14,5,FB,104389,0.382
2205,2025-01-17,6,5,FB,86799,0.269
2206,2025-01-17,20,7,QB,136392,0.136
2207,2025-01-17,9,1,FB,21254,0.32
2208,2025-01-18,10,7,HB,325847,0.128
2209,2025-01-18,16,4,HB,13790,0.309
2210,2025-01-20,22,5,EB,51055,0.284
2211,2025-01-20,15,6,HB,5601,0.333
2212,2025-01-20,28,6,QB,22541,0.312
2213,2025-01-20,25,1,QB,22933,0.298
2214,2025-01-20,18,5,FB,56894,0.318
2215,2025-01-21,2,5,HB,177883,0.302
2216,2025-01-21,15,3,EB,5864,0.325
2217,2025-01-22,4,2,QB,176530,0.338
2218,2025-01-22,7,5,EB,90402,0.328
2219,2025-01-23,13,6,HB,18374,0.364
2220,2025-01-23,25,2,QB,134912,0.317
2221,2025-01-23,21,3,QB,8222,0.329
2222,2025-01-23,2,6,EB,135976,0.311
2223,2025-01-23,13,8,HB,3346,0.21
2224,2025-01-23,22,4,QB,8827,0.272
2225,2025-01-23,16,4,HB,52158,0.314
2226,2025-01-25,4,8,HB,97756,0.166
2227,2025-01-25,18,8,QB,30003,0.188
2228,2025-01-25,27,2,HB,13419,0.328
2229,2025-01-25,6,4,EB,1136,0.291
2230,2025-01-25,23,7,FB,73206,0.122
2231,2025-01-25,9,4,HB,1766,0.325
2232,2025-01-26,16,3,EB,24400,0.356
2233,2025-01-26,24,8,QB,55992,0.204
2234,2025-01-26,24,6,FB,119477,0.368
2235,2025-01-27,14,7,HB,2320,0.153
2236,2025-01-27,17,5,EB,131648,0.328
2237,2025-01-27,21,7,QB,130946,0.149
2238,2025-01-27,2,1,HB,15069,0.303
2239,2025-01-27,25,5,QB,61867,0.34
2240,2025-01-27,28,1,HB,22258,0.267
2241,2025-01-27,21,6,QB,44099,0.327
2242,2025-01-28,2,1,FB,38058,0.367
2243,2025-01-28,20,4,FB,4466,0.345
2244,2025-01-28,13,3,HB,60626,0.312
2245,2025-01-28,5,8,HB,76014,0.198
2246,2025-01-29,7,5,HB,25907,0.312
2247,2025-01-29,14,4,EB,42069,0.329
2248,2025-01-29,16,2,EB,31169,0.331
2249,2025-01-30,2,5,QB,13,0.311
2250,2025-01-30,3,7,QB,198152,0.166
2251,2025-01-31,18,5,HB,256904,0.307
2252,2025-02-01,20,2,QB,410,0.322
2253,2025-02-01,11,2,HB,2508,0.299
2254,2025-02-01,28,3,FB,11689,0.288
2255,2025-02-01,11,7,QB,23677,0.149
2256,2025-02-01,26,6,HB,4646,0.346
2257,2025-02-01,14,8,HB,84,0.191
2258,2025-02-01,26,3,QB,18730,0.402
2259,2025-02-01,18,7,EB,11049,0.133
2260,2025-02-02,3,8,HB,52760,0.205
2261,2025-02-02,4,4,QB,7179,0.309
2262,2025-02-02,4,4,QB,12186,0.295
2263,2025-02-02,19,4,HB,2730,0.299
2264,2025-02-03,28,4,FB,29377,0.358
2265,2025-02-03,4,3,QB,57101,0.304
2266,2025-02-04,3,3,HB,14897,0.32
2267,2025-02-04,7,4,HB,11272,0.268
2268,2025-02-05,1,1,QB,15139,0.294
2269,2025-02-05,23,7,QB,72556,0.133
2270,2025-02-05,24,7,QB,147125,0.131
2271,2025-02-06,25,2,QB,10896,0.308
2272,2025-02-06,25,3,HB,54995,0.274
2273,2025-02-06,4,7,QB,28000,0.123
2274,2025-02-06,26,3,QB,2097,0.281
2275,2025-02-06,20,1,EB,12868,0.341
2276,2025-02-06,28,7,EB,82789,0.141
2277,2025-02-07,12,8,HB,67301,0.203
2278,2025-02-07,8,5,HB,126016,0.293
2279,2025-02-07,21,1,QB,37759,0.301
2280,2025-02-07,22,2,HB,16924,0.309
2281,2025-02-07,25,7,EB,72834,0.135
2282,2025-02-08,24,1,EB,5839,0.295
2283,2025-02-08,11,5,FB,99939,0.34
2284,2025-02-08,3,8,QB,14506,0.198
2285,2025-02-08,10,8,QB,30098,0.157
2286,2025-02-08,17,2,HB,33272,0.313
2287,2025-02-09,3,2,HB,31082,0.325
2288,2025-02-09,23,8,HB,20783,0.162
2289,2025-02-09,5,5,QB,37333,0.31
2290,2025-02-09,1,6,HB,791,0.338
2291,2025-02-10,18,7,EB,70916,0.122
2292,2025-02-10,18,5,QB,29927,0.336
2293,2025-02-10,13,8,QB,14583,0.192
2294,2025-02-10,20,7,QB,58585,0.141
2295,2025-02-10,10,8,QB,6946,0.164
2296,2025-02-11,18,6,QB,21748,0.295
2297,2025-02-11,26,3,QB,13847,0.3
2298,2025-02-11,11,1,QB,11401,0.341
2299,2025-02-12,27,6,QB,7400,0.272
2300,2025-02-12,12,6,EB,48642,0.326
2301,2025-02-12,11,2,HB,7674,0.324
2302,2025-02-13,9,6,HB,28082,0.317
2303,2025-02-13,18,2,FB,17114,0.309
2304,2025-02-13,22,5,HB,53818,0.321
2305,2025-02-13,10,5,HB,61414,0.311
2306,2025-02-13,22,2,HB,21344,0.302
2307,2025-02-13,7,2,QB,25032,0.298
2308,2025-02-14,13,7,HB,13724,0.138
2309,2025-02-14,25,8,EB,3699,0.178
2310,2025-02-14,23,3,HB,52686,0.299
2311,2025-02-14,2,8,EB,20536,0.167
2312,2025-02-14,8,3,HB,12202,0.324
2313,2025-02-15,7,1,EB,13525,0.297
2314,2025-02-15,6,6,QB,1958,0.32
2315,2025-02-15,6,3,QB,32426,0.323
2316,2025-02-15,8,5,EB,104623,0.31
2317,2025-02-15,19,3,HB,18746,0.323
2318,2025-02-15,25,7,HB,25325,0.149
2319,2025-02-15,8,4,HB,14923,0.28
2320,2025-02-16,26,1,HB,16960,0.274
2321,2025-02-16,22,7,QB,74178,0.148
2322,2025-02-16,6,3,HB,27298,0.287
2323,2025-02-16,9,6,HB,51447,0.341
2324,2025-02-16,26,7,QB,4275,0.128
2325,2025-02-16,26,2,HB,3335,0.333
2326,2025-02-17,2,8,HB,19104,0.204
2327,2025-02-17,5,2,HB,2101,0.322
2328,2025-02-17,1,5,QB,44322,0.301
2329,2025-02-17,7,1,QB,20136,0.268
2330,2025-02-18,27,4,QB,33335,0.332
2331,2025-02-18,18,8,QB,21944,0.184
2332,2025-02-18,22,1,QB,4285,0.372
2333,2025-02-18,9,2,FB,12896,0.312
2334,2025-02-18,4,8,HB,1213,0.178
2335,2025-02-18,23,6,FB,2082,0.309
2336,2025-02-18,22,7,HB,16548,0.145
2337,2025-02-18,11,4,HB,6566,0.336
2338,2025-02-18,9,1,HB,51965,0.32
2339,2025-02-19,21,6,HB,11057,0.305
2340,2025-02-19,16,5,HB,111323,0.318
2341,2025-02-19,25,5,FB,318876,0.326
2342,2025-02-19,3,1,HB,8885,0.295
2343,2025-02-20,10,4,HB,52743,0.334
2344,2025-02-20,5,7,HB,117671,0.145
2345,2025-02-20,27,8,QB,11894,0.174
2346,2025-02-20,16,6,QB,41984,0.319
2347,2025-02-20,6,1,QB,3170,0.324
2348,2025-02-21,10,1,HB,14501,0.354
2349,2025-02-21,8,1,FB,2823,0.309
2350,2025-02-21,27,6,EB,27987,0.325
2351,2025-02-22,8,3,HB,124350,0.346
2352,2025-02-22,6,8,HB,13967,0.174
2353,2025-02-22,8,7,HB,12182,0.119
2354,2025-02-22,20,7,EB,54464,0.151
2355,2025-02-22,9,5,FB,39900,0.376
2356,2025-02-22,10,2,QB,10228,0.307
2357,2025-02-23,15,1,FB,15389,0.342
2358,2025-02-23,9,6,EB,18959,0.334
2359,2025-02-24,19,5,QB,169509,0.349
2360,2025-02-24,9,2,FB,11579,0.307
2361,2025-02-24,7,4,QB,5005,0.3
2362,2025-02-24,24,4,HB,30917,0.306
2363,2025-02-24,25,4,QB,345,0.369
2364,2025-02-24,15,2,EB,9841,0.317
2365,2025-02-25,16,8,EB,15694,0.205
2366,2025-02-25,9,7,HB,2447,0.143
2367,2025-02-25,26,3,QB,9988,0.294
2368,2025-02-25,4,1,FB,10454,0.309
2369,2025-02-25,24,6,HB,23288,0.245
2370,2025-02-26,10,2,QB,83119,0.307
2371,2025-02-26,20,6,FB,23171,0.341
2372,2025-02-26,28,2,QB,13033,0.32
2373,2025-02-27,1,2,EB,14422,0.349
2374,2025-02-27,22,5,HB,27421,0.315
2375,2025-02-27,23,6,HB,47611,0.357
2376,2025-02-28,2,7,HB,20057,0.148
2377,2025-02-28,21,2,HB,11457,0.317
2378,2025-02-28,13,7,QB,31199,0.134
2379,2025-02-28,6,6,QB,37893,0.323
2380,2025-03-01,21,6,QB,16721,0.343
2381,2025-03-02,24,4,HB,31123,0.343
2382,2025-03-02,4,7,EB,99525,0.15
2383,2025-03-02,22,3,EB,30843,0.344
2384,2025-03-03,17,3,EB,62169,0.342
2385,2025-03-03,4,7,HB,19092,0.141
2386,2025-03-03,27,7,FB,48558,0.144
2387,2025-03-03,11,2,QB,6145,0.336
2388,2025-03-04,25,8,QB,5882,0.175
2389,2025-03-05,7,7,FB,335073,0.143
2390,2025-03-05,23,4,HB,9017,0.365
2391,2025-03-05,9,2,HB,24084,0.353
2392,2025-03-05,3,2,QB,15463,0.283
2393,2025-03-06,10,2,HB,158,0.33
2394,2025-03-06,23,2,FB,32587,0.297
2395,2025-03-06,14,8,QB,2754,0.189
2396,2025-03-06,23,8,HB,36287,0.175
2397,2025-03-07,11,2,EB,17391,0.309
2398,2025-03-07,24,6,EB,7598,0.357
2399,2025-03-07,15,6,QB,2009,0.337
2400,2025-03-08,20,5,HB,123552,0.303
2401,2025-03-08,9,6,HB,10453,0.36
2402,2025-03-08,8,1,FB,12464,0.305
2403,2025-03-10,25,6,HB,36345,0.333
2404,2025-03-10,3,8,FB,28897,0.182
2405,2025-03-10,6,5,HB,3514,0.313
2406,2025-03-10,25,1,HB,38891,0.33
2407,2025-03-10,17,1,HB,27668,0.332
2408,2025-03-11,4,5,FB,189621,0.359
2409,2025-03-11,20,5,FB,74545,0.304
2410,2025-03-11,11,6,EB,13294,0.341
2411,2025-03-12,20,4,QB,14087,0.284
2412,2025-03-12,12,8,EB,15752,0.173
2413,2025-03-12,18,4,QB,15603,0.313
2414,2025-03-13,26,7,HB,91525,0.158
2415,2025-03-14,13,2,HB,33200,0.321
2416,2025-03-14,22,2,HB,17911,0.294
2417,2025-03-14,22,2,FB,43132,0.332
2418,2025-03-14,26,1,HB,12466,0.331
2419,2025-03-14,19,5,EB,117659,0.361
2420,2025-03-15,18,4,FB,24479,0.326
2421,2025-03-15,27,6,QB,27552,0.304
2422,2025-03-16,13,4,FB,9015,0.309
2423,2025-03-16,18,3,FB,19898,0.362
2424,2025-03-16,10,3,FB,1518,0.324
2425,2025-03-16,5,2,FB,24737,0.346
2426,2025-03-16,18,8,QB,33522,0.201
2427,2025-03-17,12,3,FB,57266,0.323
2428,2025-03-17,4,3,QB,19673,0.334
2429,2025-03-17,23,5,HB,33054,0.349
2430,2025-03-17,12,4,HB,56760,0.347
2431,2025-03-18,26,6,QB,6148,0.355
2432,2025-03-18,13,6,EB,3514,0.325
2433,2025-03-18,15,3,FB,61706,0.325
2434,2025-03-18,2,5,EB,282083,0.3
2435,2025-03-19,24,1,HB,5364,0.286
2436,2025-03-19,27,6,QB,5420,0.34
2437,2025-03-19,4,6,QB,2250,0.333
2438,2025-03-19,6,6,QB,10673,0.322
2439,2025-03-19,21,8,HB,19051,0.203
2440,2025-03-20,12,6,EB,16555,0.33
2441,2025-03-20,13,2,QB,6546,0.363
2442,2025-03-20,23,6,EB,2686,0.291
2443,2025-03-21,21,7,HB,150969,0.175
2444,2025-03-21,19,1,HB,6486,0.317
2445,2025-03-21,19,1,FB,52659,0.31
2446,2025-03-21,8,5,QB,53702,0.286
2447,2025-03-21,23,6,FB,13694,0.319
2448,2025-03-21,13,2,EB,37580,0.28
2449,2025-03-22,15,6,HB,7376,0.361
2450,2025-03-22,13,6,EB,34406,0.305
2451,2025-03-22,11,3,FB,32420,0.296
2452,2025-03-22,13,7,HB,77676,0.113
2453,2025-03-23,15,4,QB,9936,0.3
2454,2025-03-24,10,4,HB,1474,0.31
2455,2025-03-25,15,7,FB,23641,0.144
2456,2025-03-25,2,5,QB,245914,0.333
2457,2025-03-25,2,2,QB,6997,0.326
2458,2025-03-25,27,8,HB,32842,0.179
2459,2025-03-25,11,4,HB,4104,0.354
2460,2025-03-26,21,8,QB,78503,0.175
2461,2025-03-27,25,2,FB,9736,0.301
2462,2025-03-29,9,3,EB,1734,0.317
2463,2025-03-29,1,6,FB,14637,0.319
2464,2025-03-30,10,1,QB,25955,0.295
2465,2025-03-30,8,2,FB,11863,0.307
2466,2025-03-30,17,3,HB,126344,0.324
2467,2025-03-31,9,2,FB,27094,0.296
2468,2025-03-31,8,6,EB,8243,0.279
2469,2025-03-31,9,6,QB,9202,0.299
2470,2025-04-01,23,8,HB,6189,0.208
2471,2025-04-01,18,5,EB,96506,0.305
2472,2025-04-01,24,7,QB,34688,0.139
2473,2025-04-01,3,3,HB,2178,0.333
2474,2025-04-02,3,4,HB,25732,0.303
2475,2025-04-03,23,2,HB,22021,0.338
2476,2025-04-03,15,2,HB,42447,0.377
2477,2025-04-03,17,7,FB,85510,0.151
2478,2025-04-03,5,8,QB,24674,0.183
2479,2025-04-04,10,7,FB,183516,0.152
2480,2025-04-04,21,6,HB,14476,0.329
2481,2025-04-04,4,6,HB,12955,0.373
2482,2025-04-04,13,1,EB,58412,0.302
2483,2025-04-04,22,4,QB,3305,0.316
2484,2025-04-05,6,2,HB,9325,0.271
2485,2025-04-05,7,7,HB,19956,0.095
2486,2025-04-05,7,2,HB,21951,0.341
2487,2025-04-06,14,3,FB,44096,0.33
2488,2025-04-06,10,6,HB,3747,0.358
2489,2025-04-06,23,8,FB,11257,0.189
2490,2025-04-06,13,2,QB,22877,0.344
2491,2025-04-07,23,2,HB,3230,0.332
2492,2025-04-07,24,5,QB,49923,0.33
2493,2025-04-07,14,7,HB,111785,0.14
2494,2025-04-08,21,8,HB,28171,0.163
2495,2025-04-08,21,3,QB,1375,0.355
2496,2025-04-08,8,3,EB,8577,0.356
2497,2025-04-09,24,5,QB,15418,0.345
2498,2025-04-09,11,3,EB,23140,0.298
2499,2025-04-09,5,5,QB,380690,0.345
2500,2025-04-10,12,1,QB,22422,0.34
2501,2025-04-10,25,5,QB,176513,0.35
2502,2025-04-10,4,8,QB,11674,0.2
2503,2025-04-10,23,6,HB,893,0.31
2504,2025-04-10,5,3,HB,61282,0.317
2505,2025-04-10,3,8,FB,14620,0.183
2506,2025-04-11,2,1,HB,41720,0.309
2507,2025-04-12,26,3,EB,67829,0.334
2508,2025-04-12,16,4,HB,80906,0.312
2509,2025-04-12,16,7,QB,243,0.098
2510,2025-04-12,12,2,HB,54592,0.334
2511,2025-04-13,4,5,FB,913,0.334
2512,2025-04-13,5,5,HB,119512,0.347
2513,2025-04-13,9,6,HB,150609,0.311
2514,2025-04-13,23,7,QB,111757,0.141
2515,2025-04-14,16,1,QB,9996,0.264
2516,2025-04-14,1,3,HB,43775,0.342
2517,2025-04-14,20,4,HB,12563,0.355
2518,2025-04-15,21,7,HB,188328,0.163
2519,2025-04-15,6,5,FB,140958,0.274
2520,2025-04-15,27,3,EB,17425,0.333
2521,2025-04-15,27,2,HB,6065,0.324
2522,2025-04-15,8,4,QB,44855,0.31
2523,2025-04-15,27,4,EB,13982,0.356
2524,2025-04-15,13,6,QB,19457,0.339
2525,2025-04-15,11,4,HB,22035,0.358
2526,2025-04-16,8,1,HB,2568,0.35
2527,2025-04-16,20,7,HB,13121,0.155
2528,2025-04-16,17,1,HB,12290,0.319
2529,2025-04-16,8,3,HB,36022,0.359
2530,2025-04-16,4,8,HB,45578,0.157
2531,2025-04-17,2,3,EB,8528,0.295
2532,2025-04-17,14,1,FB,10965,0.349
2533,2025-04-17,20,3,HB,33188,0.354
2534,2025-04-18,17,4,EB,4973,0.319
2535,2025-04-18,27,4,QB,462,0.304
2536,2025-04-18,26,7,QB,31463,0.132
2537,2025-04-18,16,1,QB,61732,0.334
2538,2025-04-18,22,8,QB,63089,0.178
2539,2025-04-18,20,7,QB,110389,0.154
2540,2025-04-19,27,2,QB,7253,0.353
2541,2025-04-19,16,6,FB,2989,0.327
2542,2025-04-19,9,1,FB,31997,0.322
2543,2025-04-19,19,2,QB,33139,0.313
2544,2025-04-19,12,1,HB,28142,0.33
2545,2025-04-20,12,7,QB,30767,0.136
2546,2025-04-20,26,3,FB,11897,0.282
2547,2025-04-20,6,2,QB,7844,0.294
2548,2025-04-21,10,7,FB,48543,0.129
2549,2025-04-21,3,4,QB,31284,0.328
2550,2025-04-21,6,2,HB,66675,0.312
2551,2025-04-21,18,2,QB,24054,0.312
2552,2025-04-21,11,5,QB,87587,0.294
2553,2025-04-21,21,3,HB,64851,0.334
2554,2025-04-21,18,3,FB,30767,0.286
2555,2025-04-21,23,6,EB,9582,0.324
2556,2025-04-22,22,5,EB,32299,0.273
2557,2025-04-22,1,6,FB,34831,0.318
2558,2025-04-22,17,3,HB,43272,0.292
2559,2025-04-22,5,5,FB,65337,0.299
2560,2025-04-22,9,8,HB,123030,0.197
2561,2025-04-22,21,7,HB,35408,0.146
2562,2025-04-23,14,6,EB,1153,0.343
2563,2025-04-23,15,1,FB,6135,0.332
2564,2025-04-24,9,2,EB,11621,0.349
2565,2025-04-24,9,1,QB,2689,0.27
2566,2025-04-24,19,5,HB,13201,0.323
2567,2025-04-24,5,7,EB,32584,0.147
2568,2025-04-25,23,8,QB,53749,0.179
2569,2025-04-26,20,5,HB,43282,0.319
2570,2025-04-26,17,2,HB,3921,0.317
2571,2025-04-26,26,2,HB,5452,0.292
2572,2025-04-26,20,7,HB,28155,0.157
2573,2025-04-26,15,6,QB,39366,0.339
2574,2025-04-26,17,3,QB,4847,0.326
2575,2025-04-27,10,5,HB,78463,0.297
2576,2025-04-27,3,6,QB,83138,0.359
2577,2025-04-27,22,3,QB,30534,0.319
2578,2025-04-27,9,8,EB,28394,0.173
2579,2025-04-28,16,6,QB,18006,0.35
2580,2025-04-29,3,7,QB,58935,0.131
2581,2025-04-29,10,1,QB,9407,0.328
2582,2025-04-29,20,5,QB,128475,0.324
2583,2025-04-29,10,6,QB,71852,0.322
2584,2025-04-29,6,7,QB,84604,0.136
2585,2025-04-29,9,2,HB,15760,0.287
2586,2025-04-29,4,5,QB,24267,0.301
2587,2025-05-01,1,2,HB,1976,0.359
2588,2025-05-01,2,5,FB,73110,0.318
2589,2025-05-01,8,4,FB,22665,0.304
2590,2025-05-01,24,4,QB,1619,0.328
2591,2025-05-01,17,3,QB,79837,0.335
2592,2025-05-01,2,2,HB,7928,0.302
2593,2025-05-01,12,5,FB,191106,0.297
2594,2025-05-01,5,8,HB,26561,0.163
2595,2025-05-02,1,2,QB,1931,0.348
2596,2025-05-02,15,4,HB,6853,0.308
2597,2025-05-02,11,6,EB,680,0.288
2598,2025-05-03,20,6,FB,746,0.34
2599,2025-05-03,8,5,HB,26475,0.332
2600,2025-05-03,2,2,HB,8437,0.324
2601,2025-05-03,21,7,HB,76253,0.155
2602,2025-05-03,12,6,HB,92345,0.351
2603,2025-05-03,14,6,QB,17146,0.277
2604,2025-05-03,20,1,EB,15525,0.316
2605,2025-05-03,11,7,HB,87869,0.124
2606,2025-05-04,27,5,HB,106420,0.345
2607,2025-05-04,16,3,HB,1111,0.326
2608,2025-05-04,23,4,QB,1705,0.314
2609,2025-05-04,18,7,HB,18465,0.149
2610,2025-05-04,21,1,EB,38200,0.318
2611,2025-05-04,18,2,HB,21654,0.294
2612,2025-05-05,28,3,QB,27766,0.275
2613,2025-05-05,4,8,HB,31025,0.189
2614,2025-05-06,24,3,EB,85417,0.295
2615,2025-05-06,27,2,FB,34195,0.31
2616,2025-05-06,8,8,FB,30891,0.181
2617,2025-05-06,6,8,HB,3776,0.188
2618,2025-05-06,19,3,HB,4196,0.345
2619,2025-05-06,6,7,QB,45072,0.159
2620,2025-05-07,4,4,QB,111,0.279
2621,2025-05-07,18,8,QB,2464,0.155
2622,2025-05-07,20,2,HB,33805,0.33
2623,2025-05-07,9,8,HB,5623,0.202
2624,2025-05-08,13,5,HB,258040,0.309
2625,2025-05-08,12,3,HB,51997,0.322
2626,2025-05-08,13,2,EB,9289,0.321
2627,2025-05-09,18,7,FB,20427,0.123
2628,2025-05-09,12,5,HB,86423,0.31
2629,2025-05-09,18,1,FB,39952,0.316
2630,2025-05-09,17,4,FB,948,0.294
2631,2025-05-10,21,5,HB,11847,0.308
2632,2025-05-10,13,8,FB,20558,0.184
2633,2025-05-10,27,8,QB,6231,0.184
2634,2025-05-10,28,2,HB,7105,0.332
2635,2025-05-10,1,7,HB,48486,0.135
2636,2025-05-10,11,1,EB,503,0.318
2637,2025-05-11,12,3,QB,18478,0.36
2638,2025-05-11,18,2,HB,1620,0.3
2639,2025-05-11,10,6,EB,39118,0.33
2640,2025-05-12,25,8,HB,3885,0.182
2641,2025-05-13,17,2,QB,2966,0.268
2642,2025-05-13,8,4,QB,3087,0.333
2643,2025-05-13,3,5,QB,9587,0.335
2644,2025-05-14,3,8,HB,5981,0.202
2645,2025-05-14,9,7,QB,12557,0.141
2646,2025-05-14,27,3,HB,472,0.347
2647,2025-05-14,10,3,QB,40986,0.294
2648,2025-05-15,8,6,EB,24835,0.301
2649,2025-05-15,10,2,HB,76221,0.292
2650,2025-05-15,15,8,QB,25500,0.189
2651,2025-05-15,1,6,HB,26458,0.319
2652,2025-05-16,24,6,QB,16749,0.347
2653,2025-05-16,7,2,EB,22128,0.309
2654,2025-05-16,23,4,QB,14531,0.347
2655,2025-05-16,27,1,HB,26199,0.32
2656,2025-05-17,21,8,HB,23349,0.175
2657,2025-05-17,27,2,QB,26288,0.343
2658,2025-05-17,21,8,HB,26704,0.177
2659,2025-05-17,12,3,HB,57189,0.352
2660,2025-05-17,10,7,QB,59808,0.133
2661,2025-05-17,2,5,EB,14819,0.347
2662,2025-05-17,18,7,EB,8041,0.126
2663,2025-05-18,1,7,EB,65272,0.147
2664,2025-05-18,10,5,HB,163948,0.288
2665,2025-05-18,4,1,QB,42897,0.313
2666,2025-05-18,26,4,EB,3734,0.264
2667,2025-05-19,1,8,FB,3409,0.188
2668,2025-05-19,7,8,EB,12731,0.198
2669,2025-05-19,12,4,HB,19590,0.373
2670,2025-05-19,2,7,FB,37589,0.144
2671,2025-05-19,10,7,HB,188656,0.148
2672,2025-05-20,3,8,QB,14686,0.192
2673,2025-05-20,22,3,QB,15180,0.334
2674,2025-05-20,23,4,EB,7991,0.318
2675,2025-05-20,3,7,EB,85842,0.135
2676,2025-05-20,25,3,HB,5559,0.279
2677,2025-05-21,16,3,QB,4464,0.336
2678,2025-05-21,11,2,QB,3468,0.303
2679,2025-05-21,12,8,QB,8126,0.195
2680,2025-05-21,14,6,HB,73641,0.346
2681,2025-05-21,2,1,QB,32297,0.259
2682,2025-05-21,24,5,QB,4375,0.368
2683,2025-05-21,4,5,EB,11086,0.318
2684,2025-05-21,14,4,EB,36155,0.339
2685,2025-05-21,4,7,FB,15014,0.126
2686,2025-05-21,19,7,FB,23264,0.134
2687,2025-05-22,19,2,EB,21626,0.32
2688,2025-05-22,26,5,HB,104035,0.319
2689,2025-05-22,24,7,QB,27861,0.161
2690,2025-05-23,26,8,QB,12711,0.196
2691,2025-05-23,26,6,QB,11200,0.334
2692,2025-05-23,5,5,QB,175,0.334
2693,2025-05-24,19,4,EB,9990,0.297
2694,2025-05-24,25,4,QB,387,0.386
2695,2025-05-24,24,4,QB,5444,0.304
2696,2025-05-24,19,7,FB,10692,0.129
2697,2025-05-24,4,4,HB,13554,0.35
2698,2025-05-25,15,4,HB,881,0.363
2699,2025-05-25,4,8,QB,10731,0.186
2700,2025-05-26,3,4,HB,13285,0.345
2701,2025-05-26,26,2,HB,453,0.358
2702,2025-05-26,2,2,QB,13558,0.304
2703,2025-05-27,21,5,QB,87470,0.292
2704,2025-05-27,8,5,FB,897,0.347
2705,2025-05-28,5,5,HB,11515,0.318
2706,2025-05-28,23,7,HB,4633,0.146
2707,2025-05-28,17,8,HB,5239,0.172
2708,2025-05-29,26,4,QB,8100,0.329
2709,2025-05-30,13,2,QB,5201,0.355
2710,2025-05-30,24,3,QB,31381,0.341
2711,2025-05-30,13,4,HB,24719,0.356
2712,2025-05-30,18,6,QB,1577,0.374
2713,2025-05-31,20,5,QB,77964,0.343
2714,2025-05-31,20,2,QB,1313,0.287
2715,2025-05-31,15,1,HB,2893,0.288
2716,2025-06-01,21,2,FB,10494,0.337
2717,2025-06-01,13,2,QB,6598,0.29
2718,2025-06-01,11,8,QB,1455,0.167
2719,2025-06-01,27,2,FB,9126,0.287
2720,2025-06-01,24,3,HB,8674,0.329
2721,2025-06-01,14,3,HB,12121,0.325
2722,2025-06-01,21,1,QB,4768,0.337
2723,2025-06-01,7,5,EB,120593,0.328
2724,2025-06-02,15,4,QB,18813,0.281
2725,2025-06-02,23,2,HB,6201,0.332
2726,2025-06-03,18,4,EB,5767,0.334
2727,2025-06-03,2,6,HB,67545,0.364
2728,2025-06-03,10,8,HB,11268,0.19
2729,2025-06-03,16,2,HB,3824,0.316
2730,2025-06-04,16,5,HB,134242,0.329
2731,2025-06-04,15,3,FB,63685,0.341
2732,2025-06-04,27,3,HB,8793,0.363
2733,2025-06-04,12,7,QB,66085,0.159
2734,2025-06-04,28,8,EB,2044,0.206
2735,2025-06-05,18,3,HB,17641,0.282
2736,2025-06-05,15,3,QB,13253,0.296
2737,2025-06-05,7,5,HB,116863,0.332
2738,2025-06-05,25,3,QB,32901,0.33
2739,2025-06-07,14,1,EB,9574,0.349
2740,2025-06-07,25,2,HB,287,0.33
2741,2025-06-08,3,1,HB,15815,0.265
2742,2025-06-08,15,4,FB,1502,0.347
2743,2025-06-08,15,3,HB,18223,0.285
2744,2025-06-08,15,7,QB,50841,0.147
2745,2025-06-08,26,6,HB,29441,0.335
2746,2025-06-08,20,2,HB,28482,0.358
2747,2025-06-08,22,7,EB,21651,0.158
2748,2025-06-08,22,2,QB,6107,0.318
2749,2025-06-09,26,2,QB,35171,0.318
2750,2025-06-09,17,1,EB,778,0.264
2751,2025-06-09,10,7,FB,45990,0.145
2752,2025-06-09,13,6,QB,6597,0.319
2753,2025-06-09,11,1,FB,6432,0.322
2754,2025-06-09,20,6,QB,58117,0.37
2755,2025-06-09,24,7,HB,108834,0.148
2756,2025-06-09,2,2,QB,7804,0.306
2757,2025-06-10,25,7,FB,32772,0.131
2758,2025-06-10,25,3,QB,19656,0.332
2759,2025-06-10,7,1,HB,1178,0.354
2760,2025-06-10,12,1,FB,52549,0.309
2761,2025-06-11,25,5,QB,3550,0.335
2762,2025-06-12,25,3,QB,1350,0.312
2763,2025-06-12,19,8,FB,37525,0.168
2764,2025-06-12,19,5,EB,100452,0.33
2765,2025-06-12,26,1,QB,838,0.248
2766,2025-06-13,9,8,HB,2716,0.188
2767,2025-06-13,24,6,QB,11231,0.304
2768,2025-06-13,10,7,FB,43181,0.146
2769,2025-06-14,11,1,EB,25124,0.295
2770,2025-06-14,9,6,HB,49299,0.325
2771,2025-06-14,22,5,HB,54050,0.343
2772,2025-06-15,4,8,QB,10627,0.2
2773,2025-06-15,4,4,HB,24728,0.343
2774,2025-06-15,26,8,HB,49567,0.178
2775,2025-06-15,20,2,QB,32311,0.323
2776,2025-06-15,14,8,HB,9561,0.195
2777,2025-06-15,23,5,FB,166416,0.314
2778,2025-06-16,21,6,HB,16466,0.297
2779,2025-06-16,20,8,HB,23978,0.194
2780,2025-06-16,11,1,EB,7428,0.323
2781,2025-06-17,12,1,EB,10549,0.322
2782,2025-06-17,26,3,EB,48221,0.339
2783,2025-06-17,13,8,HB,38960,0.165
2784,2025-06-19,7,2,QB,36462,0.333
2785,2025-06-19,12,3,FB,36465,0.329
2786,2025-06-19,11,6,HB,1558,0.329
2787,2025-06-19,21,7,HB,9103,0.129
2788,2025-06-20,20,5,EB,84687,0.282
2789,2025-06-20,11,7,HB,61447,0.123
2790,2025-06-20,26,1,QB,11082,0.369
2791,2025-06-20,20,4,EB,4789,0.305
2792,2025-06-21,26,3,EB,9846,0.292
2793,2025-06-21,10,7,EB,33350,0.155
2794,2025-06-21,14,7,HB,42426,0.148
2795,2025-06-21,5,5,HB,253517,0.341
2796,2025-06-21,6,1,HB,4376,0.272
2797,2025-06-22,28,8,QB,2982,0.189
2798,2025-06-22,27,2,QB,18379,0.344
2799,2025-06-23,22,4,HB,5828,0.349
2800,2025-06-23,5,3,QB,60633,0.279
2801,2025-06-23,16,1,HB,2911,0.334
2802,2025-06-24,12,7,HB,32706,0.135
2803,2025-06-24,20,7,EB,17906,0.136
2804,2025-06-24,10,1,HB,860,0.281
2805,2025-06-24,18,1,FB,1537,0.349
2806,2025-06-24,20,2,FB,75142,0.343
2807,2025-06-25,12,1,HB,139,0.306
2808,2025-06-25,20,3,HB,22395,0.334
2809,2025-06-25,20,7,QB,100440,0.13
2810,2025-06-26,24,7,FB,57683,0.147
2811,2025-06-26,9,6,HB,10786,0.324
2812,2025-06-26,18,1,QB,44941,0.343
2813,2025-06-26,22,4,HB,33109,0.35
2814,2025-06-27,23,5,HB,13650,0.317
2815,2025-06-27,10,8,EB,39518,0.16
2816,2025-06-27,18,4,QB,60497,0.263
2817,2025-06-28,7,7,EB,6323,0.141
2818,2025-06-28,19,1,HB,12614,0.342
2819,2025-06-28,8,8,FB,38371,0.192
2820,2025-06-28,8,7,QB,45252,0.146
2821,2025-06-29,21,6,HB,23644,0.349
2822,2025-06-29,8,6,FB,30184,0.371
2823,2025-06-29,16,3,FB,1733,0.357
2824,2025-06-29,9,7,HB,70535,0.152
2825,2025-06-29,25,4,HB,29713,0.3
2826,2025-06-29,21,1,HB,7821,0.361
2827,2025-06-30,4,2,HB,5663,0.364
2828,2025-06-30,2,5,HB,97776,0.31
2829,2025-06-30,28,6,QB,33616,0.297
2830,2025-07-01,2,6,HB,9330,0.271
2831,2025-07-02,10,3,FB,12625,0.347
2832,2025-07-02,16,8,FB,193,0.203
2833,2025-07-02,8,4,FB,3189,0.333
2834,2025-07-02,18,6,HB,5961,0.349
2835,2025-07-03,18,8,EB,7938,0.186
2836,2025-07-03,15,4,HB,19583,0.313
2837,2025-07-03,7,4,QB,3576,0.327
2838,2025-07-03,10,4,EB,37460,0.298
2839,2025-07-03,19,2,HB,41265,0.277
2840,2025-07-03,2,5,HB,34634,0.307
2841,2025-07-03,28,3,HB,1063,0.346
2842,2025-07-03,15,1,QB,15155,0.321
2843,2025-07-03,19,8,QB,4467,0.189
2844,2025-07-03,22,7,HB,20708,0.125
2845,2025-07-04,20,2,EB,42146,0.33
2846,2025-07-05,4,2,FB,4693,0.356
2847,2025-07-05,21,4,HB,4336,0.296
2848,2025-07-06,27,5,HB,40383,0.326
2849,2025-07-06,26,3,HB,39622,0.359
2850,2025-07-06,3,4,EB,7764,0.328
2851,2025-07-06,15,6,HB,4841,0.351
2852,2025-07-06,14,1,HB,512,0.326
2853,2025-07-06,13,8,EB,25453,0.19
2854,2025-07-07,22,5,FB,26156,0.279
2855,2025-07-07,3,6,EB,1458,0.292
2856,2025-07-08,23,4,FB,923,0.335
2857,2025-07-08,14,8,QB,14475,0.15
2858,2025-07-08,14,1,EB,2056,0.332
2859,2025-07-09,27,5,QB,191404,0.336
2860,2025-07-09,22,5,QB,10592,0.297
2861,2025-07-09,10,4,QB,9896,0.32
2862,2025-07-09,10,7,EB,13637,0.149
2863,2025-07-10,28,7,HB,45792,0.146
2864,2025-07-10,24,6,HB,157446,0.31
2865,2025-07-10,8,3,EB,12473,0.333
2866,2025-07-10,20,7,HB,33607,0.128
2867,2025-07-10,23,7,EB,4794,0.144
2868,2025-07-10,5,3,FB,54815,0.344
2869,2025-07-10,18,1,HB,18438,0.347
2870,2025-07-11,2,7,QB,137619,0.144
2871,2025-07-11,1,5,QB,121746,0.299
2872,2025-07-11,22,6,QB,5832,0.349
2873,2025-07-11,1,2,QB,810,0.299
2874,2025-07-11,20,7,HB,3850,0.14
2875,2025-07-12,23,7,HB,31779,0.149
2876,2025-07-12,4,4,HB,23130,0.338
2877,2025-07-12,28,7,EB,49693,0.133
2878,2025-07-12,18,8,HB,17758,0.17
2879,2025-07-12,20,5,EB,72816,0.289
2880,2025-07-13,26,2,HB,7234,0.308
2881,2025-07-13,8,7,QB,28455,0.137
2882,2025-07-13,3,6,QB,2923,0.326
2883,2025-07-14,23,2,HB,21249,0.25
2884,2025-07-14,17,5,HB,114955,0.311
2885,2025-07-14,13,6,FB,61704,0.317
2886,2025-07-15,24,5,EB,31564,0.313
2887,2025-07-15,6,2,HB,16146,0.329
2888,2025-07-15,26,5,HB,101001,0.304
2889,2025-07-15,7,6,HB,16107,0.343
2890,2025-07-15,6,3,QB,16324,0.281
2891,2025-07-15,7,8,QB,36453,0.152
2892,2025-07-15,19,2,HB,15189,0.309
2893,2025-07-15,17,8,QB,19241,0.181
2894,2025-07-15,27,2,HB,8888,0.338
2895,2025-07-16,6,7,FB,114971,0.138
2896,2025-07-16,23,8,QB,7959,0.17
2897,2025-07-16,23,3,QB,9235,0.297
2898,2025-07-17,20,7,EB,75415,0.145
2899,2025-07-17,17,5,QB,57255,0.259
2900,2025-07-17,2,1,QB,7926,0.324
2901,2025-07-17,20,1,QB,3927,0.335
2902,2025-07-17,23,8,FB,9770,0.164
2903,2025-07-17,1,1,HB,335,0.366
2904,2025-07-18,1,5,HB,88528,0.306
2905,2025-07-18,28,2,EB,23525,0.302
2906,2025-07-18,24,3,FB,29388,0.324
2907,2025-07-19,12,3,HB,5850,0.317
2908,2025-07-19,9,8,QB,24906,0.179
2909,2025-07-19,6,7,HB,25315,0.122
2910,2025-07-19,25,7,HB,34466,0.15
2911,2025-07-20,15,8,FB,3025,0.176
2912,2025-07-20,4,4,HB,22323,0.299
2913,2025-07-20,27,8,HB,53394,0.167
2914,2025-07-20,25,1,FB,21163,0.345
2915,2025-07-20,23,7,QB,15891,0.133
2916,2025-07-21,15,3,HB,13559,0.315
2917,2025-07-21,9,4,HB,14577,0.289
2918,2025-07-21,15,5,FB,26743,0.323
2919,2025-07-21,19,2,HB,7736,0.324
2920,2025-07-22,7,2,QB,735,0.282
2921,2025-07-22,3,2,FB,2596,0.332
2922,2025-07-22,5,1,QB,52968,0.309
2923,2025-07-22,10,8,FB,11012,0.159
2924,2025-07-22,20,4,QB,5648,0.305
2925,2025-07-22,8,5,EB,50264,0.321
2926,2025-07-23,22,2,HB,6031,0.336
2927,2025-07-23,13,6,QB,4662,0.334
2928,2025-07-23,15,1,QB,42645,0.311
2929,2025-07-23,13,3,HB,6008,0.337
2930,2025-07-24,25,7,QB,27515,0.134
2931,2025-07-24,13,7,HB,53068,0.161
2932,2025-07-24,10,8,EB,19984,0.177
2933,2025-07-25,5,3,HB,3131,0.313
2934,2025-07-25,22,4,FB,2516,0.296
2935,2025-07-25,16,4,QB,12687,0.302
2936,2025-07-25,8,3,HB,1243,0.344
2937,2025-07-25,24,3,QB,11602,0.35
2938,2025-07-25,25,4,FB,6079,0.339
2939,2025-07-26,24,3,QB,56106,0.333
2940,2025-07-26,24,2,EB,23018,0.316
2941,2025-07-27,16,8,QB,7163,0.156
2942,2025-07-27,28,3,HB,26383,0.353
2943,2025-07-27,24,2,EB,8222,0.297
2944,2025-07-27,6,7,HB,28261,0.152
2945,2025-07-28,5,1,QB,6328,0.293
2946,2025-07-28,26,8,EB,9312,0.182
2947,2025-07-28,8,5,EB,26756,0.3
2948,2025-07-29,3,8,FB,10901,0.204
2949,2025-07-29,5,1,QB,3022,0.343
2950,2025-07-29,14,7,FB,7719,0.14
2951,2025-07-29,27,1,QB,13092,0.307
2952,2025-07-29,2,1,HB,3993,0.329
2953,2025-07-29,15,5,HB,123967,0.306
2954,2025-07-29,19,2,FB,23614,0.312
2955,2025-07-30,10,6,QB,10406,0.32
2956,2025-07-30,16,3,FB,13437,0.321
2957,2025-07-30,18,2,QB,11085,0.318
2958,2025-07-31,14,3,QB,33565,0.333
2959,2025-07-31,23,4,QB,3838,0.292
2960,2025-07-31,9,8,FB,6097,0.183
2961,2025-07-31,6,5,EB,24589,0.34
2962,2025-07-31,4,1,FB,13478,0.36
2963,2025-07-31,15,7,HB,18539,0.133
2964,2025-07-31,4,1,HB,11302,0.311
2965,2025-08-01,2,2,QB,30245,0.317
2966,2025-08-01,3,7,EB,22192,0.129
2967,2025-08-01,23,2,HB,15325,0.342
2968,2025-08-01,15,1,QB,12785,0.312
2969,2025-08-01,23,8,HB,22582,0.181
2970,2025-08-02,27,2,QB,7585,0.338
2971,2025-08-02,25,7,QB,14657,0.149
2972,2025-08-02,23,7,EB,58531,0.149
2973,2025-08-02,24,3,QB,12706,0.302
2974,2025-08-02,20,7,QB,5617,0.126
2975,2025-08-02,2,3,QB,15734,0.332
2976,2025-08-02,24,1,QB,10944,0.314
2977,2025-08-03,4,1,HB,46609,0.281
2978,2025-08-03,12,4,HB,861,0.366
2979,2025-08-03,4,7,EB,89644,0.157
2980,2025-08-03,11,8,HB,38028,0.167
2981,2025-08-04,21,2,EB,9669,0.334
2982,2025-08-04,5,5,FB,11422,0.373
2983,2025-08-04,3,3,HB,44059,0.295
2984,2025-08-05,17,7,QB,19592,0.13
2985,2025-08-06,21,3,EB,36780,0.318
2986,2025-08-06,28,8,FB,3161,0.166
2987,2025-08-06,2,3,EB,41610,0.291
2988,2025-08-06,28,3,QB,12957,0.319
2989,2025-08-07,5,6,QB,61386,0.336
2990,2025-08-07,25,8,FB,7328,0.176
2991,2025-08-07,12,4,HB,377,0.277
2992,2025-08-07,22,5,FB,37747,0.346
2993,2025-08-07,21,5,HB,58135,0.312
2994,2025-08-08,12,5,HB,39230,0.335
2995,2025-08-08,12,7,HB,16389,0.131
2996,2025-08-08,21,5,EB,150765,0.353
2997,2025-08-08,6,7,EB,337850,0.129
2998,2025-08-08,11,1,HB,3672,0.333
2999,2025-08-08,18,1,QB,47780,0.331
3000,2025-08-09,12,8,HB,10237,0.194
3001,2025-08-09,2,3,EB,7571,0.283
3002,2025-08-09,1,8,QB,4234,0.172
3003,2025-08-09,24,5,FB,19902,0.314
3004,2025-08-09,5,3,QB,209,0.32
3005,2025-08-10,15,6,HB,5024,0.348
3006,2025-08-10,8,2,FB,29538,0.287
3007,2025-08-10,7,7,QB,26283,0.136
3008,2025-08-11,17,4,HB,2341,0.336
3009,2025-08-11,16,4,FB,17896,0.314
3010,2025-08-11,13,1,QB,17864,0.291
3011,2025-08-12,27,7,QB,18296,0.128
3012,2025-08-13,14,6,EB,23182,0.338
3013,2025-08-13,22,4,QB,7398,0.288
3014,2025-08-13,12,8,FB,6517,0.19
3015,2025-08-13,13,1,EB,6490,0.323
3016,2025-08-14,21,6,HB,27613,0.307
3017,2025-08-14,26,5,HB,82117,0.336
3018,2025-08-14,28,2,FB,4482,0.323
3019,2025-08-14,12,3,QB,17506,0.312
3020,2025-08-14,16,1,HB,12330,0.332
3021,2025-08-14,14,3,HB,12246,0.338
3022,2025-08-15,28,4,QB,6807,0.301
3023,2025-08-15,1,3,HB,5848,0.353
3024,2025-08-15,22,6,EB,2941,0.343
3025,2025-08-15,2,4,EB,21331,0.297
3026,2025-08-15,18,3,QB,25440,0.309
3027,2025-08-15,5,5,QB,15775,0.317
3028,2025-08-16,14,7,HB,13914,0.139
3029,2025-08-16,28,8,QB,808,0.19
3030,2025-08-16,16,5,EB,199777,0.379
3031,2025-08-16,2,3,EB,33832,0.3
3032,2025-08-16,14,5,EB,1327,0.266
3033,2025-08-17,1,4,EB,17481,0.313
3034,2025-08-17,15,6,HB,1403,0.316
3035,2025-08-17,28,5,HB,48259,0.32
3036,2025-08-17,8,7,FB,77659,0.131
3037,2025-08-17,18,2,QB,6953,0.32
3038,2025-08-17,9,1,QB,17989,0.274
3039,2025-08-17,18,6,FB,28180,0.318
3040,2025-08-18,12,2,FB,2833,0.325
3041,2025-08-18,13,5,QB,180520,0.301
3042,2025-08-18,26,4,HB,244,0.331
3043,2025-08-18,14,4,HB,25376,0.332
3044,2025-08-18,17,4,HB,22303,0.332
3045,2025-08-19,5,2,EB,15245,0.318
3046,2025-08-19,12,4,FB,28950,0.318
3047,2025-08-20,5,6,FB,12166,0.326
3048,2025-08-20,11,3,FB,14142,0.313
3049,2025-08-20,15,6,HB,8981,0.291
3050,2025-08-20,15,1,QB,3916,0.343
3051,2025-08-20,17,5,HB,43546,0.323
3052,2025-08-21,16,8,QB,4965,0.184
3053,2025-08-21,5,8,QB,25166,0.179
3054,2025-08-21,27,2,EB,13222,0.308
3055,2025-08-23,12,2,EB,26424,0.289
3056,2025-08-23,20,4,QB,36485,0.328
3057,2025-08-23,11,3,HB,8355,0.351
3058,2025-08-23,11,6,QB,6952,0.32
3059,2025-08-24,19,4,FB,799,0.31
3060,2025-08-24,8,5,QB,57760,0.326
3061,2025-08-24,25,8,QB,8293,0.177
3062,2025-08-25,10,2,HB,36254,0.301
3063,2025-08-25,1,2,HB,10219,0.357
3064,2025-08-25,25,3,HB,37926,0.308
3065,2025-08-25,10,2,FB,55329,0.342
3066,2025-08-25,2,7,EB,27219,0.142
3067,2025-08-26,16,7,EB,117510,0.156
3068,2025-08-26,10,4,FB,12699,0.35
3069,2025-08-26,25,1,EB,13849,0.345
3070,2025-08-27,5,8,FB,24536,0.163
3071,2025-08-27,23,4,EB,3360,0.384
3072,2025-08-27,18,3,EB,26986,0.35
3073,2025-08-27,13,3,HB,94,0.321
3074,2025-08-27,17,8,QB,31750,0.166
3075,2025-08-27,20,8,FB,1732,0.181
3076,2025-08-27,13,6,HB,5635,0.313
3077,2025-08-27,5,1,EB,11616,0.31
3078,2025-08-27,10,5,HB,18498,0.283
3079,2025-08-27,6,6,HB,42167,0.323
3080,2025-08-27,4,2,FB,280,0.299
3081,2025-08-28,11,3,QB,9054,0.281
3082,2025-08-28,11,5,HB,45621,0.296
3083,2025-08-28,27,2,EB,7354,0.299
3084,2025-08-29,25,6,HB,10684,0.333
3085,2025-08-29,24,5,HB,33888,0.355
3086,2025-08-29,15,6,HB,12670,0.31
3087,2025-08-29,24,8,QB,40000,0.168
3088,2025-08-29,10,5,HB,14742,0.353
3089,2025-08-30,14,4,HB,1268,0.3
3090,2025-08-30,27,8,FB,9965,0.179
3091,2025-08-31,16,2,QB,6050,0.352
3092,2025-08-31,2,6,FB,53341,0.317
3093,2025-08-31,1,8,QB,13508,0.154
3094,2025-08-31,8,6,FB,32670,0.364
3095,2025-08-31,1,3,EB,6004,0.326
3096,2025-08-31,19,8,HB,2680,0.195
3097,2025-08-31,2,1,HB,1939,0.329
3098,2025-08-31,3,5,FB,3823,0.346
3099,2025-09-01,1,1,QB,11057,0.322
3100,2025-09-01,14,6,QB,1527,0.293
3101,2025-09-01,26,5,QB,14723,0.327
3102,2025-09-01,26,2,HB,2021,0.312
3103,2025-09-01,15,6,HB,15774,0.302
3104,2025-09-01,19,1,FB,13574,0.322
3105,2025-09-02,17,5,FB,74521,0.296
3106,2025-09-02,6,2,QB,31118,0.318
3107,2025-09-03,7,4,HB,19771,0.323
3108,2025-09-03,10,2,HB,13256,0.32
3109,2025-09-04,19,2,HB,12362,0.315
3110,2025-09-04,24,4,QB,23873,0.324
3111,2025-09-04,24,6,EB,38097,0.287
3112,2025-09-04,7,1,EB,8568,0.349
3113,2025-09-05,1,4,HB,8402,0.317
3114,2025-09-06,24,6,HB,5554,0.3
3115,2025-09-06,8,3,QB,22385,0.297
3116,2025-09-06,3,2,FB,24166,0.298
3117,2025-09-06,28,3,HB,18364,0.318
3118,2025-09-07,16,6,FB,102,0.312
3119,2025-09-07,2,2,QB,55903,0.33
3120,2025-09-07,1,3,FB,25328,0.326
3121,2025-09-07,12,5,EB,31362,0.359
3122,2025-09-08,15,3,QB,40879,0.281
3123,2025-09-08,3,3,QB,23776,0.355
3124,2025-09-08,27,2,QB,24388,0.343
3125,2025-09-09,8,6,QB,1638,0.329
3126,2025-09-09,10,7,QB,142270,0.148
3127,2025-09-09,7,1,QB,912,0.318
3128,2025-09-09,18,3,EB,39827,0.316
3129,2025-09-10,5,2,HB,5032,0.322
3130,2025-09-10,9,4,EB,7403,0.326
3131,2025-09-10,20,4,QB,13996,0.319
3132,2025-09-10,19,5,HB,2710,0.343
3133,2025-09-10,21,2,EB,26232,0.336
3134,2025-09-10,26,2,HB,3759,0.353
3135,2025-09-10,10,8,QB,35466,0.174
3136,2025-09-11,7,1,HB,1896,0.344
3137,2025-09-11,13,6,EB,26510,0.272
3138,2025-09-11,13,7,QB,97927,0.135
3139,2025-09-11,14,3,HB,456,0.285
3140,2025-09-11,10,1,QB,22321,0.351
3141,2025-09-11,7,8,FB,32734,0.199
3142,2025-09-12,16,3,QB,17691,0.285
3143,2025-09-12,7,7,FB,90951,0.136
3144,2025-09-12,23,3,QB,36052,0.326
3145,2025-09-12,25,5,QB,1234,0.315
3146,2025-09-13,22,6,FB,13534,0.274
3147,2025-09-13,5,1,QB,3217,0.332
3148,2025-09-13,23,8,HB,14558,0.181
3149,2025-09-13,16,1,EB,5880,0.281
3150,2025-09-13,25,5,HB,6493,0.266
3151,2025-09-13,26,6,FB,6380,0.325
3152,2025-09-13,19,3,QB,8917,0.269
3153,2025-09-13,10,5,EB,85920,0.322
3154,2025-09-13,19,2,QB,44909,0.33
3155,2025-09-13,12,8,QB,5134,0.181
3156,2025-09-14,16,3,FB,6857,0.354
3157,2025-09-14,4,4,QB,2965,0.332
3158,2025-09-15,7,5,QB,52699,0.275
3159,2025-09-15,27,7,HB,86773,0.121
3160,2025-09-16,21,1,EB,21208,0.336
3161,2025-09-16,2,3,FB,13920,0.3
3162,2025-09-16,8,7,FB,50469,0.156
3163,2025-09-17,7,3,QB,3528,0.291
3164,2025-09-17,7,5,FB,16619,0.322
3165,2025-09-17,2,4,EB,22692,0.327
3166,2025-09-17,13,3,HB,24815,0.342
3167,2025-09-18,5,6,QB,44560,0.339
3168,2025-09-18,26,2,FB,38024,0.342
3169,2025-09-19,26,6,FB,24976,0.341
3170,2025-09-19,20,6,FB,33133,0.35
3171,2025-09-19,23,6,FB,31975,0.308
3172,2025-09-19,4,5,FB,102409,0.31
3173,2025-09-19,26,8,QB,19032,0.17
3174,2025-09-19,16,3,HB,4950,0.344
3175,2025-09-19,22,5,EB,85559,0.337
3176,2025-09-19,9,4,EB,1221,0.311
3177,2025-09-19,18,4,HB,16397,0.307
3178,2025-09-20,18,3,QB,60439,0.289
3179,2025-09-20,24,7,QB,3684,0.143
3180,2025-09-20,8,6,FB,34110,0.331
3181,2025-09-20,20,6,HB,34358,0.27
3182,2025-09-20,13,1,QB,10697,0.309
3183,2025-09-21,3,7,QB,191541,0.137
3184,2025-09-21,10,1,HB,41635,0.3
3185,2025-09-21,23,4,QB,15066,0.322
3186,2025-09-22,7,7,QB,73115,0.125
3187,2025-09-22,8,8,EB,71349,0.172
3188,2025-09-22,3,1,EB,331,0.334
3189,2025-09-23,14,8,QB,8149,0.17
3190,2025-09-23,1,2,QB,3655,0.301
3191,2025-09-23,24,4,FB,12381,0.291
3192,2025-09-24,14,2,QB,15402,0.312
3193,2025-09-24,2,3,QB,2344,0.283
3194,2025-09-24,17,6,HB,289,0.367
3195,2025-09-24,15,5,HB,8715,0.305
3196,2025-09-25,21,1,QB,23501,0.299
3197,2025-09-25,2,5,QB,163230,0.304
3198,2025-09-25,27,5,HB,32336,0.387
3199,2025-09-25,16,1,QB,26371,0.321
3200,2025-09-25,5,2,QB,3844,0.305
3201,2025-09-26,11,5,QB,25208,0.303
3202,2025-09-26,7,5,QB,133320,0.344
3203,2025-09-26,7,4,FB,6665,0.283
3204,2025-09-26,23,7,EB,18674,0.145
3205,2025-09-26,19,5,QB,112244,0.376
3206,2025-09-27,12,5,HB,4294,0.306
3207,2025-09-27,24,4,EB,21086,0.343
3208,2025-09-27,28,3,QB,17850,0.362
3209,2025-09-27,16,5,HB,105808,0.344
3210,2025-09-28,24,5,QB,42623,0.305
3211,2025-09-28,19,2,HB,156,0.341
3212,2025-09-29,16,1,FB,23757,0.352
3213,2025-09-29,12,8,FB,56360,0.195
3214,2025-09-29,26,2,FB,6792,0.305
3215,2025-09-30,27,1,HB,8999,0.316
3216,2025-09-30,17,1,HB,5378,0.34
3217,2025-09-30,2,3,QB,3515,0.27
3218,2025-09-30,19,3,QB,2602,0.291
3219,2025-09-30,16,7,HB,29104,0.125
3220,2025-10-01,24,3,QB,20558,0.34
3221,2025-10-02,16,5,HB,53767,0.292
3222,2025-10-02,8,5,HB,51627,0.317
3223,2025-10-02,16,3,QB,17345,0.343
3224,2025-10-02,14,3,HB,466,0.306
3225,2025-10-03,21,2,FB,11740,0.312
3226,2025-10-03,5,6,EB,1935,0.307
3227,2025-10-04,17,6,HB,35695,0.335
3228,2025-10-05,7,1,EB,10296,0.329
3229,2025-10-05,16,4,HB,18003,0.367
3230,2025-10-05,9,3,HB,48020,0.331
3231,2025-10-05,14,5,QB,26761,0.38
3232,2025-10-05,22,8,QB,11825,0.2
3233,2025-10-05,6,2,HB,13340,0.325
3234,2025-10-06,25,2,QB,1215,0.343
3235,2025-10-06,21,4,FB,44456,0.297
3236,2025-10-07,11,5,FB,16346,0.347
3237,2025-10-07,25,8,FB,119292,0.174
3238,2025-10-08,22,7,HB,111793,0.122
3239,2025-10-08,11,8,QB,6746,0.166
3240,2025-10-08,2,4,QB,9782,0.289
3241,2025-10-08,16,3,QB,23391,0.349
3242,2025-10-08,18,6,EB,924,0.284
3243,2025-10-08,2,2,EB,105960,0.306
3244,2025-10-08,9,2,FB,40239,0.308
3245,2025-10-09,22,1,HB,30358,0.307
3246,2025-10-09,7,6,QB,16312,0.367
3247,2025-10-09,23,3,QB,23148,0.319
3248,2025-10-10,26,5,FB,75677,0.29
3249,2025-10-10,11,4,EB,20594,0.356
3250,2025-10-11,8,4,FB,1717,0.332
3251,2025-10-11,20,5,HB,9846,0.305
3252,2025-10-12,24,3,FB,44670,0.302
3253,2025-10-12,3,6,HB,31633,0.359
3254,2025-10-12,28,4,QB,20223,0.274
3255,2025-10-13,10,4,EB,1384,0.318
3256,2025-10-13,18,7,HB,69060,0.141
3257,2025-10-13,26,1,QB,29210,0.304
3258,2025-10-13,7,7,HB,173779,0.109
3259,2025-10-13,27,4,EB,1894,0.29
3260,2025-10-13,27,6,EB,269,0.346
3261,2025-10-13,25,6,HB,38921,0.314
3262,2025-10-13,3,8,HB,23019,0.177
3263,2025-10-14,3,3,EB,46842,0.308
3264,2025-10-14,11,1,FB,5366,0.346
3265,2025-10-14,24,1,QB,8334,0.297
3266,2025-10-14,7,5,QB,123061,0.332
3267,2025-10-15,2,4,QB,1339,0.304
3268,2025-10-15,12,6,EB,27647,0.326
3269,2025-10-15,4,5,QB,79833,0.314
3270,2025-10-16,16,8,HB,42534,0.166
3271,2025-10-16,25,7,FB,32149,0.136
3272,2025-10-16,27,8,QB,10987,0.173
3273,2025-10-16,12,3,HB,32255,0.337
3274,2025-10-16,21,3,EB,102923,0.309
3275,2025-10-16,16,4,HB,1761,0.322
3276,2025-10-16,24,4,EB,5432,0.308
3277,2025-10-16,21,2,EB,3692,0.333
3278,2025-10-17,10,6,HB,11262,0.332
3279,2025-10-17,17,8,HB,6960,0.195
3280,2025-10-18,23,4,QB,11500,0.352
3281,2025-10-18,2,3,QB,26729,0.308
3282,2025-10-18,4,5,HB,103886,0.35
3283,2025-10-18,13,4,HB,447,0.338
3284,2025-10-20,9,2,FB,27435,0.308
3285,2025-10-20,22,7,EB,14584,0.135
3286,2025-10-20,10,5,EB,43124,0.322
3287,2025-10-20,13,6,QB,2528,0.317
3288,2025-10-21,15,1,HB,36465,0.287
3289,2025-10-22,15,6,QB,50331,0.322
3290,2025-10-22,2,4,HB,18765,0.376
3291,2025-10-23,15,1,EB,27308,0.317
3292,2025-10-23,14,5,EB,77033,0.348
3293,2025-10-23,4,5,FB,120755,0.304
3294,2025-10-23,9,7,QB,102136,0.152
3295,2025-10-24,24,7,QB,207457,0.137
3296,2025-10-24,21,7,HB,80836,0.129
3297,2025-10-24,4,2,HB,20220,0.361
3298,2025-10-24,21,6,EB,12525,0.279
3299,2025-10-25,22,6,EB,29345,0.387
3300,2025-10-26,15,6,HB,38562,0.326
3301,2025-10-26,19,8,QB,12049,0.18
3302,2025-10-26,14,4,QB,5263,0.333
3303,2025-10-27,9,4,HB,1480,0.303
3304,2025-10-27,17,6,EB,10612,0.363
3305,2025-10-27,20,7,HB,9340,0.157
3306,2025-10-28,6,5,EB,30967,0.328
3307,2025-10-28,27,6,HB,6385,0.363
3308,2025-10-28,13,7,HB,21106,0.14
3309,2025-10-28,8,7,HB,12737,0.14
3310,2025-10-28,25,1,QB,70945,0.322
3311,2025-10-29,13,4,EB,1135,0.276
3312,2025-10-29,27,4,EB,3999,0.319
3313,2025-10-29,8,4,EB,2167,0.34
3314,2025-10-29,20,1,HB,4795,0.328
3315,2025-10-30,18,8,QB,41054,0.169
3316,2025-10-30,9,3,EB,13665,0.287
3317,2025-10-30,1,5,QB,51216,0.353
3318,2025-10-30,19,5,HB,277148,0.337
3319,2025-10-30,25,2,QB,52409,0.311
3320,2025-10-31,24,5,FB,10529,0.306
3321,2025-11-01,1,2,EB,15262,0.335
3322,2025-11-01,25,4,FB,15753,0.343
3323,2025-11-01,14,8,QB,38675,0.192
3324,2025-11-01,3,5,HB,199196,0.346
3325,2025-11-02,11,5,QB,7230,0.277
3326,2025-11-02,22,1,FB,17326,0.337
3327,2025-11-02,8,5,EB,185551,0.342
3328,2025-11-02,16,5,HB,151632,0.301
3329,2025-11-03,1,3,QB,17259,0.311
3330,2025-11-03,7,1,FB,70977,0.315
3331,2025-11-03,2,2,EB,24069,0.324
3332,2025-11-03,8,6,QB,10665,0.299
3333,2025-11-04,24,7,HB,858,0.133
3334,2025-11-04,13,3,HB,20793,0.312
3335,2025-11-04,4,6,EB,43690,0.28
3336,2025-11-04,26,2,HB,46530,0.307
3337,2025-11-04,21,8,EB,11749,0.195
3338,2025-11-04,11,4,FB,59316,0.287
3339,2025-11-04,11,8,HB,2381,0.183
3340,2025-11-04,2,1,HB,13580,0.297
3341,2025-11-05,17,2,QB,3861,0.329
3342,2025-11-05,15,7,HB,473540,0.169
3343,2025-11-06,23,5,EB,18806,0.364
3344,2025-11-07,4,6,QB,3403,0.29
3345,2025-11-07,17,6,QB,32646,0.36
3346,2025-11-07,5,5,QB,11280,0.319
3347,2025-11-08,14,4,HB,40238,0.312
3348,2025-11-08,12,3,HB,217083,0.338
3349,2025-11-09,25,6,HB,2377,0.322
3350,2025-11-09,16,8,QB,14938,0.173
3351,2025-11-09,3,7,HB,15245,0.139
3352,2025-11-09,17,4,HB,14124,0.362
3353,2025-11-09,24,5,EB,43787,0.297
3354,2025-11-09,26,6,QB,29474,0.332
3355,2025-11-10,27,3,QB,4517,0.284
3356,2025-11-10,17,5,EB,80778,0.333
3357,2025-11-10,14,8,QB,5370,0.178
3358,2025-11-10,17,5,QB,10404,0.306
3359,2025-11-10,15,2,QB,1018,0.312
3360,2025-11-11,7,4,EB,818,0.351
3361,2025-11-11,19,7,HB,46617,0.129
3362,2025-11-12,23,5,FB,6019,0.32
3363,2025-11-12,15,5,EB,1167,0.375
3364,2025-11-13,15,6,HB,1721,0.35
3365,2025-11-14,16,2,QB,9131,0.341
3366,2025-11-14,21,5,QB,65978,0.32
3367,2025-11-15,1,8,QB,1936,0.173
3368,2025-11-15,6,7,HB,85078,0.122
3369,2025-11-15,26,6,QB,3575,0.289
3370,2025-11-15,20,8,QB,13289,0.179
3371,2025-11-15,11,3,QB,23464,0.259
3372,2025-11-15,12,2,QB,22058,0.359
3373,2025-11-15,18,5,QB,76214,0.316
3374,2025-11-15,4,2,HB,28479,0.347
3375,2025-11-16,11,7,EB,8314,0.15
3376,2025-11-16,1,8,EB,25667,0.182
3377,2025-11-16,20,8,QB,9737,0.195
3378,2025-11-17,26,6,FB,12593,0.34
3379,2025-11-18,2,8,HB,38835,0.162
3380,2025-11-19,7,4,HB,22524,0.348
3381,2025-11-19,12,1,QB,591,0.37
3382,2025-11-19,13,6,QB,75988,0.311
3383,2025-11-20,12,7,EB,82959,0.135
3384,2025-11-20,20,7,QB,17429,0.138
3385,2025-11-20,5,5,EB,93448,0.347
3386,2025-11-21,15,6,HB,30385,0.283
3387,2025-11-21,19,4,QB,415,0.355
3388,2025-11-21,8,3,QB,5941,0.326
3389,2025-11-21,23,2,QB,13865,0.318
3390,2025-11-21,16,7,HB,70404,0.145
3391,2025-11-22,28,6,HB,1003,0.321
3392,2025-11-22,12,3,QB,1100,0.292
3393,2025-11-23,8,5,QB,18498,0.293
3394,2025-11-23,19,2,FB,41143,0.354
3395,2025-11-23,18,8,QB,15652,0.146
3396,2025-11-24,3,5,FB,39583,0.316
3397,2025-11-24,23,6,FB,71615,0.295
3398,2025-11-24,10,4,QB,3916,0.308
3399,2025-11-24,16,1,HB,54162,0.357
3400,2025-11-25,5,3,HB,10261,0.306
3401,2025-11-26,13,5,HB,6628,0.308
3402,2025-11-26,23,7,EB,23053,0.129
3403,2025-11-26,9,8,EB,6347,0.179
3404,2025-11-27,4,3,HB,19985,0.328
3405,2025-11-28,6,2,QB,40839,0.28
3406,2025-11-28,6,1,HB,37260,0.275
3407,2025-11-28,20,1,EB,21895,0.311
3408,2025-11-28,4,1,HB,9131,0.344
3409,2025-11-28,18,2,QB,41248,0.309
3410,2025-11-28,22,2,HB,2202,0.321
3411,2025-11-28,11,8,QB,47999,0.176
3412,2025-11-29,10,7,HB,1535,0.135
3413,2025-11-29,4,4,HB,11766,0.356
3414,2025-11-30,18,6,HB,7200,0.33
3415,2025-11-30,15,3,HB,13464,0.365
3416,2025-11-30,1,4,HB,18647,0.325
3417,2025-11-30,22,6,QB,14471,0.27
3418,2025-11-30,2,8,HB,5380,0.16
3419,2025-11-30,10,5,FB,2022,0.345
3420,2025-11-30,16,5,EB,10351,0.325
3421,2025-12-01,15,4,FB,2449,0.318
3422,2025-12-01,22,2,QB,56700,0.29
3423,2025-12-01,7,2,EB,14625,0.315
3424,2025-12-02,18,8,FB,28705,0.181
3425,2025-12-02,25,4,EB,2197,0.32
3426,2025-12-02,22,4,HB,22098,0.35
3427,2025-12-03,19,6,QB,8466,0.38
3428,2025-12-03,24,8,HB,4048,0.209
3429,2025-12-03,15,1,HB,33762,0.288
3430,2025-12-04,5,2,EB,14523,0.363
3431,2025-12-04,13,8,QB,9185,0.176
3432,2025-12-04,3,2,HB,4015,0.292
3433,2025-12-05,17,6,QB,813,0.278
3434,2025-12-06,2,3,EB,20075,0.375
3435,2025-12-06,16,2,QB,9913,0.326
3436,2025-12-06,3,6,FB,11049,0.338
3437,2025-12-07,13,5,QB,9367,0.303
3438,2025-12-07,2,6,QB,6698,0.348
3439,2025-12-07,17,5,EB,12221,0.335
3440,2025-12-08,24,2,HB,12817,0.284
3441,2025-12-08,24,7,FB,121963,0.16
3442,2025-12-08,10,3,HB,23218,0.356
3443,2025-12-08,25,3,HB,11584,0.332
3444,2025-12-08,28,3,HB,25276,0.317
3445,2025-12-08,4,3,QB,33531,0.303
3446,2025-12-09,2,1,QB,24391,0.269
3447,2025-12-09,9,4,FB,5739,0.277
3448,2025-12-09,14,2,QB,8378,0.322
3449,2025-12-09,20,4,QB,596,0.341
3450,2025-12-09,28,5,QB,66218,0.297
3451,2025-12-09,8,7,QB,42948,0.128
3452,2025-12-09,10,8,QB,2366,0.202
3453,2025-12-09,3,7,EB,6180,0.126
3454,2025-12-10,10,2,QB,9393,0.295
3455,2025-12-10,8,7,HB,178858,0.157
3456,2025-12-10,27,2,QB,8491,0.325
3457,2025-12-10,26,5,HB,76658,0.288
3458,2025-12-10,24,6,EB,8344,0.292
3459,2025-12-10,24,4,FB,1549,0.329
3460,2025-12-10,23,1,HB,56236,0.288
3461,2025-12-10,6,4,HB,2166,0.32
3462,2025-12-11,4,3,HB,6001,0.326
3463,2025-12-12,6,5,EB,500,0.344
3464,2025-12-13,15,7,QB,118548,0.114
3465,2025-12-13,17,2,HB,3149,0.292
3466,2025-12-13,18,5,HB,18793,0.318
3467,2025-12-13,9,3,HB,10373,0.337
3468,2025-12-13,19,3,QB,17535,0.269
3469,2025-12-14,13,3,FB,12360,0.294
3470,2025-12-14,5,4,QB,15960,0.381
3471,2025-12-14,9,7,HB,26,0.145
3472,2025-12-14,8,4,HB,11592,0.342
3473,2025-12-14,18,7,QB,37531,0.138
3474,2025-12-15,25,3,QB,19318,0.273
3475,2025-12-15,14,1,EB,23474,0.322
3476,2025-12-15,20,7,HB,6149,0.144
3477,2025-12-15,10,7,QB,112044,0.145
3478,2025-12-16,18,6,HB,52996,0.321
3479,2025-12-16,4,2,EB,2085,0.35
3480,2025-12-16,1,3,HB,645,0.354
3481,2025-12-16,21,6,FB,45896,0.296
3482,2025-12-16,6,6,HB,15514,0.342
3483,2025-12-16,12,8,HB,81552,0.197
3484,2025-12-16,7,8,QB,5238,0.169
3485,2025-12-17,3,8,QB,34217,0.186
3486,2025-12-17,21,2,HB,20416,0.328
3487,2025-12-17,5,8,QB,28624,0.191
3488,2025-12-17,27,2,QB,3146,0.357
3489,2025-12-17,10,3,FB,4769,0.329
3490,2025-12-18,2,7,HB,1665,0.134
3491,2025-12-18,2,6,FB,14564,0.318
3492,2025-12-18,16,8,EB,3637,0.174
3493,2025-12-19,9,6,QB,8660,0.294
3494,2025-12-19,15,2,QB,1936,0.29
3495,2025-12-19,14,5,EB,85846,0.339
3496,2025-12-19,10,2,EB,22823,0.348
3497,2025-12-19,6,2,HB,16893,0.285
3498,2025-12-19,11,5,HB,48628,0.351
3499,2025-12-19,16,4,QB,14699,0.27
3500,2025-12-19,1,4,FB,14642,0.302
3501,2025-12-20,19,6,FB,3581,0.338
3502,2025-12-21,23,3,QB,55120,0.279
3503,2025-12-21,28,4,QB,4690,0.281
3504,2025-12-21,5,5,HB,147916,0.312
3505,2025-12-22,9,2,QB,9946,0.3
3506,2025-12-22,1,1,FB,12192,0.327
3507,2025-12-22,7,4,HB,2946,0.324
3508,2025-12-22,28,5,HB,116649,0.342
3509,2025-12-22,18,3,HB,7554,0.357
3510,2025-12-23,24,3,FB,124519,0.327
3511,2025-12-23,25,3,HB,17004,0.373
3512,2025-12-23,14,4,HB,18132,0.324
3513,2025-12-23,10,5,HB,225423,0.286
3514,2025-12-24,15,4,EB,25072,0.37
3515,2025-12-24,3,1,FB,26624,0.31
3516,2025-12-24,7,2,EB,19910,0.371
3517,2025-12-24,27,6,QB,125965,0.323
3518,2025-12-24,3,6,QB,8951,0.302
3519,2025-12-24,24,6,HB,40281,0.298
3520,2025-12-25,19,1,HB,68270,0.372
3521,2025-12-25,20,8,EB,35757,0.195
3522,2025-12-25,3,5,HB,132133,0.259
3523,2025-12-25,26,8,HB,7146,0.182
3524,2025-12-27,28,4,HB,39189,0.268
3525,2025-12-27,26,2,QB,11079,0.295
3526,2025-12-28,9,6,FB,20761,0.318
3527,2025-12-29,26,8,HB,12382,0.19
3528,2025-12-29,28,5,HB,16502,0.312
3529,2025-12-29,8,3,HB,16026,0.355
3530,2025-12-29,15,3,HB,990,0.305
3531,2025-12-30,27,6,EB,4770,0.282
3532,2025-12-30,3,7,EB,213396,0.133
3533,2025-12-31,16,5,HB,129842,0.336
3534,2025-12-31,10,8,QB,10314,0.188
3535,2025-12-31,23,8,FB,16591,0.167
3536,2025-12-31,4,2,QB,50554,0.331
3537,2025-12-31,12,1,EB,1528,0.339
3538,2026-01-01,9,8,QB,18850,0.183
3539,2026-01-01,10,5,HB,131391,0.319
3540,2026-01-02,26,4,QB,11603,0.308
3541,2026-01-02,21,4,HB,6667,0.3
3542,2026-01-02,10,6,HB,98797,0.372
3543,2026-01-02,1,3,EB,18141,0.348
3544,2026-01-03,3,5,QB,115359,0.347
3545,2026-01-03,23,1,HB,6332,0.299
3546,2026-01-04,3,5,QB,43111,0.328
3547,2026-01-04,17,5,EB,492300,0.332
3548,2026-01-04,24,7,QB,11123,0.133
3549,2026-01-05,10,6,FB,111729,0.339
3550,2026-01-05,22,6,HB,87032,0.343
3551,2026-01-05,22,7,EB,50732,0.136
3552,2026-01-05,4,8,HB,10409,0.182
3553,2026-01-05,22,1,QB,4861,0.345
3554,2026-01-05,19,8,QB,38735,0.157
3555,2026-01-06,6,3,HB,22193,0.316
3556,2026-01-06,8,7,QB,113934,0.128
3557,2026-01-06,10,2,HB,11752,0.304
3558,2026-01-06,25,7,QB,122575,0.128
3559,2026-01-06,13,3,HB,34707,0.327
3560,2026-01-07,1,1,HB,5145,0.315
3561,2026-01-07,4,8,QB,6744,0.184
3562,2026-01-07,14,8,FB,25045,0.175
3563,2026-01-07,26,3,FB,47490,0.324
3564,2026-01-08,10,7,FB,74561,0.135
3565,2026-01-08,23,4,EB,77506,0.318
3566,2026-01-08,20,6,QB,72634,0.338
3567,2026-01-08,14,2,QB,17923,0.262
3568,2026-01-08,27,8,QB,42523,0.174
3569,2026-01-09,20,8,QB,772,0.173
3570,2026-01-09,26,3,FB,26913,0.314
3571,2026-01-10,25,3,HB,5082,0.318
3572,2026-01-10,11,7,HB,50900,0.139
3573,2026-01-11,9,7,HB,54403,0.139
3574,2026-01-12,6,6,HB,1580,0.344
3575,2026-01-12,6,6,HB,44620,0.313
3576,2026-01-12,2,4,QB,700,0.31
3577,2026-01-13,9,7,HB,23909,0.149
3578,2026-01-13,9,5,QB,39145,0.283
3579,2026-01-13,1,7,FB,9963,0.129
3580,2026-01-13,20,7,HB,65728,0.145
3581,2026-01-13,4,3,HB,151619,0.274
3582,2026-01-14,26,8,QB,6204,0.168
3583,2026-01-14,11,1,QB,23138,0.315
3584,2026-01-14,12,8,FB,26698,0.184
3585,2026-01-14,13,7,FB,34868,0.141
3586,2026-01-15,18,7,QB,7474,0.136
3587,2026-01-15,22,8,QB,93656,0.189
3588,2026-01-15,21,4,EB,38283,0.269
3589,2026-01-15,4,4,QB,3346,0.322
3590,2026-01-16,16,5,QB,271471,0.347
3591,2026-01-16,25,8,HB,13401,0.182
3592,2026-01-17,24,8,FB,46525,0.207
3593,2026-01-17,28,6,EB,21667,0.31
3594,2026-01-17,6,4,HB,71692,0.324
3595,2026-01-17,20,2,QB,41928,0.321
3596,2026-01-18,1,3,HB,131927,0.306
3597,2026-01-18,12,4,HB,32896,0.298
3598,2026-01-18,1,6,EB,7199,0.301
3599,2026-01-19,24,3,FB,78063,0.298
3600,2026-01-19,13,1,QB,114003,0.352
3601,2026-01-19,19,2,EB,74175,0.29
3602,2026-01-20,7,1,HB,15477,0.325
3603,2026-01-20,4,3,QB,2606,0.264
3604,2026-01-20,3,7,HB,47053,0.177
3605,2026-01-21,1,6,QB,38424,0.313
3606,2026-01-22,5,8,QB,9241,0.192
3607,2026-01-22,2,5,FB,214454,0.302
3608,2026-01-22,16,5,EB,12014,0.342
3609,2026-01-22,27,4,QB,4137,0.342
3610,2026-01-23,28,5,EB,68299,0.304
3611,2026-01-23,5,1,EB,146751,0.283
3612,2026-01-23,25,3,EB,2871,0.331
3613,2026-01-24,26,7,HB,72964,0.142
3614,2026-01-24,27,7,HB,20466,0.162
3615,2026-01-24,19,7,HB,57163,0.132
3616,2026-01-24,27,6,QB,19524,0.327
3617,2026-01-25,8,5,HB,115749,0.317
3618,2026-01-25,23,8,QB,33916,0.197
3619,2026-01-26,20,8,QB,2841,0.166
3620,2026-01-26,1,6,QB,5079,0.319
3621,2026-01-26,13,5,EB,197367,0.369
3622,2026-01-26,27,7,HB,33837,0.152
3623,2026-01-26,10,2,HB,23547,0.37
3624,2026-01-27,9,8,HB,37524,0.167
3625,2026-01-27,8,2,FB,130099,0.269
3626,2026-01-28,2,5,HB,112632,0.314
3627,2026-01-28,20,7,EB,102683,0.131
3628,2026-01-28,9,8,QB,4314,0.169
3629,2026-01-29,19,5,HB,57209,0.326
3630,2026-01-29,20,1,HB,61952,0.379
3631,2026-01-29,13,2,QB,1660,0.324
3632,2026-01-29,4,7,QB,182031,0.127
3633,2026-01-30,2,4,QB,9344,0.302
3634,2026-01-30,27,2,HB,160309,0.32
3635,2026-01-30,2,7,HB,45265,0.129
3636,2026-01-31,4,3,HB,60702,0.319
3637,2026-02-01,21,6,QB,35069,0.367
3638,2026-02-01,22,3,QB,46835,0.365
3639,2026-02-02,15,8,QB,19603,0.18
3640,2026-02-02,11,8,QB,43943,0.172
3641,2026-02-03,24,1,QB,2079,0.34
3642,2026-02-03,25,6,HB,9571,0.304
3643,2026-02-03,1,8,HB,7077,0.178
3644,2026-02-03,12,5,EB,4346,0.372
3645,2026-02-04,1,7,FB,42826,0.146
3646,2026-02-04,4,6,QB,6651,0.37
3647,2026-02-04,5,1,QB,27208,0.327
3648,2026-02-04,9,2,QB,6271,0.323
3649,2026-02-04,6,2,HB,34668,0.324
3650,2026-02-05,28,4,QB,9782,0.347
3651,2026-02-05,14,2,QB,13471,0.34
3652,2026-02-06,2,6,QB,81383,0.307
3653,2026-02-06,21,1,QB,5488,0.326
3654,2026-02-06,28,4,HB,615,0.322
3655,2026-02-06,3,4,QB,17405,0.319
3656,2026-02-06,26,4,HB,4858,0.345
3657,2026-02-06,2,1,QB,1082,0.337
3658,2026-02-07,13,4,HB,6559,0.353
3659,2026-02-07,1,5,HB,13374,0.332
3660,2026-02-07,2,7,QB,148539,0.171
3661,2026-02-08,2,8,QB,4955,0.2
3662,2026-02-08,20,4,FB,4918,0.33
3663,2026-02-10,20,2,HB,10827,0.335
3664,2026-02-10,13,2,FB,95358,0.265
3665,2026-02-10,18,8,HB,24094,0.224
3666,2026-02-10,14,6,QB,152826,0.33
3667,2026-02-10,4,3,HB,45816,0.349
3668,2026-02-10,2,4,QB,6439,0.332
3669,2026-02-10,11,5,FB,132224,0.321
3670,2026-02-10,7,5,HB,25632,0.332
3671,2026-02-11,4,8,HB,18784,0.183
3672,2026-02-11,24,5,QB,20850,0.328
3673,2026-02-11,28,4,HB,4836,0.308
3674,2026-02-11,24,1,QB,10823,0.298
3675,2026-02-11,10,7,QB,29035,0.152
3676,2026-02-11,2,3,QB,121297,0.292
3677,2026-02-11,27,5,HB,44104,0.332
3678,2026-02-12,5,4,HB,756,0.307
3679,2026-02-12,4,5,QB,48698,0.373
3680,2026-02-12,18,2,FB,8348,0.334
3681,2026-02-12,1,2,FB,1429,0.32
3682,2026-02-13,9,5,FB,3637,0.284
3683,2026-02-13,28,3,HB,14437,0.322
3684,2026-02-14,8,5,FB,144773,0.302
3685,2026-02-14,19,4,QB,2633,0.346
3686,2026-02-14,17,2,HB,27052,0.332
3687,2026-02-15,24,4,FB,13471,0.32
3688,2026-02-15,9,5,QB,90420,0.333
3689,2026-02-15,14,4,EB,20745,0.326
3690,2026-02-15,7,5,QB,53846,0.295
3691,2026-02-15,22,2,FB,20799,0.353
3692,2026-02-15,24,1,QB,113897,0.344
3693,2026-02-16,17,7,QB,117385,0.136
3694,2026-02-16,10,1,HB,1867,0.315
3695,2026-02-17,18,3,HB,56462,0.348
3696,2026-02-17,12,7,FB,84749,0.158
3697,2026-02-17,3,5,HB,62657,0.354
3698,2026-02-17,5,7,HB,109984,0.145
3699,2026-02-17,19,1,HB,10086,0.357
3700,2026-02-17,15,4,QB,27824,0.3
3701,2026-02-18,6,3,HB,64733,0.299
3702,2026-02-18,25,5,QB,35678,0.263
3703,2026-02-18,24,2,QB,38409,0.328
3704,2026-02-18,7,8,EB,3264,0.17
3705,2026-02-19,19,2,HB,16091,0.293
3706,2026-02-19,5,8,HB,134430,0.159
3707,2026-02-19,9,7,HB,52459,0.145
3708,2026-02-19,19,5,QB,11047,0.286
3709,2026-02-19,16,5,QB,172062,0.342
3710,2026-02-19,24,6,HB,4471,0.299
3711,2026-02-20,14,3,QB,19380,0.341
3712,2026-02-20,25,3,HB,76204,0.322
3713,2026-02-20,11,1,QB,417,0.349
3714,2026-02-21,20,4,FB,29128,0.348
3715,2026-02-21,23,7,EB,28885,0.141
3716,2026-02-22,19,7,HB,62035,0.125
3717,2026-02-22,15,7,FB,29201,0.139
3718,2026-02-22,21,3,FB,7941,0.315
3719,2026-02-22,16,1,HB,22773,0.346
3720,2026-02-22,15,5,QB,38019,0.359
3721,2026-02-22,24,8,HB,16833,0.196
3722,2026-02-22,11,2,HB,21773,0.288
3723,2026-02-23,28,2,EB,39019,0.326
3724,2026-02-23,26,4,FB,7171,0.316
3725,2026-02-23,6,5,EB,170120,0.305
3726,2026-02-23,6,4,HB,12838,0.294
3727,2026-02-24,17,6,HB,4792,0.317
3728,2026-02-24,16,2,EB,17826,0.304
3729,2026-02-24,19,5,FB,34602,0.326
3730,2026-02-24,26,1,HB,959,0.34
3731,2026-02-24,16,5,EB,58906,0.338
3732,2026-02-25,21,7,HB,83297,0.143
3733,2026-02-25,16,6,HB,34257,0.302
3734,2026-02-25,28,8,HB,8149,0.189
3735,2026-02-26,3,7,FB,15996,0.108
3736,2026-02-26,13,3,HB,5016,0.34
3737,2026-02-26,25,1,EB,8437,0.344
3738,2026-02-26,3,1,EB,23922,0.365
3739,2026-02-27,11,4,HB,14222,0.303
3740,2026-02-28,23,7,EB,23627,0.146
3741,2026-02-28,18,4,QB,4348,0.294
3742,2026-02-28,17,6,QB,4764,0.301
3743,2026-03-01,7,4,QB,1418,0.322
3744,2026-03-01,14,7,QB,9174,0.144
3745,2026-03-02,14,6,EB,2705,0.308
3746,2026-03-02,15,4,FB,3975,0.294
3747,2026-03-04,7,7,FB,10876,0.152
3748,2026-03-04,9,3,QB,9081,0.302
3749,2026-03-05,6,4,QB,34485,0.327
3750,2026-03-05,26,8,QB,59936,0.185
3751,2026-03-05,8,2,QB,62399,0.365
3752,2026-03-06,17,4,QB,41063,0.309
3753,2026-03-06,19,6,HB,17082,0.298
3754,2026-03-06,23,2,HB,40607,0.316
3755,2026-03-07,23,6,EB,3215,0.329
3756,2026-03-07,10,2,EB,3066,0.296
3757,2026-03-07,12,6,EB,23204,0.288
3758,2026-03-08,13,5,HB,100985,0.315
3759,2026-03-08,25,8,FB,15285,0.191
3760,2026-03-08,13,3,QB,15881,0.294
3761,2026-03-08,4,6,QB,14200,0.317
3762,2026-03-09,4,3,HB,20823,0.323
3763,2026-03-09,18,2,HB,48098,0.337
3764,2026-03-10,24,3,QB,20858,0.297
3765,2026-03-11,21,2,QB,18932,0.303
3766,2026-03-11,1,1,QB,15051,0.312
3767,2026-03-11,23,6,HB,3944,0.294
3768,2026-03-11,23,6,HB,737,0.279
3769,2026-03-11,17,5,QB,21882,0.32
3770,2026-03-12,5,6,QB,31983,0.317
3771,2026-03-12,10,6,QB,33386,0.342
3772,2026-03-12,25,5,HB,51382,0.301
3773,2026-03-13,2,6,EB,56642,0.332
3774,2026-03-13,5,6,QB,9258,0.34
3775,2026-03-13,10,2,HB,61282,0.285
3776,2026-03-13,22,1,EB,51979,0.32
3777,2026-03-13,17,2,HB,6408,0.3
3778,2026-03-14,26,4,QB,43145,0.321
3779,2026-03-14,15,2,FB,41200,0.315
3780,2026-03-15,16,7,QB,28000,0.134
3781,2026-03-15,28,6,HB,2632,0.308
3782,2026-03-16,19,3,HB,36695,0.274
3783,2026-03-17,17,4,EB,38491,0.35
3784,2026-03-17,11,8,QB,14087,0.18
3785,2026-03-17,26,3,EB,8193,0.351
3786,2026-03-18,7,3,FB,56083,0.309
3787,2026-03-18,10,1,QB,33642,0.342
3788,2026-03-19,3,1,EB,41273,0.277
3789,2026-03-19,7,8,HB,40000,0.169
3790,2026-03-19,28,6,QB,10391,0.34
3791,2026-03-19,10,6,HB,21277,0.311
3792,2026-03-20,7,5,QB,43322,0.299
3793,2026-03-20,25,1,QB,6996,0.259
3794,2026-03-20,18,3,EB,42437,0.307
3795,2026-03-20,14,8,QB,21737,0.165
3796,2026-03-21,25,6,QB,6135,0.31
3797,2026-03-21,18,2,QB,19340,0.349
3798,2026-03-21,12,3,QB,89877,0.307
3799,2026-03-22,11,5,HB,210589,0.355
3800,2026-03-22,23,7,QB,104434,0.137
3801,2026-03-22,10,5,QB,32083,0.314
3802,2026-03-22,13,8,QB,14511,0.189
3803,2026-03-22,22,7,HB,313698,0.135
3804,2026-03-23,23,7,QB,207992,0.12
3805,2026-03-23,11,5,QB,91310,0.296
3806,2026-03-23,15,4,QB,1535,0.328
3807,2026-03-24,7,7,FB,185252,0.133
3808,2026-03-25,10,7,HB,3262,0.142
3809,2026-03-27,2,6,EB,1083,0.312
3810,2026-03-27,21,5,QB,174517,0.308
3811,2026-03-27,12,1,HB,42097,0.323
3812,2026-03-27,6,6,EB,32297,0.317
3813,2026-03-28,22,1,HB,28311,0.336
3814,2026-03-28,3,4,EB,42669,0.327
3815,2026-03-28,3,5,EB,28461,0.275
3816,2026-03-28,26,5,HB,152662,0.295
3817,2026-03-28,8,5,FB,100045,0.335
3818,2026-03-29,22,8,HB,71012,0.205
3819,2026-03-29,4,3,FB,23584,0.297
3820,2026-03-30,12,3,HB,33294,0.334
3821,2026-03-30,5,1,QB,22433,0.286
3822,2026-03-30,14,8,QB,26828,0.183
3823,2026-03-30,13,4,QB,5440,0.288
3824,2026-03-31,13,5,HB,1463,0.292
3825,2026-03-31,9,6,HB,10612,0.322
3826,2026-04-01,11,4,QB,24238,0.31
3827,2026-04-03,6,4,EB,3969,0.33
3828,2026-04-03,23,4,QB,49421,0.312
3829,2026-04-03,28,1,HB,24939,0.323
3830,2026-04-03,19,1,HB,17307,0.314
3831,2026-04-04,21,3,FB,10811,0.289
3832,2026-04-04,21,8,HB,7750,0.212
3833,2026-04-04,26,5,QB,170019,0.341
3834,2026-04-04,10,7,QB,169754,0.156
3835,2026-04-05,18,6,HB,144515,0.324
3836,2026-04-05,20,1,HB,4598,0.324
3837,2026-04-05,25,7,FB,96178,0.15
3838,2026-04-05,17,7,QB,51390,0.152
3839,2026-04-06,10,6,HB,47113,0.34
3840,2026-04-06,23,3,HB,84458,0.34
3841,2026-04-06,26,7,QB,38204,0.135
3842,2026-04-06,18,3,HB,121170,0.35
3843,2026-04-06,18,7,HB,23388,0.151
3844,2026-04-07,25,7,QB,114821,0.149
3845,2026-04-07,26,4,FB,32100,0.295
3846,2026-04-07,4,8,HB,66958,0.17
3847,2026-04-08,28,8,HB,24189,0.181
3848,2026-04-08,22,6,HB,55386,0.316
3849,2026-04-08,21,5,FB,76935,0.266
3850,2026-04-08,18,1,QB,14944,0.304
3851,2026-04-09,18,1,EB,14639,0.355
3852,2026-04-09,8,8,HB,17929,0.173
3853,2026-04-10,19,4,FB,51795,0.331
3854,2026-04-10,8,6,HB,76442,0.247
3855,2026-04-10,16,5,HB,224896,0.322
3856,2026-04-10,5,7,HB,53007,0.13
3857,2026-04-10,20,6,FB,13602,0.345
3858,2026-04-11,6,3,EB,122285,0.338
3859,2026-04-11,5,8,HB,36258,0.174
3860,2026-04-11,22,5,FB,55850,0.322
3861,2026-04-11,2,1,QB,7914,0.338
3862,2026-04-11,4,5,QB,448128,0.34
3863,2026-04-11,10,4,QB,28489,0.322
3864,2026-04-12,18,4,FB,20816,0.328
3865,2026-04-12,12,8,HB,4755,0.18
3866,2026-04-12,5,6,QB,52410,0.312
3867,2026-04-12,2,8,FB,18606,0.179
3868,2026-04-12,24,8,QB,2087,0.189
3869,2026-04-13,15,4,EB,27742,0.352
3870,2026-04-13,17,1,FB,57336,0.32
3871,2026-04-14,7,3,HB,19088,0.314
3872,2026-04-14,12,8,EB,117239,0.177
3873,2026-04-15,9,7,HB,69801,0.151
3874,2026-04-15,2,3,HB,37683,0.292
3875,2026-04-15,19,2,HB,8392,0.311
3876,2026-04-15,27,2,QB,27778,0.348
3877,2026-04-16,9,8,HB,4862,0.195
3878,2026-04-16,12,8,EB,3658,0.171
3879,2026-04-16,16,1,EB,34375,0.315
3880,2026-04-16,14,7,FB,70138,0.127
3881,2026-04-16,26,7,QB,36200,0.132
3882,2026-04-16,6,2,EB,84814,0.364
3883,2026-04-17,25,1,FB,606,0.339
3884,2026-04-17,21,7,QB,23397,0.135
3885,2026-04-17,18,5,EB,97672,0.306
3886,2026-04-17,19,8,QB,21524,0.18
3887,2026-04-17,23,4,FB,18446,0.346
3888,2026-04-18,28,1,QB,30314,0.277
3889,2026-04-18,18,8,HB,28207,0.189
3890,2026-04-19,14,2,HB,86913,0.374
3891,2026-04-19,13,3,QB,78231,0.332
3892,2026-04-20,23,6,HB,30009,0.35
3893,2026-04-20,9,1,EB,40769,0.357
3894,2026-04-21,4,7,QB,121391,0.149
3895,2026-04-21,28,2,QB,34861,0.351
3896,2026-04-22,19,2,QB,20653,0.304
3897,2026-04-22,22,7,HB,59424,0.133
3898,2026-04-22,3,2,HB,44894,0.294
3899,2026-04-24,8,3,HB,61156,0.297
3900,2026-04-24,22,5,HB,398826,0.298
3901,2026-04-25,26,3,FB,9322,0.296
3902,2026-04-26,26,7,HB,52215,0.147
3903,2026-04-26,25,5,EB,96937,0.363
3904,2026-04-27,21,2,QB,9795,0.335
3905,2026-04-27,19,7,HB,98301,0.166
3906,2026-04-27,21,7,HB,70745,0.144
3907,2026-04-28,18,1,QB,14306,0.379
3908,2026-04-28,3,7,EB,2250,0.127
3909,2026-04-28,17,6,FB,26410,0.31
3910,2026-04-28,15,6,QB,50335,0.262
3911,2026-04-29,7,2,HB,39446,0.366
3912,2026-04-29,25,1,QB,1459,0.319
3913,2026-04-30,5,2,HB,13160,0.308
3914,2026-04-30,11,7,QB,265,0.124
3915,2026-04-30,16,7,QB,52482,0.132
3916,2026-04-30,28,1,HB,20282,0.354
3917,2026-05-01,16,4,HB,24023,0.295
3918,2026-05-01,6,4,QB,7843,0.342
3919,2026-05-01,23,7,FB,16914,0.127
3920,2026-05-01,28,6,EB,5587,0.298
3921,2026-05-02,15,2,QB,44915,0.331
3922,2026-05-02,15,8,QB,1072,0.188
3923,2026-05-02,4,7,QB,45484,0.164
3924,2026-05-03,9,3,QB,4212,0.296
3925,2026-05-03,18,4,HB,14113,0.302
3926,2026-05-03,11,6,QB,48928,0.384
3927,2026-05-03,12,8,FB,20334,0.194
3928,2026-05-03,3,1,FB,29135,0.306
3929,2026-05-05,19,7,HB,10292,0.135
3930,2026-05-05,21,8,QB,19458,0.167
3931,2026-05-05,16,4,QB,9313,0.238
3932,2026-05-05,23,4,QB,10963,0.308
3933,2026-05-05,10,4,EB,8451,0.293
3934,2026-05-05,16,3,QB,41687,0.321
3935,2026-05-05,17,7,FB,25768,0.13
3936,2026-05-05,2,2,FB,13157,0.302
3937,2026-05-06,19,1,EB,20126,0.317
3938,2026-05-06,28,7,FB,63526,0.112
3939,2026-05-06,5,6,QB,10267,0.301
3940,2026-05-07,22,5,QB,256300,0.339
3941,2026-05-07,26,3,HB,51036,0.303
3942,2026-05-08,20,7,HB,51470,0.139
3943,2026-05-08,6,5,QB,73631,0.33
3944,2026-05-08,10,3,FB,43853,0.323
3945,2026-05-09,12,2,HB,10663,0.371
3946,2026-05-09,26,3,HB,3291,0.314
3947,2026-05-10,18,2,HB,141,0.31
3948,2026-05-10,27,7,EB,18757,0.13
3949,2026-05-10,26,5,FB,220043,0.329
3950,2026-05-10,26,8,QB,118850,0.186
3951,2026-05-12,25,2,QB,6322,0.322
3952,2026-05-12,14,7,QB,73518,0.129
3953,2026-05-12,6,5,QB,19945,0.343
3954,2026-05-13,26,5,HB,278429,0.321
3955,2026-05-13,11,4,QB,569,0.312
3956,2026-05-13,25,3,QB,20816,0.342
3957,2026-05-14,18,2,QB,35650,0.319
3958,2026-05-14,10,3,QB,30535,0.325
3959,2026-05-14,26,6,HB,73875,0.307
3960,2026-05-15,2,1,EB,102787,0.299
3961,2026-05-15,20,1,QB,28031,0.331
3962,2026-05-15,14,3,FB,6346,0.337
3963,2026-05-15,11,7,QB,9407,0.129
3964,2026-05-16,17,7,HB,1030,0.132
3965,2026-05-16,16,1,FB,243,0.312
3966,2026-05-17,1,2,QB,2836,0.339
3967,2026-05-17,5,5,HB,27414,0.323
3968,2026-05-17,28,2,HB,5442,0.323
3969,2026-05-17,21,3,HB,12805,0.323
3970,2026-05-18,14,8,FB,159,0.182
3971,2026-05-18,18,2,QB,47255,0.339
3972,2026-05-18,25,7,QB,665,0.148
3973,2026-05-18,21,4,HB,9994,0.313
3974,2026-05-18,19,4,FB,789,0.319
3975,2026-05-18,20,2,QB,33480,0.316
3976,2026-05-18,9,7,QB,88722,0.148
3977,2026-05-19,16,2,HB,12747,0.37
3978,2026-05-20,16,5,HB,187717,0.313
3979,2026-05-20,3,1,EB,8131,0.331
3980,2026-05-20,23,6,QB,28359,0.335
3981,2026-05-20,16,3,QB,10497,0.29
3982,2026-05-20,10,8,HB,43496,0.167
3983,2026-05-21,14,7,HB,21619,0.129
3984,2026-05-21,10,6,HB,3920,0.31
3985,2026-05-21,27,7,QB,8966,0.136
3986,2026-05-22,5,8,HB,20489,0.19
3987,2026-05-22,1,3,QB,34087,0.317
3988,2026-05-22,16,7,FB,90302,0.129
3989,2026-05-22,7,6,FB,34634,0.351
3990,2026-05-23,4,3,QB,21796,0.318
3991,2026-05-23,28,3,EB,39547,0.359
3992,2026-05-25,8,4,FB,51180,0.313
3993,2026-05-25,4,8,HB,40476,0.162
3994,2026-05-25,21,1,FB,2807,0.293
3995,2026-05-25,16,4,FB,21358,0.304
3996,2026-05-25,21,4,QB,1960,0.328
3997,2026-05-25,18,7,HB,6415,0.13
3998,2026-05-25,24,1,HB,59208,0.259
3999,2026-05-26,17,8,FB,5339,0.191
4000,2026-05-26,21,3,HB,15845,0.318
4001,2026-05-26,14,2,QB,46759,0.322
4002,2026-05-26,8,5,QB,188691,0.326
4003,2026-05-26,3,3,QB,27121,0.321
4004,2026-05-27,27,2,EB,985,0.377
4005,2026-05-27,7,3,QB,18495,0.297
4006,2026-05-27,19,4,EB,7828,0.31
4007,2026-05-27,16,7,HB,179606,0.128
4008,2026-05-27,19,4,HB,7633,0.287
4009,2026-05-28,28,6,FB,78224,0.318
4010,2026-05-28,20,6,HB,12587,0.364
4011,2026-05-28,19,7,QB,85148,0.139
4012,2026-05-28,22,6,EB,15493,0.345
4013,2026-05-28,17,6,FB,14593,0.355
4014,2026-05-28,18,6,QB,15969,0.309
4015,2026-05-30,26,4,EB,9359,0.316
4016,2026-05-30,6,4,HB,1323,0.375
4017,2026-05-30,8,7,QB,84412,0.131
4018,2026-05-30,14,7,QB,61958,0.128
4019,2026-06-01,28,7,QB,264,0.136
4020,2026-06-01,11,2,HB,734,0.299
4021,2026-06-01,3,3,EB,755,0.327
4022,2026-06-01,13,1,HB,354,0.342
4023,2026-06-02,1,6,EB,31,0.317
4024,2026-06-02,23,2,EB,1699,0.302
4025,2026-06-02,22,7,QB,3014,0.141
4026,2026-06-03,2,7,EB,1473,0.137
4027,2026-06-03,25,1,HB,313,0.332
4028,2026-06-04,27,6,HB,54,0.315
4029,2026-06-04,23,6,QB,2073,0.305
4030,2026-06-04,22,6,EB,91,0.315
4031,2026-06-04,14,5,QB,1040,0.328
4032,2026-06-05,28,6,HB,182,0.319
4033,2026-06-05,13,5,QB,254,0.364
4034,2026-06-05,13,7,FB,4352,0.151
4035,2026-06-05,6,3,HB,278,0.368
4036,2026-06-05,10,2,QB,1398,0.352
4037,2026-06-06,2,4,FB,696,0.304
4038,2026-06-06,7,8,EB,257,0.175
4039,2026-06-06,16,5,HB,166,0.313
4040,2026-06-07,10,1,QB,54,0.272
4041,2026-06-08,8,3,FB,1148,0.332
4042,2026-06-08,28,6,QB,278,0.301
4043,2026-06-08,2,1,FB,478,0.362
4044,2026-06-08,4,7,FB,1008,0.116
4045,2026-06-09,24,1,FB,713,0.251
4046,2026-06-09,6,6,QB,69,0.317
4047,2026-06-09,24,4,EB,1539,0.335
4048,2026-06-10,5,2,EB,103,0.336
4049,2026-06-10,21,7,EB,235,0.131
4050,2026-06-10,19,7,HB,2232,0.142
4051,2026-06-11,19,2,HB,208,0.277
4052,2026-06-11,12,1,QB,739,0.336
4053,2026-06-12,13,8,QB,341,0.18
4054,2026-06-12,2,8,FB,1212,0.196
4055,2026-06-13,28,6,EB,187,0.286
4056,2026-06-13,8,6,QB,259,0.326
4057,2026-06-13,22,8,HB,290,0.188
4058,2026-06-13,19,2,QB,56,0.311
4059,2026-06-14,17,8,QB,478,0.197
4060,2026-06-15,5,3,QB,1182,0.343
4061,2026-06-15,23,1,QB,577,0.357
4062,2026-06-15,19,4,FB,545,0.324
4063,2026-06-15,8,7,HB,439,0.138
4064,2026-06-15,5,4,QB,135,0.248
4065,2026-06-16,28,6,HB,1680,0.339
4066,2026-06-16,6,7,QB,1027,0.148
4067,2026-06-16,13,8,QB,1843,0.162
4068,2026-06-16,3,3,HB,2860,0.326
4069,2026-06-16,13,5,FB,410,0.356
4070,2026-06-16,4,1,FB,237,0.3
4071,2026-06-17,21,5,HB,7278,0.335
4072,2026-06-17,12,6,HB,1709,0.313
4073,2026-06-17,14,1,HB,1001,0.355
4074,2026-06-17,3,1,QB,213,0.289
4075,2026-06-17,26,1,HB,1137,0.319
4076,2026-06-17,5,1,FB,554,0.373
4077,2026-06-18,21,6,HB,1978,0.373
4078,2026-06-18,27,4,FB,183,0.321
4079,2026-06-18,7,6,QB,1129,0.352
4080,2026-06-18,22,6,EB,270,0.314
4081,2026-06-18,13,3,QB,1272,0.356
4082,2026-06-19,3,7,FB,4075,0.152
4083,2026-06-19,12,5,QB,109,0.299
4084,2026-06-19,26,3,HB,1764,0.345
4085,2026-06-19,18,4,QB,610,0.311
4086,2026-06-20,7,7,QB,7870,0.155
4087,2026-06-20,21,3,HB,1034,0.335
4088,2026-06-20,23,1,FB,364,0.329
4089,2026-06-20,27,1,HB,186,0.316
4090,2026-06-20,7,4,EB,248,0.308
4091,2026-06-21,12,2,QB,244,0.305
4092,2026-06-21,6,5,QB,1459,0.315
4093,2026-06-21,17,5,EB,10625,0.303
4094,2026-06-22,20,3,FB,675,0.331
4095,2026-06-22,17,8,HB,450,0.173
4096,2026-06-23,27,6,HB,321,0.342
4097,2026-06-23,23,3,FB,936,0.332
4098,2026-06-23,4,1,HB,10,0.315
4099,2026-06-23,21,1,FB,233,0.349
4100,2026-06-24,17,2,HB,831,0.312
4101,2026-06-24,19,1,QB,78,0.308
4102,2026-06-24,3,8,HB,1640,0.19
4103,2026-06-24,12,6,EB,865,0.292
4104,2026-06-25,8,8,QB,303,0.169
4105,2026-06-25,12,4,QB,212,0.291
4106,2026-06-25,25,6,HB,380,0.326
4107,2026-06-25,11,6,QB,948,0.3
4108,2026-06-26,28,6,QB,158,0.37
4109,2026-06-26,2,2,HB,202,0.336
4110,2026-06-26,5,2,QB,228,0.317
4111,2026-06-26,11,3,HB,1580,0.335
4112,2026-06-26,1,1,EB,1380,0.323
4113,2026-06-27,4,3,EB,1150,0.279
4114,2026-06-27,11,7,FB,1024,0.136
4115,2026-06-27,14,3,QB,596,0.331
4116,2026-06-27,7,6,QB,96,0.307
4117,2026-06-28,4,1,EB,29,0.3
4118,2026-06-28,4,4,FB,184,0.301
4119,2026-06-28,7,7,HB,2027,0.132
4120,2026-06-29,23,4,HB,1479,0.302
4121,2026-06-29,14,2,HB,1306,0.322
4122,2026-06-29,25,8,FB,2521,0.163
4123,2026-06-30,21,2,FB,178,0.379
4124,2026-06-30,7,4,EB,1664,0.341
4125,2026-06-30,3,8,QB,1542,0.18
